pilot_id,relative_path,category,label,image_width,image_height,region_count,union_coverage_norm,sum_box_area_norm,mean_box_area_norm,median_box_area_norm,std_box_area_norm,mean_box_width_norm,mean_box_height_norm,mean_confidence,low_confidence_fraction,center_x_mean,center_x_std,center_y_mean,center_y_std,center_x_span,center_y_span,nearest_neighbor_mean_norm,nearest_neighbor_median_norm,nearest_neighbor_std_norm,pairwise_distance_mean_norm,pairwise_distance_std_norm,row_alignment_fraction,column_alignment_fraction,angle_mean_abs_deg,angle_std_deg,rotated_fraction_gt_5deg,ocr_runtime_seconds,center_grid_4_0_0,center_grid_4_0_1,center_grid_4_0_2,center_grid_4_0_3,center_grid_4_1_0,center_grid_4_1_1,center_grid_4_1_2,center_grid_4_1_3,center_grid_4_2_0,center_grid_4_2_1,center_grid_4_2_2,center_grid_4_2_3,center_grid_4_3_0,center_grid_4_3_1,center_grid_4_3_2,center_grid_4_3_3,center_grid_8_0_0,center_grid_8_0_1,center_grid_8_0_2,center_grid_8_0_3,center_grid_8_0_4,center_grid_8_0_5,center_grid_8_0_6,center_grid_8_0_7,center_grid_8_1_0,center_grid_8_1_1,center_grid_8_1_2,center_grid_8_1_3,center_grid_8_1_4,center_grid_8_1_5,center_grid_8_1_6,center_grid_8_1_7,center_grid_8_2_0,center_grid_8_2_1,center_grid_8_2_2,center_grid_8_2_3,center_grid_8_2_4,center_grid_8_2_5,center_grid_8_2_6,center_grid_8_2_7,center_grid_8_3_0,center_grid_8_3_1,center_grid_8_3_2,center_grid_8_3_3,center_grid_8_3_4,center_grid_8_3_5,center_grid_8_3_6,center_grid_8_3_7,center_grid_8_4_0,center_grid_8_4_1,center_grid_8_4_2,center_grid_8_4_3,center_grid_8_4_4,center_grid_8_4_5,center_grid_8_4_6,center_grid_8_4_7,center_grid_8_5_0,center_grid_8_5_1,center_grid_8_5_2,center_grid_8_5_3,center_grid_8_5_4,center_grid_8_5_5,center_grid_8_5_6,center_grid_8_5_7,center_grid_8_6_0,center_grid_8_6_1,center_grid_8_6_2,center_grid_8_6_3,center_grid_8_6_4,center_grid_8_6_5,center_grid_8_6_6,center_grid_8_6_7,center_grid_8_7_0,center_grid_8_7_1,center_grid_8_7_2,center_grid_8_7_3,center_grid_8_7_4,center_grid_8_7_5,center_grid_8_7_6,center_grid_8_7_7
DVP_001_00009dcb92a2,Data/Tables/0_real/PMC3361340_table_0.jpg,Tables,0,684,278,89,0.24967657452984982,0.25043386343556734,0.002813863634107498,0.0020509907863183138,0.004123973543801912,0.05340364018660884,0.05516934766793307,0.9109757550563101,0.0,0.5254547835837782,0.2547770481569939,0.512436675361708,0.2132444505400051,0.8589181286549707,0.8309352517985611,0.06522786820884112,0.05935701932950031,0.012626677622615694,0.427883782838517,0.20048263724223808,0.067926455566905,0.10367722165474974,6.166877495008221,22.58545424002185,0.07865168539325842,1.2257677999987209,0.02247191011235955,0.033707865168539325,0.056179775280898875,0.02247191011235955,0.056179775280898875,0.0898876404494382,0.1348314606741573,0.0898876404494382,0.06741573033707865,0.06741573033707865,0.10112359550561797,0.06741573033707865,0.033707865168539325,0.0449438202247191,0.06741573033707865,0.0449438202247191,0.0,0.0,0.0,0.0,0.011235955056179775,0.0,0.0,0.0,0.011235955056179775,0.011235955056179775,0.011235955056179775,0.02247191011235955,0.02247191011235955,0.02247191011235955,0.011235955056179775,0.011235955056179775,0.0,0.02247191011235955,0.02247191011235955,0.02247191011235955,0.0449438202247191,0.02247191011235955,0.02247191011235955,0.02247191011235955,0.011235955056179775,0.02247191011235955,0.02247191011235955,0.02247191011235955,0.0449438202247191,0.02247191011235955,0.02247191011235955,0.02247191011235955,0.0,0.033707865168539325,0.02247191011235955,0.02247191011235955,0.0449438202247191,0.02247191011235955,0.02247191011235955,0.02247191011235955,0.011235955056179775,0.02247191011235955,0.011235955056179775,0.011235955056179775,0.02247191011235955,0.011235955056179775,0.011235955056179775,0.011235955056179775,0.0,0.02247191011235955,0.02247191011235955,0.02247191011235955,0.0449438202247191,0.02247191011235955,0.02247191011235955,0.02247191011235955,0.0,0.011235955056179775,0.0,0.0,0.0,0.0,0.0,0.0
DVP_002_00095f59a74b,Data/Receipts/1_fake/receipt_0609.png,Receipts,1,1023,1537,61,0.23476373913967047,0.23585955044388943,0.003866550007276876,0.002724582488261209,0.003038309327745659,0.1747031392721504,0.02182237059632881,0.9071179965616659,0.0,0.5294153953091509,0.20733839243432303,0.4517523966045796,0.20775973511113477,0.6612903225806452,0.909238776837996,0.03907473572108648,0.028190392747831472,0.01979881630412033,0.37586776399628413,0.18412450740423833,0.03114754098360656,0.08688524590163935,9.005466392096542,26.789264246381254,0.09836065573770492,0.19232390000070154,0.0,0.09836065573770492,0.06557377049180328,0.0,0.01639344262295082,0.11475409836065574,0.19672131147540983,0.11475409836065574,0.04918032786885246,0.08196721311475409,0.06557377049180328,0.09836065573770492,0.0,0.09836065573770492,0.0,0.0,0.0,0.0,0.0,0.01639344262295082,0.03278688524590164,0.0,0.0,0.0,0.0,0.0,0.01639344262295082,0.06557377049180328,0.03278688524590164,0.0,0.0,0.0,0.0,0.01639344262295082,0.04918032786885246,0.0,0.01639344262295082,0.04918032786885246,0.04918032786885246,0.0,0.0,0.0,0.06557377049180328,0.0,0.06557377049180328,0.06557377049180328,0.06557377049180328,0.0,0.0,0.01639344262295082,0.04918032786885246,0.0,0.03278688524590164,0.03278688524590164,0.06557377049180328,0.0,0.0,0.03278688524590164,0.03278688524590164,0.0,0.0,0.0,0.03278688524590164,0.0,0.0,0.0,0.04918032786885246,0.03278688524590164,0.0,0.0,0.0,0.0,0.0,0.0,0.0,0.01639344262295082,0.0,0.0,0.0,0.0
DVP_003_000cc7e882fa,Data/AcademicPosters/1_fake/academic_poster_0823.png,AcademicPosters,1,1402,1122,176,0.2533575594654573,0.2560319355339075,0.0014547269064426563,0.000839137366786943,0.0023222276666099483,0.08756160031124369,0.016098484848484848,0.8580044442056802,0.06818181818181818,0.49382551471110075,0.2632681246204128,0.5507353091273148,0.2454134635152123,0.8865905848787446,0.9523172905525846,0.02892431886863993,0.022283066879587633,0.017123898664008996,0.4596901039021134,0.22190355618152377,0.04857142857142857,0.052142857142857144,0.9493916503801262,6.916942345534331,0.017045454545454544,0.25994010000067647,0.017045454545454544,0.028409090909090908,0.005681818181818182,0.045454545454545456,0.11931818181818182,0.056818181818181816,0.13068181818181818,0.0625,0.0625,0.08522727272727272,0.08522727272727272,0.045454545454545456,0.03977272727272727,0.03977272727272727,0.13068181818181818,0.045454545454545456,0.0,0.0,0.0,0.017045454545454544,0.0,0.0,0.028409090909090908,0.0,0.005681818181818182,0.011363636363636364,0.011363636363636364,0.0,0.005681818181818182,0.0,0.017045454545454544,0.0,0.03409090909090909,0.005681818181818182,0.0,0.0,0.05113636363636364,0.045454545454545456,0.028409090909090908,0.0,0.03409090909090909,0.045454545454545456,0.022727272727272728,0.03409090909090909,0.028409090909090908,0.005681818181818182,0.028409090909090908,0.005681818181818182,0.0,0.017045454545454544,0.017045454545454544,0.011363636363636364,0.022727272727272728,0.011363636363636364,0.028409090909090908,0.005681818181818182,0.028409090909090908,0.017045454545454544,0.03409090909090909,0.022727272727272728,0.022727272727272728,0.028409090909090908,0.011363636363636364,0.0,0.022727272727272728,0.0,0.011363636363636364,0.005681818181818182,0.028409090909090908,0.06818181818181818,0.017045454545454544,0.005681818181818182,0.005681818181818182,0.011363636363636364,0.017045454545454544,0.005681818181818182,0.017045454545454544,0.017045454545454544,0.005681818181818182,0.017045454545454544
DVP_004_000f693d4a62,Data/UIScreenshots/1_fake/ui_0844.png,UIScreenshots,1,941,1672,64,0.1437311442915084,0.14381683183419858,0.0022471379974093528,0.0016207434827044424,0.0018238531851064456,0.13529489904357067,0.017437948564593304,0.8723775774879844,0.078125,0.48466940102659384,0.26182847263435594,0.5620691360070019,0.2542505071943439,0.8134962805526036,0.954386778634899,0.061484615820464675,0.05366176464397786,0.04869674287832179,0.46980085974790936,0.22340676412388927,0.040674603174603176,0.06398809523809523,8.653019974604929,26.480397283823823,0.109375,0.15631700000085402,0.015625,0.078125,0.046875,0.015625,0.0625,0.046875,0.03125,0.03125,0.109375,0.109375,0.078125,0.125,0.03125,0.125,0.015625,0.078125,0.015625,0.0,0.0,0.015625,0.0,0.0,0.015625,0.0,0.0,0.0,0.03125,0.03125,0.03125,0.015625,0.0,0.0,0.015625,0.015625,0.015625,0.015625,0.015625,0.0,0.015625,0.0,0.015625,0.015625,0.0,0.015625,0.0,0.015625,0.015625,0.0,0.0,0.078125,0.0,0.0625,0.078125,0.0,0.078125,0.0,0.015625,0.015625,0.046875,0.0,0.0,0.0,0.015625,0.03125,0.015625,0.0,0.0625,0.0,0.0,0.0,0.015625,0.015625,0.015625,0.0,0.03125,0.03125,0.0,0.015625,0.015625,0.03125
DVP_005_001093bb82c1,Data/CommercialPosters/1_fake/commercial_poster_0332.png,CommercialPosters,1,1448,1086,32,0.13436390321825747,0.13441986406601344,0.00420062075206292,0.0017010825880365882,0.007559921281597431,0.09515279696132597,0.030070211786372005,0.8695262008867678,0.09375,0.4803858506888244,0.21013771199010625,0.5216963040598663,0.2887224167777918,0.7707182320441989,0.9134438305709024,0.052463018137643605,0.032233562085156736,0.04372417325074847,0.4554642465231392,0.23625474285329057,0.08870967741935484,0.05040322580645161,5.761581402433242,21.82392042989379,0.0625,0.1744274000011501,0.0,0.0625,0.09375,0.0,0.03125,0.25,0.15625,0.0625,0.09375,0.0,0.0,0.0,0.03125,0.09375,0.0625,0.0625,0.0,0.0,0.0,0.03125,0.03125,0.03125,0.0,0.0,0.0,0.0,0.03125,0.0,0.0,0.03125,0.0,0.0,0.0,0.0,0.0,0.09375,0.0625,0.03125,0.0,0.0,0.03125,0.0,0.0625,0.09375,0.0625,0.0,0.0625,0.0,0.0,0.0,0.0,0.0,0.0,0.0,0.0,0.0,0.09375,0.0,0.0,0.0,0.0,0.0,0.0,0.0,0.0,0.0,0.0,0.0,0.0,0.0,0.0,0.0,0.0,0.03125,0.03125,0.0625,0.0,0.0625,0.0625,0.0
DVP_006_001b9f70299d,Data/UIScreenshots/1_fake/ui_0850.png,UIScreenshots,1,941,1672,43,0.09875216522854814,0.09884437811754776,0.0022987064678499478,0.0021565422105161466,0.0010772623614819304,0.12112300126041073,0.01944475353288083,0.8920134949983513,0.023255813953488372,0.5050260519472307,0.30339108798167347,0.5446647799106641,0.2790376592595384,0.89798087141339,0.9183612440191388,0.06428128674049732,0.05396261391058876,0.04796927898998815,0.5329578757230514,0.25271150138008314,0.05537098560354374,0.07087486157253599,0.6293053413782149,1.2830062913554192,0.0,0.13224040000022796,0.023255813953488372,0.09302325581395349,0.0,0.046511627906976744,0.11627906976744186,0.0,0.09302325581395349,0.023255813953488372,0.11627906976744186,0.0,0.06976744186046512,0.13953488372093023,0.09302325581395349,0.0,0.11627906976744186,0.06976744186046512,0.023255813953488372,0.0,0.046511627906976744,0.023255813953488372,0.0,0.0,0.0,0.023255813953488372,0.0,0.0,0.023255813953488372,0.0,0.0,0.0,0.0,0.023255813953488372,0.0,0.046511627906976744,0.0,0.0,0.06976744186046512,0.0,0.0,0.0,0.0,0.06976744186046512,0.0,0.0,0.023255813953488372,0.0,0.0,0.023255813953488372,0.023255813953488372,0.046511627906976744,0.0,0.0,0.023255813953488372,0.0,0.046511627906976744,0.023255813953488372,0.0,0.046511627906976744,0.0,0.0,0.023255813953488372,0.023255813953488372,0.023255813953488372,0.046511627906976744,0.0,0.046511627906976744,0.0,0.0,0.046511627906976744,0.046511627906976744,0.023255813953488372,0.023255813953488372,0.023255813953488372,0.023255813953488372,0.0,0.0,0.0,0.023255813953488372,0.0,0.023255813953488372
DVP_007_0020f18400cc,Data/UIScreenshots/0_real/3942.jpg,UIScreenshots,0,1080,1920,8,0.042338927469135805,0.0423389274691358,0.005292365933641975,0.004828317901234568,0.0037200385241409556,0.22268518518518518,0.022005208333333335,0.881824023872179,0.125,0.47384259259259254,0.29131068443545827,0.19850260416666665,0.11093121482464613,0.7847222222222223,0.3375,0.15316998837285553,0.11700922703931327,0.07080691440513748,0.4033078389682117,0.2438037553347154,0.03571428571428571,0.03571428571428571,11.432184644115763,29.835236094909824,0.125,0.12513140000010026,0.0,0.375,0.0,0.125,0.25,0.125,0.0,0.125,0.0,0.0,0.0,0.0,0.0,0.0,0.0,0.0,0.0,0.0,0.0,0.125,0.0,0.0,0.0,0.125,0.0,0.0,0.125,0.125,0.0,0.0,0.0,0.0,0.0,0.25,0.125,0.0,0.0,0.0,0.0,0.125,0.0,0.0,0.0,0.0,0.0,0.0,0.0,0.0,0.0,0.0,0.0,0.0,0.0,0.0,0.0,0.0,0.0,0.0,0.0,0.0,0.0,0.0,0.0,0.0,0.0,0.0,0.0,0.0,0.0,0.0,0.0,0.0,0.0,0.0,0.0,0.0,0.0,0.0,0.0,0.0
DVP_008_002425e25739,Data/InfographicCharts/1_fake/infographic_chart_0455.png,InfographicCharts,1,1254,1254,37,0.22591816713337293,0.22814330664998,0.006166035314864324,0.004584373068382134,0.005231763948193137,0.23371697055907584,0.02754429070218544,0.8787778346924513,0.0,0.6354311523084447,0.2350225686721793,0.4570841749678669,0.2730205336356498,0.6981658692185008,0.9138755980861244,0.07042500119577826,0.05263157894736842,0.05853448195194627,0.4581479483043986,0.2384572589844909,0.03003003003003003,0.14864864864864866,0.1429951723782141,0.3805767786826352,0.0,0.23489820000031614,0.02702702702702703,0.10810810810810811,0.08108108108108109,0.02702702702702703,0.02702702702702703,0.02702702702702703,0.02702702702702703,0.21621621621621623,0.02702702702702703,0.02702702702702703,0.0,0.24324324324324326,0.0,0.08108108108108109,0.02702702702702703,0.05405405405405406,0.0,0.02702702702702703,0.05405405405405406,0.05405405405405406,0.02702702702702703,0.05405405405405406,0.0,0.0,0.0,0.0,0.0,0.0,0.0,0.0,0.02702702702702703,0.0,0.0,0.02702702702702703,0.02702702702702703,0.0,0.0,0.0,0.10810810810810811,0.0,0.0,0.0,0.0,0.0,0.02702702702702703,0.0,0.10810810810810811,0.0,0.0,0.02702702702702703,0.0,0.0,0.0,0.0,0.10810810810810811,0.0,0.0,0.0,0.02702702702702703,0.0,0.0,0.0,0.13513513513513514,0.0,0.0,0.0,0.0,0.02702702702702703,0.0,0.0,0.05405405405405406,0.0,0.0,0.0,0.02702702702702703,0.02702702702702703,0.02702702702702703,0.0,0.0,0.0
DVP_009_002812010de4,Data/InfographicCharts/1_fake/infographic_chart_0373.png,InfographicCharts,1,1347,1167,57,0.1925071996610577,0.19261152874552545,0.0033791496271144816,0.0024733626854306343,0.006358508712435261,0.12489092069446073,0.024579443467280023,0.8845281155687919,0.10526315789473684,0.4620647064032968,0.29100907435252665,0.49500300129511793,0.2302355007079945,0.8930957683741647,0.9108826049700085,0.0583881903531939,0.058411952079579034,0.01734734202285339,0.47758794621973866,0.22850985666442825,0.05639097744360902,0.10714285714285714,7.221562786707577,24.066040293268195,0.08771929824561403,0.21244780000051833,0.07017543859649122,0.08771929824561403,0.0,0.017543859649122806,0.10526315789473684,0.07017543859649122,0.07017543859649122,0.10526315789473684,0.10526315789473684,0.08771929824561403,0.07017543859649122,0.10526315789473684,0.0,0.07017543859649122,0.03508771929824561,0.0,0.017543859649122806,0.017543859649122806,0.017543859649122806,0.03508771929824561,0.0,0.0,0.0,0.0,0.0,0.03508771929824561,0.017543859649122806,0.017543859649122806,0.0,0.0,0.017543859649122806,0.0,0.0,0.03508771929824561,0.017543859649122806,0.0,0.0,0.017543859649122806,0.03508771929824561,0.0,0.017543859649122806,0.05263157894736842,0.05263157894736842,0.0,0.0,0.05263157894736842,0.05263157894736842,0.017543859649122806,0.03508771929824561,0.03508771929824561,0.03508771929824561,0.0,0.0,0.03508771929824561,0.03508771929824561,0.017543859649122806,0.0,0.03508771929824561,0.05263157894736842,0.0,0.0,0.03508771929824561,0.03508771929824561,0.017543859649122806,0.0,0.0,0.03508771929824561,0.0,0.0,0.03508771929824561,0.0,0.0,0.0,0.0,0.03508771929824561,0.0,0.0,0.0,0.0,0.0
DVP_010_002cab38dc59,Data/AcademicPosters/1_fake/academic_poster_0393.png,AcademicPosters,1,1402,1122,209,0.21165404842378588,0.2145871317013383,0.001026732687566212,0.0006738527339349694,0.001481096056200533,0.06780129548355392,0.014639783708176615,0.8588445278535601,0.11004784688995216,0.5028080055467677,0.2667014211044947,0.6007054236266217,0.2582087258280515,0.9276034236804565,0.9518716577540106,0.02351143881687496,0.01916221033868093,0.016224574219516265,0.4737515834200377,0.22910093591634345,0.060406698564593304,0.04803091645196908,2.6453872883775023,14.192212080133201,0.0430622009569378,0.20029760000034003,0.009569377990430622,0.03349282296650718,0.03349282296650718,0.023923444976076555,0.05741626794258373,0.06220095693779904,0.04784688995215311,0.09090909090909091,0.06220095693779904,0.07177033492822966,0.06698564593301436,0.06220095693779904,0.08133971291866028,0.11961722488038277,0.09090909090909091,0.0861244019138756,0.0,0.0,0.014354066985645933,0.0,0.004784688995215311,0.014354066985645933,0.014354066985645933,0.004784688995215311,0.0,0.009569377990430622,0.014354066985645933,0.004784688995215311,0.004784688995215311,0.009569377990430622,0.004784688995215311,0.0,0.023923444976076555,0.004784688995215311,0.004784688995215311,0.023923444976076555,0.028708133971291867,0.004784688995215311,0.028708133971291867,0.028708133971291867,0.009569377990430622,0.019138755980861243,0.0,0.03349282296650718,0.009569377990430622,0.004784688995215311,0.019138755980861243,0.014354066985645933,0.019138755980861243,0.014354066985645933,0.009569377990430622,0.004784688995215311,0.014354066985645933,0.0,0.014354066985645933,0.009569377990430622,0.019138755980861243,0.009569377990430622,0.03349282296650718,0.023923444976076555,0.019138755980861243,0.03349282296650718,0.028708133971291867,0.009569377990430622,0.03827751196172249,0.0,0.023923444976076555,0.03827751196172249,0.028708133971291867,0.028708133971291867,0.03349282296650718,0.019138755980861243,0.014354066985645933,0.028708133971291867,0.03827751196172249,0.019138755980861243,0.028708133971291867,0.004784688995215311,0.03349282296650718,0.0
DVP_011_002cb99f3691,Data/AcademicPosters/1_fake/academic_poster_0655.png,AcademicPosters,1,1402,1122,158,0.1454844756827296,0.14707598770282332,0.0009308606816634387,0.0006007460694042887,0.0017218277864207757,0.06196392134202496,0.013921794264311019,0.8580646520249207,0.12025316455696203,0.45702512205992146,0.30850255764807344,0.5565964688190027,0.26534079079561124,0.9290299572039943,0.9442959001782532,0.027758870512093598,0.024064171122994638,0.017088600758871104,0.5160094240798192,0.2588487873878325,0.05216479883899057,0.050955414012738856,4.0581578968655325,17.701575336687775,0.056962025316455694,0.18736750000061875,0.05063291139240506,0.03164556962025317,0.0759493670886076,0.056962025316455694,0.06329113924050633,0.012658227848101266,0.02531645569620253,0.06329113924050633,0.2088607594936709,0.04430379746835443,0.05063291139240506,0.04430379746835443,0.0379746835443038,0.0759493670886076,0.0759493670886076,0.08227848101265822,0.006329113924050633,0.012658227848101266,0.006329113924050633,0.0,0.02531645569620253,0.02531645569620253,0.02531645569620253,0.0,0.03164556962025317,0.0,0.012658227848101266,0.012658227848101266,0.012658227848101266,0.012658227848101266,0.012658227848101266,0.0189873417721519,0.012658227848101266,0.012658227848101266,0.0,0.012658227848101266,0.006329113924050633,0.006329113924050633,0.012658227848101266,0.0379746835443038,0.0379746835443038,0.0,0.0,0.0,0.012658227848101266,0.0,0.0,0.012658227848101266,0.03164556962025317,0.0189873417721519,0.012658227848101266,0.006329113924050633,0.012658227848101266,0.0,0.006329113924050633,0.006329113924050633,0.06329113924050633,0.0949367088607595,0.02531645569620253,0.0,0.0189873417721519,0.0189873417721519,0.012658227848101266,0.0189873417721519,0.0189873417721519,0.0189873417721519,0.03164556962025317,0.0379746835443038,0.0189873417721519,0.02531645569620253,0.03164556962025317,0.0,0.0,0.0,0.0,0.006329113924050633,0.012658227848101266,0.0189873417721519,0.03164556962025317,0.0189873417721519
DVP_012_002d584c4e7f,Data/AcademicPosters/1_fake/academic_poster_0234.png,AcademicPosters,1,1402,1122,190,0.23377886054508829,0.23543492744004618,0.0012391311970528745,0.0007056382402526566,0.00145663466835085,0.07981830467752835,0.015554930106013696,0.8600427105799459,0.08421052631578947,0.5640581800619957,0.265130960848611,0.5798431645264316,0.2630233434753515,0.9186875891583451,0.9576648841354725,0.027732297261042347,0.0196110861469618,0.018575051326991155,0.4753235385489432,0.23344138090957067,0.055806182121971595,0.05524923419660262,3.7421448420587176,16.856707532880172,0.07894736842105263,0.19603710000046703,0.010526315789473684,0.05263157894736842,0.04736842105263158,0.02631578947368421,0.03684210526315789,0.07894736842105263,0.031578947368421054,0.06315789473684211,0.06315789473684211,0.04736842105263158,0.08421052631578947,0.13157894736842105,0.04736842105263158,0.09473684210526316,0.08421052631578947,0.1,0.0,0.0,0.015789473684210527,0.005263157894736842,0.015789473684210527,0.0,0.005263157894736842,0.015789473684210527,0.010526315789473684,0.0,0.010526315789473684,0.021052631578947368,0.010526315789473684,0.021052631578947368,0.005263157894736842,0.0,0.015789473684210527,0.010526315789473684,0.010526315789473684,0.04736842105263158,0.005263157894736842,0.021052631578947368,0.02631578947368421,0.021052631578947368,0.005263157894736842,0.005263157894736842,0.0,0.021052631578947368,0.0,0.005263157894736842,0.015789473684210527,0.0,0.010526315789473684,0.031578947368421054,0.0,0.015789473684210527,0.010526315789473684,0.02631578947368421,0.005263157894736842,0.005263157894736842,0.015789473684210527,0.005263157894736842,0.010526315789473684,0.021052631578947368,0.02631578947368421,0.021052631578947368,0.07368421052631578,0.04736842105263158,0.005263157894736842,0.02631578947368421,0.02631578947368421,0.02631578947368421,0.04736842105263158,0.015789473684210527,0.031578947368421054,0.031578947368421054,0.0,0.015789473684210527,0.005263157894736842,0.03684210526315789,0.005263157894736842,0.015789473684210527,0.021052631578947368,0.015789473684210527
DVP_013_003f16df2207,Data/UIScreenshots/0_real/6011.jpg,UIScreenshots,0,1080,1920,44,0.15562727974186308,0.15657552083333334,0.0035585345643939395,0.002507716049382716,0.004876869440680825,0.1393939393939394,0.02251420454545455,0.8994435337503646,0.0,0.474394803824533,0.3229784825286438,0.3930984530608079,0.31769460054363696,0.9074074074074073,0.8874777680088819,0.07473406053007901,0.05950986863674868,0.06235834527303719,0.5841800319888435,0.28065973382134396,0.09408033826638477,0.07716701902748414,2.0469275640731954,12.975909670303011,0.022727272727272728,0.1321767000008549,0.09090909090909091,0.11363636363636363,0.13636363636363635,0.045454545454545456,0.045454545454545456,0.06818181818181818,0.022727272727272728,0.09090909090909091,0.09090909090909091,0.0,0.0,0.09090909090909091,0.11363636363636363,0.022727272727272728,0.0,0.06818181818181818,0.022727272727272728,0.045454545454545456,0.045454545454545456,0.045454545454545456,0.09090909090909091,0.045454545454545456,0.0,0.022727272727272728,0.0,0.022727272727272728,0.0,0.022727272727272728,0.0,0.0,0.0,0.022727272727272728,0.0,0.022727272727272728,0.045454545454545456,0.0,0.0,0.0,0.0,0.06818181818181818,0.022727272727272728,0.0,0.0,0.022727272727272728,0.0,0.022727272727272728,0.0,0.022727272727272728,0.045454545454545456,0.0,0.0,0.0,0.0,0.0,0.022727272727272728,0.022727272727272728,0.022727272727272728,0.022727272727272728,0.0,0.0,0.0,0.0,0.022727272727272728,0.022727272727272728,0.06818181818181818,0.0,0.0,0.0,0.0,0.0,0.0,0.045454545454545456,0.045454545454545456,0.0,0.0,0.022727272727272728,0.0,0.0,0.0,0.022727272727272728
DVP_014_0042fe15d832,Data/InfographicCharts/0_real/00013316.jpeg,InfographicCharts,0,1200,1200,30,0.3562454231207793,0.35906423611111116,0.011968807870370373,0.010997916666666666,0.009885641957733476,0.3135833333333334,0.03894444444444445,0.8678414040904152,0.03333333333333333,0.4327161102179213,0.22762071981342236,0.4842374326232343,0.26361972459892313,0.86,0.8637499999999999,0.10341591120023359,0.09641610298837311,0.0497577053586208,0.4477331221992019,0.22475347141244806,0.027586206896551724,0.04597701149425287,3.378725336750231,16.208473885732133,0.03333333333333333,0.21027089999915916,0.03333333333333333,0.1,0.1,0.03333333333333333,0.06666666666666667,0.1,0.06666666666666667,0.03333333333333333,0.0,0.23333333333333334,0.0,0.0,0.06666666666666667,0.1,0.0,0.06666666666666667,0.0,0.0,0.0,0.03333333333333333,0.0,0.0,0.0,0.0,0.03333333333333333,0.0,0.06666666666666667,0.0,0.06666666666666667,0.03333333333333333,0.03333333333333333,0.0,0.0,0.03333333333333333,0.03333333333333333,0.03333333333333333,0.0,0.0,0.0,0.03333333333333333,0.0,0.03333333333333333,0.0,0.03333333333333333,0.03333333333333333,0.03333333333333333,0.0,0.0,0.0,0.0,0.06666666666666667,0.06666666666666667,0.0,0.0,0.0,0.0,0.0,0.0,0.06666666666666667,0.03333333333333333,0.0,0.0,0.0,0.0,0.0,0.03333333333333333,0.06666666666666667,0.0,0.0,0.0,0.03333333333333333,0.0,0.03333333333333333,0.0,0.03333333333333333,0.0,0.0,0.0,0.03333333333333333,0.0
DVP_015_0046cf9c9f1a,Data/AcademicPosters/1_fake/academic_poster_0602.png,AcademicPosters,1,1402,1122,204,0.24533060315392238,0.24665393974993702,0.0012090879399506717,0.0005638748820757716,0.002659555274906599,0.07831599116108641,0.015243263080633321,0.8488431278029297,0.12254901960784313,0.4091498170926064,0.26172235659228066,0.5797875411115664,0.24253275003194005,0.9265335235378032,0.9367151843613246,0.026558887171810253,0.01857420081238921,0.01642191823329361,0.45192850447617483,0.2272806014496246,0.057278083647252,0.05099971022891915,2.0729491533186533,10.80982945912858,0.08823529411764706,0.19147930000144697,0.03431372549019608,0.0392156862745098,0.03431372549019608,0.014705882352941176,0.04411764705882353,0.06372549019607843,0.08333333333333333,0.058823529411764705,0.14215686274509803,0.12254901960784313,0.058823529411764705,0.014705882352941176,0.10784313725490197,0.08333333333333333,0.049019607843137254,0.049019607843137254,0.0,0.0,0.0,0.0,0.014705882352941176,0.0,0.0,0.0,0.03431372549019608,0.0,0.014705882352941176,0.024509803921568627,0.00980392156862745,0.00980392156862745,0.004901960784313725,0.00980392156862745,0.024509803921568627,0.00980392156862745,0.024509803921568627,0.00980392156862745,0.0196078431372549,0.024509803921568627,0.029411764705882353,0.00980392156862745,0.00980392156862745,0.0,0.0196078431372549,0.00980392156862745,0.00980392156862745,0.029411764705882353,0.0,0.0196078431372549,0.014705882352941176,0.014705882352941176,0.014705882352941176,0.024509803921568627,0.029411764705882353,0.0,0.004901960784313725,0.0,0.03431372549019608,0.0784313725490196,0.06372549019607843,0.0196078431372549,0.029411764705882353,0.0,0.004901960784313725,0.004901960784313725,0.0196078431372549,0.04411764705882353,0.024509803921568627,0.024509803921568627,0.004901960784313725,0.024509803921568627,0.024509803921568627,0.004901960784313725,0.014705882352941176,0.029411764705882353,0.0196078431372549,0.014705882352941176,0.0196078431372549,0.0,0.0196078431372549,0.0
DVP_016_004b61a8ee7f,Data/Tables/1_fake/table_0726.png,Tables,1,1402,1122,120,0.3488862994296409,0.349044591251103,0.002908704927092525,0.0016528463285197363,0.004328696090834368,0.1224857346647646,0.023120915032679736,0.9078566012801959,0.008333333333333333,0.5274024292127677,0.2700789650646913,0.5031957219482118,0.20173795704154307,0.8363052781740371,0.9393939393939393,0.04239747529087499,0.04278074866310161,0.009550010660360453,0.4310767882248126,0.20824128860713162,0.05322128851540616,0.10798319327731093,0.22185262473115774,0.7586824008339798,0.0,0.17881459999989602,0.016666666666666666,0.058333333333333334,0.025,0.03333333333333333,0.06666666666666667,0.11666666666666667,0.09166666666666666,0.08333333333333333,0.075,0.125,0.1,0.1,0.025,0.05,0.016666666666666666,0.016666666666666666,0.0,0.0,0.008333333333333333,0.016666666666666666,0.0,0.0,0.0,0.0,0.016666666666666666,0.0,0.016666666666666666,0.016666666666666666,0.008333333333333333,0.016666666666666666,0.016666666666666666,0.016666666666666666,0.016666666666666666,0.016666666666666666,0.025,0.025,0.025,0.016666666666666666,0.016666666666666666,0.016666666666666666,0.025,0.008333333333333333,0.041666666666666664,0.025,0.025,0.025,0.025,0.025,0.025,0.016666666666666666,0.03333333333333333,0.025,0.025,0.025,0.025,0.025,0.025,0.008333333333333333,0.041666666666666664,0.025,0.025,0.025,0.025,0.025,0.008333333333333333,0.008333333333333333,0.025,0.008333333333333333,0.008333333333333333,0.008333333333333333,0.008333333333333333,0.008333333333333333,0.0,0.008333333333333333,0.016666666666666666,0.0,0.0,0.0,0.0,0.0
DVP_017_0051c3354791,Data/InfographicCharts/1_fake/infographic_chart_0399.png,InfographicCharts,1,1402,1122,50,0.1570321717796832,0.1573258599250879,0.003146517198501758,0.0014780260437724565,0.00517751487187055,0.1070328102710414,0.027540106951871656,0.9002124164217851,0.02,0.44765338855469516,0.30419503744713666,0.5560332810071646,0.2756551142069555,0.848074179743224,0.9032976827094474,0.061486290875563746,0.04205315294159786,0.046788801568022224,0.5303154427172014,0.25036900559458836,0.04326530612244898,0.10530612244897959,0.5048344425989416,1.1700841177143633,0.0,0.16647569999986445,0.02,0.06,0.02,0.08,0.12,0.04,0.06,0.02,0.12,0.02,0.04,0.02,0.08,0.08,0.14,0.08,0.0,0.02,0.02,0.0,0.0,0.0,0.02,0.04,0.0,0.0,0.0,0.04,0.02,0.0,0.0,0.02,0.06,0.02,0.04,0.0,0.02,0.0,0.0,0.0,0.04,0.0,0.0,0.0,0.0,0.04,0.0,0.02,0.04,0.02,0.02,0.0,0.0,0.0,0.0,0.0,0.06,0.0,0.0,0.0,0.02,0.02,0.0,0.02,0.02,0.04,0.04,0.0,0.06,0.04,0.0,0.04,0.0,0.02,0.04,0.0,0.0,0.04,0.04,0.0
DVP_018_00553172e64a,Data/Receipts/1_fake/receipt_0214.png,Receipts,1,1015,1549,69,0.23290125203929438,0.23290125203929438,0.0033753804643375995,0.001903023402990011,0.002985576448904792,0.16014849717998145,0.021163724141802558,0.9141332361137687,0.014492753623188406,0.5130307801082391,0.250836562067989,0.44221325058667105,0.18517709696324036,0.7807881773399015,0.8760490639122014,0.03394286362714182,0.025354387565418114,0.01688364079387872,0.3983755199513587,0.1964055126140327,0.03836317135549872,0.10230179028132992,9.28219443367666,27.22280760328691,0.10144927536231885,0.14634829999886279,0.014492753623188406,0.10144927536231885,0.014492753623188406,0.0,0.11594202898550725,0.13043478260869565,0.2028985507246377,0.13043478260869565,0.043478260869565216,0.028985507246376812,0.07246376811594203,0.07246376811594203,0.0,0.07246376811594203,0.0,0.0,0.0,0.0,0.0,0.028985507246376812,0.0,0.0,0.0,0.0,0.014492753623188406,0.0,0.014492753623188406,0.057971014492753624,0.014492753623188406,0.0,0.0,0.0,0.043478260869565216,0.014492753623188406,0.028985507246376812,0.014492753623188406,0.043478260869565216,0.028985507246376812,0.028985507246376812,0.014492753623188406,0.057971014492753624,0.0,0.08695652173913043,0.0,0.07246376811594203,0.057971014492753624,0.0,0.08695652173913043,0.0,0.0,0.0,0.0,0.07246376811594203,0.0,0.014492753623188406,0.043478260869565216,0.0,0.043478260869565216,0.014492753623188406,0.014492753623188406,0.0,0.0,0.0,0.014492753623188406,0.0,0.0,0.014492753623188406,0.043478260869565216,0.0,0.0,0.0,0.0,0.0,0.0,0.0,0.014492753623188406,0.0,0.0,0.0,0.0
DVP_019_0062f18128e1,Data/InfographicCharts/0_real/00000395.jpeg,InfographicCharts,0,1200,1200,57,0.24100422463119922,0.24208368055555557,0.004247082115009747,0.0027083333333333334,0.003849533109091464,0.11635964912280702,0.03533625730994151,0.8866042290899906,0.03508771929824561,0.46065190461478167,0.2553190940351272,0.39855938329174206,0.2592973008722083,0.8383333333333334,0.8637499999999999,0.063605847012161,0.0496392345086122,0.03250352659193069,0.4612775571327876,0.2383238672069455,0.08646616541353383,0.046365914786967416,1.8978450299294463,11.873024705180883,0.017543859649122806,0.21251160000065283,0.08771929824561403,0.07017543859649122,0.12280701754385964,0.03508771929824561,0.12280701754385964,0.12280701754385964,0.12280701754385964,0.017543859649122806,0.0,0.03508771929824561,0.017543859649122806,0.017543859649122806,0.05263157894736842,0.05263157894736842,0.07017543859649122,0.05263157894736842,0.0,0.017543859649122806,0.0,0.017543859649122806,0.0,0.017543859649122806,0.017543859649122806,0.0,0.03508771929824561,0.03508771929824561,0.017543859649122806,0.03508771929824561,0.05263157894736842,0.05263157894736842,0.0,0.017543859649122806,0.017543859649122806,0.08771929824561403,0.08771929824561403,0.03508771929824561,0.05263157894736842,0.05263157894736842,0.017543859649122806,0.0,0.017543859649122806,0.0,0.0,0.0,0.017543859649122806,0.0,0.0,0.0,0.0,0.0,0.017543859649122806,0.0,0.0,0.0,0.0,0.0,0.0,0.0,0.0,0.017543859649122806,0.0,0.017543859649122806,0.0,0.017543859649122806,0.017543859649122806,0.0,0.03508771929824561,0.017543859649122806,0.03508771929824561,0.03508771929824561,0.0,0.03508771929824561,0.03508771929824561,0.0,0.0,0.0,0.0,0.0,0.017543859649122806,0.0
DVP_020_0067c7996c04,Data/CommercialPosters/0_real/5ecd32ca499b85dcc7980750_preview.jpg,CommercialPosters,0,576,1024,3,0.09849770370314384,0.0985599093967014,0.0328533031322338,0.032908121744791664,0.008025604487402896,0.5271990740740741,0.0673828125,0.8795277490957348,0.0,0.5550150157651657,0.04283413079189738,0.27628483150979216,0.05442177487357008,0.10492023048228083,0.13330078125,0.0981199295716425,0.08529103838639727,0.01814279190438245,0.11750049324747863,0.024147693675793714,0.0,0.0,1.1988120613225892,0.5246461997415258,0.0,0.11842339999930118,0.0,0.0,0.3333333333333333,0.0,0.0,0.0,0.6666666666666666,0.0,0.0,0.0,0.0,0.0,0.0,0.0,0.0,0.0,0.0,0.0,0.0,0.0,0.0,0.0,0.0,0.0,0.0,0.0,0.0,0.0,0.3333333333333333,0.0,0.0,0.0,0.0,0.0,0.0,0.0,0.6666666666666666,0.0,0.0,0.0,0.0,0.0,0.0,0.0,0.0,0.0,0.0,0.0,0.0,0.0,0.0,0.0,0.0,0.0,0.0,0.0,0.0,0.0,0.0,0.0,0.0,0.0,0.0,0.0,0.0,0.0,0.0,0.0,0.0,0.0,0.0,0.0,0.0,0.0,0.0,0.0,0.0,0.0,0.0,0.0
DVP_021_006c5fceb252,Data/InfographicCharts/0_real/00015440.jpeg,InfographicCharts,0,1200,1200,65,0.2951349577753346,0.30138645833333333,0.004636714743589744,0.0022,0.0055194336374352095,0.14123076923076922,0.03391025641025642,0.8676588549325608,0.09230769230769231,0.41660589825030525,0.28807548368353664,0.4327023905094402,0.23993889076871944,0.90375,0.8641666666666666,0.06442208605788714,0.059266347955648585,0.03815031913599235,0.4789510826985723,0.2368852337105625,0.051923076923076926,0.06153846153846154,8.889203720649625,26.6142756018185,0.09230769230769231,0.21038680000128807,0.09230769230769231,0.1076923076923077,0.046153846153846156,0.015384615384615385,0.12307692307692308,0.09230769230769231,0.03076923076923077,0.06153846153846154,0.09230769230769231,0.06153846153846154,0.03076923076923077,0.12307692307692308,0.046153846153846156,0.06153846153846154,0.0,0.015384615384615385,0.015384615384615385,0.03076923076923077,0.015384615384615385,0.015384615384615385,0.0,0.015384615384615385,0.0,0.0,0.015384615384615385,0.03076923076923077,0.046153846153846156,0.03076923076923077,0.015384615384615385,0.015384615384615385,0.015384615384615385,0.0,0.046153846153846156,0.046153846153846156,0.03076923076923077,0.046153846153846156,0.0,0.015384615384615385,0.0,0.015384615384615385,0.015384615384615385,0.015384615384615385,0.0,0.015384615384615385,0.015384615384615385,0.0,0.03076923076923077,0.015384615384615385,0.046153846153846156,0.0,0.046153846153846156,0.0,0.0,0.03076923076923077,0.015384615384615385,0.06153846153846154,0.015384615384615385,0.03076923076923077,0.015384615384615385,0.0,0.0,0.0,0.015384615384615385,0.03076923076923077,0.015384615384615385,0.0,0.03076923076923077,0.03076923076923077,0.0,0.0,0.0,0.0,0.03076923076923077,0.0,0.0,0.0,0.0,0.0,0.015384615384615385,0.0
DVP_022_0071d7b81993,Data/CommercialPosters/1_fake/commercial_poster_0990.png,CommercialPosters,1,1086,1448,31,0.16524125484570068,0.16589497929448632,0.00535145094498343,0.0016552964398726128,0.01331673053533257,0.1445375155943682,0.021609338798788093,0.9016123151786857,0.0,0.34020334735692603,0.19648345122681296,0.6139992996606765,0.24945705589057665,0.6979742173112339,0.8794889502762431,0.04401232824334683,0.02135586477357211,0.03452805376754159,0.3916395777164459,0.23454186080081915,0.06451612903225806,0.1870967741935484,0.11370176366077227,0.5228931155681411,0.0,0.1699438999985432,0.0,0.03225806451612903,0.06451612903225806,0.0,0.0967741935483871,0.0967741935483871,0.06451612903225806,0.0,0.3225806451612903,0.0,0.0,0.0,0.16129032258064516,0.06451612903225806,0.03225806451612903,0.06451612903225806,0.0,0.0,0.0,0.03225806451612903,0.0,0.0,0.0,0.0,0.0,0.0,0.0,0.0,0.06451612903225806,0.0,0.0,0.0,0.0,0.0,0.0,0.03225806451612903,0.0,0.0,0.0,0.0,0.0,0.0967741935483871,0.03225806451612903,0.03225806451612903,0.03225806451612903,0.03225806451612903,0.0,0.0,0.0,0.16129032258064516,0.0,0.0,0.0,0.0,0.0,0.0,0.0,0.16129032258064516,0.0,0.0,0.0,0.0,0.0,0.0,0.0,0.0967741935483871,0.0,0.0,0.0,0.0,0.0,0.0,0.0,0.06451612903225806,0.03225806451612903,0.03225806451612903,0.03225806451612903,0.0,0.06451612903225806,0.0
DVP_023_0074132a6a8f,Data/Tables/1_fake/table_0293.png,Tables,1,1375,1144,78,0.3384477516621188,0.3384643992371265,0.00433928716970675,0.004150190718372537,0.002096023873048174,0.17802331002331004,0.0261901559978483,0.8865852704383675,0.0,0.48054881237897884,0.26519837077438796,0.5113561688338798,0.26483394198159066,0.8258181818181818,0.909965034965035,0.039638954569896245,0.033208465922765065,0.017373400713279245,0.48358241429802423,0.22523528246444555,0.030636030636030636,0.14219114219114218,0.4053883153067484,0.558955633383551,0.0,0.19916589999957068,0.038461538461538464,0.07692307692307693,0.0641025641025641,0.038461538461538464,0.0641025641025641,0.07692307692307693,0.08974358974358974,0.05128205128205128,0.05128205128205128,0.0641025641025641,0.08974358974358974,0.0641025641025641,0.038461538461538464,0.0641025641025641,0.07692307692307693,0.05128205128205128,0.01282051282051282,0.0,0.02564102564102564,0.0,0.01282051282051282,0.0,0.0,0.01282051282051282,0.02564102564102564,0.0,0.05128205128205128,0.0,0.05128205128205128,0.0,0.02564102564102564,0.0,0.02564102564102564,0.01282051282051282,0.038461538461538464,0.0,0.05128205128205128,0.0,0.01282051282051282,0.01282051282051282,0.02564102564102564,0.0,0.038461538461538464,0.0,0.038461538461538464,0.0,0.02564102564102564,0.0,0.01282051282051282,0.0,0.038461538461538464,0.0,0.05128205128205128,0.0,0.01282051282051282,0.01282051282051282,0.02564102564102564,0.01282051282051282,0.02564102564102564,0.0,0.038461538461538464,0.0,0.038461538461538464,0.0,0.01282051282051282,0.01282051282051282,0.02564102564102564,0.0,0.02564102564102564,0.01282051282051282,0.01282051282051282,0.01282051282051282,0.01282051282051282,0.0,0.038461538461538464,0.0,0.038461538461538464,0.0,0.02564102564102564,0.0
DVP_024_007917063fc5,Data/AcademicPosters/1_fake/academic_poster_0216.png,AcademicPosters,1,1402,1122,201,0.22033594622361985,0.22230719547577815,0.0011060059476406872,0.0007653949921299087,0.0012430627174098091,0.07247641961377138,0.014832255833133797,0.865152205168659,0.08955223880597014,0.5562637720484692,0.2827445724436343,0.5474541656217526,0.26307764372296166,0.9038022957343671,0.9523172905525846,0.027251108323342446,0.0218389192671071,0.020828181119636947,0.4932590605729381,0.2376882881165001,0.04786069651741293,0.05865671641791045,0.24177990051121415,0.9264788341343383,0.009950248756218905,0.19424369999978808,0.014925373134328358,0.04477611940298507,0.04975124378109453,0.05970149253731343,0.06965174129353234,0.03482587064676617,0.0845771144278607,0.07462686567164178,0.0845771144278607,0.029850746268656716,0.08955223880597014,0.10945273631840796,0.024875621890547265,0.07462686567164178,0.07960199004975124,0.07462686567164178,0.0,0.0,0.009950248756218905,0.014925373134328358,0.009950248756218905,0.0,0.029850746268656716,0.0,0.014925373134328358,0.0,0.009950248756218905,0.009950248756218905,0.01990049751243781,0.01990049751243781,0.01990049751243781,0.009950248756218905,0.03482587064676617,0.004975124378109453,0.0,0.004975124378109453,0.03482587064676617,0.03980099502487562,0.01990049751243781,0.01990049751243781,0.024875621890547265,0.004975124378109453,0.01990049751243781,0.009950248756218905,0.009950248756218905,0.0,0.024875621890547265,0.009950248756218905,0.029850746268656716,0.0,0.014925373134328358,0.0,0.009950248756218905,0.0,0.004975124378109453,0.004975124378109453,0.03482587064676617,0.01990049751243781,0.009950248756218905,0.004975124378109453,0.03482587064676617,0.04477611940298507,0.05472636815920398,0.04477611940298507,0.014925373134328358,0.004975124378109453,0.009950248756218905,0.029850746268656716,0.024875621890547265,0.024875621890547265,0.014925373134328358,0.024875621890547265,0.004975124378109453,0.0,0.004975124378109453,0.029850746268656716,0.014925373134328358,0.014925373134328358,0.01990049751243781,0.014925373134328358
DVP_025_007a18897b6b,Data/Tables/0_real/PMC5664791_table_1.jpg,Tables,0,685,261,54,0.2912701235523842,0.294448639427245,0.005452752581986018,0.0029364879603993622,0.006975164320924077,0.10905650175723168,0.05094366397048389,0.8546439644872947,0.05555555555555555,0.36063884888849423,0.25300625708800645,0.4590400254806159,0.23930508819229487,0.8580518162589101,0.7950191570881225,0.0671758856486297,0.06536969274773315,0.02595551395994833,0.44771863132231576,0.21606198039678187,0.0957372466806429,0.07826694619147449,3.8674502161733613,17.183692736062845,0.05555555555555555,0.1154127999998309,0.1111111111111111,0.05555555555555555,0.09259259259259259,0.07407407407407407,0.1111111111111111,0.07407407407407407,0.05555555555555555,0.0,0.12962962962962962,0.05555555555555555,0.07407407407407407,0.018518518518518517,0.05555555555555555,0.05555555555555555,0.018518518518518517,0.018518518518518517,0.0,0.0,0.0,0.018518518518518517,0.0,0.0,0.0,0.0,0.07407407407407407,0.037037037037037035,0.037037037037037035,0.0,0.05555555555555555,0.037037037037037035,0.05555555555555555,0.018518518518518517,0.037037037037037035,0.018518518518518517,0.037037037037037035,0.0,0.018518518518518517,0.0,0.0,0.0,0.037037037037037035,0.018518518518518517,0.037037037037037035,0.0,0.037037037037037035,0.0,0.0,0.0,0.037037037037037035,0.037037037037037035,0.018518518518518517,0.0,0.037037037037037035,0.0,0.0,0.0,0.037037037037037035,0.018518518518518517,0.037037037037037035,0.0,0.037037037037037035,0.0,0.018518518518518517,0.0,0.037037037037037035,0.018518518518518517,0.037037037037037035,0.0,0.018518518518518517,0.0,0.018518518518518517,0.0,0.0,0.0,0.0,0.018518518518518517,0.0,0.0,0.0,0.0
DVP_026_007a5bc356f2,Data/InfographicCharts/0_real/00057800.jpg,InfographicCharts,0,1066,567,14,0.10756474780865025,0.10756474780865025,0.007683196272046446,0.005727786215591094,0.008454954681192877,0.19358080943446798,0.037792894935752074,0.897069137651718,0.0,0.4456575072255468,0.24316170726768424,0.3913158033741934,0.24555342003827188,0.6632270168855534,0.8227513227513227,0.09636137967472662,0.041464610926541405,0.11721292375557726,0.45314413541431414,0.22777516685777496,0.03296703296703297,0.15384615384615385,0.23931530831002792,0.44440580158474163,0.0,0.13534009999966656,0.0,0.21428571428571427,0.07142857142857142,0.14285714285714285,0.21428571428571427,0.07142857142857142,0.0,0.0,0.14285714285714285,0.0,0.0,0.07142857142857142,0.0,0.0,0.07142857142857142,0.0,0.0,0.0,0.0,0.0,0.07142857142857142,0.0,0.0,0.0,0.0,0.0,0.07142857142857142,0.14285714285714285,0.0,0.0,0.14285714285714285,0.0,0.0,0.07142857142857142,0.07142857142857142,0.0,0.0,0.0,0.0,0.0,0.0,0.14285714285714285,0.0,0.0,0.0,0.0,0.0,0.0,0.0,0.0,0.0,0.0,0.0,0.0,0.0,0.0,0.0,0.14285714285714285,0.0,0.0,0.0,0.0,0.0,0.07142857142857142,0.0,0.0,0.0,0.0,0.0,0.0,0.0,0.0,0.0,0.0,0.0,0.0,0.07142857142857142,0.0,0.0,0.0
DVP_027_007f8f10cccb,Data/AcademicPosters/1_fake/academic_poster_0807.png,AcademicPosters,1,1402,1122,176,0.2735960422069681,0.2759477802273808,0.0015678851149283001,0.0007851020060468748,0.002679019042781991,0.08913808196083517,0.017283462971965646,0.8505391336064343,0.13068181818181818,0.4831389137258045,0.2673700798296221,0.570435491884239,0.2723493514045174,0.9234290416955857,0.945632798573975,0.03235685194790116,0.025732164167942596,0.021974833766458528,0.48826666237297744,0.23362838085600568,0.047857142857142855,0.053831168831168834,3.629243680559197,16.510409573727397,0.07386363636363637,0.1893129999989469,0.028409090909090908,0.03977272727272727,0.017045454545454544,0.05113636363636364,0.0625,0.07386363636363637,0.10227272727272728,0.03977272727272727,0.08522727272727272,0.05113636363636364,0.06818181818181818,0.06818181818181818,0.07386363636363637,0.13068181818181818,0.07386363636363637,0.03409090909090909,0.005681818181818182,0.0,0.005681818181818182,0.011363636363636364,0.0,0.0,0.028409090909090908,0.005681818181818182,0.005681818181818182,0.017045454545454544,0.017045454545454544,0.005681818181818182,0.0,0.017045454545454544,0.011363636363636364,0.005681818181818182,0.022727272727272728,0.005681818181818182,0.011363636363636364,0.017045454545454544,0.022727272727272728,0.028409090909090908,0.017045454545454544,0.005681818181818182,0.017045454545454544,0.017045454545454544,0.011363636363636364,0.03409090909090909,0.017045454545454544,0.03409090909090909,0.005681818181818182,0.011363636363636364,0.022727272727272728,0.011363636363636364,0.0,0.03409090909090909,0.0,0.03977272727272727,0.022727272727272728,0.022727272727272728,0.03409090909090909,0.017045454545454544,0.011363636363636364,0.005681818181818182,0.017045454545454544,0.011363636363636364,0.017045454545454544,0.005681818181818182,0.017045454545454544,0.011363636363636364,0.005681818181818182,0.03409090909090909,0.005681818181818182,0.005681818181818182,0.011363636363636364,0.005681818181818182,0.011363636363636364,0.03409090909090909,0.028409090909090908,0.0625,0.056818181818181816,0.005681818181818182,0.017045454545454544,0.0
DVP_028_008b321370d4,Data/UIScreenshots/0_real/53059.jpg,UIScreenshots,0,540,960,14,0.039349922839506175,0.03934992283950617,0.0028107087742504405,0.0006963734567901234,0.004999794137924726,0.11044973544973545,0.020684523809523802,0.846431472979465,0.07142857142857142,0.45218253968253963,0.23401696253586865,0.06822916666666666,0.17351747226733003,0.8305555555555555,0.6760416666666667,0.09979074841705828,0.057871532921606114,0.14693103399547042,0.3552640092316286,0.23788496620527758,0.7252747252747253,0.02197802197802198,6.428571428571429,23.17854391369707,0.07142857142857142,0.1194521999987046,0.21428571428571427,0.35714285714285715,0.21428571428571427,0.14285714285714285,0.0,0.0,0.0,0.0,0.0,0.07142857142857142,0.0,0.0,0.0,0.0,0.0,0.0,0.07142857142857142,0.14285714285714285,0.14285714285714285,0.21428571428571427,0.14285714285714285,0.07142857142857142,0.07142857142857142,0.07142857142857142,0.0,0.0,0.0,0.0,0.0,0.0,0.0,0.0,0.0,0.0,0.0,0.0,0.0,0.0,0.0,0.0,0.0,0.0,0.0,0.0,0.0,0.0,0.0,0.0,0.0,0.0,0.0,0.0,0.0,0.0,0.0,0.0,0.0,0.0,0.0,0.07142857142857142,0.0,0.0,0.0,0.0,0.0,0.0,0.0,0.0,0.0,0.0,0.0,0.0,0.0,0.0,0.0,0.0,0.0,0.0,0.0,0.0
DVP_029_0090071373da,Data/UIScreenshots/1_fake/ui_0153.png,UIScreenshots,1,941,1672,43,0.10401458784988658,0.10507724908348545,0.0024436569554298943,0.001983027320014847,0.0015843174534512035,0.1332575439290216,0.019291754756871036,0.8546186976331278,0.11627906976744186,0.2594282765445981,0.21347069058654802,0.5259785421070493,0.31148331418916886,0.8936630865343538,0.9747587818850217,0.07103922432074523,0.050570827446038406,0.10312673814265909,0.45865604891100725,0.28567094017986133,0.03433001107419712,0.13399778516057587,5.685753308564599,19.6584264458143,0.06976744186046512,0.12715989999924204,0.20930232558139536,0.0,0.0,0.023255813953488372,0.16279069767441862,0.09302325581395349,0.0,0.0,0.18604651162790697,0.023255813953488372,0.0,0.0,0.18604651162790697,0.023255813953488372,0.046511627906976744,0.046511627906976744,0.06976744186046512,0.023255813953488372,0.0,0.0,0.0,0.0,0.0,0.023255813953488372,0.023255813953488372,0.09302325581395349,0.0,0.0,0.0,0.0,0.0,0.0,0.023255813953488372,0.06976744186046512,0.046511627906976744,0.0,0.0,0.0,0.0,0.0,0.046511627906976744,0.023255813953488372,0.046511627906976744,0.0,0.0,0.0,0.0,0.0,0.023255813953488372,0.06976744186046512,0.023255813953488372,0.0,0.0,0.0,0.0,0.0,0.023255813953488372,0.06976744186046512,0.0,0.0,0.0,0.0,0.0,0.0,0.0,0.09302325581395349,0.0,0.0,0.0,0.0,0.0,0.0,0.0,0.09302325581395349,0.0,0.023255813953488372,0.046511627906976744,0.0,0.023255813953488372,0.023255813953488372
DVP_030_00993b6ea489,Data/Receipts/1_fake/receipt_1061.png,Receipts,1,1023,1537,41,0.19136821231391718,0.1913682123139172,0.004667517373510175,0.003907524464957252,0.004215026440749881,0.20544548553989936,0.02197819635971246,0.9201396457554928,0.0,0.5610045464940464,0.24876073063856052,0.5243667875706172,0.20690106844242276,0.7517106549364614,0.8256420008625073,0.04594131971226923,0.041697568120765256,0.017401530035124246,0.41917889570886446,0.19723959418613796,0.02804878048780488,0.09268292682926829,9.106334908518797,26.786253003807516,0.0975609756097561,0.14298559999951976,0.024390243902439025,0.0,0.04878048780487805,0.024390243902439025,0.0975609756097561,0.04878048780487805,0.07317073170731707,0.14634146341463414,0.04878048780487805,0.14634146341463414,0.04878048780487805,0.14634146341463414,0.0,0.12195121951219512,0.0,0.024390243902439025,0.0,0.0,0.0,0.0,0.024390243902439025,0.0,0.0,0.0,0.0,0.024390243902439025,0.0,0.0,0.024390243902439025,0.0,0.024390243902439025,0.0,0.0,0.04878048780487805,0.0,0.0,0.0,0.0,0.07317073170731707,0.0,0.024390243902439025,0.024390243902439025,0.04878048780487805,0.0,0.0,0.07317073170731707,0.07317073170731707,0.0,0.0,0.04878048780487805,0.04878048780487805,0.0,0.0,0.04878048780487805,0.04878048780487805,0.0,0.0,0.0,0.0,0.0975609756097561,0.0,0.0,0.0975609756097561,0.0,0.0,0.0,0.0,0.07317073170731707,0.0,0.0,0.024390243902439025,0.0,0.0,0.0,0.0,0.04878048780487805,0.0,0.0,0.0,0.0
DVP_031_00a25e8951c0,Data/AcademicPosters/0_real/NeurIPS_2022_54176_Streaming Radiance Fields for 3D Video Synthesis.png,AcademicPosters,0,4512,2208,148,0.23385065561904336,0.2415156302195755,0.0016318623663484832,0.0009008786553088705,0.0018084551345255038,0.07485743722445849,0.0213963963963964,0.8144485740545714,0.22297297297297297,0.6340042738030041,0.28199137038857397,0.49661399345573015,0.2617203434127295,0.9394946808510638,0.9406702898550725,0.031270966741461084,0.023329825194847352,0.023021968814593348,0.47623898895873296,0.2669149675743903,0.0652693509836367,0.059018201875344733,3.34945416181563,16.362117411298357,0.06756756756756757,0.18937369999912335,0.02702702702702703,0.033783783783783786,0.02027027027027027,0.04054054054054054,0.02027027027027027,0.02027027027027027,0.10810810810810811,0.3108108108108108,0.013513513513513514,0.02702702702702703,0.0472972972972973,0.06756756756756757,0.060810810810810814,0.08783783783783784,0.05405405405405406,0.060810810810810814,0.013513513513513514,0.0,0.0,0.02027027027027027,0.0,0.0,0.0,0.013513513513513514,0.013513513513513514,0.0,0.013513513513513514,0.0,0.0,0.02027027027027027,0.013513513513513514,0.013513513513513514,0.0,0.0,0.0,0.0,0.0472972972972973,0.033783783783783786,0.18243243243243243,0.0945945945945946,0.013513513513513514,0.006756756756756757,0.013513513513513514,0.006756756756756757,0.02702702702702703,0.0,0.02027027027027027,0.013513513513513514,0.0,0.0,0.013513513513513514,0.0,0.02027027027027027,0.006756756756756757,0.006756756756756757,0.02702702702702703,0.006756756756756757,0.006756756756756757,0.006756756756756757,0.006756756756756757,0.02027027027027027,0.0,0.006756756756756757,0.02702702702702703,0.013513513513513514,0.013513513513513514,0.04054054054054054,0.02027027027027027,0.033783783783783786,0.0,0.006756756756756757,0.02027027027027027,0.02027027027027027,0.013513513513513514,0.02027027027027027,0.006756756756756757,0.02027027027027027,0.0,0.0,0.033783783783783786
DVP_032_00b1b3aebe3c,Data/InfographicCharts/1_fake/infographic_chart_0359.png,InfographicCharts,1,1254,1254,37,0.1303395490210671,0.13118308494158407,0.0035454887822049747,0.0017227169707653212,0.005844217292014375,0.13664382085434718,0.025238156817104188,0.8825090666238653,0.0,0.48324339747265094,0.18979284828551324,0.5142097270307155,0.2352214317977021,0.7178839507803386,0.9204588753194687,0.04189544586465977,0.024335238468368596,0.03002574101490901,0.39301091623674234,0.18253311765224992,0.04054054054054054,0.11711711711711711,3.687348275904448,15.018946852640935,0.10810810810810811,0.2094016000010015,0.0,0.10810810810810811,0.02702702702702703,0.0,0.08108108108108109,0.13513513513513514,0.10810810810810811,0.02702702702702703,0.05405405405405406,0.10810810810810811,0.10810810810810811,0.08108108108108109,0.0,0.08108108108108109,0.08108108108108109,0.0,0.0,0.0,0.0,0.05405405405405406,0.0,0.0,0.0,0.0,0.0,0.0,0.0,0.05405405405405406,0.02702702702702703,0.0,0.0,0.0,0.0,0.05405405405405406,0.0,0.0,0.05405405405405406,0.0,0.02702702702702703,0.0,0.0,0.02702702702702703,0.08108108108108109,0.05405405405405406,0.0,0.05405405405405406,0.0,0.0,0.0,0.02702702702702703,0.05405405405405406,0.0,0.0,0.05405405405405406,0.05405405405405406,0.0,0.0,0.02702702702702703,0.05405405405405406,0.0,0.0,0.05405405405405406,0.02702702702702703,0.0,0.0,0.0,0.0,0.02702702702702703,0.05405405405405406,0.0,0.0,0.0,0.0,0.0,0.0,0.05405405405405406,0.02702702702702703,0.0,0.0,0.0
DVP_033_00b8639a4298,Data/UIScreenshots/1_fake/ui_0310.png,UIScreenshots,1,941,1672,15,0.09181543608804642,0.09181543608804642,0.0061210290725364274,0.0035942370175269106,0.005244992439614506,0.23854055968827487,0.023763955342902716,0.888643166543098,0.06666666666666667,0.4987416214963786,0.2178708158686819,0.531300141434203,0.29417900875198116,0.810308182784272,0.9437844181637627,0.1384881946753466,0.0892738287587723,0.09933485128836508,0.4805156557940933,0.2372062561573054,0.01904761904761905,0.047619047619047616,0.050389143223588916,0.18853890995575157,0.0,0.12058090000027732,0.06666666666666667,0.0,0.06666666666666667,0.06666666666666667,0.0,0.26666666666666666,0.06666666666666667,0.0,0.0,0.06666666666666667,0.0,0.06666666666666667,0.0,0.2,0.13333333333333333,0.0,0.06666666666666667,0.0,0.0,0.0,0.0,0.0,0.0,0.06666666666666667,0.0,0.0,0.0,0.0,0.0,0.06666666666666667,0.0,0.0,0.0,0.0,0.0,0.0,0.0,0.06666666666666667,0.0,0.0,0.0,0.0,0.2,0.06666666666666667,0.0,0.0,0.0,0.0,0.0,0.0,0.0,0.06666666666666667,0.0,0.0,0.0,0.0,0.0,0.0,0.0,0.0,0.0,0.0,0.06666666666666667,0.0,0.0,0.0,0.0,0.06666666666666667,0.06666666666666667,0.0,0.0,0.0,0.0,0.0,0.06666666666666667,0.06666666666666667,0.0,0.06666666666666667,0.0,0.0
DVP_034_00b8efaf230b,Data/Receipts/0_real/X51007339118.jpg,Receipts,0,623,1399,49,0.2703405532376061,0.27179813143302317,0.0055469006414902685,0.0035131721006864567,0.004842650772815733,0.29472270449110627,0.019095272133156337,0.8744528739284492,0.061224489795918366,0.5078346467878091,0.22591045562828196,0.48782626198871365,0.24933251130345807,0.7889245585874799,0.9497754460733407,0.05671139728035782,0.041355515071958324,0.04487286690187889,0.4330887152459771,0.20869929284703095,0.022108843537414966,0.08333333333333333,2.2949242267662693,12.828517354268786,0.02040816326530612,0.14597720000165282,0.061224489795918366,0.10204081632653061,0.02040816326530612,0.02040816326530612,0.04081632653061224,0.14285714285714285,0.02040816326530612,0.14285714285714285,0.04081632653061224,0.061224489795918366,0.061224489795918366,0.08163265306122448,0.02040816326530612,0.02040816326530612,0.16326530612244897,0.0,0.0,0.02040816326530612,0.0,0.02040816326530612,0.02040816326530612,0.0,0.0,0.0,0.0,0.04081632653061224,0.04081632653061224,0.04081632653061224,0.0,0.0,0.02040816326530612,0.0,0.0,0.04081632653061224,0.04081632653061224,0.0,0.02040816326530612,0.0,0.02040816326530612,0.02040816326530612,0.0,0.0,0.02040816326530612,0.08163265306122448,0.0,0.0,0.10204081632653061,0.0,0.0,0.04081632653061224,0.0,0.04081632653061224,0.04081632653061224,0.0,0.061224489795918366,0.02040816326530612,0.0,0.0,0.02040816326530612,0.0,0.0,0.02040816326530612,0.0,0.0,0.0,0.0,0.0,0.0,0.08163265306122448,0.0,0.0,0.0,0.0,0.02040816326530612,0.0,0.02040816326530612,0.08163265306122448,0.0,0.0,0.0
DVP_035_00bcfd0e9c96,Data/CommercialPosters/1_fake/commercial_poster_0049.png,CommercialPosters,1,1448,1086,33,0.1585733290599595,0.1585733290599595,0.004805252395756348,0.0016292237721681267,0.011503792731121195,0.09718734304369664,0.030191416931748424,0.8851916335964326,0.06060606060606061,0.488594508622133,0.26187543482508535,0.5726044980188627,0.3114115431846181,0.8238950276243093,0.8609576427255985,0.058978328817536216,0.06651470364592307,0.028504664165105432,0.5301575168345399,0.24574791111590535,0.07575757575757576,0.06818181818181818,0.0,0.0,0.0,0.1506597999996302,0.0,0.09090909090909091,0.09090909090909091,0.0,0.030303030303030304,0.09090909090909091,0.12121212121212122,0.030303030303030304,0.09090909090909091,0.0,0.0,0.09090909090909091,0.12121212121212122,0.06060606060606061,0.12121212121212122,0.06060606060606061,0.0,0.0,0.030303030303030304,0.030303030303030304,0.030303030303030304,0.030303030303030304,0.0,0.0,0.0,0.0,0.030303030303030304,0.0,0.0,0.030303030303030304,0.0,0.0,0.0,0.0,0.06060606060606061,0.030303030303030304,0.06060606060606061,0.06060606060606061,0.0,0.0,0.030303030303030304,0.0,0.0,0.0,0.0,0.0,0.0,0.030303030303030304,0.09090909090909091,0.0,0.0,0.0,0.0,0.0,0.0,0.06060606060606061,0.0,0.0,0.0,0.0,0.0,0.0,0.0,0.030303030303030304,0.0,0.0,0.0,0.0,0.0,0.0,0.0,0.0,0.06060606060606061,0.06060606060606061,0.030303030303030304,0.030303030303030304,0.06060606060606061,0.06060606060606061,0.030303030303030304,0.030303030303030304
DVP_036_00bf168fd92d,Data/CommercialPosters/1_fake/commercial_poster_0257.png,CommercialPosters,1,1086,1448,24,0.15255248657179624,0.1647112165888302,0.006862967357867925,0.0023583045898069857,0.015985437013022047,0.1395027624309392,0.029465930018416204,0.8718281577341903,0.041666666666666664,0.7560617357710452,0.053686507581818005,0.601131683160065,0.2296285989931356,0.22836095764272568,0.756560773480663,0.044987480053423845,0.03072185613461908,0.024054837585905566,0.2883404739230479,0.18143490804292378,0.04710144927536232,0.17391304347826086,0.39450286053468037,0.8897156081096042,0.0,0.1541458000010607,0.0,0.0,0.08333333333333333,0.041666666666666664,0.0,0.0,0.125,0.041666666666666664,0.0,0.0,0.08333333333333333,0.2916666666666667,0.0,0.0,0.125,0.20833333333333334,0.0,0.0,0.0,0.0,0.0,0.0,0.0,0.0,0.0,0.0,0.0,0.0,0.0,0.08333333333333333,0.041666666666666664,0.0,0.0,0.0,0.0,0.0,0.0,0.041666666666666664,0.0,0.0,0.0,0.0,0.0,0.0,0.0,0.08333333333333333,0.041666666666666664,0.0,0.0,0.0,0.0,0.0,0.0,0.08333333333333333,0.125,0.0,0.0,0.0,0.0,0.0,0.0,0.0,0.16666666666666666,0.0,0.0,0.0,0.0,0.0,0.0,0.08333333333333333,0.08333333333333333,0.041666666666666664,0.0,0.0,0.0,0.0,0.0,0.041666666666666664,0.08333333333333333,0.0
DVP_037_00c137df1a71,Data/InfographicCharts/1_fake/infographic_chart_0165.png,InfographicCharts,1,1693,929,112,0.2302354134806122,0.23053356536158193,0.0020583354050141243,0.0009772399108085787,0.004058600471383848,0.06152961775377604,0.0329847762571121,0.8853644324824729,0.03571428571428571,0.4634829345189483,0.28817778740797706,0.6009220183405126,0.2050432567357163,0.9204116442834233,0.9090419806243272,0.053385025851706,0.05708880466948252,0.011157418369074827,0.44903606577142463,0.22538593392001138,0.08027670527670527,0.04407979407979408,3.647549302485948,16.313164408244745,0.09821428571428571,0.12617999999929452,0.026785714285714284,0.017857142857142856,0.0,0.03571428571428571,0.0625,0.03571428571428571,0.0625,0.07142857142857142,0.13392857142857142,0.10714285714285714,0.08035714285714286,0.08928571428571429,0.10714285714285714,0.0625,0.0625,0.044642857142857144,0.0,0.0,0.017857142857142856,0.0,0.0,0.0,0.008928571428571428,0.0,0.0,0.026785714285714284,0.0,0.0,0.0,0.0,0.026785714285714284,0.0,0.017857142857142856,0.0,0.0,0.0,0.0,0.0,0.008928571428571428,0.008928571428571428,0.017857142857142856,0.026785714285714284,0.017857142857142856,0.017857142857142856,0.026785714285714284,0.03571428571428571,0.026785714285714284,0.026785714285714284,0.03571428571428571,0.05357142857142857,0.03571428571428571,0.03571428571428571,0.026785714285714284,0.017857142857142856,0.017857142857142856,0.026785714285714284,0.017857142857142856,0.026785714285714284,0.017857142857142856,0.017857142857142856,0.017857142857142856,0.017857142857142856,0.017857142857142856,0.026785714285714284,0.026785714285714284,0.03571428571428571,0.026785714285714284,0.026785714285714284,0.026785714285714284,0.026785714285714284,0.026785714285714284,0.008928571428571428,0.017857142857142856,0.026785714285714284,0.0,0.008928571428571428,0.0,0.008928571428571428,0.008928571428571428,0.0
DVP_038_00c49d3e5261,Data/AcademicPosters/0_real/ICLR_2022_6636_Map Induction_ Compositional spatial submap learning for eff.png,AcademicPosters,0,2044,2880,120,0.3202170872754479,0.3244208999238965,0.0027035074993658043,0.001488095238095238,0.0025740973503810107,0.2104778212654925,0.012433449074074072,0.8199536463327602,0.21666666666666667,0.6015812357005159,0.3010678793737044,0.5035973184492469,0.2695599827395966,0.9197651663405089,0.9505392616592719,0.027477500642204836,0.01697180251771714,0.024160792353956642,0.5135326322610481,0.256198658889521,0.045098039215686274,0.11764705882352941,0.9411998218052289,8.245138899590255,0.016666666666666666,0.18405410000013944,0.05,0.025,0.041666666666666664,0.08333333333333333,0.1,0.008333333333333333,0.10833333333333334,0.11666666666666667,0.025,0.0,0.041666666666666664,0.14166666666666666,0.125,0.0,0.075,0.058333333333333334,0.008333333333333333,0.0,0.0,0.025,0.008333333333333333,0.0,0.0,0.025,0.016666666666666666,0.025,0.0,0.0,0.025,0.008333333333333333,0.0,0.058333333333333334,0.0,0.041666666666666664,0.008333333333333333,0.0,0.041666666666666664,0.008333333333333333,0.03333333333333333,0.08333333333333333,0.008333333333333333,0.05,0.0,0.0,0.008333333333333333,0.05,0.0,0.0,0.0,0.025,0.0,0.0,0.0,0.016666666666666666,0.0,0.025,0.0,0.0,0.0,0.0,0.008333333333333333,0.016666666666666666,0.008333333333333333,0.10833333333333334,0.0,0.075,0.0,0.0,0.0,0.016666666666666666,0.0,0.058333333333333334,0.0,0.05,0.0,0.0,0.016666666666666666,0.041666666666666664,0.0,0.0
DVP_039_00c60ed30745,Data/Receipts/0_real/X51005715006.jpg,Receipts,0,619,931,46,0.31196124398233066,0.3122157459191482,0.006787298824329309,0.0045359186102806055,0.00601518787727505,0.23442438716021632,0.027716807546817355,0.9000942131043318,0.0,0.4652229307011003,0.24632142962676942,0.6186017066592573,0.21636676801713747,0.7924071082390953,0.880236305048335,0.05108990140774199,0.03918799251741063,0.023603944838009663,0.4234725413316753,0.20106202485830302,0.03864734299516908,0.08792270531400966,7.944670727207492,25.358812764273434,0.08695652173913043,0.16691680000076303,0.0,0.08695652173913043,0.0,0.0,0.021739130434782608,0.13043478260869565,0.0,0.0,0.13043478260869565,0.08695652173913043,0.10869565217391304,0.13043478260869565,0.08695652173913043,0.08695652173913043,0.043478260869565216,0.08695652173913043,0.0,0.0,0.0,0.021739130434782608,0.0,0.0,0.0,0.0,0.0,0.0,0.0,0.06521739130434782,0.0,0.0,0.0,0.0,0.0,0.0,0.0,0.06521739130434782,0.0,0.0,0.0,0.0,0.021739130434782608,0.0,0.021739130434782608,0.043478260869565216,0.0,0.0,0.0,0.0,0.021739130434782608,0.043478260869565216,0.043478260869565216,0.0,0.043478260869565216,0.021739130434782608,0.043478260869565216,0.0,0.021739130434782608,0.043478260869565216,0.043478260869565216,0.0,0.021739130434782608,0.021739130434782608,0.08695652173913043,0.0,0.021739130434782608,0.043478260869565216,0.0,0.021739130434782608,0.0,0.0,0.06521739130434782,0.0,0.021739130434782608,0.0,0.021739130434782608,0.043478260869565216,0.043478260869565216,0.0,0.021739130434782608,0.0
DVP_040_00c7f8f86a6c,Data/Receipts/0_real/X51006311764.jpg,Receipts,0,873,1733,48,0.19549812431331073,0.19604351616653742,0.004084239920136196,0.003314806111934029,0.002649792274346889,0.1924398625429553,0.022804866320446242,0.8696230007689856,0.0,0.3954814204008518,0.1964859915580711,0.5370318336681361,0.2090250805372169,0.6025200458190149,0.7769763416041546,0.04324921611477992,0.0325959963694263,0.026061359290225853,0.37080248716201547,0.17494006449055038,0.03368794326241135,0.10195035460992907,2.7914158362430577,12.74894013163199,0.020833333333333332,0.16570599999977276,0.0,0.125,0.0,0.0,0.125,0.125,0.020833333333333332,0.0,0.125,0.08333333333333333,0.22916666666666666,0.0,0.0625,0.0625,0.041666666666666664,0.0,0.0,0.0,0.0,0.0,0.0,0.0,0.0,0.0,0.0,0.0,0.020833333333333332,0.10416666666666667,0.0,0.0,0.0,0.0,0.0,0.041666666666666664,0.0,0.0625,0.020833333333333332,0.0,0.0,0.0,0.0,0.08333333333333333,0.0,0.0625,0.0,0.0,0.0,0.0,0.0,0.041666666666666664,0.0625,0.0,0.041666666666666664,0.10416666666666667,0.0,0.0,0.0,0.08333333333333333,0.020833333333333332,0.0,0.041666666666666664,0.041666666666666664,0.0,0.0,0.020833333333333332,0.041666666666666664,0.0,0.041666666666666664,0.0,0.041666666666666664,0.0,0.0,0.0,0.0,0.020833333333333332,0.0,0.0,0.0,0.0,0.0
DVP_041_00cc2dbc33ae,Data/AcademicPosters/0_real/ICLR_2023_11930_Exploring The Role of Mean Teachers in Self-supervised Maske.png,AcademicPosters,0,4266,2400,226,0.32412910817880525,0.3313458645882169,0.00146613214419565,0.00040763205188310675,0.003383971973712531,0.06194793987445494,0.020103244837758112,0.82410576005912,0.22123893805309736,0.6871130011676725,0.2874644804786877,0.514680285901659,0.1946057262241853,0.9620253164556962,0.9534362274186893,0.025610217906322404,0.018342697216563546,0.020124246808162834,0.41546623870496224,0.26357809503798774,0.06426745329400196,0.06729596853490659,3.6306167904846243,16.788539653491497,0.05752212389380531,0.2233780000005936,0.01327433628318584,0.022123893805309734,0.0,0.022123893805309734,0.035398230088495575,0.01327433628318584,0.048672566371681415,0.3185840707964602,0.05752212389380531,0.030973451327433628,0.06637168141592921,0.25663716814159293,0.04424778761061947,0.02654867256637168,0.035398230088495575,0.008849557522123894,0.008849557522123894,0.0,0.0,0.008849557522123894,0.0,0.0,0.0,0.01327433628318584,0.004424778761061947,0.0,0.0,0.01327433628318584,0.0,0.0,0.0,0.008849557522123894,0.0,0.01327433628318584,0.0,0.008849557522123894,0.02654867256637168,0.004424778761061947,0.048672566371681415,0.08849557522123894,0.0,0.022123893805309734,0.0,0.004424778761061947,0.008849557522123894,0.008849557522123894,0.0752212389380531,0.10619469026548672,0.01327433628318584,0.008849557522123894,0.0,0.008849557522123894,0.004424778761061947,0.017699115044247787,0.084070796460177,0.10176991150442478,0.01327433628318584,0.022123893805309734,0.004424778761061947,0.017699115044247787,0.02654867256637168,0.017699115044247787,0.04424778761061947,0.02654867256637168,0.01327433628318584,0.01327433628318584,0.004424778761061947,0.0,0.022123893805309734,0.0,0.004424778761061947,0.0,0.017699115044247787,0.0,0.008849557522123894,0.01327433628318584,0.01327433628318584,0.0,0.004424778761061947,0.0
DVP_042_00d29d8e111a,Data/AcademicPosters/1_fake/academic_poster_0336.png,AcademicPosters,1,1536,1024,170,0.22826569320126197,0.2290976842244466,0.0013476334366143918,0.0008742014567057291,0.0021055208765022922,0.0802045036764706,0.017400045955882352,0.8422414620480307,0.13529411764705881,0.5561133267298585,0.2809501706341133,0.5549064123551911,0.2492342802105104,0.9166666666666667,0.95703125,0.02986649577761632,0.025150738822439754,0.01596041373227493,0.4789036396049166,0.2332852180118185,0.04622345979812043,0.052697528715628265,5.338657644526123,19.18500401683601,0.13529411764705881,0.2136874000007083,0.023529411764705882,0.041176470588235294,0.01764705882352941,0.058823529411764705,0.09411764705882353,0.052941176470588235,0.047058823529411764,0.08823529411764706,0.041176470588235294,0.08235294117647059,0.06470588235294118,0.11176470588235295,0.029411764705882353,0.08823529411764706,0.08823529411764706,0.07058823529411765,0.0,0.0,0.0,0.01764705882352941,0.0,0.0,0.047058823529411764,0.0058823529411764705,0.023529411764705882,0.0,0.0,0.023529411764705882,0.0,0.01764705882352941,0.0,0.0058823529411764705,0.029411764705882353,0.0,0.0,0.029411764705882353,0.0,0.023529411764705882,0.0,0.03529411764705882,0.03529411764705882,0.029411764705882353,0.0,0.023529411764705882,0.0,0.023529411764705882,0.03529411764705882,0.01764705882352941,0.01764705882352941,0.0058823529411764705,0.0058823529411764705,0.03529411764705882,0.0058823529411764705,0.0058823529411764705,0.0,0.01764705882352941,0.0,0.01764705882352941,0.041176470588235294,0.0,0.029411764705882353,0.023529411764705882,0.047058823529411764,0.047058823529411764,0.01764705882352941,0.0,0.011764705882352941,0.058823529411764705,0.052941176470588235,0.01764705882352941,0.029411764705882353,0.011764705882352941,0.0058823529411764705,0.0058823529411764705,0.0058823529411764705,0.011764705882352941,0.011764705882352941,0.0058823529411764705,0.011764705882352941,0.01764705882352941
DVP_043_00d9532b88f5,Data/UIScreenshots/1_fake/ui_0547.png,UIScreenshots,1,941,1672,58,0.13566449211619522,0.13566449211619525,0.002339042967520608,0.002380268369697309,0.0011359246760867816,0.11686027337022244,0.021067068140570862,0.8955525785626207,0.0,0.44328839752618915,0.3152702129677925,0.5228667945126729,0.25274411405150765,0.8767268862911796,0.9001196172248803,0.056861212601144885,0.05493185709388999,0.04337968981367442,0.5178335619087635,0.25323335990337276,0.032667876588021776,0.1336963097398669,3.421480985244945,16.503481679214094,0.034482758620689655,0.14855110000098648,0.05172413793103448,0.06896551724137931,0.05172413793103448,0.017241379310344827,0.15517241379310345,0.0,0.10344827586206896,0.0,0.13793103448275862,0.0,0.08620689655172414,0.08620689655172414,0.10344827586206896,0.0,0.06896551724137931,0.06896551724137931,0.017241379310344827,0.0,0.034482758620689655,0.0,0.0,0.0,0.0,0.017241379310344827,0.017241379310344827,0.017241379310344827,0.017241379310344827,0.017241379310344827,0.0,0.05172413793103448,0.0,0.0,0.017241379310344827,0.034482758620689655,0.0,0.0,0.017241379310344827,0.034482758620689655,0.0,0.0,0.05172413793103448,0.05172413793103448,0.0,0.0,0.017241379310344827,0.034482758620689655,0.0,0.0,0.034482758620689655,0.034482758620689655,0.0,0.0,0.0,0.034482758620689655,0.0,0.034482758620689655,0.034482758620689655,0.034482758620689655,0.0,0.0,0.0,0.05172413793103448,0.0,0.05172413793103448,0.034482758620689655,0.034482758620689655,0.0,0.0,0.0,0.06896551724137931,0.0,0.06896551724137931,0.017241379310344827,0.017241379310344827,0.0,0.0,0.0,0.0,0.0,0.0
DVP_044_00fc768ab465,Data/Tables/0_real/PMC5732374_table_1.jpg,Tables,0,530,314,73,0.253743540439851,0.25678404037976205,0.003517589594243316,0.0026078596322557383,0.005132690622832702,0.08281209614887566,0.043800715469854284,0.9220951008982781,0.0,0.5507354092131337,0.24389011887777395,0.5120961399222688,0.22896628513156214,0.8028301886792453,0.8694267515923566,0.06014257864990908,0.054148346143597224,0.019332884116146427,0.43217276792005666,0.2003775248278075,0.0547945205479452,0.158675799086758,0.10776622758784449,0.6554864648979016,0.0,0.1685550999991392,0.0273972602739726,0.0821917808219178,0.0273972602739726,0.0547945205479452,0.0136986301369863,0.1095890410958904,0.0547945205479452,0.1095890410958904,0.0136986301369863,0.136986301369863,0.0821917808219178,0.1232876712328767,0.0,0.0821917808219178,0.0273972602739726,0.0547945205479452,0.0,0.0,0.0,0.0136986301369863,0.0,0.0,0.0,0.0,0.0273972602739726,0.0,0.0273972602739726,0.0410958904109589,0.0273972602739726,0.0,0.0273972602739726,0.0273972602739726,0.0,0.0,0.0273972602739726,0.0273972602739726,0.0273972602739726,0.0,0.0273972602739726,0.0273972602739726,0.0136986301369863,0.0,0.0273972602739726,0.0273972602739726,0.0273972602739726,0.0,0.0273972602739726,0.0273972602739726,0.0,0.0,0.0273972602739726,0.0273972602739726,0.0273972602739726,0.0136986301369863,0.0136986301369863,0.0273972602739726,0.0136986301369863,0.0,0.0410958904109589,0.0410958904109589,0.0410958904109589,0.0,0.0410958904109589,0.0410958904109589,0.0,0.0,0.0273972602739726,0.0273972602739726,0.0273972602739726,0.0,0.0273972602739726,0.0273972602739726,0.0,0.0,0.0136986301369863,0.0136986301369863,0.0,0.0,0.0,0.0
DVP_045_0102932205a0,Data/Tables/1_fake/table_0463.png,Tables,1,1345,1169,66,0.17186264751431815,0.17186264751431812,0.0026039795077926987,0.0017401203964879587,0.0034293099988907147,0.08218992903007773,0.0326489877388081,0.9240290523749463,0.0,0.6189383979399642,0.29044373111351957,0.5038069559000644,0.25492132232782055,0.8989781301289227,0.8789563729683489,0.04831000697764317,0.03935689501980553,0.02025922709399976,0.4958670261260217,0.23957447169666088,0.03776223776223776,0.21585081585081586,1.6199840640768837,11.051440551389716,0.015151515151515152,0.19876280000062252,0.030303030303030304,0.07575757575757576,0.0,0.12121212121212122,0.030303030303030304,0.07575757575757576,0.0,0.15151515151515152,0.030303030303030304,0.09090909090909091,0.0,0.18181818181818182,0.030303030303030304,0.06060606060606061,0.0,0.12121212121212122,0.015151515151515152,0.0,0.0,0.030303030303030304,0.0,0.0,0.015151515151515152,0.015151515151515152,0.015151515151515152,0.0,0.015151515151515152,0.030303030303030304,0.0,0.0,0.045454545454545456,0.045454545454545456,0.015151515151515152,0.0,0.015151515151515152,0.030303030303030304,0.0,0.0,0.045454545454545456,0.045454545454545456,0.015151515151515152,0.0,0.030303030303030304,0.0,0.0,0.0,0.030303030303030304,0.030303030303030304,0.015151515151515152,0.0,0.015151515151515152,0.030303030303030304,0.0,0.0,0.045454545454545456,0.045454545454545456,0.015151515151515152,0.0,0.0,0.045454545454545456,0.0,0.0,0.045454545454545456,0.045454545454545456,0.015151515151515152,0.015151515151515152,0.0,0.045454545454545456,0.0,0.0,0.045454545454545456,0.045454545454545456,0.0,0.0,0.0,0.015151515151515152,0.0,0.0,0.015151515151515152,0.015151515151515152
DVP_046_0107906549df,Data/InfographicCharts/1_fake/infographic_chart_0608.png,InfographicCharts,1,1536,1024,75,0.1834430694580078,0.18344306945800778,0.0024459075927734373,0.0011800130208333333,0.005143671717102454,0.0833420138888889,0.028815104166666668,0.8925419267863994,0.0,0.4749802290283338,0.28285774355684107,0.5749095574028225,0.20917862281146452,0.8880208333333333,0.8994140625,0.06836223452154615,0.0664070478403869,0.019345168533586345,0.45008084945182514,0.21977398840574364,0.056576576576576575,0.0590990990990991,1.9255290488068098,10.386554361984908,0.02666666666666667,0.14151500000116357,0.0,0.06666666666666667,0.013333333333333334,0.02666666666666667,0.05333333333333334,0.02666666666666667,0.06666666666666667,0.09333333333333334,0.14666666666666667,0.13333333333333333,0.09333333333333334,0.06666666666666667,0.04,0.06666666666666667,0.04,0.06666666666666667,0.0,0.0,0.013333333333333334,0.013333333333333334,0.0,0.0,0.0,0.0,0.0,0.0,0.04,0.0,0.013333333333333334,0.0,0.013333333333333334,0.013333333333333334,0.02666666666666667,0.0,0.0,0.0,0.0,0.0,0.02666666666666667,0.02666666666666667,0.02666666666666667,0.0,0.013333333333333334,0.013333333333333334,0.04,0.02666666666666667,0.02666666666666667,0.013333333333333334,0.04,0.02666666666666667,0.05333333333333334,0.02666666666666667,0.04,0.013333333333333334,0.02666666666666667,0.0,0.05333333333333334,0.02666666666666667,0.04,0.013333333333333334,0.02666666666666667,0.013333333333333334,0.02666666666666667,0.013333333333333334,0.02666666666666667,0.013333333333333334,0.02666666666666667,0.013333333333333334,0.02666666666666667,0.013333333333333334,0.02666666666666667,0.013333333333333334,0.0,0.0,0.02666666666666667,0.0,0.0,0.0,0.02666666666666667,0.0
DVP_047_010c0e55105c,Data/Tables/0_real/PMC5714864_table_1.jpg,Tables,0,389,306,66,0.2983165749161704,0.29993111211922646,0.004544410789685249,0.003265873615941664,0.003582195457235037,0.11692763106644855,0.04179045355515943,0.893667638235103,0.0,0.5931398180492646,0.2971167682406831,0.4784649316393366,0.23938691600963863,0.8611825192802056,0.9133986928104575,0.0656464505880046,0.05352186413455949,0.023907633232710817,0.4912576999837238,0.23305435717609407,0.046153846153846156,0.12074592074592075,0.4737698090175817,1.871556071680972,0.06060606060606061,0.137449399999241,0.030303030303030304,0.07575757575757576,0.030303030303030304,0.06060606060606061,0.06060606060606061,0.07575757575757576,0.09090909090909091,0.10606060606060606,0.06060606060606061,0.06060606060606061,0.10606060606060606,0.06060606060606061,0.030303030303030304,0.015151515151515152,0.045454545454545456,0.09090909090909091,0.0,0.015151515151515152,0.0,0.015151515151515152,0.0,0.0,0.0,0.015151515151515152,0.0,0.015151515151515152,0.015151515151515152,0.045454545454545456,0.0,0.030303030303030304,0.0,0.045454545454545456,0.0,0.030303030303030304,0.015151515151515152,0.0,0.015151515151515152,0.030303030303030304,0.015151515151515152,0.045454545454545456,0.015151515151515152,0.015151515151515152,0.030303030303030304,0.030303030303030304,0.030303030303030304,0.015151515151515152,0.030303030303030304,0.015151515151515152,0.0,0.045454545454545456,0.015151515151515152,0.015151515151515152,0.015151515151515152,0.045454545454545456,0.0,0.045454545454545456,0.015151515151515152,0.0,0.015151515151515152,0.015151515151515152,0.015151515151515152,0.030303030303030304,0.0,0.015151515151515152,0.0,0.030303030303030304,0.0,0.015151515151515152,0.015151515151515152,0.030303030303030304,0.015151515151515152,0.045454545454545456,0.0,0.0,0.0,0.0,0.0,0.0,0.0,0.030303030303030304
DVP_048_010e09ec457f,Data/UIScreenshots/1_fake/ui_0536.png,UIScreenshots,1,941,1672,60,0.1254623162492403,0.1263067641570354,0.00210511273595059,0.0017262507055001044,0.0013920094639179306,0.1415692525681899,0.015510366826156302,0.8490207148298019,0.16666666666666666,0.39824682371956993,0.3088700779459605,0.5579566618587134,0.28666983823703523,0.8958554729011691,0.9745813397129187,0.06058319876279964,0.04703531207263565,0.03597993437582744,0.5303209669332866,0.2827366024174941,0.03672316384180791,0.12542372881355932,18.1219655790985,36.06417706797395,0.2,0.12514329999976326,0.08333333333333333,0.05,0.0,0.03333333333333333,0.11666666666666667,0.08333333333333333,0.0,0.1,0.11666666666666667,0.06666666666666667,0.0,0.05,0.11666666666666667,0.1,0.016666666666666666,0.06666666666666667,0.03333333333333333,0.0,0.016666666666666666,0.0,0.0,0.0,0.0,0.016666666666666666,0.016666666666666666,0.03333333333333333,0.03333333333333333,0.0,0.0,0.0,0.0,0.016666666666666666,0.016666666666666666,0.05,0.03333333333333333,0.0,0.0,0.0,0.0,0.03333333333333333,0.0,0.05,0.05,0.0,0.0,0.0,0.016666666666666666,0.05,0.016666666666666666,0.03333333333333333,0.03333333333333333,0.0,0.0,0.0,0.0,0.0,0.016666666666666666,0.05,0.03333333333333333,0.0,0.0,0.0,0.016666666666666666,0.03333333333333333,0.016666666666666666,0.05,0.03333333333333333,0.0,0.0,0.0,0.0,0.03333333333333333,0.03333333333333333,0.016666666666666666,0.05,0.016666666666666666,0.0,0.016666666666666666,0.0,0.03333333333333333
DVP_049_0118f3cf4061,Data/CommercialPosters/0_real/5a6f2b1d8c32ec6f8bc5567e_preview.jpg,CommercialPosters,0,1024,576,3,0.11633145686761519,0.11872948540581597,0.03957649513527199,0.03889126247829861,0.01625585411299347,0.2555338541666667,0.16203703703703706,0.9173729520105981,0.0,0.6868447173786291,0.09340049647208107,0.47573077478950393,0.07312089919957813,0.21923368434528767,0.15965523570627582,0.1792815397359814,0.15920208828730026,0.028396632563736982,0.20304982769110924,0.03133246555202947,0.3333333333333333,0.0,1.4105055670443676,0.24247893160481454,0.0,0.11673879999943892,0.0,0.0,0.0,0.0,0.0,0.0,0.3333333333333333,0.3333333333333333,0.0,0.0,0.3333333333333333,0.0,0.0,0.0,0.0,0.0,0.0,0.0,0.0,0.0,0.0,0.0,0.0,0.0,0.0,0.0,0.0,0.0,0.0,0.0,0.0,0.0,0.0,0.0,0.0,0.0,0.0,0.0,0.0,0.0,0.0,0.0,0.0,0.0,0.3333333333333333,0.0,0.3333333333333333,0.0,0.0,0.0,0.0,0.0,0.0,0.3333333333333333,0.0,0.0,0.0,0.0,0.0,0.0,0.0,0.0,0.0,0.0,0.0,0.0,0.0,0.0,0.0,0.0,0.0,0.0,0.0,0.0,0.0,0.0,0.0,0.0,0.0,0.0
DVP_050_0134146f813d,Data/Receipts/1_fake/receipt_0944.png,Receipts,1,1024,1536,52,0.2021926244099935,0.2021926244099935,0.0038883197001921828,0.002398808797200521,0.0035785710490963863,0.17698317307692307,0.021296574519230768,0.9098131381355071,0.0,0.548220492599657,0.19965171105912582,0.46861278949171375,0.1967757752450883,0.68798828125,0.8883463541666666,0.036110073529401716,0.02988053794512411,0.01369713310393083,0.360106331093721,0.1748372989684632,0.03695324283559578,0.11463046757164404,10.427164680855945,29.291740964021564,0.1346153846153846,0.13978490000044985,0.0,0.09615384615384616,0.0,0.0,0.07692307692307693,0.1346153846153846,0.21153846153846154,0.11538461538461539,0.0,0.07692307692307693,0.09615384615384616,0.09615384615384616,0.0,0.09615384615384616,0.0,0.0,0.0,0.0,0.0,0.038461538461538464,0.0,0.0,0.0,0.0,0.0,0.0,0.0,0.057692307692307696,0.0,0.0,0.0,0.0,0.0,0.07692307692307693,0.057692307692307696,0.0,0.019230769230769232,0.038461538461538464,0.038461538461538464,0.0,0.0,0.0,0.07692307692307693,0.0,0.07692307692307693,0.07692307692307693,0.07692307692307693,0.0,0.0,0.0,0.019230769230769232,0.019230769230769232,0.038461538461538464,0.019230769230769232,0.057692307692307696,0.0,0.0,0.0,0.0,0.038461538461538464,0.019230769230769232,0.019230769230769232,0.038461538461538464,0.0,0.0,0.0,0.0,0.07692307692307693,0.0,0.0,0.0,0.0,0.0,0.0,0.0,0.019230769230769232,0.0,0.0,0.0,0.0
DVP_051_013feef01c56,Data/CommercialPosters/1_fake/commercial_poster_0729.png,CommercialPosters,1,1086,1448,34,0.1365355288552275,0.13663349714599676,0.004018632268999905,0.0021764318346000834,0.00551395968186763,0.14811504712382187,0.022668183295417615,0.9273654583195853,0.0,0.48569830661596747,0.2702689339982884,0.7285549163475061,0.2279371351804803,0.7610497237569062,0.8484223314859904,0.0392711113517803,0.02246418970826034,0.028252114783245047,0.44763623119987184,0.23916285056794812,0.11586452762923351,0.08912655971479501,0.26522223690681346,0.7450283142357123,0.0,0.15260830000079295,0.058823529411764705,0.0,0.0,0.0,0.0,0.058823529411764705,0.0,0.029411764705882353,0.08823529411764706,0.058823529411764705,0.058823529411764705,0.08823529411764706,0.11764705882352941,0.11764705882352941,0.14705882352941177,0.17647058823529413,0.0,0.029411764705882353,0.0,0.0,0.0,0.0,0.0,0.0,0.0,0.029411764705882353,0.0,0.0,0.0,0.0,0.0,0.0,0.0,0.0,0.058823529411764705,0.0,0.0,0.0,0.0,0.0,0.0,0.0,0.0,0.0,0.0,0.0,0.029411764705882353,0.0,0.0,0.029411764705882353,0.0,0.0,0.0,0.0,0.08823529411764706,0.0,0.0,0.058823529411764705,0.029411764705882353,0.029411764705882353,0.058823529411764705,0.0,0.0,0.0,0.058823529411764705,0.0,0.058823529411764705,0.058823529411764705,0.058823529411764705,0.0,0.11764705882352941,0.0,0.0,0.058823529411764705,0.0,0.0,0.058823529411764705,0.029411764705882353,0.058823529411764705,0.0
DVP_052_0143021eaa7a,Data/UIScreenshots/0_real/8555.jpg,UIScreenshots,0,1080,1920,14,0.1072878086419753,0.1072878086419753,0.007663414902998236,0.005128279320987654,0.007117075940403395,0.29431216931216925,0.02671130952380952,0.8802774860552919,0.0,0.4380140060695616,0.2576326964610269,0.27704546063921065,0.22760936913442467,0.9023148148148148,0.8791572822822823,0.12555266173016788,0.08289424802540848,0.1331205651521887,0.44237539689590516,0.24258381272885493,0.03296703296703297,0.23076923076923078,6.98146644700437,23.350768544522385,0.07142857142857142,0.11958589999994729,0.14285714285714285,0.14285714285714285,0.07142857142857142,0.14285714285714285,0.07142857142857142,0.21428571428571427,0.14285714285714285,0.0,0.0,0.0,0.0,0.0,0.07142857142857142,0.0,0.0,0.0,0.07142857142857142,0.0,0.0,0.14285714285714285,0.0,0.0,0.0,0.07142857142857142,0.0,0.07142857142857142,0.0,0.0,0.07142857142857142,0.0,0.0,0.07142857142857142,0.07142857142857142,0.0,0.07142857142857142,0.07142857142857142,0.0,0.0,0.0,0.0,0.0,0.0,0.0,0.07142857142857142,0.14285714285714285,0.0,0.0,0.0,0.0,0.0,0.0,0.0,0.0,0.0,0.0,0.0,0.0,0.0,0.0,0.0,0.0,0.0,0.0,0.0,0.0,0.0,0.0,0.0,0.0,0.0,0.0,0.0,0.0,0.07142857142857142,0.0,0.0,0.0,0.0,0.0,0.0
DVP_053_0147eb1ff5d1,Data/InfographicCharts/1_fake/infographic_chart_0596.png,InfographicCharts,1,1402,1122,42,0.16581481509735266,0.16581481509735266,0.003947971788032206,0.0009955220578699642,0.009659400130841505,0.11796073636301882,0.03624480095068331,0.8744491738400952,0.023809523809523808,0.40335441466921074,0.2732405665798964,0.5636994552656897,0.2522049376830641,0.9536376604850214,0.9220097625484851,0.07430972617536724,0.06909438672864046,0.026023006252397687,0.47898862741152326,0.23205632536528467,0.059233449477351915,0.06155632984901278,19.516017775327434,36.89800974182759,0.23809523809523808,0.16297960000156309,0.023809523809523808,0.0,0.047619047619047616,0.07142857142857142,0.14285714285714285,0.07142857142857142,0.07142857142857142,0.0,0.16666666666666666,0.07142857142857142,0.047619047619047616,0.047619047619047616,0.0,0.11904761904761904,0.09523809523809523,0.023809523809523808,0.0,0.0,0.0,0.0,0.047619047619047616,0.0,0.0,0.0,0.023809523809523808,0.0,0.0,0.0,0.0,0.0,0.047619047619047616,0.023809523809523808,0.047619047619047616,0.0,0.0,0.0,0.023809523809523808,0.047619047619047616,0.0,0.0,0.09523809523809523,0.0,0.023809523809523808,0.047619047619047616,0.0,0.0,0.0,0.0,0.047619047619047616,0.047619047619047616,0.023809523809523808,0.0,0.0,0.0,0.0,0.0,0.047619047619047616,0.023809523809523808,0.023809523809523808,0.023809523809523808,0.023809523809523808,0.023809523809523808,0.023809523809523808,0.023809523809523808,0.0,0.0,0.0,0.0,0.047619047619047616,0.0,0.0,0.0,0.0,0.0,0.07142857142857142,0.047619047619047616,0.023809523809523808,0.023809523809523808,0.023809523809523808,0.0
DVP_054_0155a51ce8a6,Data/UIScreenshots/1_fake/ui_0683.png,UIScreenshots,1,941,1672,20,0.05643047455369173,0.05643047455369173,0.0028215237276845865,0.0024209458531847926,0.002024170788211506,0.13193411264612115,0.021291866028708133,0.8907628756344106,0.05,0.4146918172157279,0.2689947967078819,0.6227571770334929,0.3187517029613835,0.8528161530286928,0.9563397129186603,0.11663623365259634,0.07572120222089654,0.11550950407797071,0.531974281842539,0.28850776306002135,0.042105263157894736,0.05789473684210526,4.5,19.615045245933032,0.05,0.11917409999841766,0.05,0.1,0.0,0.05,0.0,0.0,0.0,0.0,0.15,0.1,0.05,0.05,0.15,0.2,0.0,0.1,0.05,0.0,0.0,0.1,0.0,0.0,0.0,0.05,0.0,0.0,0.0,0.0,0.0,0.0,0.0,0.0,0.0,0.0,0.0,0.0,0.0,0.0,0.0,0.0,0.0,0.0,0.0,0.0,0.0,0.0,0.0,0.0,0.0,0.1,0.0,0.05,0.0,0.0,0.0,0.0,0.05,0.0,0.0,0.05,0.0,0.05,0.0,0.05,0.05,0.1,0.0,0.0,0.0,0.0,0.0,0.0,0.0,0.0,0.2,0.0,0.0,0.0,0.1,0.0
DVP_055_015b3d437c3f,Data/Tables/0_real/PMC4663529_table_3.jpg,Tables,0,600,337,114,0.3486498516320475,0.34864985163204754,0.003058332031860066,0.0019782393669634025,0.004999027506580726,0.07105263157894737,0.04432817949919308,0.8945177282176641,0.0,0.5132492974732041,0.23572175977187543,0.5395932033919304,0.22169794984128208,0.8033333333333333,0.9376854599406529,0.05708230131687793,0.05250584229561833,0.015013058921486638,0.4158371621418136,0.19586288725709583,0.05480515447911815,0.10666045645086167,11.46877073151644,29.43246897374218,0.15789473684210525,0.12699680000150693,0.02631578947368421,0.043859649122807015,0.02631578947368421,0.017543859649122806,0.05263157894736842,0.12280701754385964,0.08771929824561403,0.08771929824561403,0.043859649122807015,0.11403508771929824,0.07017543859649122,0.07017543859649122,0.03508771929824561,0.09649122807017543,0.05263157894736842,0.05263157894736842,0.008771929824561403,0.0,0.0,0.0,0.0,0.008771929824561403,0.0,0.0,0.008771929824561403,0.008771929824561403,0.02631578947368421,0.017543859649122806,0.008771929824561403,0.008771929824561403,0.008771929824561403,0.008771929824561403,0.008771929824561403,0.017543859649122806,0.03508771929824561,0.017543859649122806,0.017543859649122806,0.017543859649122806,0.017543859649122806,0.017543859649122806,0.0,0.02631578947368421,0.043859649122807015,0.02631578947368421,0.02631578947368421,0.02631578947368421,0.02631578947368421,0.02631578947368421,0.008771929824561403,0.017543859649122806,0.043859649122807015,0.017543859649122806,0.017543859649122806,0.017543859649122806,0.017543859649122806,0.017543859649122806,0.0,0.017543859649122806,0.03508771929824561,0.017543859649122806,0.017543859649122806,0.017543859649122806,0.017543859649122806,0.017543859649122806,0.008771929824561403,0.02631578947368421,0.05263157894736842,0.02631578947368421,0.017543859649122806,0.017543859649122806,0.017543859649122806,0.017543859649122806,0.0,0.0,0.0,0.017543859649122806,0.008771929824561403,0.008771929824561403,0.008771929824561403,0.008771929824561403
DVP_056_016cbad5c739,Data/AcademicPosters/0_real/NeurIPS_2022_55073_Biologically Inspired Dynamic Thresholds for Spiking Neural .png,AcademicPosters,0,4320,2880,63,0.14631795777242224,0.14683806745113168,0.0023307629754147885,0.0008608217592592593,0.0046778045107723435,0.09035126396237507,0.01986331569664903,0.7977762029336767,0.31746031746031744,0.44787365623791464,0.2616371540209588,0.5442117290878712,0.28227662471865633,0.8998842592592593,0.9055555555555556,0.050635812985365444,0.041656899896989216,0.038773107462433336,0.49013187578393996,0.2466119419864964,0.04915514592933948,0.055299539170506916,3.0257569524686363,15.812458203681649,0.047619047619047616,0.1423938999996608,0.06349206349206349,0.047619047619047616,0.047619047619047616,0.07936507936507936,0.06349206349206349,0.0,0.031746031746031744,0.031746031746031744,0.14285714285714285,0.06349206349206349,0.09523809523809523,0.031746031746031744,0.06349206349206349,0.09523809523809523,0.12698412698412698,0.015873015873015872,0.031746031746031744,0.0,0.015873015873015872,0.031746031746031744,0.015873015873015872,0.015873015873015872,0.0,0.047619047619047616,0.015873015873015872,0.015873015873015872,0.0,0.0,0.015873015873015872,0.0,0.031746031746031744,0.0,0.0,0.0,0.0,0.0,0.015873015873015872,0.015873015873015872,0.015873015873015872,0.0,0.015873015873015872,0.047619047619047616,0.0,0.0,0.0,0.0,0.015873015873015872,0.0,0.047619047619047616,0.047619047619047616,0.031746031746031744,0.015873015873015872,0.015873015873015872,0.0,0.031746031746031744,0.0,0.015873015873015872,0.031746031746031744,0.0,0.015873015873015872,0.07936507936507936,0.0,0.0,0.0,0.0,0.06349206349206349,0.0,0.031746031746031744,0.06349206349206349,0.0,0.015873015873015872,0.0,0.0,0.0,0.015873015873015872,0.047619047619047616,0.047619047619047616,0.015873015873015872,0.0,0.0
DVP_057_01794c2b6b86,Data/UIScreenshots/1_fake/ui_0553.png,UIScreenshots,1,941,1672,35,0.10428318886941647,0.10446804020969244,0.0029848011488483556,0.0013105776711123767,0.0041994491544978885,0.14094428419614394,0.017019822282980174,0.8343065416924335,0.2,0.4039104419419831,0.21884755814108103,0.4386336405191052,0.23349270321003585,0.7534537725823592,0.9348086124401913,0.058682574448829024,0.0495248806184325,0.03395683054224426,0.40074248245086197,0.22417839959801728,0.047058823529411764,0.07899159663865546,5.916490368547272,21.166298814317265,0.08571428571428572,0.12528659999952652,0.08571428571428572,0.11428571428571428,0.0,0.05714285714285714,0.14285714285714285,0.17142857142857143,0.0,0.11428571428571428,0.0,0.2,0.0,0.0,0.0,0.11428571428571428,0.0,0.0,0.02857142857142857,0.0,0.0,0.0,0.0,0.0,0.05714285714285714,0.0,0.02857142857142857,0.02857142857142857,0.05714285714285714,0.05714285714285714,0.0,0.0,0.0,0.0,0.0,0.05714285714285714,0.0,0.0,0.0,0.0,0.05714285714285714,0.0,0.0,0.08571428571428572,0.17142857142857143,0.0,0.0,0.0,0.05714285714285714,0.0,0.0,0.0,0.08571428571428572,0.0,0.0,0.0,0.0,0.0,0.0,0.0,0.05714285714285714,0.05714285714285714,0.0,0.0,0.0,0.0,0.0,0.0,0.02857142857142857,0.02857142857142857,0.0,0.0,0.0,0.0,0.0,0.0,0.0,0.05714285714285714,0.0,0.0,0.0,0.0
DVP_058_017aab6a650f,Data/Tables/0_real/PMC4700601_table_0.jpg,Tables,0,370,256,52,0.33288550352213914,0.3362172719594595,0.0064657167684511446,0.0036528716216216216,0.007698707928311055,0.1391891891891892,0.04837740384615385,0.8855048471595484,0.038461538461538464,0.648972534481384,0.2807734821825313,0.4961652138997617,0.25873326284484915,0.841891891891892,0.931640625,0.07773168824829993,0.068359375,0.03131600923887968,0.4929023969294397,0.23306063085930726,0.04675716440422323,0.12594268476621417,8.812764921290595,26.531237359642823,0.11538461538461539,0.11757869999928516,0.019230769230769232,0.019230769230769232,0.07692307692307693,0.09615384615384616,0.019230769230769232,0.038461538461538464,0.11538461538461539,0.11538461538461539,0.038461538461538464,0.038461538461538464,0.11538461538461539,0.07692307692307693,0.057692307692307696,0.038461538461538464,0.038461538461538464,0.09615384615384616,0.0,0.019230769230769232,0.0,0.019230769230769232,0.0,0.0,0.0,0.038461538461538464,0.0,0.0,0.0,0.0,0.038461538461538464,0.038461538461538464,0.019230769230769232,0.038461538461538464,0.0,0.0,0.038461538461538464,0.0,0.038461538461538464,0.038461538461538464,0.038461538461538464,0.038461538461538464,0.0,0.019230769230769232,0.0,0.0,0.019230769230769232,0.019230769230769232,0.0,0.038461538461538464,0.0,0.019230769230769232,0.019230769230769232,0.0,0.038461538461538464,0.038461538461538464,0.0,0.038461538461538464,0.0,0.019230769230769232,0.019230769230769232,0.0,0.0,0.038461538461538464,0.0,0.038461538461538464,0.0,0.038461538461538464,0.0,0.0,0.019230769230769232,0.019230769230769232,0.019230769230769232,0.038461538461538464,0.0,0.019230769230769232,0.019230769230769232,0.019230769230769232,0.0,0.0,0.0,0.038461538461538464
DVP_059_017d3d27150e,Data/Tables/0_real/PMC6163741_table_1.jpg,Tables,0,573,258,53,0.28582162565945624,0.29059620926173957,0.005482947344561124,0.003138655519028099,0.006242191184774867,0.1026704863512134,0.05682316805616498,0.8950476378023532,0.0,0.5588593631663867,0.24055725857902216,0.5350665496562821,0.22070728204556944,0.7207678883071553,0.8585271317829458,0.07278005620847901,0.06976744186046513,0.023844561253297886,0.42443890746118174,0.19263910127299655,0.06821480406386067,0.15312046444121916,10.486306300796558,28.555038675532327,0.1320754716981132,0.11454320000120788,0.018867924528301886,0.07547169811320754,0.0,0.03773584905660377,0.03773584905660377,0.07547169811320754,0.05660377358490566,0.09433962264150944,0.07547169811320754,0.11320754716981132,0.05660377358490566,0.11320754716981132,0.03773584905660377,0.07547169811320754,0.05660377358490566,0.07547169811320754,0.0,0.0,0.0,0.018867924528301886,0.0,0.0,0.0,0.0,0.0,0.018867924528301886,0.018867924528301886,0.03773584905660377,0.0,0.0,0.03773584905660377,0.0,0.0,0.0,0.018867924528301886,0.018867924528301886,0.0,0.03773584905660377,0.018867924528301886,0.03773584905660377,0.0,0.03773584905660377,0.018867924528301886,0.018867924528301886,0.0,0.018867924528301886,0.018867924528301886,0.018867924528301886,0.0,0.05660377358490566,0.03773584905660377,0.03773584905660377,0.0,0.03773584905660377,0.03773584905660377,0.03773584905660377,0.0,0.018867924528301886,0.018867924528301886,0.018867924528301886,0.0,0.018867924528301886,0.018867924528301886,0.018867924528301886,0.0,0.03773584905660377,0.03773584905660377,0.03773584905660377,0.0,0.03773584905660377,0.03773584905660377,0.03773584905660377,0.0,0.0,0.0,0.0,0.018867924528301886,0.0,0.0,0.0
DVP_060_017dd1a3bd75,Data/UIScreenshots/0_real/37309.jpg,UIScreenshots,0,540,960,30,0.2373647294067792,0.23793692129629623,0.00793123070987654,0.007625385802469136,0.005336381458072366,0.39358024691358023,0.021423611111111115,0.8649390108231851,0.0,0.46587691452000424,0.24304570702817824,0.4453310981639344,0.23832409582468178,0.8014040509778508,0.8583333333333333,0.08510660429540348,0.062040425018803864,0.07983416917201529,0.43275240369006657,0.2290317533505787,0.013793103448275862,0.11494252873563218,0.43857308705323655,0.8763519006295009,0.0,0.12435999999979686,0.06666666666666667,0.06666666666666667,0.03333333333333333,0.03333333333333333,0.03333333333333333,0.26666666666666666,0.0,0.1,0.06666666666666667,0.2,0.0,0.0,0.03333333333333333,0.06666666666666667,0.0,0.03333333333333333,0.0,0.0,0.03333333333333333,0.0,0.0,0.03333333333333333,0.0,0.03333333333333333,0.0,0.06666666666666667,0.0,0.03333333333333333,0.0,0.0,0.0,0.0,0.0,0.0,0.1,0.03333333333333333,0.0,0.0,0.0,0.1,0.0,0.03333333333333333,0.0,0.13333333333333333,0.0,0.0,0.0,0.0,0.0,0.03333333333333333,0.03333333333333333,0.06666666666666667,0.0,0.0,0.0,0.0,0.0,0.03333333333333333,0.03333333333333333,0.06666666666666667,0.0,0.0,0.0,0.0,0.0,0.03333333333333333,0.03333333333333333,0.03333333333333333,0.0,0.0,0.03333333333333333,0.0,0.0,0.0,0.0,0.0,0.0,0.0,0.0,0.0
DVP_061_01820d9ac11f,Data/InfographicCharts/0_real/00008926.jpeg,InfographicCharts,0,1200,1200,20,0.1843892361111111,0.18438923611111113,0.009219461805555556,0.0029815972222222223,0.012169689955697408,0.21254166666666668,0.03804166666666666,0.8886962228116211,0.05,0.31576057177483746,0.25535009070997605,0.6118123412080834,0.27439863301161527,0.8233333333333334,0.863338422269242,0.10204099446532829,0.09189204228611436,0.044494827627758506,0.4859529902583645,0.24420389225847275,0.06842105263157895,0.08947368421052632,4.573312281846675,19.632788268421763,0.05,0.20667339999999967,0.0,0.15,0.0,0.0,0.15,0.05,0.0,0.0,0.1,0.0,0.0,0.0,0.25,0.1,0.1,0.1,0.0,0.0,0.0,0.05,0.0,0.0,0.0,0.0,0.0,0.0,0.1,0.0,0.0,0.0,0.0,0.0,0.05,0.0,0.05,0.0,0.0,0.0,0.0,0.0,0.1,0.0,0.0,0.0,0.0,0.0,0.0,0.0,0.05,0.0,0.0,0.0,0.0,0.0,0.0,0.0,0.05,0.0,0.0,0.0,0.0,0.0,0.0,0.0,0.05,0.1,0.05,0.05,0.05,0.05,0.0,0.05,0.05,0.05,0.0,0.0,0.0,0.0,0.05,0.0
DVP_062_019b773ed49c,Data/AcademicPosters/0_real/ICML_2024_32933_Don_t trust your eyes_ on the _un_reliability of feature vis.png,AcademicPosters,0,4080,2448,145,0.3283663091754547,0.33486384443483275,0.0023094058236885016,0.0007848543829296424,0.003321864502938739,0.11309668695064232,0.021816542709037635,0.8190408892956834,0.2689655172413793,0.5314704623610802,0.2798685977873906,0.651032398763821,0.19731501868087564,0.8958587394264826,0.8957329207288129,0.028837226005723707,0.020194204415243153,0.023496872043187622,0.4251291975593505,0.2353998064197756,0.08323754789272031,0.061206896551724135,3.391420011104827,15.058238383333872,0.1103448275862069,0.1765536000002612,0.006896551724137931,0.034482758620689655,0.006896551724137931,0.013793103448275862,0.041379310344827586,0.013793103448275862,0.04827586206896552,0.0,0.08275862068965517,0.0896551724137931,0.12413793103448276,0.23448275862068965,0.0896551724137931,0.07586206896551724,0.04827586206896552,0.0896551724137931,0.0,0.006896551724137931,0.0,0.013793103448275862,0.0,0.0,0.013793103448275862,0.0,0.0,0.0,0.0,0.020689655172413793,0.006896551724137931,0.0,0.0,0.0,0.013793103448275862,0.013793103448275862,0.0,0.006896551724137931,0.006896551724137931,0.013793103448275862,0.0,0.0,0.006896551724137931,0.006896551724137931,0.0,0.006896551724137931,0.006896551724137931,0.020689655172413793,0.0,0.0,0.013793103448275862,0.020689655172413793,0.006896551724137931,0.006896551724137931,0.0,0.006896551724137931,0.04827586206896552,0.013793103448275862,0.020689655172413793,0.027586206896551724,0.04827586206896552,0.027586206896551724,0.05517241379310345,0.06206896551724138,0.12413793103448276,0.04827586206896552,0.027586206896551724,0.05517241379310345,0.04827586206896552,0.020689655172413793,0.020689655172413793,0.013793103448275862,0.04827586206896552,0.013793103448275862,0.006896551724137931,0.0,0.0,0.006896551724137931,0.013793103448275862,0.0,0.027586206896551724,0.0
DVP_063_019c92e3ffab,Data/CommercialPosters/0_real/5b3f4a3d1eb1c99e2a3b84c2_preview.jpg,CommercialPosters,0,1024,576,8,0.04407606413541521,0.04431576199001736,0.00553947024875217,0.004673428005642361,0.003870712830950083,0.10302734375,0.053385416666666664,0.8925906220103179,0.0,0.4971599150336844,0.015549915341088613,0.5115585144921604,0.18764281431029328,0.0602955861134572,0.5885416666666667,0.07365133659932493,0.060399835249756235,0.045248010913582964,0.242724100484079,0.14871885622581316,0.03571428571428571,0.5357142857142857,0.7009165846510061,0.8565835399341984,0.0,0.12032750000071246,0.0,0.125,0.0,0.0,0.0,0.125,0.125,0.0,0.0,0.375,0.25,0.0,0.0,0.0,0.0,0.0,0.0,0.0,0.0,0.0,0.0,0.0,0.0,0.0,0.0,0.0,0.0,0.125,0.0,0.0,0.0,0.0,0.0,0.0,0.0,0.125,0.0,0.0,0.0,0.0,0.0,0.0,0.0,0.0,0.125,0.0,0.0,0.0,0.0,0.0,0.0,0.125,0.125,0.0,0.0,0.0,0.0,0.0,0.0,0.25,0.125,0.0,0.0,0.0,0.0,0.0,0.0,0.0,0.0,0.0,0.0,0.0,0.0,0.0,0.0,0.0,0.0,0.0,0.0,0.0
DVP_064_01a3c38c16b2,Data/Receipts/1_fake/receipt_0367.png,Receipts,1,1023,1537,53,0.206158484969323,0.20615848496932304,0.003889782735270246,0.002119119713092051,0.0036038454665644685,0.16794850513657572,0.022624323295810267,0.9098813940944264,0.0,0.5943727623627187,0.2222675349745834,0.51178475842973,0.18473114265450755,0.7869012707722385,0.8373454782042941,0.039373431487276976,0.03038365241992491,0.01795008844688281,0.3694160617038729,0.1838513270857991,0.040638606676342524,0.1269956458635704,10.388185279599039,28.591020509868557,0.1320754716981132,0.14449570000033418,0.0,0.09433962264150944,0.0,0.0,0.09433962264150944,0.03773584905660377,0.1509433962264151,0.11320754716981132,0.05660377358490566,0.0,0.20754716981132076,0.1509433962264151,0.0,0.05660377358490566,0.018867924528301886,0.018867924528301886,0.0,0.0,0.0,0.018867924528301886,0.0,0.0,0.0,0.0,0.0,0.0,0.0,0.07547169811320754,0.0,0.0,0.0,0.0,0.0,0.03773584905660377,0.0,0.018867924528301886,0.0,0.0,0.03773584905660377,0.0,0.018867924528301886,0.03773584905660377,0.018867924528301886,0.0,0.07547169811320754,0.07547169811320754,0.0,0.07547169811320754,0.0,0.05660377358490566,0.0,0.0,0.05660377358490566,0.05660377358490566,0.018867924528301886,0.03773584905660377,0.0,0.0,0.0,0.0,0.07547169811320754,0.018867924528301886,0.05660377358490566,0.03773584905660377,0.0,0.0,0.0,0.03773584905660377,0.018867924528301886,0.0,0.0,0.018867924528301886,0.0,0.0,0.0,0.018867924528301886,0.0,0.0,0.0,0.0
DVP_065_01abd78c859f,Data/UIScreenshots/1_fake/ui_0377.png,UIScreenshots,1,941,1672,41,0.1429915238293783,0.1429915238293783,0.0034875981421799585,0.003336824817332676,0.002189572479345778,0.1977139006246598,0.018890769051231184,0.8393426071180397,0.17073170731707318,0.47564553629612927,0.2620663896303344,0.5142994742004178,0.29973600548823826,0.8079024402965127,0.9569377990430622,0.06380617834024274,0.04963702073263432,0.03803427424197027,0.508494918230602,0.2576817271975185,0.025609756097560974,0.10365853658536585,13.607147891790596,31.993454757094355,0.14634146341463414,0.12714079999932437,0.0975609756097561,0.07317073170731707,0.0,0.07317073170731707,0.0,0.1951219512195122,0.0,0.07317073170731707,0.0,0.17073170731707318,0.0,0.04878048780487805,0.0975609756097561,0.07317073170731707,0.04878048780487805,0.04878048780487805,0.024390243902439025,0.04878048780487805,0.0,0.0,0.0,0.0,0.024390243902439025,0.0,0.0,0.024390243902439025,0.024390243902439025,0.04878048780487805,0.0,0.0,0.0,0.04878048780487805,0.0,0.0,0.04878048780487805,0.04878048780487805,0.0,0.0,0.0,0.024390243902439025,0.0,0.0,0.04878048780487805,0.04878048780487805,0.0,0.0,0.0,0.04878048780487805,0.0,0.0,0.024390243902439025,0.07317073170731707,0.0,0.0,0.0,0.024390243902439025,0.0,0.0,0.04878048780487805,0.024390243902439025,0.0,0.0,0.0,0.024390243902439025,0.0,0.07317073170731707,0.024390243902439025,0.0,0.0,0.0,0.0,0.0,0.024390243902439025,0.0,0.024390243902439025,0.024390243902439025,0.0,0.04878048780487805,0.04878048780487805,0.0
DVP_066_01ad978401b4,Data/UIScreenshots/0_real/71879.jpg,UIScreenshots,0,540,960,12,0.14076099537037037,0.14076099537037037,0.011730082947530864,0.00814621913580247,0.010154399668969775,0.3895061728395061,0.028472222222222218,0.8901762230960643,0.0,0.5609573401270304,0.20200366189317676,0.5402765178779342,0.30675347673925485,0.6861111111111111,0.896875,0.15430121224124047,0.10658717602652049,0.11874485236493575,0.4804660161232599,0.25196548802168023,0.015151515151515152,0.10606060606060606,0.3348880004966297,0.7784600664621223,0.0,0.11901360000047134,0.0,0.16666666666666666,0.0,0.08333333333333333,0.0,0.25,0.0,0.0,0.0,0.16666666666666666,0.0,0.0,0.0,0.0,0.25,0.08333333333333333,0.0,0.0,0.08333333333333333,0.0,0.0,0.0,0.0,0.08333333333333333,0.0,0.0,0.0,0.08333333333333333,0.0,0.0,0.0,0.0,0.0,0.0,0.0,0.08333333333333333,0.0,0.0,0.0,0.0,0.0,0.0,0.0,0.16666666666666666,0.0,0.0,0.0,0.0,0.0,0.0,0.0,0.0,0.0,0.0,0.0,0.0,0.0,0.0,0.08333333333333333,0.08333333333333333,0.0,0.0,0.0,0.0,0.0,0.0,0.0,0.0,0.16666666666666666,0.08333333333333333,0.0,0.0,0.0,0.0,0.0,0.0,0.0,0.0,0.0,0.08333333333333333
DVP_067_01b2837fcc3a,Data/CommercialPosters/1_fake/commercial_poster_0369.png,CommercialPosters,1,1086,1448,28,0.20817172588245486,0.21655798815664967,0.007734213862737488,0.0022816763835047773,0.026027171601297066,0.14483030781373324,0.032261247040252565,0.8495516653588995,0.14285714285714285,0.39798581194387356,0.26707745446839976,0.511331942071543,0.25208762868871276,0.8001841620626151,0.9112615560970718,0.050521255772819455,0.027334149571949126,0.06145603050535321,0.470049316970463,0.24249066160877567,0.09259259259259259,0.1111111111111111,6.044977285167355,17.813234985886258,0.14285714285714285,0.15112950000002456,0.0,0.10714285714285714,0.03571428571428571,0.03571428571428571,0.10714285714285714,0.14285714285714285,0.07142857142857142,0.10714285714285714,0.14285714285714285,0.0,0.0,0.0,0.14285714285714285,0.10714285714285714,0.0,0.0,0.0,0.0,0.0,0.0,0.0,0.0,0.0,0.03571428571428571,0.0,0.0,0.03571428571428571,0.07142857142857142,0.03571428571428571,0.0,0.0,0.0,0.0,0.0,0.0,0.0,0.0,0.0,0.03571428571428571,0.0,0.07142857142857142,0.03571428571428571,0.07142857142857142,0.07142857142857142,0.0,0.07142857142857142,0.07142857142857142,0.0,0.14285714285714285,0.0,0.0,0.0,0.0,0.0,0.0,0.0,0.0,0.0,0.0,0.0,0.0,0.0,0.0,0.0,0.0,0.07142857142857142,0.0,0.0,0.0,0.0,0.0,0.0,0.0,0.07142857142857142,0.0,0.10714285714285714,0.0,0.0,0.0,0.0
DVP_068_01b7dd76924d,Data/Tables/0_real/PMC5859550_table_3.jpg,Tables,0,685,337,43,0.31451331127539145,0.3208949728172584,0.007462673786447869,0.004492191730381858,0.007327486885529192,0.19857409607876425,0.040369884756055484,0.8592147650975068,0.023255813953488372,0.42795006173783884,0.23019359124697011,0.4892191129807303,0.26467235787622384,0.7927007299270072,0.9406528189910979,0.07741087884603719,0.08605341246290799,0.03125673646293786,0.45436994392463653,0.21327944263210286,0.036544850498338874,0.08970099667774087,0.3163058101911194,0.8273686663814708,0.0,0.12573669999983395,0.13953488372093023,0.06976744186046512,0.023255813953488372,0.046511627906976744,0.046511627906976744,0.09302325581395349,0.046511627906976744,0.046511627906976744,0.09302325581395349,0.09302325581395349,0.046511627906976744,0.06976744186046512,0.023255813953488372,0.09302325581395349,0.046511627906976744,0.023255813953488372,0.0,0.023255813953488372,0.0,0.023255813953488372,0.0,0.0,0.0,0.0,0.06976744186046512,0.046511627906976744,0.0,0.046511627906976744,0.023255813953488372,0.0,0.046511627906976744,0.0,0.0,0.023255813953488372,0.0,0.046511627906976744,0.023255813953488372,0.0,0.023255813953488372,0.0,0.0,0.023255813953488372,0.0,0.046511627906976744,0.023255813953488372,0.0,0.023255813953488372,0.0,0.0,0.023255813953488372,0.0,0.0,0.046511627906976744,0.0,0.023255813953488372,0.0,0.023255813953488372,0.046511627906976744,0.0,0.09302325581395349,0.0,0.0,0.046511627906976744,0.0,0.023255813953488372,0.0,0.0,0.023255813953488372,0.046511627906976744,0.0,0.023255813953488372,0.0,0.0,0.0,0.046511627906976744,0.023255813953488372,0.0,0.0,0.0,0.0
DVP_069_01bcfb59c00e,Data/Receipts/1_fake/receipt_0550.png,Receipts,1,1023,1537,44,0.22681206408126886,0.22726509538900666,0.005165115804295606,0.004450024199431297,0.0038527175423603874,0.20163511952368254,0.025374105400130118,0.9078585907142994,0.0,0.5211997447952729,0.24138120807439167,0.5086956028753168,0.21331747653425698,0.7091403167310126,0.8703575907914552,0.044058755062511244,0.037557123077818076,0.0198824330241117,0.41601563511229,0.19823202094338988,0.02748414376321353,0.1014799154334038,10.385087519893025,28.571582715054124,0.11363636363636363,0.13788019999992684,0.0,0.06818181818181818,0.045454545454545456,0.0,0.06818181818181818,0.06818181818181818,0.11363636363636363,0.13636363636363635,0.13636363636363635,0.045454545454545456,0.045454545454545456,0.13636363636363635,0.0,0.13636363636363635,0.0,0.0,0.0,0.0,0.0,0.0,0.022727272727272728,0.0,0.0,0.0,0.0,0.0,0.0,0.06818181818181818,0.022727272727272728,0.0,0.0,0.0,0.0,0.045454545454545456,0.022727272727272728,0.0,0.0,0.045454545454545456,0.06818181818181818,0.0,0.0,0.022727272727272728,0.045454545454545456,0.0,0.0,0.06818181818181818,0.06818181818181818,0.0,0.0,0.06818181818181818,0.022727272727272728,0.0,0.0,0.045454545454545456,0.09090909090909091,0.0,0.0,0.06818181818181818,0.022727272727272728,0.0,0.0,0.0,0.045454545454545456,0.0,0.0,0.0,0.045454545454545456,0.022727272727272728,0.0,0.0,0.0,0.0,0.0,0.0,0.0,0.06818181818181818,0.0,0.0,0.0,0.0
DVP_070_01c3147af964,Data/CommercialPosters/1_fake/commercial_poster_0730.png,CommercialPosters,1,1086,1448,30,0.07979285583468149,0.07979285583468147,0.002659761861156049,0.0011017291901956594,0.0036589453937203808,0.1414057704112953,0.015239410681399631,0.892287910808079,0.0,0.25464698743382536,0.14466625067626976,0.6788844676289768,0.2512047490452979,0.4562615101289135,0.8874309392265194,0.0364702310897396,0.027056931329601026,0.031193084743998963,0.34739184534573836,0.23060469755433177,0.14022988505747128,0.12413793103448276,0.29246733021446025,0.7504562504419002,0.0,0.15082000000074913,0.13333333333333333,0.0,0.0,0.0,0.03333333333333333,0.0,0.0,0.0,0.13333333333333333,0.06666666666666667,0.0,0.0,0.36666666666666664,0.13333333333333333,0.13333333333333333,0.0,0.06666666666666667,0.0,0.0,0.0,0.0,0.0,0.0,0.0,0.06666666666666667,0.0,0.0,0.0,0.0,0.0,0.0,0.0,0.0,0.0,0.0,0.0,0.0,0.0,0.0,0.0,0.0,0.03333333333333333,0.0,0.0,0.0,0.0,0.0,0.0,0.0,0.03333333333333333,0.03333333333333333,0.03333333333333333,0.0,0.0,0.0,0.0,0.0,0.1,0.0,0.0,0.0,0.0,0.0,0.0,0.13333333333333333,0.13333333333333333,0.03333333333333333,0.1,0.13333333333333333,0.0,0.0,0.0,0.0,0.1,0.0,0.0,0.0,0.0,0.0,0.0
DVP_071_01c448a8c43e,Data/Tables/1_fake/table_0065.png,Tables,1,1402,1122,46,0.24625725663109232,0.24625725663109232,0.0053534186224150505,0.0031785506317687237,0.005958155411489151,0.17834770204056322,0.031969309462915596,0.917182626140423,0.0,0.5438552288794891,0.2723953044717035,0.48804102086595685,0.23107121619025958,0.869472182596291,0.9055258467023173,0.0849662176949162,0.0815515819398299,0.03466705855198081,0.4635679592233335,0.21438696256778694,0.07149758454106281,0.12367149758454106,0.2328675823296177,0.5843250777925052,0.0,0.16315639999993437,0.043478260869565216,0.06521739130434782,0.043478260869565216,0.06521739130434782,0.06521739130434782,0.06521739130434782,0.06521739130434782,0.08695652173913043,0.06521739130434782,0.06521739130434782,0.06521739130434782,0.13043478260869565,0.043478260869565216,0.06521739130434782,0.021739130434782608,0.043478260869565216,0.0,0.021739130434782608,0.0,0.021739130434782608,0.0,0.0,0.0,0.0,0.021739130434782608,0.0,0.0,0.043478260869565216,0.043478260869565216,0.0,0.043478260869565216,0.021739130434782608,0.021739130434782608,0.021739130434782608,0.0,0.043478260869565216,0.043478260869565216,0.0,0.021739130434782608,0.021739130434782608,0.0,0.021739130434782608,0.0,0.021739130434782608,0.021739130434782608,0.0,0.021739130434782608,0.021739130434782608,0.021739130434782608,0.021739130434782608,0.0,0.043478260869565216,0.043478260869565216,0.0,0.043478260869565216,0.043478260869565216,0.0,0.021739130434782608,0.0,0.021739130434782608,0.021739130434782608,0.0,0.021739130434782608,0.021739130434782608,0.021739130434782608,0.0,0.0,0.043478260869565216,0.021739130434782608,0.0,0.021739130434782608,0.021739130434782608,0.0,0.021739130434782608,0.0,0.021739130434782608,0.0,0.0,0.0,0.0
DVP_072_01d0a9a5868e,Data/InfographicCharts/0_real/00057060.jpg,InfographicCharts,0,1199,1012,44,0.12074085123637286,0.12074085123637288,0.0027441102553721107,0.0013052296544880946,0.00436496380466201,0.08982864508302373,0.030407833273445917,0.8953536968746189,0.0,0.5012108969363083,0.22006918862405694,0.5515187894578385,0.23597388427250485,0.7373219214462419,0.8727720187933476,0.0534078955554315,0.03941255323220802,0.027194888223909926,0.41728509230852245,0.19734212097921286,0.03488372093023256,0.13002114164904863,4.285820839326103,18.105123483855923,0.045454545454545456,0.17538059999969846,0.0,0.045454545454545456,0.06818181818181818,0.022727272727272728,0.045454545454545456,0.09090909090909091,0.11363636363636363,0.022727272727272728,0.022727272727272728,0.1590909090909091,0.1590909090909091,0.0,0.022727272727272728,0.06818181818181818,0.09090909090909091,0.06818181818181818,0.0,0.0,0.0,0.0,0.045454545454545456,0.0,0.0,0.0,0.0,0.0,0.045454545454545456,0.0,0.022727272727272728,0.0,0.022727272727272728,0.0,0.0,0.022727272727272728,0.045454545454545456,0.0,0.0,0.045454545454545456,0.022727272727272728,0.0,0.0,0.022727272727272728,0.045454545454545456,0.0,0.0,0.06818181818181818,0.0,0.0,0.0,0.022727272727272728,0.06818181818181818,0.0,0.0,0.06818181818181818,0.0,0.0,0.0,0.0,0.09090909090909091,0.0,0.0,0.09090909090909091,0.0,0.0,0.0,0.0,0.022727272727272728,0.045454545454545456,0.045454545454545456,0.045454545454545456,0.045454545454545456,0.0,0.0,0.022727272727272728,0.0,0.0,0.0,0.0,0.022727272727272728,0.0
DVP_073_01d2c3267b57,Data/CommercialPosters/0_real/5cd68d107d4459dfe1349845_preview.jpg,CommercialPosters,0,1024,1024,4,0.3248996211925176,0.3385739326477051,0.08464348316192627,0.07378697395324707,0.06378570621796195,0.513427734375,0.25830078125,0.9182088717016823,0.0,0.3873715051635286,0.03845005761520971,0.5176040399266785,0.23471488918517552,0.10167810458676818,0.63185497402236,0.21294533510914876,0.20912856262870766,0.00993364884738774,0.35530226621094835,0.15688295845700867,0.0,0.0,13.156649526531663,0.6966228715504518,1.0,0.22748590000082913,0.0,0.25,0.0,0.0,0.0,0.25,0.0,0.0,0.0,0.25,0.0,0.0,0.0,0.25,0.0,0.0,0.0,0.0,0.0,0.0,0.0,0.0,0.0,0.0,0.0,0.0,0.25,0.0,0.0,0.0,0.0,0.0,0.0,0.0,0.0,0.0,0.0,0.0,0.0,0.0,0.0,0.0,0.25,0.0,0.0,0.0,0.0,0.0,0.0,0.0,0.0,0.0,0.0,0.0,0.0,0.0,0.0,0.0,0.0,0.25,0.0,0.0,0.0,0.0,0.0,0.0,0.0,0.25,0.0,0.0,0.0,0.0,0.0,0.0,0.0,0.0,0.0,0.0,0.0,0.0
DVP_074_01dd36157623,Data/AcademicPosters/1_fake/academic_poster_0442.png,AcademicPosters,1,1402,1122,191,0.22759691875586976,0.23099576362771798,0.0012094019038100417,0.0006814812554512144,0.002003546560790966,0.0768423568425062,0.014880869053951898,0.8538071118334896,0.10471204188481675,0.5584987398924716,0.27669794865552094,0.5926370813732096,0.2354435856522371,0.9062054208273895,0.9322638146167558,0.023238553281931928,0.018270944741533013,0.013225155332207824,0.46193414691145585,0.22802882098055174,0.06773215761917883,0.05720584182970515,2.4194461540290435,13.445144694404547,0.041884816753926704,0.18750100000033854,0.015706806282722512,0.031413612565445025,0.03664921465968586,0.010471204188481676,0.06282722513089005,0.07329842931937172,0.07329842931937172,0.07853403141361257,0.04712041884816754,0.06282722513089005,0.07329842931937172,0.08376963350785341,0.06806282722513089,0.05235602094240838,0.07329842931937172,0.15706806282722513,0.0,0.0,0.010471204188481676,0.005235602094240838,0.0,0.015706806282722512,0.005235602094240838,0.0,0.005235602094240838,0.010471204188481676,0.0,0.015706806282722512,0.0,0.020942408376963352,0.005235602094240838,0.0,0.005235602094240838,0.015706806282722512,0.0,0.010471204188481676,0.0,0.031413612565445025,0.020942408376963352,0.005235602094240838,0.020942408376963352,0.020942408376963352,0.02617801047120419,0.03664921465968586,0.015706806282722512,0.02617801047120419,0.041884816753926704,0.010471204188481676,0.015706806282722512,0.010471204188481676,0.015706806282722512,0.02617801047120419,0.0,0.03664921465968586,0.020942408376963352,0.015706806282722512,0.0,0.020942408376963352,0.005235602094240838,0.015706806282722512,0.015706806282722512,0.020942408376963352,0.031413612565445025,0.015706806282722512,0.02617801047120419,0.020942408376963352,0.015706806282722512,0.031413612565445025,0.0,0.05235602094240838,0.08376963350785341,0.05759162303664921,0.010471204188481676,0.010471204188481676,0.0,0.005235602094240838,0.020942408376963352,0.0,0.015706806282722512,0.0
DVP_075_01dd5c9ef4fd,Data/Receipts/1_fake/receipt_0458.png,Receipts,1,1024,1536,56,0.2333390428375461,0.23342831929524738,0.004168362844557989,0.002334912618001302,0.0035030435602849143,0.18477957589285715,0.022867838541666664,0.9029544214843986,0.0,0.505886683297591,0.22292892574493922,0.478573275753634,0.20741382501396216,0.6806640625,0.8938802083333333,0.040310350761215266,0.03152346170228315,0.016918992782990708,0.39291574336301105,0.18553807288396143,0.03571428571428571,0.10974025974025974,10.045426553835968,27.98029721453545,0.10714285714285714,0.14326809999874968,0.017857142857142856,0.08928571428571429,0.017857142857142856,0.0,0.10714285714285714,0.05357142857142857,0.17857142857142858,0.10714285714285714,0.08928571428571429,0.07142857142857142,0.07142857142857142,0.10714285714285714,0.0,0.08928571428571429,0.0,0.0,0.0,0.0,0.0,0.03571428571428571,0.0,0.0,0.0,0.0,0.0,0.017857142857142856,0.0,0.05357142857142857,0.0,0.017857142857142856,0.0,0.0,0.0,0.03571428571428571,0.017857142857142856,0.017857142857142856,0.017857142857142856,0.05357142857142857,0.05357142857142857,0.0,0.0,0.07142857142857142,0.017857142857142856,0.0,0.05357142857142857,0.05357142857142857,0.05357142857142857,0.0,0.0,0.03571428571428571,0.017857142857142856,0.0,0.03571428571428571,0.03571428571428571,0.05357142857142857,0.0,0.0,0.05357142857142857,0.05357142857142857,0.0,0.0,0.0,0.05357142857142857,0.0,0.0,0.0,0.0,0.03571428571428571,0.0,0.0,0.0,0.0,0.0,0.0,0.0,0.05357142857142857,0.0,0.0,0.0,0.0
DVP_076_01dd70ff61f2,Data/InfographicCharts/1_fake/infographic_chart_0480.png,InfographicCharts,1,1313,1198,58,0.1810481292125617,0.18143338669297776,0.0031281618395340993,0.0016230401773964476,0.005877769398785916,0.10188565275625706,0.030194001496747454,0.893347250945806,0.034482758620689655,0.4773118435506037,0.23780075413553348,0.46180300622947906,0.23478558507290972,0.841964965727342,0.926742389765109,0.07235031247947862,0.07109524172440307,0.018636201563085025,0.4340099096320797,0.19723261633752961,0.0677555958862674,0.03569267997580157,1.276653779183353,5.433830465238493,0.017241379310344827,0.19641800000135845,0.05172413793103448,0.05172413793103448,0.08620689655172414,0.017241379310344827,0.10344827586206896,0.10344827586206896,0.10344827586206896,0.10344827586206896,0.05172413793103448,0.08620689655172414,0.06896551724137931,0.017241379310344827,0.017241379310344827,0.06896551724137931,0.05172413793103448,0.017241379310344827,0.0,0.017241379310344827,0.0,0.0,0.034482758620689655,0.0,0.0,0.0,0.017241379310344827,0.017241379310344827,0.017241379310344827,0.034482758620689655,0.017241379310344827,0.034482758620689655,0.0,0.017241379310344827,0.034482758620689655,0.017241379310344827,0.05172413793103448,0.0,0.05172413793103448,0.0,0.05172413793103448,0.0,0.017241379310344827,0.034482758620689655,0.017241379310344827,0.034482758620689655,0.034482758620689655,0.017241379310344827,0.034482758620689655,0.017241379310344827,0.0,0.0,0.017241379310344827,0.017241379310344827,0.0,0.017241379310344827,0.0,0.0,0.0,0.05172413793103448,0.017241379310344827,0.034482758620689655,0.017241379310344827,0.034482758620689655,0.017241379310344827,0.0,0.0,0.017241379310344827,0.017241379310344827,0.017241379310344827,0.017241379310344827,0.017241379310344827,0.017241379310344827,0.0,0.0,0.0,0.017241379310344827,0.017241379310344827,0.017241379310344827,0.0,0.0,0.0
DVP_077_01ece75e67f5,Data/UIScreenshots/0_real/52107.jpg,UIScreenshots,0,1080,1920,23,0.26897810570987657,0.26897810570987657,0.011694700248255504,0.009328703703703704,0.006828728853292594,0.47145732689210956,0.025181159420289857,0.875482817193235,0.08695652173913043,0.3982791270413545,0.2197889840783102,0.46956512285864954,0.2906750661229114,0.7967592592592592,0.8786458333333333,0.09615055972877692,0.08194844949932206,0.06995553061111735,0.46319038949945573,0.25124828363894314,0.015810276679841896,0.07114624505928854,0.1274246604137943,0.27050097290723174,0.0,0.12190379999992729,0.08695652173913043,0.08695652173913043,0.0,0.08695652173913043,0.043478260869565216,0.21739130434782608,0.0,0.0,0.08695652173913043,0.17391304347826086,0.0,0.0,0.043478260869565216,0.13043478260869565,0.0,0.043478260869565216,0.0,0.0,0.08695652173913043,0.0,0.0,0.0,0.043478260869565216,0.043478260869565216,0.0,0.08695652173913043,0.0,0.0,0.0,0.0,0.0,0.0,0.0,0.043478260869565216,0.08695652173913043,0.0,0.0,0.0,0.0,0.0,0.0,0.0,0.043478260869565216,0.08695652173913043,0.0,0.0,0.0,0.0,0.0,0.0,0.0,0.08695652173913043,0.0,0.0,0.0,0.0,0.0,0.08695652173913043,0.043478260869565216,0.043478260869565216,0.0,0.0,0.0,0.0,0.0,0.043478260869565216,0.0,0.08695652173913043,0.0,0.0,0.0,0.043478260869565216,0.0,0.0,0.0,0.043478260869565216,0.0,0.0,0.0,0.0
DVP_078_01f03f916ae9,Data/InfographicCharts/1_fake/infographic_chart_0115.png,InfographicCharts,1,1177,1337,52,0.1577509685108648,0.15899384170167552,0.0030575738788783755,0.0015216226744337524,0.005695335312086325,0.11409385007515847,0.023387607157240663,0.892104635051266,0.038461538461538464,0.4426737251523139,0.25750324733250946,0.5641061487599882,0.30760125754051443,0.8300764655904843,0.9048206445584556,0.05307689854594132,0.04508134430208647,0.034195674179046474,0.5137714092463094,0.2533825023723681,0.11840120663650075,0.06862745098039216,0.1612293389135081,0.645584962594621,0.0,0.19444839999960095,0.038461538461538464,0.17307692307692307,0.07692307692307693,0.0,0.09615384615384616,0.038461538461538464,0.0,0.0,0.07692307692307693,0.0,0.038461538461538464,0.038461538461538464,0.038461538461538464,0.1346153846153846,0.09615384615384616,0.15384615384615385,0.0,0.0,0.0,0.038461538461538464,0.0,0.0,0.0,0.0,0.0,0.038461538461538464,0.07692307692307693,0.057692307692307696,0.038461538461538464,0.038461538461538464,0.0,0.0,0.019230769230769232,0.038461538461538464,0.0,0.0,0.0,0.0,0.0,0.0,0.038461538461538464,0.0,0.019230769230769232,0.019230769230769232,0.0,0.0,0.0,0.0,0.038461538461538464,0.0,0.0,0.0,0.019230769230769232,0.019230769230769232,0.019230769230769232,0.0,0.038461538461538464,0.0,0.0,0.0,0.0,0.0,0.0,0.019230769230769232,0.019230769230769232,0.019230769230769232,0.038461538461538464,0.038461538461538464,0.038461538461538464,0.038461538461538464,0.038461538461538464,0.038461538461538464,0.0,0.0,0.038461538461538464,0.019230769230769232,0.019230769230769232,0.0,0.057692307692307696,0.019230769230769232
DVP_079_01f0f7822803,Data/Receipts/0_real/X51008099085.jpg,Receipts,0,932,1740,44,0.24720513714664877,0.2524314291352178,0.005737077934891314,0.004906023383158206,0.0037857345833105962,0.21173917284432306,0.028304597701149424,0.9091996335845445,0.0,0.4404647032249862,0.22591217266683425,0.5751024449874539,0.2107046831943114,0.7001072961373391,0.7364942528735632,0.05498211577880802,0.05048360479799599,0.023335715584657895,0.39986737375398346,0.18817641617936134,0.035940803382663845,0.08139534883720931,0.4194272603921893,0.918160319285423,0.0,0.14119930000015302,0.0,0.09090909090909091,0.0,0.0,0.06818181818181818,0.11363636363636363,0.06818181818181818,0.022727272727272728,0.09090909090909091,0.11363636363636363,0.13636363636363635,0.045454545454545456,0.09090909090909091,0.022727272727272728,0.09090909090909091,0.045454545454545456,0.0,0.0,0.0,0.0,0.0,0.0,0.0,0.0,0.0,0.0,0.0,0.09090909090909091,0.0,0.0,0.0,0.0,0.0,0.0,0.0,0.06818181818181818,0.0,0.0,0.0,0.0,0.022727272727272728,0.045454545454545456,0.022727272727272728,0.022727272727272728,0.045454545454545456,0.022727272727272728,0.022727272727272728,0.0,0.0,0.06818181818181818,0.045454545454545456,0.0,0.045454545454545456,0.045454545454545456,0.0,0.0,0.0,0.022727272727272728,0.06818181818181818,0.0,0.022727272727272728,0.022727272727272728,0.045454545454545456,0.0,0.022727272727272728,0.045454545454545456,0.0,0.0,0.022727272727272728,0.045454545454545456,0.022727272727272728,0.0,0.022727272727272728,0.0,0.022727272727272728,0.0,0.022727272727272728,0.0,0.022727272727272728,0.0
DVP_080_02038acf881a,Data/Tables/0_real/PMC1326198_table_0.jpg,Tables,0,363,595,80,0.3722715101996317,0.3920804685510567,0.004901005856888209,0.004861448711716091,0.003667396393829551,0.21308539944903582,0.023655462184873948,0.8279369834370627,0.1625,0.5583179150855129,0.2756619003347637,0.5181505580865402,0.26905251881089404,0.8544656006587256,0.9554621848739496,0.04481027086460734,0.0411764705882353,0.022057520950188533,0.49190183588630954,0.24196381966774325,0.02689873417721519,0.17848101265822786,12.311245688635065,30.002207157199365,0.1875,0.14707159999852593,0.025,0.125,0.0,0.0625,0.0125,0.15,0.0,0.1,0.0,0.15,0.0,0.125,0.025,0.1125,0.0,0.1125,0.0,0.025,0.0125,0.0375,0.0,0.0,0.025,0.0,0.0,0.0,0.0375,0.0375,0.0,0.0,0.0375,0.0,0.0,0.0125,0.05,0.025,0.0,0.0,0.0375,0.025,0.0,0.0,0.05,0.025,0.0,0.0,0.0375,0.0,0.0,0.0,0.0375,0.0375,0.0,0.0,0.0375,0.0125,0.0,0.0,0.0375,0.0375,0.0,0.0,0.0375,0.0375,0.0,0.025,0.0375,0.0375,0.0,0.0,0.0375,0.0125,0.0,0.0,0.025,0.0125,0.0,0.0,0.0125,0.05
DVP_081_02055dc1a918,Data/AcademicPosters/0_real/ICML_2024_33332_Visual Transformer with Differentiable Channel Selection_ An.png,AcademicPosters,0,4071,2880,269,0.422316959409312,0.42693313477442074,0.0015871120251837202,0.00025809246977264664,0.002513626852330725,0.10099817459426043,0.013837257331681124,0.8182539297900377,0.18587360594795538,0.6670641062831376,0.27168251062403753,0.5429618245863727,0.22842124435295888,0.864406779661017,0.9331597222222222,0.01896552009715794,0.013662974927615446,0.017292538908388937,0.44172563983503205,0.24040376113511666,0.053764634078677244,0.1205959052322033,2.047365902574302,12.508595935053561,0.040892193308550186,0.26008499999989,0.026022304832713755,0.01486988847583643,0.040892193308550186,0.026022304832713755,0.04460966542750929,0.0037174721189591076,0.06691449814126393,0.22676579925650558,0.05204460966542751,0.01858736059479554,0.03345724907063197,0.1524163568773234,0.04460966542750929,0.07434944237918216,0.01858736059479554,0.15613382899628253,0.0,0.0,0.0,0.007434944237918215,0.007434944237918215,0.0037174721189591076,0.0,0.0,0.0037174721189591076,0.022304832713754646,0.0,0.007434944237918215,0.01486988847583643,0.01486988847583643,0.011152416356877323,0.01486988847583643,0.0,0.026022304832713755,0.0037174721189591076,0.0,0.01858736059479554,0.026022304832713755,0.011152416356877323,0.07806691449814127,0.0037174721189591076,0.01486988847583643,0.0,0.0,0.0037174721189591076,0.01858736059479554,0.022304832713754646,0.11524163568773234,0.0,0.026022304832713755,0.0,0.011152416356877323,0.007434944237918215,0.011152416356877323,0.022304832713754646,0.10408921933085502,0.0037174721189591076,0.022304832713754646,0.0,0.007434944237918215,0.011152416356877323,0.0037174721189591076,0.026022304832713755,0.0,0.0,0.026022304832713755,0.0037174721189591076,0.06691449814126393,0.007434944237918215,0.0037174721189591076,0.09293680297397769,0.048327137546468404,0.0,0.01858736059479554,0.0,0.0037174721189591076,0.007434944237918215,0.0,0.01486988847583643,0.0
DVP_082_020a623627d7,Data/AcademicPosters/0_real/NeurIPS_2022_60029_Deep Neural Imputation_ A Framework for Recovering Incomplet.png,AcademicPosters,0,2500,1768,144,0.17351938049560453,0.17611176470588236,0.001222998366013072,0.0005544117647058823,0.0020121612976375025,0.07599722222222222,0.017797102815485168,0.8092847648301111,0.2986111111111111,0.4968959149103086,0.2469878268171146,0.5271238468983817,0.2616247770012255,0.8672000000000001,0.9242081447963801,0.027135242906454634,0.018531423378966336,0.01814709258906018,0.4592542358378401,0.22315255900264627,0.05108780108780109,0.05914918414918415,5.0340684643811455,19.58860795662704,0.10416666666666667,0.16452620000018214,0.027777777777777776,0.041666666666666664,0.06944444444444445,0.04861111111111111,0.04861111111111111,0.041666666666666664,0.1388888888888889,0.04861111111111111,0.09027777777777778,0.027777777777777776,0.13194444444444445,0.013888888888888888,0.06944444444444445,0.06944444444444445,0.06944444444444445,0.0625,0.0,0.0,0.0,0.006944444444444444,0.020833333333333332,0.0,0.006944444444444444,0.013888888888888888,0.006944444444444444,0.020833333333333332,0.006944444444444444,0.027777777777777776,0.041666666666666664,0.006944444444444444,0.013888888888888888,0.013888888888888888,0.013888888888888888,0.006944444444444444,0.006944444444444444,0.013888888888888888,0.05555555555555555,0.034722222222222224,0.034722222222222224,0.006944444444444444,0.006944444444444444,0.020833333333333332,0.006944444444444444,0.013888888888888888,0.027777777777777776,0.020833333333333332,0.006944444444444444,0.0,0.006944444444444444,0.027777777777777776,0.013888888888888888,0.013888888888888888,0.020833333333333332,0.013888888888888888,0.006944444444444444,0.0,0.027777777777777776,0.027777777777777776,0.0,0.0,0.05555555555555555,0.041666666666666664,0.006944444444444444,0.0,0.034722222222222224,0.006944444444444444,0.0,0.0,0.04861111111111111,0.013888888888888888,0.020833333333333332,0.020833333333333332,0.006944444444444444,0.020833333333333332,0.041666666666666664,0.027777777777777776,0.006944444444444444,0.0,0.020833333333333332,0.0
DVP_083_020bcbf9555b,Data/Receipts/1_fake/receipt_0726.png,Receipts,1,1023,1537,65,0.23903727602806243,0.2390372760280624,0.0036774965542778833,0.002119119713092051,0.003169189096197896,0.16886983983758175,0.021440368349932435,0.9056233871568778,0.015384615384615385,0.5100199064931533,0.2630380693236301,0.48501063200786976,0.19199467984883706,0.7854349951124144,0.8981782693558881,0.03228656429161134,0.025091675177674716,0.013265966448958402,0.41598340946035445,0.20584912504095593,0.03798076923076923,0.08990384615384615,8.52183162065196,26.112627930867276,0.09230769230769231,0.14568599999984144,0.015384615384615385,0.07692307692307693,0.0,0.015384615384615385,0.12307692307692308,0.06153846153846154,0.18461538461538463,0.1076923076923077,0.07692307692307693,0.046153846153846156,0.1076923076923077,0.09230769230769231,0.0,0.09230769230769231,0.0,0.0,0.0,0.0,0.0,0.03076923076923077,0.0,0.0,0.0,0.0,0.0,0.015384615384615385,0.0,0.046153846153846156,0.0,0.0,0.015384615384615385,0.0,0.015384615384615385,0.046153846153846156,0.0,0.0,0.015384615384615385,0.046153846153846156,0.046153846153846156,0.0,0.06153846153846154,0.0,0.06153846153846154,0.0,0.06153846153846154,0.06153846153846154,0.06153846153846154,0.0,0.03076923076923077,0.0,0.03076923076923077,0.0,0.06153846153846154,0.03076923076923077,0.06153846153846154,0.0,0.015384615384615385,0.03076923076923077,0.015384615384615385,0.0,0.015384615384615385,0.0,0.03076923076923077,0.0,0.0,0.0,0.015384615384615385,0.046153846153846156,0.0,0.0,0.0,0.0,0.0,0.0,0.0,0.03076923076923077,0.0,0.0,0.0,0.0
DVP_084_020c57b53519,Data/Receipts/1_fake/receipt_0978.png,Receipts,1,1024,1536,52,0.1995731989542643,0.1995731989542643,0.0038379461337358523,0.002651532491048177,0.002844720684762819,0.15771484375,0.02410106169871795,0.9101090265315772,0.0,0.4672532350314987,0.21791782205151655,0.4940557971164277,0.21415971238161968,0.63818359375,0.8720703125,0.040388528549822084,0.03662109375,0.015608598217872402,0.39547062575487685,0.18430677688129896,0.03770739064856712,0.1048265460030166,7.105928269349035,24.036595505916782,0.07692307692307693,0.141178800000489,0.0,0.09615384615384616,0.0,0.0,0.1346153846153846,0.057692307692307696,0.19230769230769232,0.11538461538461539,0.07692307692307693,0.019230769230769232,0.057692307692307696,0.07692307692307693,0.057692307692307696,0.11538461538461539,0.0,0.0,0.0,0.0,0.0,0.038461538461538464,0.0,0.0,0.0,0.0,0.0,0.0,0.0,0.057692307692307696,0.0,0.0,0.0,0.0,0.0,0.057692307692307696,0.057692307692307696,0.0,0.019230769230769232,0.019230769230769232,0.038461538461538464,0.0,0.0,0.07692307692307693,0.0,0.0,0.07692307692307693,0.07692307692307693,0.07692307692307693,0.0,0.0,0.057692307692307696,0.0,0.0,0.019230769230769232,0.019230769230769232,0.057692307692307696,0.0,0.0,0.019230769230769232,0.019230769230769232,0.0,0.0,0.019230769230769232,0.019230769230769232,0.0,0.0,0.057692307692307696,0.019230769230769232,0.038461538461538464,0.0,0.0,0.0,0.0,0.0,0.0,0.0,0.057692307692307696,0.0,0.0,0.0,0.0
DVP_085_02153df6c4ff,Data/Tables/0_real/PMC5905144_table_0.jpg,Tables,0,685,232,62,0.2895104455071734,0.293543921469922,0.004734579378547129,0.002765542411276114,0.00597488722407484,0.08377678361196139,0.05700778642936595,0.9016383768422122,0.016129032258064516,0.42448438747865974,0.2520984646794977,0.5305039747192316,0.19259393817148235,0.8036496350364963,0.8168103448275862,0.07457455568405225,0.07543456605943395,0.010129595309082478,0.4085176651346971,0.19417855172717063,0.09783183500793231,0.07615018508725542,0.10178042610522564,0.7711740121675679,0.016129032258064516,0.12004420000084792,0.016129032258064516,0.016129032258064516,0.0,0.0,0.12903225806451613,0.11290322580645161,0.11290322580645161,0.06451612903225806,0.16129032258064516,0.0967741935483871,0.0967741935483871,0.04838709677419355,0.04838709677419355,0.04838709677419355,0.03225806451612903,0.016129032258064516,0.0,0.0,0.016129032258064516,0.0,0.0,0.0,0.0,0.0,0.0,0.016129032258064516,0.0,0.0,0.0,0.0,0.0,0.0,0.0,0.03225806451612903,0.03225806451612903,0.016129032258064516,0.03225806451612903,0.016129032258064516,0.03225806451612903,0.0,0.03225806451612903,0.06451612903225806,0.03225806451612903,0.03225806451612903,0.03225806451612903,0.03225806451612903,0.03225806451612903,0.0,0.03225806451612903,0.06451612903225806,0.03225806451612903,0.03225806451612903,0.03225806451612903,0.03225806451612903,0.03225806451612903,0.0,0.03225806451612903,0.03225806451612903,0.016129032258064516,0.016129032258064516,0.016129032258064516,0.016129032258064516,0.016129032258064516,0.0,0.016129032258064516,0.016129032258064516,0.016129032258064516,0.016129032258064516,0.016129032258064516,0.016129032258064516,0.016129032258064516,0.0,0.016129032258064516,0.0,0.016129032258064516,0.0,0.0,0.0,0.0,0.0
DVP_086_0215f3edd77a,Data/Tables/0_real/PMC6094502_table_1.jpg,Tables,0,590,422,39,0.2396051881346707,0.24141296489677885,0.00619007602299433,0.00534982729536509,0.004437077696082151,0.15401999130812685,0.042532506987483294,0.873448587953653,0.0,0.5538934136763097,0.21116181730428213,0.4540675167640836,0.23269729213777418,0.6711864406779661,0.8050778605280975,0.066098742621544,0.04649549807948526,0.043089320238236826,0.40373795867432266,0.19916588234946989,0.03913630229419703,0.12685560053981107,0.6737630626086559,1.1365534715805368,0.0,0.11881350000112434,0.02564102564102564,0.1282051282051282,0.07692307692307693,0.05128205128205128,0.0,0.05128205128205128,0.15384615384615385,0.10256410256410256,0.02564102564102564,0.05128205128205128,0.10256410256410256,0.07692307692307693,0.05128205128205128,0.02564102564102564,0.05128205128205128,0.02564102564102564,0.0,0.0,0.0,0.02564102564102564,0.0,0.0,0.0,0.0,0.0,0.02564102564102564,0.07692307692307693,0.02564102564102564,0.05128205128205128,0.02564102564102564,0.05128205128205128,0.0,0.0,0.0,0.0,0.0,0.07692307692307693,0.02564102564102564,0.05128205128205128,0.0,0.0,0.0,0.0,0.05128205128205128,0.02564102564102564,0.02564102564102564,0.05128205128205128,0.0,0.0,0.0,0.0,0.02564102564102564,0.05128205128205128,0.0,0.05128205128205128,0.0,0.0,0.02564102564102564,0.02564102564102564,0.0,0.0,0.05128205128205128,0.02564102564102564,0.0,0.0,0.05128205128205128,0.02564102564102564,0.0,0.02564102564102564,0.02564102564102564,0.02564102564102564,0.0,0.0,0.0,0.0,0.0,0.0,0.0,0.0,0.0
DVP_087_021959f1cc95,Data/Receipts/0_real/X51007103688.jpg,Receipts,0,842,1280,31,0.26665011678001865,0.2727824376484561,0.008799433472530841,0.007387544536817102,0.005263223591583386,0.3209715730595356,0.03276209677419355,0.8722473453579599,0.0,0.5269649391823209,0.21341506557247092,0.5708815674097055,0.1892106508699815,0.7378368003071091,0.6867234187039193,0.04427302710854341,0.028475795080774177,0.024270011420575305,0.37132570059275166,0.17387827931895322,0.034408602150537634,0.13548387096774195,1.4546048515983054,0.5938352972341823,0.0,0.14156670000011218,0.0,0.0,0.03225806451612903,0.0,0.03225806451612903,0.03225806451612903,0.22580645161290322,0.03225806451612903,0.0967741935483871,0.0967741935483871,0.06451612903225806,0.1935483870967742,0.0,0.12903225806451613,0.03225806451612903,0.03225806451612903,0.0,0.0,0.0,0.0,0.0,0.0,0.0,0.0,0.0,0.0,0.0,0.0,0.03225806451612903,0.0,0.0,0.0,0.0,0.0,0.0,0.0,0.16129032258064516,0.0,0.0,0.0,0.0,0.03225806451612903,0.0,0.03225806451612903,0.06451612903225806,0.0,0.0,0.03225806451612903,0.0,0.03225806451612903,0.06451612903225806,0.0,0.03225806451612903,0.03225806451612903,0.06451612903225806,0.0,0.0,0.06451612903225806,0.03225806451612903,0.0,0.0,0.0,0.12903225806451613,0.0,0.0,0.0,0.06451612903225806,0.03225806451612903,0.0,0.0,0.03225806451612903,0.0,0.0,0.0,0.0,0.03225806451612903,0.03225806451612903,0.0,0.0,0.0
DVP_088_021de251c037,Data/CommercialPosters/0_real/5b51f32200f9c6103ae8b3e5_preview.jpg,CommercialPosters,0,940,788,5,0.03172723836267415,0.032068797926341944,0.006413759585268389,0.006962144940058322,0.004743998363416888,0.07489361702127659,0.13730964467005075,0.876899878208037,0.0,0.7859574468085107,0.08068754460967362,0.6414974619289341,0.15586370669779917,0.22446808510638294,0.4041878172588832,0.13263087152970104,0.06258350796436371,0.12563149019026848,0.23602159902126746,0.14595801484410897,0.2,0.0,53.96619727827431,67.29564014557879,0.6,0.1745933000001969,0.0,0.0,0.0,0.0,0.0,0.0,0.0,0.2,0.0,0.0,0.4,0.4,0.0,0.0,0.0,0.0,0.0,0.0,0.0,0.0,0.0,0.0,0.0,0.0,0.0,0.0,0.0,0.0,0.0,0.0,0.0,0.0,0.0,0.0,0.0,0.0,0.0,0.0,0.2,0.0,0.0,0.0,0.0,0.0,0.0,0.0,0.0,0.0,0.0,0.0,0.0,0.0,0.0,0.0,0.0,0.0,0.0,0.0,0.0,0.0,0.0,0.4,0.2,0.2,0.0,0.0,0.0,0.0,0.0,0.0,0.0,0.0,0.0,0.0,0.0,0.0,0.0,0.0,0.0,0.0
DVP_089_021e6b7f3d69,Data/Receipts/0_real/X51008114216.jpg,Receipts,0,936,1663,35,0.28755580226915506,0.2961576365439865,0.008461646758399615,0.0071259334638769396,0.005386778447827332,0.31373626373626373,0.027867021733528046,0.9137817317052374,0.0,0.4871232836468842,0.24737538658839747,0.5694134542455906,0.19094597778930245,0.8151709401709402,0.70625375826819,0.04988294373305088,0.03391713283177856,0.026919241912609797,0.40586406769976086,0.19060079727658438,0.030252100840336135,0.1092436974789916,0.24283445908185278,0.5599582749075783,0.0,0.12315789999956905,0.0,0.05714285714285714,0.0,0.0,0.08571428571428572,0.17142857142857143,0.05714285714285714,0.05714285714285714,0.17142857142857143,0.0,0.08571428571428572,0.14285714285714285,0.0,0.14285714285714285,0.0,0.02857142857142857,0.0,0.0,0.0,0.0,0.0,0.0,0.0,0.0,0.0,0.0,0.0,0.05714285714285714,0.0,0.0,0.0,0.0,0.0,0.0,0.0,0.14285714285714285,0.0,0.0,0.0,0.0,0.02857142857142857,0.05714285714285714,0.0,0.02857142857142857,0.02857142857142857,0.02857142857142857,0.02857142857142857,0.02857142857142857,0.02857142857142857,0.05714285714285714,0.0,0.0,0.0,0.0,0.08571428571428572,0.0,0.02857142857142857,0.05714285714285714,0.0,0.0,0.05714285714285714,0.02857142857142857,0.05714285714285714,0.0,0.0,0.0,0.05714285714285714,0.02857142857142857,0.0,0.0,0.02857142857142857,0.0,0.0,0.0,0.0,0.05714285714285714,0.0,0.0,0.0,0.0
DVP_090_022217b75e79,Data/CommercialPosters/0_real/5cdd82ea7d4459dfe1a5c7b9_preview.jpg,CommercialPosters,0,940,788,6,0.19214277999783994,0.19891321957014796,0.033152203261691326,0.038906739388702885,0.01222945286854029,0.2953900709219858,0.11209813874788493,0.8387061381718418,0.16666666666666666,0.2537234042553192,0.04709574988745692,0.5953891708967851,0.19115338444131824,0.1595744680851064,0.5881979695431472,0.1510090755066892,0.13889466859729155,0.024468481387504515,0.27536678085999505,0.13111612599829608,0.06666666666666667,0.4,0.0,0.0,0.0,0.16035999999985506,0.0,0.0,0.0,0.0,0.3333333333333333,0.0,0.0,0.0,0.3333333333333333,0.16666666666666666,0.0,0.0,0.0,0.16666666666666666,0.0,0.0,0.0,0.0,0.0,0.0,0.0,0.0,0.0,0.0,0.0,0.0,0.0,0.0,0.0,0.0,0.0,0.0,0.0,0.16666666666666666,0.0,0.0,0.0,0.0,0.0,0.0,0.0,0.16666666666666666,0.0,0.0,0.0,0.0,0.0,0.0,0.0,0.16666666666666666,0.0,0.0,0.0,0.0,0.0,0.0,0.0,0.16666666666666666,0.16666666666666666,0.0,0.0,0.0,0.0,0.0,0.0,0.0,0.0,0.0,0.0,0.0,0.0,0.0,0.0,0.0,0.16666666666666666,0.0,0.0,0.0,0.0,0.0
DVP_091_022e6e2fb2a9,Data/Receipts/1_fake/receipt_0681.png,Receipts,1,921,1707,57,0.21912613769577527,0.21912613769577527,0.00384431820518904,0.002307036174098224,0.003250342481957418,0.18707735680134108,0.02011325912907636,0.9117227304509242,0.017543859649122806,0.5309586341035543,0.22711115863253412,0.48871564316220695,0.17773980189080532,0.6859550330789483,0.8131224370240188,0.03652584316992666,0.024604569420035083,0.020844490547910575,0.368721600246876,0.18263789983379958,0.03320802005012531,0.09461152882205513,9.553410198704562,27.65316271155876,0.10526315789473684,0.12065789999905974,0.0,0.0,0.08771929824561403,0.0,0.03508771929824561,0.12280701754385964,0.21052631578947367,0.08771929824561403,0.10526315789473684,0.10526315789473684,0.07017543859649122,0.10526315789473684,0.0,0.07017543859649122,0.0,0.0,0.0,0.0,0.0,0.0,0.017543859649122806,0.0,0.0,0.0,0.0,0.0,0.0,0.0,0.07017543859649122,0.0,0.0,0.0,0.0,0.03508771929824561,0.03508771929824561,0.017543859649122806,0.03508771929824561,0.03508771929824561,0.017543859649122806,0.0,0.0,0.0,0.07017543859649122,0.0,0.07017543859649122,0.07017543859649122,0.07017543859649122,0.0,0.0,0.017543859649122806,0.05263157894736842,0.0,0.03508771929824561,0.03508771929824561,0.07017543859649122,0.0,0.0,0.08771929824561403,0.0,0.05263157894736842,0.0,0.0,0.03508771929824561,0.0,0.0,0.0,0.0,0.05263157894736842,0.0,0.0,0.0,0.0,0.0,0.0,0.0,0.017543859649122806,0.0,0.0,0.0,0.0
DVP_092_0230c65280fe,Data/Receipts/1_fake/receipt_0193.png,Receipts,1,1024,1536,60,0.18651378499804872,0.1865259806315104,0.003108766343858507,0.0020933151245117188,0.0024841166021858296,0.161865234375,0.019129774305555555,0.9134797902844863,0.0,0.4922772805109375,0.1877734367848372,0.4524006911066376,0.22259779244367373,0.5947265625,0.9345703125,0.042764993000132895,0.04504146302306782,0.01602050789738217,0.37554285223849765,0.17736887223113776,0.02655367231638418,0.10282485875706214,9.268045781012326,27.082362037102232,0.11666666666666667,0.14549179999994521,0.05,0.05,0.1,0.0,0.03333333333333333,0.13333333333333333,0.16666666666666666,0.08333333333333333,0.0,0.11666666666666667,0.06666666666666667,0.08333333333333333,0.0,0.11666666666666667,0.0,0.0,0.0,0.0,0.0,0.0,0.06666666666666667,0.0,0.0,0.0,0.0,0.05,0.016666666666666666,0.03333333333333333,0.03333333333333333,0.0,0.0,0.0,0.0,0.03333333333333333,0.05,0.0,0.03333333333333333,0.03333333333333333,0.03333333333333333,0.0,0.0,0.0,0.08333333333333333,0.0,0.05,0.05,0.05,0.0,0.0,0.0,0.05,0.0,0.05,0.016666666666666666,0.05,0.0,0.0,0.0,0.05,0.016666666666666666,0.0,0.0,0.03333333333333333,0.0,0.0,0.0,0.016666666666666666,0.06666666666666667,0.0,0.0,0.0,0.0,0.0,0.0,0.0,0.03333333333333333,0.0,0.0,0.0,0.0
DVP_093_0232ea61c149,Data/AcademicPosters/1_fake/academic_poster_0968.png,AcademicPosters,1,1402,1122,182,0.2051310369555673,0.20655461639979555,0.0011349154747241515,0.000717081022527024,0.0015385772412981626,0.06749776614255928,0.016126030831913184,0.855794865438515,0.06593406593406594,0.5316371342303597,0.2593812813486055,0.5520101906314373,0.25453331785956657,0.9204707560627675,0.9518716577540107,0.0296524532067103,0.025001471159967863,0.017067754161060038,0.46237227726480107,0.22760247473628115,0.046505980207637666,0.056523586910327245,4.706359885819068,19.586008265050523,0.04945054945054945,0.18584779999946477,0.04945054945054945,0.027472527472527472,0.054945054945054944,0.016483516483516484,0.08241758241758242,0.03296703296703297,0.0989010989010989,0.04395604395604396,0.038461538461538464,0.038461538461538464,0.14285714285714285,0.08241758241758242,0.04395604395604396,0.06593406593406594,0.10989010989010989,0.07142857142857142,0.0,0.027472527472527472,0.016483516483516484,0.0,0.0,0.027472527472527472,0.0,0.005494505494505495,0.016483516483516484,0.005494505494505495,0.005494505494505495,0.005494505494505495,0.016483516483516484,0.01098901098901099,0.005494505494505495,0.005494505494505495,0.027472527472527472,0.0,0.0,0.0,0.005494505494505495,0.04395604395604396,0.005494505494505495,0.016483516483516484,0.016483516483516484,0.038461538461538464,0.016483516483516484,0.016483516483516484,0.027472527472527472,0.02197802197802198,0.016483516483516484,0.005494505494505495,0.0,0.01098901098901099,0.01098901098901099,0.0,0.04395604395604396,0.038461538461538464,0.04945054945054945,0.027472527472527472,0.027472527472527472,0.0,0.01098901098901099,0.016483516483516484,0.03296703296703297,0.027472527472527472,0.005494505494505495,0.0,0.016483516483516484,0.0,0.01098901098901099,0.03296703296703297,0.038461538461538464,0.038461538461538464,0.054945054945054944,0.0,0.005494505494505495,0.02197802197802198,0.0,0.02197802197802198,0.01098901098901099,0.02197802197802198,0.016483516483516484,0.0
DVP_094_023f9b1d5afe,Data/UIScreenshots/1_fake/ui_0134.png,UIScreenshots,1,941,1672,59,0.12797104525878505,0.12819922051772267,0.0021728681443681807,0.0019906543481687505,0.001617982576164344,0.1286046218411715,0.01740531992539129,0.8806261728714869,0.05084745762711865,0.4341938171867584,0.30631647336240736,0.5216369870637171,0.23840200619923135,0.8581296493092454,0.944677033492823,0.05465736336075241,0.04153744150768547,0.03272877916264086,0.4942235111881859,0.2495377184565739,0.03623611922852133,0.08766803039158387,6.443297537559425,22.723911529690838,0.0847457627118644,0.12455020000015793,0.11864406779661017,0.03389830508474576,0.0,0.01694915254237288,0.11864406779661017,0.01694915254237288,0.03389830508474576,0.06779661016949153,0.1016949152542373,0.06779661016949153,0.0847457627118644,0.15254237288135594,0.1016949152542373,0.03389830508474576,0.01694915254237288,0.03389830508474576,0.03389830508474576,0.01694915254237288,0.01694915254237288,0.0,0.0,0.0,0.0,0.0,0.0,0.06779661016949153,0.01694915254237288,0.0,0.0,0.0,0.0,0.01694915254237288,0.0,0.05084745762711865,0.0,0.01694915254237288,0.03389830508474576,0.0,0.0,0.03389830508474576,0.01694915254237288,0.05084745762711865,0.0,0.0,0.0,0.0,0.0,0.03389830508474576,0.01694915254237288,0.05084745762711865,0.05084745762711865,0.0,0.05084745762711865,0.0,0.06779661016949153,0.01694915254237288,0.0,0.03389830508474576,0.01694915254237288,0.0,0.03389830508474576,0.0,0.03389830508474576,0.03389830508474576,0.01694915254237288,0.05084745762711865,0.0,0.01694915254237288,0.0,0.0,0.0,0.01694915254237288,0.0,0.03389830508474576,0.01694915254237288,0.0,0.0,0.01694915254237288,0.0,0.01694915254237288
DVP_095_02444e18871c,Data/InfographicCharts/1_fake/infographic_chart_0437.png,InfographicCharts,1,1402,1122,84,0.15644743096367414,0.15719871789981715,0.0018714133083311566,0.000709452501010779,0.0039813465518761144,0.07933394470484341,0.02203760291995586,0.8748197385089486,0.047619047619047616,0.42323033745891725,0.2789607706331675,0.5275498757156725,0.24670737784763,0.9277035504591633,0.8975044563279857,0.05001415361751693,0.0382856669632391,0.03156285557640086,0.4786713827688257,0.22711839532208195,0.04159495123350545,0.12019506597819851,6.797373810538703,23.316276399704357,0.10714285714285714,0.17049339999903168,0.011904761904761904,0.07142857142857142,0.0,0.047619047619047616,0.09523809523809523,0.10714285714285714,0.10714285714285714,0.011904761904761904,0.09523809523809523,0.09523809523809523,0.09523809523809523,0.023809523809523808,0.08333333333333333,0.047619047619047616,0.08333333333333333,0.023809523809523808,0.0,0.0,0.011904761904761904,0.011904761904761904,0.0,0.0,0.0,0.023809523809523808,0.0,0.011904761904761904,0.011904761904761904,0.03571428571428571,0.0,0.0,0.011904761904761904,0.011904761904761904,0.05952380952380952,0.0,0.047619047619047616,0.023809523809523808,0.0,0.05952380952380952,0.0,0.011904761904761904,0.03571428571428571,0.0,0.03571428571428571,0.0,0.0,0.047619047619047616,0.0,0.0,0.023809523809523808,0.023809523809523808,0.023809523809523808,0.011904761904761904,0.011904761904761904,0.023809523809523808,0.023809523809523808,0.0,0.047619047619047616,0.0,0.047619047619047616,0.011904761904761904,0.0,0.05952380952380952,0.0,0.0,0.047619047619047616,0.0,0.047619047619047616,0.0,0.0,0.047619047619047616,0.0,0.011904761904761904,0.011904761904761904,0.023809523809523808,0.0,0.0,0.023809523809523808,0.011904761904761904,0.011904761904761904,0.0
DVP_096_0247d1ae6c06,Data/Tables/1_fake/table_1000.png,Tables,1,1536,1024,142,0.29047908368324965,0.293701171875,0.0020683181117957744,0.0015354156494140625,0.00211261525554951,0.07961047535211267,0.028698558538732395,0.8967887303092744,0.02112676056338028,0.5262166515592339,0.27723111436944897,0.4755003286018009,0.24965132888479322,0.896484375,0.9150390625,0.0535982198901466,0.05950498103834451,0.013245182484213637,0.4792129307450916,0.22515538142872077,0.06153231445410049,0.08730396563779842,0.42165557012349386,1.1328268277694293,0.007042253521126761,0.1539161000000604,0.028169014084507043,0.09859154929577464,0.06338028169014084,0.07746478873239436,0.056338028169014086,0.08450704225352113,0.056338028169014086,0.08450704225352113,0.056338028169014086,0.08450704225352113,0.056338028169014086,0.08450704225352113,0.04929577464788732,0.04929577464788732,0.028169014084507043,0.04225352112676056,0.007042253521126761,0.0,0.014084507042253521,0.02112676056338028,0.007042253521126761,0.014084507042253521,0.014084507042253521,0.007042253521126761,0.014084507042253521,0.007042253521126761,0.02112676056338028,0.04225352112676056,0.02112676056338028,0.02112676056338028,0.04225352112676056,0.014084507042253521,0.02112676056338028,0.007042253521126761,0.014084507042253521,0.028169014084507043,0.014084507042253521,0.014084507042253521,0.028169014084507043,0.014084507042253521,0.014084507042253521,0.014084507042253521,0.014084507042253521,0.028169014084507043,0.014084507042253521,0.014084507042253521,0.028169014084507043,0.014084507042253521,0.02112676056338028,0.007042253521126761,0.014084507042253521,0.028169014084507043,0.014084507042253521,0.014084507042253521,0.028169014084507043,0.014084507042253521,0.028169014084507043,0.0,0.014084507042253521,0.028169014084507043,0.014084507042253521,0.014084507042253521,0.028169014084507043,0.014084507042253521,0.028169014084507043,0.007042253521126761,0.014084507042253521,0.028169014084507043,0.014084507042253521,0.014084507042253521,0.028169014084507043,0.014084507042253521,0.0,0.014084507042253521,0.007042253521126761,0.0,0.0,0.0,0.0,0.0
DVP_097_02492978d021,Data/CommercialPosters/0_real/5b27b8f61eb1c99e2ab9474e_preview.jpg,CommercialPosters,0,940,788,2,0.06306431580084243,0.06306431580084243,0.031532157900421215,0.031532157900421215,0.01417607193001404,0.38085106382978723,0.0850253807106599,0.8877395755514399,0.0,0.4988056358019765,0.0022581939852575617,0.2944077164497021,0.04313868091670717,0.004516387970515123,0.08627736183341433,0.08639549134783663,0.08639549134783663,0.0,0.08639549134783663,0.0,0.0,1.0,0.9188944042208149,0.4185073054285837,0.0,0.1573379000001296,0.0,0.0,0.0,0.0,0.0,0.5,0.5,0.0,0.0,0.0,0.0,0.0,0.0,0.0,0.0,0.0,0.0,0.0,0.0,0.0,0.0,0.0,0.0,0.0,0.0,0.0,0.0,0.0,0.0,0.0,0.0,0.0,0.0,0.0,0.0,0.5,0.5,0.0,0.0,0.0,0.0,0.0,0.0,0.0,0.0,0.0,0.0,0.0,0.0,0.0,0.0,0.0,0.0,0.0,0.0,0.0,0.0,0.0,0.0,0.0,0.0,0.0,0.0,0.0,0.0,0.0,0.0,0.0,0.0,0.0,0.0,0.0,0.0,0.0,0.0,0.0,0.0,0.0,0.0,0.0
DVP_098_024ea845b456,Data/Receipts/0_real/X51005568829.jpg,Receipts,0,936,1841,83,0.2335150976937185,0.2342975993166107,0.0028228626423688037,0.0018036462903383056,0.0029149278813983604,0.14060086499845534,0.01958731176743912,0.889024811380038,0.03614457831325301,0.45551579380356033,0.24856357279526814,0.5480816781360619,0.19723609241108558,0.7569444444444445,0.8280825638240087,0.03753668937460514,0.032820065933688934,0.014484997129771474,0.405392878511459,0.19870636648683332,0.0496620628856891,0.10461357625624448,17.487776240811836,35.47646631158478,0.1927710843373494,0.12156030000005558,0.0,0.060240963855421686,0.0,0.0,0.0963855421686747,0.10843373493975904,0.07228915662650602,0.060240963855421686,0.13253012048192772,0.10843373493975904,0.14457831325301204,0.07228915662650602,0.012048192771084338,0.04819277108433735,0.024096385542168676,0.060240963855421686,0.0,0.0,0.0,0.012048192771084338,0.0,0.0,0.0,0.0,0.0,0.0,0.0,0.04819277108433735,0.0,0.0,0.0,0.0,0.03614457831325301,0.024096385542168676,0.03614457831325301,0.012048192771084338,0.0,0.0,0.024096385542168676,0.0,0.0,0.03614457831325301,0.060240963855421686,0.0,0.03614457831325301,0.03614457831325301,0.03614457831325301,0.0,0.0,0.04819277108433735,0.060240963855421686,0.0,0.024096385542168676,0.024096385542168676,0.024096385542168676,0.0,0.024096385542168676,0.060240963855421686,0.04819277108433735,0.0,0.04819277108433735,0.04819277108433735,0.04819277108433735,0.0,0.0,0.012048192771084338,0.0,0.024096385542168676,0.024096385542168676,0.0,0.04819277108433735,0.0,0.0,0.0,0.0,0.024096385542168676,0.0,0.0,0.012048192771084338,0.0
DVP_099_02500044356e,Data/InfographicCharts/0_real/00016747.jpeg,InfographicCharts,0,960,684,34,0.17703460038986354,0.17749908625730995,0.005220561360509116,0.0034478557504873295,0.005368356481772767,0.14200367647058826,0.03766769865841073,0.8805170847633071,0.029411764705882353,0.3802683786919739,0.2902292674342409,0.5321859490330639,0.2517709344881942,0.8569912371457237,0.9078947368421053,0.07991758975363114,0.07198000097790537,0.04297781770532805,0.49252227976229096,0.24821730744982878,0.053475935828877004,0.12299465240641712,0.4770328913202524,0.8761286957761951,0.0,0.14229420000083337,0.029411764705882353,0.058823529411764705,0.0,0.029411764705882353,0.2647058823529412,0.0,0.0,0.11764705882352941,0.14705882352941177,0.0,0.058823529411764705,0.029411764705882353,0.17647058823529413,0.0,0.058823529411764705,0.029411764705882353,0.0,0.0,0.058823529411764705,0.0,0.0,0.0,0.0,0.0,0.0,0.029411764705882353,0.0,0.0,0.0,0.0,0.0,0.029411764705882353,0.058823529411764705,0.08823529411764706,0.0,0.0,0.0,0.0,0.058823529411764705,0.0,0.058823529411764705,0.058823529411764705,0.0,0.0,0.0,0.0,0.058823529411764705,0.0,0.058823529411764705,0.029411764705882353,0.0,0.0,0.0,0.029411764705882353,0.029411764705882353,0.0,0.0,0.058823529411764705,0.0,0.0,0.0,0.029411764705882353,0.0,0.0,0.029411764705882353,0.058823529411764705,0.0,0.0,0.029411764705882353,0.029411764705882353,0.0,0.0,0.058823529411764705,0.029411764705882353,0.0,0.0,0.0,0.0,0.0,0.029411764705882353
DVP_100_025b82e7abe7,Data/Receipts/1_fake/receipt_0437.png,Receipts,1,1024,1536,60,0.20609049931161685,0.2061913808186849,0.0034365230136447484,0.0020856857299804688,0.0029496126394281588,0.16448567708333334,0.020562065972222224,0.901562204515368,0.016666666666666666,0.5180891466846963,0.18026043664880087,0.457732061811039,0.1989932035173966,0.59765625,0.9080492424242425,0.03539892623098443,0.02514775787993804,0.018415010643502195,0.34476191509029763,0.1666351184995832,0.030508474576271188,0.09943502824858758,9.244732926793088,27.092031205548675,0.1,0.1418403000006947,0.0,0.1,0.03333333333333333,0.0,0.03333333333333333,0.13333333333333333,0.23333333333333334,0.1,0.016666666666666666,0.15,0.03333333333333333,0.08333333333333333,0.0,0.08333333333333333,0.0,0.0,0.0,0.0,0.0,0.03333333333333333,0.03333333333333333,0.0,0.0,0.0,0.0,0.0,0.0,0.06666666666666667,0.0,0.0,0.0,0.0,0.0,0.03333333333333333,0.05,0.0,0.016666666666666666,0.05,0.016666666666666666,0.0,0.0,0.0,0.08333333333333333,0.0,0.08333333333333333,0.08333333333333333,0.08333333333333333,0.0,0.0,0.0,0.016666666666666666,0.05,0.016666666666666666,0.016666666666666666,0.06666666666666667,0.0,0.0,0.016666666666666666,0.05,0.03333333333333333,0.0,0.0,0.016666666666666666,0.0,0.0,0.0,0.0,0.06666666666666667,0.0,0.0,0.0,0.0,0.0,0.0,0.0,0.016666666666666666,0.0,0.0,0.0,0.0
DVP_101_02626788ced6,Data/Receipts/1_fake/receipt_1066.png,Receipts,1,1023,1537,49,0.19314206060700076,0.1933893895192613,0.003946722235086965,0.00373962302310362,0.0024226204053363876,0.18548885829991818,0.021589898158352473,0.9088742609962721,0.0,0.48206363493053345,0.21737608262528735,0.4726071531681685,0.21334258400757813,0.6500488758553276,0.9063109954456734,0.04459042102961216,0.04199703542276054,0.02122940975472114,0.3937255965648058,0.18541926181082086,0.03486394557823129,0.11564625850340136,7.379704729680931,24.192712860634746,0.08163265306122448,0.13848829999915324,0.0,0.12244897959183673,0.0,0.0,0.08163265306122448,0.10204081632653061,0.20408163265306123,0.08163265306122448,0.08163265306122448,0.061224489795918366,0.061224489795918366,0.08163265306122448,0.0,0.12244897959183673,0.0,0.0,0.0,0.0,0.0,0.061224489795918366,0.0,0.0,0.0,0.0,0.0,0.0,0.0,0.061224489795918366,0.0,0.0,0.0,0.0,0.0,0.02040816326530612,0.061224489795918366,0.0,0.04081632653061224,0.08163265306122448,0.04081632653061224,0.0,0.0,0.061224489795918366,0.04081632653061224,0.0,0.04081632653061224,0.04081632653061224,0.04081632653061224,0.0,0.0,0.04081632653061224,0.04081632653061224,0.0,0.02040816326530612,0.02040816326530612,0.061224489795918366,0.0,0.0,0.04081632653061224,0.02040816326530612,0.0,0.0,0.02040816326530612,0.02040816326530612,0.0,0.0,0.0,0.061224489795918366,0.02040816326530612,0.0,0.0,0.0,0.0,0.0,0.0,0.0,0.04081632653061224,0.0,0.0,0.0,0.0
DVP_102_026c06614ebc,Data/Tables/1_fake/table_0483.png,Tables,1,1358,1158,183,0.27517304149024785,0.2762447188158956,0.0015095339826005222,0.0014384152250719207,0.0009510750350745213,0.06849915900110254,0.023570882527817884,0.8782628692957386,0.01639344262295082,0.4567555539777915,0.2685272902844009,0.5008600813588553,0.26005742370915846,0.9016936671575847,0.9220771222915543,0.030672766113332067,0.025972062428813888,0.017473697344650763,0.4793251223357691,0.2263990602854911,0.05542544886807182,0.09595868612262055,1.8997837972934593,9.559129901381969,0.03278688524590164,0.20621030000074825,0.06557377049180328,0.08196721311475409,0.0546448087431694,0.03825136612021858,0.08743169398907104,0.08196721311475409,0.07650273224043716,0.04918032786885246,0.07103825136612021,0.06557377049180328,0.06557377049180328,0.03825136612021858,0.06557377049180328,0.060109289617486336,0.060109289617486336,0.03825136612021858,0.01092896174863388,0.01092896174863388,0.01639344262295082,0.01639344262295082,0.00546448087431694,0.00546448087431694,0.00546448087431694,0.01092896174863388,0.02185792349726776,0.02185792349726776,0.01639344262295082,0.03278688524590164,0.02185792349726776,0.02185792349726776,0.01639344262295082,0.00546448087431694,0.01639344262295082,0.0273224043715847,0.01092896174863388,0.0273224043715847,0.01639344262295082,0.01639344262295082,0.01639344262295082,0.01092896174863388,0.02185792349726776,0.02185792349726776,0.01639344262295082,0.0273224043715847,0.02185792349726776,0.02185792349726776,0.01639344262295082,0.00546448087431694,0.01639344262295082,0.02185792349726776,0.01092896174863388,0.03278688524590164,0.01639344262295082,0.01639344262295082,0.01092896174863388,0.00546448087431694,0.01092896174863388,0.02185792349726776,0.0,0.02185792349726776,0.01639344262295082,0.01639344262295082,0.02185792349726776,0.0,0.01092896174863388,0.02185792349726776,0.0,0.01639344262295082,0.01092896174863388,0.01639344262295082,0.01092896174863388,0.00546448087431694,0.01639344262295082,0.01639344262295082,0.01639344262295082,0.0273224043715847,0.01639344262295082,0.01639344262295082,0.01639344262295082,0.00546448087431694
DVP_103_0275720d8098,Data/UIScreenshots/0_real/8592.jpg,UIScreenshots,0,540,960,21,0.10830922067901234,0.10830922067901236,0.005157581937095827,0.004128086419753086,0.003972341432026359,0.23527336860670198,0.023015873015873014,0.8680097371949972,0.09523809523809523,0.4005087585126917,0.2652992464971082,0.4478640931544692,0.2516626867909994,0.8601851851851852,0.8963541666666667,0.102835531939106,0.06372775994563608,0.07555682844533954,0.4707843726896971,0.2432477142179229,0.023809523809523808,0.09047619047619047,0.5788564767144676,1.4857485986246295,0.047619047619047616,0.12068969999927504,0.14285714285714285,0.047619047619047616,0.09523809523809523,0.047619047619047616,0.047619047619047616,0.09523809523809523,0.047619047619047616,0.0,0.14285714285714285,0.14285714285714285,0.0,0.09523809523809523,0.0,0.047619047619047616,0.047619047619047616,0.0,0.0,0.047619047619047616,0.0,0.0,0.0,0.0,0.0,0.047619047619047616,0.0,0.09523809523809523,0.047619047619047616,0.0,0.0,0.09523809523809523,0.0,0.0,0.0,0.0,0.047619047619047616,0.0,0.047619047619047616,0.0,0.0,0.0,0.047619047619047616,0.0,0.047619047619047616,0.0,0.0,0.0,0.0,0.0,0.0,0.047619047619047616,0.09523809523809523,0.0,0.0,0.0,0.0,0.047619047619047616,0.0,0.09523809523809523,0.047619047619047616,0.0,0.0,0.0,0.0,0.047619047619047616,0.0,0.0,0.0,0.0,0.047619047619047616,0.0,0.0,0.0,0.0,0.0,0.047619047619047616,0.0,0.0,0.0,0.0,0.0
DVP_104_0275cd7b3eb8,Data/CommercialPosters/1_fake/commercial_poster_0315.png,CommercialPosters,1,1086,1448,42,0.16715065362426906,0.16785583468148105,0.003996567492416216,0.00244383565825219,0.006190944199403183,0.16539507147241952,0.021178637200736646,0.8659948807087571,0.047619047619047616,0.3671095414461221,0.24161001770283558,0.6326880140916069,0.26185331565633063,0.7601289134438306,0.9036602209944752,0.03888293235088825,0.02333055346861803,0.027779295898350712,0.4446658753716851,0.24969921587449503,0.07317073170731707,0.11962833914053426,0.5210236552605109,1.1501067797491453,0.0,0.15293039999960456,0.047619047619047616,0.023809523809523808,0.0,0.0,0.21428571428571427,0.047619047619047616,0.0,0.0,0.23809523809523808,0.0,0.023809523809523808,0.023809523809523808,0.07142857142857142,0.09523809523809523,0.09523809523809523,0.11904761904761904,0.0,0.023809523809523808,0.0,0.0,0.0,0.0,0.0,0.0,0.0,0.023809523809523808,0.023809523809523808,0.0,0.0,0.0,0.0,0.0,0.047619047619047616,0.047619047619047616,0.023809523809523808,0.0,0.0,0.0,0.0,0.0,0.023809523809523808,0.09523809523809523,0.023809523809523808,0.0,0.0,0.0,0.0,0.0,0.0,0.14285714285714285,0.0,0.0,0.0,0.0,0.0,0.0,0.0,0.09523809523809523,0.0,0.0,0.0,0.023809523809523808,0.023809523809523808,0.0,0.0,0.0,0.0,0.023809523809523808,0.0,0.023809523809523808,0.047619047619047616,0.0,0.0,0.07142857142857142,0.07142857142857142,0.0,0.07142857142857142,0.0,0.07142857142857142,0.0
DVP_105_027e6cc64a46,Data/Tables/0_real/PMC5774156_table_0.jpg,Tables,0,685,280,52,0.16826381647549532,0.16826381647549532,0.003235842624528756,0.0020020855057351406,0.004490238629517096,0.06577765300393038,0.04979395604395602,0.873369711204609,0.019230769230769232,0.48666025421205944,0.28001019820267187,0.48236723148216437,0.22474938689224777,0.8423357664233576,0.8107142857142857,0.07514049335459577,0.06652195099785466,0.017996482893732114,0.4648540220319469,0.21633848935763308,0.08446455505279035,0.08144796380090498,15.639664634866403,34.07962857348884,0.17307692307692307,0.06524690000151168,0.019230769230769232,0.057692307692307696,0.09615384615384616,0.038461538461538464,0.07692307692307693,0.07692307692307693,0.09615384615384616,0.07692307692307693,0.07692307692307693,0.07692307692307693,0.09615384615384616,0.07692307692307693,0.038461538461538464,0.057692307692307696,0.0,0.038461538461538464,0.0,0.019230769230769232,0.0,0.0,0.0,0.0,0.0,0.0,0.0,0.0,0.057692307692307696,0.0,0.057692307692307696,0.038461538461538464,0.019230769230769232,0.019230769230769232,0.038461538461538464,0.0,0.019230769230769232,0.019230769230769232,0.038461538461538464,0.019230769230769232,0.019230769230769232,0.019230769230769232,0.019230769230769232,0.019230769230769232,0.038461538461538464,0.0,0.038461538461538464,0.0,0.0,0.038461538461538464,0.038461538461538464,0.0,0.038461538461538464,0.0,0.038461538461538464,0.0,0.0,0.038461538461538464,0.038461538461538464,0.0,0.019230769230769232,0.019230769230769232,0.038461538461538464,0.019230769230769232,0.019230769230769232,0.019230769230769232,0.019230769230769232,0.019230769230769232,0.038461538461538464,0.0,0.0,0.0,0.0,0.038461538461538464,0.0,0.0,0.019230769230769232,0.0,0.0,0.0,0.0,0.0
DVP_106_0285171d2cea,Data/UIScreenshots/1_fake/ui_0767.png,UIScreenshots,1,941,1672,40,0.10374442591359086,0.10383531466575821,0.0025958828666439553,0.0021451016682852916,0.0019048154545806067,0.16495749202975557,0.015909090909090907,0.8772391290048513,0.075,0.36041338108687127,0.2648460313986654,0.5337698702933851,0.27950203273814983,0.8416578108395324,0.9047559824256347,0.07245173709479738,0.06268041165718517,0.03637268075522552,0.49009035313693183,0.25287226515565037,0.038461538461538464,0.06282051282051282,2.651028388842873,14.171002536009201,0.05,0.12282960000084131,0.1,0.05,0.0,0.05,0.1,0.075,0.0,0.05,0.2,0.05,0.025,0.0,0.125,0.05,0.075,0.05,0.025,0.0,0.0,0.05,0.0,0.0,0.0,0.025,0.025,0.05,0.0,0.0,0.0,0.0,0.0,0.025,0.025,0.05,0.025,0.0,0.0,0.0,0.0,0.025,0.0,0.025,0.05,0.0,0.0,0.0,0.025,0.0,0.075,0.0,0.0,0.05,0.025,0.0,0.0,0.0,0.075,0.05,0.0,0.0,0.0,0.0,0.0,0.0,0.0,0.125,0.0,0.025,0.025,0.025,0.05,0.0,0.0,0.0,0.0,0.025,0.025,0.0,0.0,0.0
DVP_107_028675fa3647,Data/Receipts/0_real/X51006620186.jpg,Receipts,0,888,2603,58,0.2999711935557285,0.30001678589846087,0.005172703205145877,0.004415816123461149,0.0030815765820987225,0.30022910841876355,0.017645422390610302,0.9098740480673654,0.017241379310344827,0.4928324871240733,0.26557971371230604,0.5323713084566977,0.20570838958231377,0.7820945945945946,0.7929312331924703,0.04732696971265981,0.050633871144505356,0.02216021814887554,0.43284436396591225,0.20567548648870165,0.05565638233514821,0.08166969147005444,0.05667768417568026,0.27246867081216536,0.0,0.1438137999994069,0.0,0.10344827586206896,0.0,0.0,0.10344827586206896,0.10344827586206896,0.05172413793103448,0.08620689655172414,0.15517241379310345,0.034482758620689655,0.05172413793103448,0.13793103448275862,0.017241379310344827,0.08620689655172414,0.017241379310344827,0.05172413793103448,0.0,0.0,0.0,0.0,0.0,0.0,0.0,0.0,0.0,0.0,0.0,0.10344827586206896,0.0,0.0,0.0,0.0,0.0,0.034482758620689655,0.034482758620689655,0.034482758620689655,0.0,0.017241379310344827,0.0,0.034482758620689655,0.0,0.06896551724137931,0.017241379310344827,0.017241379310344827,0.0,0.034482758620689655,0.017241379310344827,0.034482758620689655,0.0,0.10344827586206896,0.0,0.017241379310344827,0.0,0.034482758620689655,0.034482758620689655,0.034482758620689655,0.017241379310344827,0.034482758620689655,0.017241379310344827,0.0,0.0,0.017241379310344827,0.06896551724137931,0.0,0.0,0.017241379310344827,0.05172413793103448,0.0,0.0,0.0,0.05172413793103448,0.0,0.0,0.0,0.0,0.034482758620689655,0.017241379310344827,0.0,0.0,0.0
DVP_108_028b65d87e95,Data/InfographicCharts/1_fake/infographic_chart_0469.png,InfographicCharts,1,1254,1254,66,0.18486729531648946,0.18591384761744872,0.0028168764790522534,0.0019516494585746663,0.004484272742495238,0.12269827461215023,0.02249770431588613,0.8813883977429421,0.07575757575757576,0.49907355074467963,0.3023574911139575,0.5316671107872263,0.24208382058019567,0.8514831274518864,0.912280701754386,0.05247545822379206,0.028322039875948876,0.041950609807802325,0.49897238830451107,0.2359914307080115,0.041025641025641026,0.07086247086247087,5.367706045947049,20.52041603567937,0.06060606060606061,0.22360549999939394,0.030303030303030304,0.030303030303030304,0.07575757575757576,0.015151515151515152,0.12121212121212122,0.015151515151515152,0.030303030303030304,0.09090909090909091,0.13636363636363635,0.09090909090909091,0.045454545454545456,0.12121212121212122,0.0,0.09090909090909091,0.045454545454545456,0.06060606060606061,0.0,0.015151515151515152,0.015151515151515152,0.0,0.030303030303030304,0.015151515151515152,0.0,0.0,0.015151515151515152,0.0,0.0,0.015151515151515152,0.030303030303030304,0.0,0.015151515151515152,0.0,0.045454545454545456,0.015151515151515152,0.0,0.0,0.0,0.015151515151515152,0.030303030303030304,0.015151515151515152,0.06060606060606061,0.0,0.0,0.015151515151515152,0.0,0.015151515151515152,0.0,0.045454545454545456,0.06060606060606061,0.015151515151515152,0.015151515151515152,0.045454545454545456,0.0,0.015151515151515152,0.015151515151515152,0.045454545454545456,0.030303030303030304,0.030303030303030304,0.015151515151515152,0.015151515151515152,0.015151515151515152,0.015151515151515152,0.06060606060606061,0.0,0.0,0.0,0.045454545454545456,0.015151515151515152,0.0,0.045454545454545456,0.015151515151515152,0.0,0.0,0.0,0.015151515151515152,0.015151515151515152,0.0,0.0,0.045454545454545456,0.0
DVP_109_028c03e060d4,Data/UIScreenshots/1_fake/ui_0496.png,UIScreenshots,1,941,1672,36,0.06827556706954324,0.0683423035658899,0.0018983973212747193,0.0012889677580096507,0.0015356638317465371,0.13481520840713188,0.014088250930356197,0.8228823532961443,0.19444444444444445,0.4386146690478261,0.2830076853299808,0.5176266154629676,0.3429055666085281,0.8719447396386822,0.9638157894736842,0.06501373785512193,0.058180229500430836,0.04416236728519639,0.5765499008060628,0.2724724363851719,0.08412698412698413,0.08412698412698413,2.776016035452841,14.8627767277967,0.027777777777777776,0.12392750000071828,0.1388888888888889,0.027777777777777776,0.05555555555555555,0.08333333333333333,0.08333333333333333,0.0,0.08333333333333333,0.0,0.08333333333333333,0.0,0.1111111111111111,0.0,0.1111111111111111,0.027777777777777776,0.1388888888888889,0.05555555555555555,0.027777777777777776,0.05555555555555555,0.0,0.0,0.0,0.0,0.027777777777777776,0.027777777777777776,0.027777777777777776,0.027777777777777776,0.0,0.027777777777777776,0.027777777777777776,0.027777777777777776,0.027777777777777776,0.0,0.027777777777777776,0.0,0.0,0.0,0.027777777777777776,0.0,0.0,0.0,0.0,0.05555555555555555,0.0,0.0,0.0,0.05555555555555555,0.0,0.0,0.027777777777777776,0.0,0.0,0.0,0.05555555555555555,0.0,0.0,0.0,0.0,0.05555555555555555,0.0,0.0,0.0,0.05555555555555555,0.0,0.0,0.027777777777777776,0.0,0.0,0.0,0.05555555555555555,0.0,0.0,0.0,0.027777777777777776,0.05555555555555555,0.027777777777777776,0.0,0.027777777777777776,0.05555555555555555,0.0,0.05555555555555555
DVP_110_028f5270e575,Data/InfographicCharts/1_fake/infographic_chart_0384.png,InfographicCharts,1,1402,1122,37,0.15935854305410402,0.15945199244267802,0.004309513309261568,0.003025980201443825,0.005657249916043416,0.14992096233180396,0.03160379630967866,0.8508763586277535,0.10810810810810811,0.4849577342859588,0.2361522588965588,0.500260907477862,0.27254460242455625,0.7198748722241679,0.9104326794039254,0.05845038551936824,0.051041124081984315,0.025034498822013574,0.47232254059736384,0.21031697720555564,0.07357357357357357,0.12312312312312312,0.9029166647005914,1.2106635986993641,0.0,0.16260370000054536,0.02702702702702703,0.05405405405405406,0.10810810810810811,0.02702702702702703,0.05405405405405406,0.05405405405405406,0.05405405405405406,0.05405405405405406,0.08108108108108109,0.08108108108108109,0.08108108108108109,0.08108108108108109,0.05405405405405406,0.05405405405405406,0.10810810810810811,0.02702702702702703,0.0,0.02702702702702703,0.02702702702702703,0.0,0.05405405405405406,0.0,0.02702702702702703,0.0,0.0,0.0,0.0,0.02702702702702703,0.02702702702702703,0.02702702702702703,0.0,0.0,0.0,0.05405405405405406,0.05405405405405406,0.0,0.05405405405405406,0.0,0.05405405405405406,0.0,0.0,0.0,0.0,0.0,0.0,0.0,0.0,0.0,0.0,0.05405405405405406,0.02702702702702703,0.02702702702702703,0.05405405405405406,0.0,0.05405405405405406,0.0,0.0,0.02702702702702703,0.02702702702702703,0.0,0.02702702702702703,0.0,0.02702702702702703,0.0,0.0,0.02702702702702703,0.05405405405405406,0.0,0.02702702702702703,0.0,0.02702702702702703,0.0,0.0,0.02702702702702703,0.0,0.0,0.08108108108108109,0.0,0.0,0.0
DVP_111_02928c727622,Data/CommercialPosters/0_real/5bf28e0d41fdeab19f9d2597_preview.jpg,CommercialPosters,0,1024,512,5,0.0909128189086914,0.0909128189086914,0.01818256378173828,0.002140045166015625,0.020346169108879562,0.16171875,0.08203125,0.8828860409361086,0.0,0.6047327971250291,0.23224373521360175,0.5941488615915721,0.3499708779023448,0.7158203125,0.93359375,0.268677256759083,0.220703125,0.16155366149674516,0.5860211155253766,0.31244387011534086,0.1,0.0,18.7134257701156,36.37446425060414,0.2,0.10864430000037828,0.2,0.0,0.0,0.0,0.0,0.0,0.2,0.0,0.0,0.0,0.2,0.0,0.0,0.0,0.2,0.2,0.0,0.2,0.0,0.0,0.0,0.0,0.0,0.0,0.0,0.0,0.0,0.0,0.0,0.0,0.0,0.0,0.0,0.0,0.0,0.0,0.0,0.0,0.0,0.0,0.0,0.0,0.0,0.0,0.2,0.0,0.0,0.0,0.0,0.0,0.0,0.0,0.0,0.2,0.0,0.0,0.0,0.0,0.0,0.0,0.0,0.0,0.0,0.0,0.0,0.0,0.0,0.0,0.0,0.0,0.0,0.0,0.0,0.0,0.0,0.0,0.0,0.2,0.0,0.2
DVP_112_02a4e6d7446a,Data/AcademicPosters/0_real/NeurIPS_2022_63439_Structured Priors for Disentangling Pathology and Anatomy in.png,AcademicPosters,0,2500,1666,189,0.20393006166084973,0.20468355342136857,0.0010829817641342253,0.0004837935174069628,0.0016056451755524699,0.06693333333333333,0.018140589569160998,0.8426292368590081,0.19047619047619047,0.549220686854013,0.3157891867978382,0.5982827532018576,0.27451180704355993,0.9022,0.8907563025210085,0.029689661287952494,0.022307709840672606,0.018587765440004143,0.5292174223026898,0.26823600367486866,0.07114713497692221,0.060790273556231005,9.35842421015228,26.680333303726393,0.14814814814814814,0.17060579999997572,0.026455026455026454,0.015873015873015872,0.06349206349206349,0.07407407407407407,0.05291005291005291,0.026455026455026454,0.015873015873015872,0.06878306878306878,0.1164021164021164,0.031746031746031744,0.010582010582010581,0.026455026455026454,0.12169312169312169,0.026455026455026454,0.047619047619047616,0.2751322751322751,0.0,0.010582010582010581,0.0,0.0,0.015873015873015872,0.010582010582010581,0.010582010582010581,0.010582010582010581,0.005291005291005291,0.010582010582010581,0.0,0.015873015873015872,0.010582010582010581,0.026455026455026454,0.037037037037037035,0.015873015873015872,0.010582010582010581,0.026455026455026454,0.005291005291005291,0.015873015873015872,0.010582010582010581,0.005291005291005291,0.031746031746031744,0.021164021164021163,0.005291005291005291,0.010582010582010581,0.0,0.005291005291005291,0.0,0.0,0.010582010582010581,0.005291005291005291,0.026455026455026454,0.026455026455026454,0.005291005291005291,0.005291005291005291,0.0,0.005291005291005291,0.015873015873015872,0.005291005291005291,0.026455026455026454,0.037037037037037035,0.005291005291005291,0.015873015873015872,0.0,0.005291005291005291,0.005291005291005291,0.0,0.047619047619047616,0.047619047619047616,0.0,0.026455026455026454,0.0,0.015873015873015872,0.1164021164021164,0.06349206349206349,0.015873015873015872,0.010582010582010581,0.0,0.0,0.026455026455026454,0.005291005291005291,0.06349206349206349,0.031746031746031744
DVP_113_02b7f3ee0064,Data/CommercialPosters/0_real/5c373fba048d064dbc2a96ca_preview.jpg,CommercialPosters,0,1024,1024,3,0.11018991470336914,0.11018991470336914,0.03672997156778971,0.04480123519897461,0.02307607457978871,0.3665364583333333,0.08821614583333333,0.9385637842477376,0.0,0.25867878916343673,0.05880114576958,0.38647524022932817,0.12000222596407858,0.13525390625,0.29345703125,0.1547807217969036,0.13437617464332194,0.02885638731867653,0.2176974522189976,0.07862662550182838,0.0,0.0,0.32362918374928523,0.3987347117288783,0.0,0.20768820000012056,0.3333333333333333,0.0,0.0,0.0,0.0,0.3333333333333333,0.0,0.0,0.0,0.3333333333333333,0.0,0.0,0.0,0.0,0.0,0.0,0.0,0.0,0.0,0.0,0.0,0.0,0.0,0.0,0.0,0.3333333333333333,0.0,0.0,0.0,0.0,0.0,0.0,0.0,0.0,0.0,0.0,0.0,0.0,0.0,0.0,0.0,0.0,0.3333333333333333,0.0,0.0,0.0,0.0,0.0,0.0,0.0,0.3333333333333333,0.0,0.0,0.0,0.0,0.0,0.0,0.0,0.0,0.0,0.0,0.0,0.0,0.0,0.0,0.0,0.0,0.0,0.0,0.0,0.0,0.0,0.0,0.0,0.0,0.0,0.0,0.0,0.0,0.0
DVP_114_02b9966d5a47,Data/AcademicPosters/1_fake/academic_poster_0110.png,AcademicPosters,1,1402,1122,174,0.21715606980138866,0.2173829848370421,0.0012493274990634604,0.0006961025883573505,0.001970445889771045,0.08726859822585141,0.014736615649394555,0.8591641582577888,0.07471264367816093,0.5032891512474027,0.2658142121127468,0.5556746022396399,0.24407293269912123,0.929360757985861,0.9549910873440285,0.03026510933622033,0.02588603906688722,0.01681476421431119,0.46025695565451985,0.22388982471815175,0.046242774566473986,0.06311872965251478,1.4989803532601182,9.76877736116372,0.040229885057471264,0.1895502999996097,0.034482758620689655,0.04597701149425287,0.028735632183908046,0.034482758620689655,0.06896551724137931,0.06321839080459771,0.06896551724137931,0.06896551724137931,0.04597701149425287,0.10344827586206896,0.09770114942528736,0.07471264367816093,0.06896551724137931,0.08620689655172414,0.06896551724137931,0.040229885057471264,0.0,0.0,0.0,0.017241379310344827,0.0,0.0,0.005747126436781609,0.011494252873563218,0.011494252873563218,0.022988505747126436,0.0,0.028735632183908046,0.017241379310344827,0.011494252873563218,0.011494252873563218,0.005747126436781609,0.022988505747126436,0.017241379310344827,0.005747126436781609,0.017241379310344827,0.011494252873563218,0.0,0.0,0.040229885057471264,0.011494252873563218,0.017241379310344827,0.005747126436781609,0.034482758620689655,0.04597701149425287,0.011494252873563218,0.005747126436781609,0.022988505747126436,0.011494252873563218,0.011494252873563218,0.022988505747126436,0.034482758620689655,0.034482758620689655,0.034482758620689655,0.022988505747126436,0.028735632183908046,0.022988505747126436,0.0,0.022988505747126436,0.022988505747126436,0.022988505747126436,0.005747126436781609,0.022988505747126436,0.0,0.017241379310344827,0.011494252873563218,0.011494252873563218,0.04597701149425287,0.040229885057471264,0.011494252873563218,0.022988505747126436,0.0,0.011494252873563218,0.028735632183908046,0.005747126436781609,0.022988505747126436,0.011494252873563218,0.005747126436781609,0.011494252873563218,0.005747126436781609
DVP_115_02baf01caec4,Data/InfographicCharts/0_real/00014510.jpeg,InfographicCharts,0,1200,1200,25,0.17950099863172267,0.18323194444444443,0.0073292777777777774,0.004035416666666666,0.011169627365727002,0.1726,0.03623333333333333,0.8795846738281096,0.08,0.3748725256391577,0.20400112412999005,0.5188419549554161,0.32184530804969885,0.7904166666666667,0.8624999999999999,0.06852383376032377,0.059972505274407936,0.04611711369480503,0.4827718757447214,0.26350163122150166,0.08333333333333333,0.03666666666666667,0.24519024697601766,0.5209105753803288,0.0,0.20480099999986123,0.16,0.16,0.04,0.0,0.04,0.04,0.04,0.0,0.0,0.0,0.0,0.0,0.12,0.2,0.16,0.04,0.04,0.0,0.0,0.0,0.04,0.0,0.0,0.0,0.04,0.08,0.12,0.04,0.0,0.0,0.0,0.0,0.04,0.0,0.04,0.0,0.04,0.0,0.0,0.0,0.0,0.0,0.0,0.0,0.0,0.0,0.0,0.0,0.0,0.0,0.0,0.0,0.0,0.0,0.0,0.0,0.0,0.0,0.0,0.0,0.0,0.0,0.0,0.0,0.0,0.04,0.0,0.2,0.08,0.08,0.0,0.0,0.04,0.04,0.0,0.0,0.0,0.0,0.04,0.0
DVP_116_02beb0a67404,Data/InfographicCharts/0_real/00055388.jpg,InfographicCharts,0,1200,1202,61,0.16415030918235507,0.16537333610648916,0.002711038296827691,0.0015099833610648919,0.002834762501378119,0.1379371584699454,0.02278988570960967,0.896718617974035,0.0,0.5135794642873899,0.20393058992027988,0.5217746355130217,0.23235582947055103,0.6994799109111758,0.8772878535773712,0.03866031064816942,0.027270724116819238,0.028096496773197876,0.39518848621606356,0.1953606705142001,0.017486338797814208,0.08579234972677596,0.6618889684720862,1.3382390626631266,0.0,0.21179790000132925,0.01639344262295082,0.08196721311475409,0.0,0.04918032786885246,0.0,0.16393442622950818,0.09836065573770492,0.08196721311475409,0.0,0.14754098360655737,0.14754098360655737,0.0,0.03278688524590164,0.08196721311475409,0.09836065573770492,0.0,0.0,0.01639344262295082,0.01639344262295082,0.01639344262295082,0.0,0.0,0.0,0.0,0.0,0.0,0.01639344262295082,0.03278688524590164,0.0,0.0,0.04918032786885246,0.0,0.0,0.0,0.03278688524590164,0.04918032786885246,0.0,0.01639344262295082,0.06557377049180328,0.0,0.0,0.0,0.06557377049180328,0.01639344262295082,0.0,0.08196721311475409,0.01639344262295082,0.0,0.0,0.0,0.06557377049180328,0.0,0.0,0.06557377049180328,0.0,0.0,0.0,0.0,0.08196721311475409,0.0,0.0,0.08196721311475409,0.0,0.0,0.0,0.01639344262295082,0.06557377049180328,0.0,0.04918032786885246,0.03278688524590164,0.0,0.0,0.0,0.01639344262295082,0.01639344262295082,0.0,0.01639344262295082,0.0,0.0,0.0
DVP_117_02c2c2109c2c,Data/Receipts/1_fake/receipt_0847.png,Receipts,1,945,1664,46,0.27160790598290596,0.271607905982906,0.005904519695280565,0.0047046703296703294,0.004311737666400042,0.22824936737980214,0.026259406354515055,0.90770165536241,0.0,0.4604268247901319,0.26574022690801985,0.4830292530918457,0.23033821200223867,0.7529100529100529,0.9050480769230769,0.04823980061082817,0.034835128115829346,0.028213618962634676,0.45444415363787827,0.21523065326931687,0.03285024154589372,0.1111111111111111,11.888598035471306,30.350161266225133,0.13043478260869565,0.12489659999846481,0.0,0.021739130434782608,0.08695652173913043,0.0,0.15217391304347827,0.13043478260869565,0.06521739130434782,0.13043478260869565,0.13043478260869565,0.021739130434782608,0.0,0.10869565217391304,0.0,0.13043478260869565,0.021739130434782608,0.0,0.0,0.0,0.0,0.021739130434782608,0.021739130434782608,0.0,0.0,0.0,0.0,0.0,0.0,0.0,0.06521739130434782,0.0,0.0,0.0,0.0,0.06521739130434782,0.043478260869565216,0.0,0.0,0.06521739130434782,0.043478260869565216,0.0,0.08695652173913043,0.0,0.06521739130434782,0.021739130434782608,0.0,0.0,0.08695652173913043,0.0,0.043478260869565216,0.043478260869565216,0.021739130434782608,0.0,0.0,0.0,0.06521739130434782,0.0,0.0,0.043478260869565216,0.0,0.0,0.0,0.0,0.043478260869565216,0.0,0.0,0.0,0.0,0.06521739130434782,0.0,0.0,0.0,0.0,0.0,0.0,0.021739130434782608,0.043478260869565216,0.021739130434782608,0.0,0.0,0.0
DVP_118_02c420df5932,Data/Receipts/0_real/X51005705784.jpg,Receipts,0,787,2204,85,0.2738145214139394,0.2776368829228133,0.0032663162696801563,0.0018673452680467765,0.0032291819087108178,0.19352716944465204,0.017150635208711434,0.8799768417879261,0.023529411764705882,0.5239025635238959,0.23644107924104205,0.558324129702264,0.22483374915712712,0.9147638273823397,0.9026665688430547,0.03526007355451403,0.02880529484317849,0.028473926665715025,0.4163369964857853,0.20520072145418086,0.05630252100840336,0.08627450980392157,9.003151521084124,26.141894944902237,0.1411764705882353,0.20737240000016754,0.023529411764705882,0.09411764705882353,0.011764705882352941,0.0,0.058823529411764705,0.09411764705882353,0.07058823529411765,0.047058823529411764,0.058823529411764705,0.1411764705882353,0.07058823529411765,0.10588235294117647,0.011764705882352941,0.07058823529411765,0.07058823529411765,0.07058823529411765,0.0,0.0,0.0,0.047058823529411764,0.0,0.0,0.0,0.0,0.023529411764705882,0.0,0.011764705882352941,0.03529411764705882,0.0,0.011764705882352941,0.0,0.0,0.011764705882352941,0.0,0.011764705882352941,0.0,0.0,0.0,0.0,0.0,0.0,0.047058823529411764,0.03529411764705882,0.047058823529411764,0.0,0.07058823529411765,0.047058823529411764,0.0,0.0,0.03529411764705882,0.03529411764705882,0.08235294117647059,0.0,0.03529411764705882,0.03529411764705882,0.0,0.011764705882352941,0.011764705882352941,0.011764705882352941,0.011764705882352941,0.03529411764705882,0.0,0.058823529411764705,0.011764705882352941,0.0,0.0,0.011764705882352941,0.0,0.03529411764705882,0.0,0.03529411764705882,0.0,0.0,0.011764705882352941,0.011764705882352941,0.047058823529411764,0.011764705882352941,0.023529411764705882,0.03529411764705882,0.0
DVP_119_02cc39f73e5d,Data/AcademicPosters/0_real/NeurIPS_2023_71807_Practical Differentially Private Hyperparameter Tuning with .png,AcademicPosters,0,3370,2383,195,0.3502484101246788,0.36029329909808727,0.0018476579440927553,0.0008163661743482208,0.0020258600581153302,0.12255953739633266,0.013529595317257928,0.7950318609392807,0.31794871794871793,0.5522545454236445,0.30393802118294977,0.5657655934747879,0.26028487262704425,0.9224035608308606,0.9211078472513639,0.026244650646709507,0.01987869659805873,0.01681260935702807,0.5100762347667117,0.2484473687354914,0.05450700502246894,0.08474755485064764,0.2680263268700227,1.8847213687937123,0.015384615384615385,0.17844909999985248,0.046153846153846156,0.035897435897435895,0.015384615384615385,0.02564102564102564,0.06666666666666667,0.06153846153846154,0.020512820512820513,0.1282051282051282,0.05641025641025641,0.06666666666666667,0.035897435897435895,0.11282051282051282,0.06153846153846154,0.07692307692307693,0.03076923076923077,0.15897435897435896,0.005128205128205128,0.010256410256410256,0.0,0.015384615384615385,0.005128205128205128,0.0,0.005128205128205128,0.0,0.02564102564102564,0.005128205128205128,0.015384615384615385,0.005128205128205128,0.0,0.010256410256410256,0.020512820512820513,0.0,0.02564102564102564,0.005128205128205128,0.010256410256410256,0.02564102564102564,0.0,0.010256410256410256,0.06666666666666667,0.035897435897435895,0.03076923076923077,0.005128205128205128,0.005128205128205128,0.020512820512820513,0.0,0.010256410256410256,0.020512820512820513,0.005128205128205128,0.015384615384615385,0.010256410256410256,0.005128205128205128,0.03076923076923077,0.0,0.020512820512820513,0.05641025641025641,0.03076923076923077,0.015384615384615385,0.015384615384615385,0.010256410256410256,0.020512820512820513,0.0,0.015384615384615385,0.020512820512820513,0.005128205128205128,0.010256410256410256,0.020512820512820513,0.020512820512820513,0.020512820512820513,0.010256410256410256,0.005128205128205128,0.035897435897435895,0.02564102564102564,0.015384615384615385,0.015384615384615385,0.015384615384615385,0.020512820512820513,0.0,0.015384615384615385,0.05641025641025641,0.041025641025641026
DVP_120_02cdf19a37bd,Data/Receipts/0_real/X51005676539.jpg,Receipts,0,933,1861,58,0.26682587956264375,0.2676622820885405,0.004614866932561043,0.0032062191551868813,0.003865047980107534,0.19867317145285876,0.02376364209082992,0.924039843900177,0.0,0.5127624557362676,0.22853464360663783,0.577430816453467,0.22322835848366757,0.8043944265809218,0.8412144008597527,0.0387451671319147,0.031105925877217357,0.021823253376202723,0.4124233598168893,0.19392255143946135,0.03145795523290986,0.0780399274047187,6.382447718910424,22.82804055103397,0.06896551724137931,0.11724390000017593,0.0,0.08620689655172414,0.0,0.0,0.08620689655172414,0.10344827586206896,0.08620689655172414,0.017241379310344827,0.05172413793103448,0.06896551724137931,0.08620689655172414,0.15517241379310345,0.034482758620689655,0.08620689655172414,0.06896551724137931,0.06896551724137931,0.0,0.0,0.0,0.017241379310344827,0.0,0.0,0.0,0.0,0.0,0.0,0.0,0.06896551724137931,0.0,0.0,0.0,0.0,0.017241379310344827,0.0,0.0,0.05172413793103448,0.0,0.0,0.0,0.0,0.05172413793103448,0.017241379310344827,0.017241379310344827,0.034482758620689655,0.017241379310344827,0.06896551724137931,0.0,0.017241379310344827,0.017241379310344827,0.034482758620689655,0.0,0.05172413793103448,0.034482758620689655,0.0,0.06896551724137931,0.017241379310344827,0.0,0.0,0.017241379310344827,0.0,0.05172413793103448,0.0,0.06896551724137931,0.0,0.0,0.017241379310344827,0.017241379310344827,0.017241379310344827,0.034482758620689655,0.0,0.034482758620689655,0.0,0.0,0.017241379310344827,0.0,0.05172413793103448,0.034482758620689655,0.0,0.034482758620689655,0.0
DVP_121_02ce358ab638,Data/UIScreenshots/0_real/8560.jpg,UIScreenshots,0,1080,1920,20,0.09168199542548501,0.09182677469135803,0.004591338734567902,0.002487943672839506,0.00455180029870334,0.1988425925925926,0.021979166666666668,0.8540204165615934,0.1,0.48381944444444447,0.2489527738415362,0.32419270833333336,0.256183642058029,0.8972222222222223,0.878125,0.10416143824370008,0.06250217010121417,0.1070069600173356,0.4616741712103488,0.23559375333153576,0.12105263157894737,0.15789473684210525,0.18726843442910876,0.6353991228121136,0.0,0.12162099999841303,0.15,0.15,0.15,0.1,0.0,0.1,0.0,0.0,0.05,0.15,0.05,0.05,0.0,0.05,0.0,0.0,0.1,0.05,0.0,0.0,0.0,0.0,0.0,0.1,0.0,0.0,0.05,0.1,0.1,0.05,0.0,0.0,0.0,0.0,0.0,0.05,0.0,0.0,0.0,0.0,0.0,0.0,0.0,0.05,0.0,0.0,0.0,0.0,0.05,0.0,0.0,0.1,0.05,0.0,0.0,0.05,0.0,0.0,0.0,0.05,0.0,0.0,0.0,0.0,0.0,0.0,0.0,0.0,0.0,0.0,0.0,0.0,0.0,0.0,0.0,0.05,0.0,0.0,0.0,0.0
DVP_122_02ce3fd63e2d,Data/AcademicPosters/1_fake/academic_poster_0503.png,AcademicPosters,1,1198,1313,283,0.23173005214052417,0.2358465556328331,0.0008333800552396929,0.00039256847220615215,0.0015417308814736903,0.07333777733206699,0.0115883836277077,0.8408439251203093,0.1166077738515901,0.4833101306639655,0.27543606444458035,0.5774292069059584,0.24532697305981932,0.9511686143572621,0.96001523229246,0.022307063803986674,0.016058591996926767,0.01430882567041637,0.4701784505845302,0.2280303035018241,0.054406936821792845,0.0530536551136506,4.115704573670596,17.646469843705198,0.09187279151943463,0.2576389999994717,0.024734982332155476,0.0353356890459364,0.0176678445229682,0.045936395759717315,0.053003533568904596,0.08480565371024736,0.038869257950530034,0.05653710247349823,0.09540636042402827,0.07773851590106007,0.12014134275618374,0.0812720848056537,0.08480565371024736,0.07773851590106007,0.0636042402826855,0.04240282685512368,0.0,0.0,0.0035335689045936395,0.007067137809187279,0.0035335689045936395,0.0,0.028268551236749116,0.0,0.0035335689045936395,0.02120141342756184,0.0035335689045936395,0.02120141342756184,0.0,0.014134275618374558,0.014134275618374558,0.0035335689045936395,0.014134275618374558,0.01060070671378092,0.03180212014134275,0.03180212014134275,0.0,0.02120141342756184,0.0176678445229682,0.01060070671378092,0.0176678445229682,0.01060070671378092,0.007067137809187279,0.014134275618374558,0.0035335689045936395,0.014134275618374558,0.0176678445229682,0.01060070671378092,0.02120141342756184,0.028268551236749116,0.0176678445229682,0.02120141342756184,0.028268551236749116,0.02120141342756184,0.0176678445229682,0.007067137809187279,0.01060070671378092,0.0353356890459364,0.0176678445229682,0.02120141342756184,0.0353356890459364,0.0353356890459364,0.02120141342756184,0.0353356890459364,0.024734982332155476,0.014134275618374558,0.0176678445229682,0.014134275618374558,0.028268551236749116,0.007067137809187279,0.02120141342756184,0.0,0.024734982332155476,0.02120141342756184,0.0176678445229682,0.028268551236749116,0.024734982332155476,0.0035335689045936395,0.02120141342756184,0.0
DVP_123_02d2900ddb7d,Data/UIScreenshots/0_real/56610.jpg,UIScreenshots,0,1080,1920,22,0.06591917438271605,0.06601176697530864,0.003000534862514029,0.0013917824074074073,0.003408829185014461,0.13480639730639732,0.018986742424242423,0.8103716335945773,0.2727272727272727,0.5980951798325548,0.23565737326456757,0.4784332178830001,0.286927229582693,0.7620370370370371,0.8817708333333333,0.1301555769060917,0.12284259000100883,0.053089689293115624,0.4877608377436756,0.22570403134081096,0.06926406926406926,0.0735930735930736,16.571326876691288,34.72360587250818,0.18181818181818182,0.13263659999938682,0.09090909090909091,0.0,0.045454545454545456,0.09090909090909091,0.045454545454545456,0.045454545454545456,0.13636363636363635,0.13636363636363635,0.0,0.0,0.13636363636363635,0.0,0.045454545454545456,0.045454545454545456,0.13636363636363635,0.045454545454545456,0.0,0.045454545454545456,0.0,0.0,0.0,0.0,0.0,0.045454545454545456,0.0,0.045454545454545456,0.0,0.0,0.045454545454545456,0.0,0.045454545454545456,0.0,0.0,0.045454545454545456,0.0,0.045454545454545456,0.045454545454545456,0.0,0.045454545454545456,0.045454545454545456,0.0,0.0,0.0,0.0,0.0,0.09090909090909091,0.0,0.045454545454545456,0.0,0.0,0.0,0.0,0.045454545454545456,0.0,0.0,0.0,0.0,0.0,0.0,0.0,0.0,0.09090909090909091,0.0,0.0,0.0,0.0,0.0,0.045454545454545456,0.045454545454545456,0.0,0.0,0.0,0.0,0.045454545454545456,0.0,0.0,0.0,0.09090909090909091,0.0,0.045454545454545456
DVP_124_02e23210677c,Data/CommercialPosters/1_fake/commercial_poster_0288.png,CommercialPosters,1,1448,1086,27,0.1708929825096914,0.17545061200818043,0.006498170815117794,0.00210807057171637,0.023769072130200748,0.099524248004911,0.032023736443625946,0.8516445527299796,0.2222222222222222,0.6501783904410849,0.2549739054419807,0.5857286736202564,0.2427930637376951,0.868439226519337,0.783609576427256,0.0579420422950448,0.040269004798655465,0.04595859768645352,0.4205428298838304,0.28390042971905816,0.06552706552706553,0.150997150997151,3.868950098233235,17.17168171598609,0.07407407407407407,0.15006269999867072,0.037037037037037035,0.0,0.037037037037037035,0.0,0.1111111111111111,0.0,0.1111111111111111,0.07407407407407407,0.0,0.0,0.25925925925925924,0.037037037037037035,0.0,0.0,0.18518518518518517,0.14814814814814814,0.0,0.0,0.0,0.0,0.0,0.0,0.0,0.0,0.037037037037037035,0.0,0.0,0.0,0.0,0.037037037037037035,0.0,0.0,0.1111111111111111,0.0,0.0,0.0,0.0,0.037037037037037035,0.0,0.0,0.0,0.0,0.0,0.0,0.0,0.07407407407407407,0.037037037037037035,0.037037037037037035,0.0,0.0,0.0,0.0,0.0,0.1111111111111111,0.0,0.0,0.0,0.0,0.0,0.0,0.0,0.14814814814814814,0.0,0.037037037037037035,0.0,0.0,0.0,0.0,0.0,0.1111111111111111,0.0,0.037037037037037035,0.0,0.0,0.0,0.0,0.07407407407407407,0.0,0.037037037037037035,0.07407407407407407
DVP_125_02e54b8f701c,Data/Tables/0_real/PMC5978986_table_4.jpg,Tables,0,751,257,77,0.3224580383818388,0.32788966203298325,0.004258307299129653,0.0031086955395400167,0.0063027056705576325,0.077316824320819,0.05780989438576986,0.9037850556742689,0.012987012987012988,0.5330461950270052,0.25672321685526267,0.49993756755615865,0.20286616363812893,0.8346372955369985,0.8891050583657587,0.07155231345298742,0.0622603691816747,0.02643310542292905,0.4199528463278873,0.20144476996764293,0.09330143540669857,0.08680792891319207,0.3354706002002397,1.2272005770593657,0.025974025974025976,0.1195583999997325,0.03896103896103896,0.03896103896103896,0.0,0.012987012987012988,0.05194805194805195,0.14285714285714285,0.1038961038961039,0.14285714285714285,0.05194805194805195,0.07792207792207792,0.05194805194805195,0.11688311688311688,0.03896103896103896,0.05194805194805195,0.025974025974025976,0.05194805194805195,0.0,0.0,0.0,0.012987012987012988,0.0,0.0,0.0,0.0,0.025974025974025976,0.012987012987012988,0.0,0.025974025974025976,0.0,0.0,0.012987012987012988,0.0,0.0,0.012987012987012988,0.012987012987012988,0.05194805194805195,0.025974025974025976,0.025974025974025976,0.03896103896103896,0.025974025974025976,0.012987012987012988,0.025974025974025976,0.025974025974025976,0.05194805194805195,0.025974025974025976,0.025974025974025976,0.05194805194805195,0.025974025974025976,0.012987012987012988,0.012987012987012988,0.012987012987012988,0.025974025974025976,0.012987012987012988,0.012987012987012988,0.05194805194805195,0.012987012987012988,0.012987012987012988,0.012987012987012988,0.012987012987012988,0.025974025974025976,0.012987012987012988,0.012987012987012988,0.03896103896103896,0.012987012987012988,0.012987012987012988,0.012987012987012988,0.012987012987012988,0.025974025974025976,0.012987012987012988,0.012987012987012988,0.03896103896103896,0.012987012987012988,0.0,0.012987012987012988,0.0,0.012987012987012988,0.0,0.0,0.0,0.0
DVP_126_02e5f6f2c44f,Data/Tables/0_real/PMC3212908_table_1.jpg,Tables,0,362,149,31,0.3773219781442185,0.37743334940116424,0.012175269335521427,0.009770477214579703,0.013957618917786314,0.1446266262698271,0.0846503572201775,0.8786116182016981,0.0,0.6664141864195332,0.28063341373695266,0.48679367828534315,0.21105933533480487,0.8052486187845304,0.8187919463087249,0.10951228044585272,0.10068061568273096,0.028548301098059094,0.45604177814242675,0.2164446477195788,0.0989247311827957,0.16344086021505377,3.008725416876889,15.892857803059853,0.03225806451612903,0.11882379999951809,0.03225806451612903,0.03225806451612903,0.0,0.06451612903225806,0.06451612903225806,0.06451612903225806,0.06451612903225806,0.1935483870967742,0.06451612903225806,0.0967741935483871,0.0967741935483871,0.12903225806451613,0.0,0.03225806451612903,0.0,0.06451612903225806,0.0,0.0,0.0,0.03225806451612903,0.0,0.0,0.0,0.03225806451612903,0.0,0.03225806451612903,0.0,0.0,0.0,0.0,0.0,0.03225806451612903,0.0,0.0,0.0,0.03225806451612903,0.0,0.03225806451612903,0.03225806451612903,0.03225806451612903,0.0,0.06451612903225806,0.0,0.03225806451612903,0.0,0.03225806451612903,0.06451612903225806,0.06451612903225806,0.0,0.03225806451612903,0.0,0.06451612903225806,0.0,0.06451612903225806,0.03225806451612903,0.03225806451612903,0.0,0.03225806451612903,0.0,0.03225806451612903,0.0,0.03225806451612903,0.03225806451612903,0.03225806451612903,0.0,0.0,0.0,0.03225806451612903,0.0,0.0,0.0,0.03225806451612903,0.0,0.0,0.0,0.0,0.0,0.0,0.0,0.03225806451612903
DVP_127_02f21a1a3a1c,Data/InfographicCharts/1_fake/infographic_chart_0500.png,InfographicCharts,1,1314,1197,73,0.15787886815995247,0.1582530018603078,0.0021678493405521615,0.0011838322340605445,0.003662661223480628,0.0980067137882863,0.020473558325036334,0.8833328410638387,0.0273972602739726,0.4757457036554322,0.2532882460972919,0.48532259472459177,0.2602800883460468,0.8458904109589042,0.9394319131161237,0.05475597115397151,0.042239508366618106,0.03246287939134261,0.469112130775957,0.21771319661888475,0.05593607305936073,0.06278538812785388,0.575856935780886,1.865694812068651,0.0684931506849315,0.21619649999956891,0.0410958904109589,0.1095890410958904,0.0547945205479452,0.0273972602739726,0.0684931506849315,0.0958904109589041,0.0547945205479452,0.0684931506849315,0.0821917808219178,0.0684931506849315,0.0547945205479452,0.0547945205479452,0.0684931506849315,0.0410958904109589,0.0273972602739726,0.0821917808219178,0.0,0.0,0.0136986301369863,0.0136986301369863,0.0136986301369863,0.0,0.0,0.0,0.0136986301369863,0.0273972602739726,0.0410958904109589,0.0410958904109589,0.0273972602739726,0.0136986301369863,0.0136986301369863,0.0136986301369863,0.0136986301369863,0.0273972602739726,0.0136986301369863,0.0410958904109589,0.0136986301369863,0.0136986301369863,0.0273972602739726,0.0136986301369863,0.0136986301369863,0.0136986301369863,0.0136986301369863,0.0273972602739726,0.0136986301369863,0.0136986301369863,0.0136986301369863,0.0136986301369863,0.0136986301369863,0.0136986301369863,0.0136986301369863,0.0136986301369863,0.0273972602739726,0.0136986301369863,0.0136986301369863,0.0136986301369863,0.0,0.0547945205479452,0.0,0.0410958904109589,0.0136986301369863,0.0,0.0273972602739726,0.0,0.0273972602739726,0.0,0.0136986301369863,0.0273972602739726,0.0136986301369863,0.0,0.0684931506849315,0.0,0.0,0.0410958904109589,0.0,0.0,0.0136986301369863,0.0,0.0136986301369863,0.0
DVP_128_0301352ea55d,Data/CommercialPosters/1_fake/commercial_poster_0487.png,CommercialPosters,1,1448,1086,8,0.17857817518016322,0.19019629539187854,0.023774536923984818,0.007438977239197012,0.041009148409907645,0.20752762430939226,0.07838397790055249,0.8189630034293298,0.125,0.2693160578239093,0.06771435269451474,0.5520822974958389,0.15220546528160073,0.267430259031753,0.4977182706624889,0.10159888802178452,0.11104327444928566,0.05010260005162222,0.22436899646129516,0.11441632597509248,0.10714285714285714,0.2857142857142857,1.3650734233443842,2.2647072153845973,0.125,0.14652980000028037,0.0,0.125,0.0,0.0,0.0,0.125,0.0,0.0,0.125,0.625,0.0,0.0,0.0,0.0,0.0,0.0,0.0,0.0,0.0,0.0,0.0,0.0,0.0,0.0,0.0,0.0,0.125,0.0,0.0,0.0,0.0,0.0,0.0,0.0,0.0,0.0,0.0,0.0,0.0,0.0,0.0,0.0,0.125,0.0,0.0,0.0,0.0,0.0,0.0,0.125,0.125,0.125,0.0,0.0,0.0,0.0,0.0,0.0,0.375,0.0,0.0,0.0,0.0,0.0,0.0,0.0,0.0,0.0,0.0,0.0,0.0,0.0,0.0,0.0,0.0,0.0,0.0,0.0,0.0,0.0
DVP_129_030439c19eb0,Data/Receipts/1_fake/receipt_0397.png,Receipts,1,1023,1537,62,0.2068704196488399,0.2072533422880769,0.003342795843356079,0.002025311142359435,0.0026833531468764163,0.14998581023555008,0.022142002644447715,0.902864961166259,0.0,0.5379435089676025,0.22565727909045685,0.4862873741435227,0.18584823698956282,0.7155425219941349,0.8402732595966167,0.03619149191025618,0.027752113793582174,0.015674455732532396,0.37414023393092466,0.18369166439372198,0.035430988894764676,0.1121099947117927,10.496574707787142,28.57774560798361,0.12903225806451613,0.14739820000067994,0.0,0.0,0.0967741935483871,0.0,0.0967741935483871,0.04838709677419355,0.1935483870967742,0.11290322580645161,0.06451612903225806,0.03225806451612903,0.14516129032258066,0.11290322580645161,0.03225806451612903,0.06451612903225806,0.0,0.0,0.0,0.0,0.0,0.0,0.016129032258064516,0.0,0.0,0.0,0.0,0.0,0.0,0.0,0.08064516129032258,0.0,0.0,0.0,0.0,0.04838709677419355,0.03225806451612903,0.0,0.016129032258064516,0.04838709677419355,0.04838709677419355,0.0,0.0,0.04838709677419355,0.016129032258064516,0.0,0.06451612903225806,0.06451612903225806,0.06451612903225806,0.0,0.0,0.03225806451612903,0.016129032258064516,0.0,0.06451612903225806,0.04838709677419355,0.06451612903225806,0.0,0.0,0.03225806451612903,0.016129032258064516,0.0,0.03225806451612903,0.0,0.04838709677419355,0.0,0.0,0.03225806451612903,0.016129032258064516,0.03225806451612903,0.0,0.0,0.0,0.0,0.0,0.0,0.0,0.016129032258064516,0.0,0.0,0.0,0.0
DVP_130_0304baffb657,Data/AcademicPosters/1_fake/academic_poster_0593.png,AcademicPosters,1,1402,1122,190,0.2318524269948429,0.23531414251603897,0.0012384954869265209,0.0007928894550947082,0.0020516348726102042,0.0736466701704332,0.016685430152922415,0.8462033257282356,0.1631578947368421,0.5267017940537786,0.2917425796180604,0.5696637058400434,0.23671800717290215,0.9518544935805991,0.9514260249554367,0.025166021369331798,0.01830224325221918,0.016797951599278736,0.4792614609973255,0.23259490351541204,0.05341130604288499,0.047563352826510724,6.799079456693044,22.85134845662472,0.09473684210526316,0.1931960000001709,0.02631578947368421,0.010526315789473684,0.010526315789473684,0.010526315789473684,0.06315789473684211,0.07894736842105263,0.09473684210526316,0.08421052631578947,0.07368421052631578,0.06842105263157895,0.08947368421052632,0.14210526315789473,0.04736842105263158,0.07368421052631578,0.06842105263157895,0.05789473684210526,0.0,0.005263157894736842,0.010526315789473684,0.0,0.0,0.0,0.0,0.005263157894736842,0.0,0.021052631578947368,0.0,0.0,0.0,0.010526315789473684,0.0,0.005263157894736842,0.031578947368421054,0.005263157894736842,0.04736842105263158,0.02631578947368421,0.021052631578947368,0.05263157894736842,0.010526315789473684,0.021052631578947368,0.021052631578947368,0.005263157894736842,0.0,0.005263157894736842,0.0,0.021052631578947368,0.031578947368421054,0.021052631578947368,0.031578947368421054,0.010526315789473684,0.021052631578947368,0.015789473684210527,0.031578947368421054,0.005263157894736842,0.04736842105263158,0.05263157894736842,0.021052631578947368,0.010526315789473684,0.010526315789473684,0.021052631578947368,0.042105263157894736,0.010526315789473684,0.021052631578947368,0.021052631578947368,0.015789473684210527,0.0,0.005263157894736842,0.005263157894736842,0.021052631578947368,0.005263157894736842,0.02631578947368421,0.021052631578947368,0.031578947368421054,0.0,0.042105263157894736,0.021052631578947368,0.021052631578947368,0.021052631578947368,0.010526315789473684,0.0
DVP_131_0306afffdb58,Data/UIScreenshots/1_fake/ui_0682.png,UIScreenshots,1,941,1672,50,0.18273215402529122,0.18273215402529122,0.0036546430805058246,0.002379632784017817,0.0027322814043295018,0.20656748140276304,0.01848086124401914,0.8461889951280054,0.18,0.5073410113915874,0.2794362215731667,0.5150519916267637,0.3171518461014683,0.8740701381509033,0.9715909090909091,0.06477704535426827,0.05291492844470353,0.04583532405700082,0.5420445305443695,0.2661205864351764,0.0326530612244898,0.06693877551020408,5.353702122322499,20.897470335693,0.06,0.12789259999954083,0.08,0.04,0.04,0.12,0.12,0.02,0.0,0.04,0.0,0.2,0.0,0.06,0.02,0.1,0.12,0.04,0.04,0.0,0.02,0.0,0.0,0.0,0.0,0.06,0.02,0.02,0.02,0.0,0.02,0.02,0.02,0.04,0.0,0.08,0.0,0.0,0.0,0.0,0.0,0.02,0.02,0.02,0.02,0.0,0.0,0.0,0.0,0.02,0.0,0.0,0.02,0.08,0.0,0.0,0.0,0.02,0.0,0.0,0.06,0.04,0.0,0.0,0.0,0.04,0.0,0.0,0.02,0.02,0.04,0.0,0.0,0.0,0.02,0.0,0.02,0.04,0.02,0.06,0.0,0.04
DVP_132_030983c8fa4b,Data/InfographicCharts/1_fake/infographic_chart_0807.png,InfographicCharts,1,1254,1254,49,0.1747479753779831,0.17806368901810857,0.0036339528371042563,0.0024037911219981227,0.004326175893086856,0.13595677505451942,0.02821990040035153,0.8698233824008814,0.08163265306122448,0.49771100915496175,0.2557172508659058,0.3982594765818236,0.25840509891008906,0.7597521265284424,0.8827751196172249,0.05772121711697381,0.043926656078801314,0.040668176162396937,0.4708088035857716,0.21948790402430218,0.06887755102040816,0.058673469387755105,7.514814249019279,23.814649463536337,0.10204081632653061,0.20460410000123375,0.061224489795918366,0.16326530612244897,0.08163265306122448,0.10204081632653061,0.04081632653061224,0.02040816326530612,0.04081632653061224,0.061224489795918366,0.12244897959183673,0.061224489795918366,0.04081632653061224,0.10204081632653061,0.02040816326530612,0.04081632653061224,0.0,0.04081632653061224,0.0,0.02040816326530612,0.02040816326530612,0.02040816326530612,0.0,0.02040816326530612,0.061224489795918366,0.0,0.0,0.04081632653061224,0.061224489795918366,0.061224489795918366,0.04081632653061224,0.02040816326530612,0.04081632653061224,0.0,0.0,0.02040816326530612,0.0,0.0,0.02040816326530612,0.0,0.04081632653061224,0.0,0.0,0.02040816326530612,0.0,0.02040816326530612,0.02040816326530612,0.0,0.02040816326530612,0.0,0.02040816326530612,0.061224489795918366,0.02040816326530612,0.02040816326530612,0.0,0.02040816326530612,0.08163265306122448,0.0,0.0,0.04081632653061224,0.0,0.02040816326530612,0.02040816326530612,0.0,0.02040816326530612,0.0,0.0,0.02040816326530612,0.0,0.0,0.0,0.0,0.04081632653061224,0.0,0.0,0.0,0.04081632653061224,0.0,0.0,0.0,0.0,0.0
DVP_133_0312b40955d7,Data/InfographicCharts/0_real/00027443.jpeg,InfographicCharts,0,1200,1200,22,0.27513619147794177,0.2761315972222222,0.012551436237373736,0.008206770833333335,0.014511278519946257,0.30734848484848487,0.03882575757575757,0.895745329952738,0.0,0.3836804112643767,0.23153087347562248,0.5541677978196677,0.27056697496816073,0.8604166666666666,0.8658333333333333,0.12375032497242291,0.10603647667267072,0.06712793967439877,0.46073580718032014,0.23114068088044007,0.03463203463203463,0.06493506493506493,0.20842009420710508,0.6068302399377262,0.0,0.20186789999934263,0.0,0.09090909090909091,0.045454545454545456,0.0,0.13636363636363635,0.13636363636363635,0.0,0.045454545454545456,0.09090909090909091,0.09090909090909091,0.0,0.045454545454545456,0.13636363636363635,0.09090909090909091,0.045454545454545456,0.045454545454545456,0.0,0.0,0.045454545454545456,0.0,0.0,0.0,0.0,0.0,0.0,0.0,0.045454545454545456,0.0,0.045454545454545456,0.0,0.0,0.0,0.0,0.09090909090909091,0.045454545454545456,0.045454545454545456,0.0,0.0,0.0,0.045454545454545456,0.0,0.045454545454545456,0.045454545454545456,0.0,0.0,0.0,0.0,0.0,0.0,0.045454545454545456,0.045454545454545456,0.0,0.0,0.0,0.0,0.045454545454545456,0.0,0.045454545454545456,0.0,0.045454545454545456,0.0,0.0,0.0,0.0,0.0,0.045454545454545456,0.09090909090909091,0.0,0.0,0.0,0.0,0.0,0.045454545454545456,0.045454545454545456,0.0,0.0,0.045454545454545456,0.0,0.045454545454545456,0.0
DVP_134_03136ff596c5,Data/Tables/0_real/PMC4832563_table_5.jpg,Tables,0,880,475,221,0.2847831179467183,0.2944126794258373,0.0013321840698001688,0.0010047846889952154,0.0017700792070644128,0.04491464417935006,0.030769230769230764,0.8870346775535546,0.01809954751131222,0.4703225614328694,0.25159123074721973,0.5413221934664476,0.25027317179420794,0.8792176167987856,0.9052631578947369,0.036211743271087976,0.028708492820723654,0.012219014623471337,0.4541841697118805,0.21617404490566794,0.0437268613739202,0.0648704236939531,0.38662191086640324,1.3876111245369032,0.027149321266968326,0.16827360000024782,0.027149321266968326,0.05429864253393665,0.04524886877828054,0.03619909502262444,0.07239819004524888,0.10407239819004525,0.05429864253393665,0.027149321266968326,0.08144796380090498,0.10407239819004525,0.05429864253393665,0.07239819004524888,0.06787330316742081,0.08144796380090498,0.05429864253393665,0.06334841628959276,0.0,0.004524886877828055,0.00904977375565611,0.0,0.004524886877828055,0.004524886877828055,0.004524886877828055,0.0,0.0,0.02262443438914027,0.02262443438914027,0.02262443438914027,0.013574660633484163,0.02262443438914027,0.02262443438914027,0.00904977375565611,0.013574660633484163,0.02262443438914027,0.027149321266968326,0.027149321266968326,0.01809954751131222,0.013574660633484163,0.013574660633484163,0.0,0.00904977375565611,0.027149321266968326,0.02262443438914027,0.027149321266968326,0.01809954751131222,0.004524886877828055,0.013574660633484163,0.0,0.00904977375565611,0.03167420814479638,0.027149321266968326,0.03167420814479638,0.01809954751131222,0.013574660633484163,0.027149321266968326,0.013574660633484163,0.01809954751131222,0.02262443438914027,0.02262443438914027,0.02262443438914027,0.013574660633484163,0.00904977375565611,0.02262443438914027,0.00904977375565611,0.01809954751131222,0.02262443438914027,0.02262443438914027,0.027149321266968326,0.01809954751131222,0.013574660633484163,0.02262443438914027,0.013574660633484163,0.00904977375565611,0.01809954751131222,0.013574660633484163,0.01809954751131222,0.013574660633484163,0.00904977375565611,0.01809954751131222,0.00904977375565611
DVP_135_0318c2e08df7,Data/Tables/1_fake/table_0487.png,Tables,1,1312,1199,139,0.2076688614845344,0.20962622561484165,0.0015081023425528176,0.000996765597347383,0.0021297530069013986,0.06184198982277594,0.025884880085922924,0.9076446419712333,0.0,0.5152695533974175,0.301317065897753,0.5166810340424267,0.24105278578895906,0.897484756097561,0.9426719235726742,0.02905752316027621,0.026271893244370292,0.011249483656652041,0.49416383972466876,0.23612896284956628,0.026900218955270568,0.15900323219685122,10.853870054147889,28.859073317634792,0.1510791366906475,0.20726600000125472,0.02877697841726619,0.03597122302158273,0.04316546762589928,0.050359712230215826,0.06474820143884892,0.05755395683453238,0.05755395683453238,0.1223021582733813,0.07194244604316546,0.06474820143884892,0.05755395683453238,0.1223021582733813,0.050359712230215826,0.050359712230215826,0.04316546762589928,0.07913669064748201,0.0,0.0,0.007194244604316547,0.007194244604316547,0.014388489208633094,0.0,0.007194244604316547,0.007194244604316547,0.02877697841726619,0.0,0.02158273381294964,0.0,0.02877697841726619,0.0,0.02158273381294964,0.014388489208633094,0.03597122302158273,0.0,0.03597122302158273,0.0,0.02877697841726619,0.0,0.03597122302158273,0.03597122302158273,0.02877697841726619,0.0,0.02158273381294964,0.0,0.02877697841726619,0.0,0.02877697841726619,0.02158273381294964,0.03597122302158273,0.0,0.03597122302158273,0.0,0.02877697841726619,0.0,0.02877697841726619,0.03597122302158273,0.03597122302158273,0.0,0.02877697841726619,0.0,0.02877697841726619,0.0,0.02877697841726619,0.02877697841726619,0.03597122302158273,0.0,0.03597122302158273,0.0,0.03597122302158273,0.0,0.03597122302158273,0.03597122302158273,0.014388489208633094,0.0,0.007194244604316547,0.007194244604316547,0.007194244604316547,0.0,0.007194244604316547,0.0
DVP_136_031ee141cbe8,Data/Tables/1_fake/table_0411.png,Tables,1,1312,1199,363,0.35588059917817694,0.35618382442685975,0.000981222656823305,0.0008009723550112898,0.0013255267378896932,0.04028295706510784,0.024411987032352492,0.8909507551183536,0.02203856749311295,0.5570656361292261,0.2543385586050667,0.5442336153368719,0.23086874340937769,0.9291158536585366,0.9455831837265517,0.033931249429508016,0.03169307756463724,0.008933477888741216,0.43872239013359976,0.21012256565886767,0.03835441304050043,0.05812519976256792,6.841906127105169,23.65970680422399,0.08264462809917356,0.2404703000011068,0.01652892561983471,0.03856749311294766,0.03581267217630854,0.027548209366391185,0.046831955922865015,0.0881542699724518,0.11019283746556474,0.0881542699724518,0.04132231404958678,0.07713498622589532,0.09641873278236915,0.07713498622589532,0.03856749311294766,0.06887052341597796,0.08264462809917356,0.06611570247933884,0.0,0.0,0.0027548209366391185,0.0027548209366391185,0.0027548209366391185,0.0,0.0,0.0,0.011019283746556474,0.005509641873278237,0.01652892561983471,0.01652892561983471,0.013774104683195593,0.01928374655647383,0.013774104683195593,0.013774104683195593,0.0027548209366391185,0.01928374655647383,0.02203856749311295,0.02203856749311295,0.02203856749311295,0.03305785123966942,0.02203856749311295,0.02203856749311295,0.011019283746556474,0.013774104683195593,0.02203856749311295,0.02203856749311295,0.02203856749311295,0.03305785123966942,0.02203856749311295,0.02203856749311295,0.008264462809917356,0.01652892561983471,0.02203856749311295,0.02203856749311295,0.02203856749311295,0.03305785123966942,0.02203856749311295,0.02203856749311295,0.0027548209366391185,0.013774104683195593,0.01652892561983471,0.01652892561983471,0.01652892561983471,0.024793388429752067,0.01652892561983471,0.01652892561983471,0.008264462809917356,0.01928374655647383,0.02203856749311295,0.02203856749311295,0.02203856749311295,0.03305785123966942,0.02203856749311295,0.02203856749311295,0.005509641873278237,0.005509641873278237,0.013774104683195593,0.011019283746556474,0.011019283746556474,0.01652892561983471,0.011019283746556474,0.011019283746556474
DVP_137_0323464245f0,Data/Receipts/0_real/X51008142005.jpg,Receipts,0,791,1794,51,0.26417048781737057,0.2667097235200352,0.005229602421961474,0.004757394715070745,0.003415890220838074,0.24622592399791773,0.021870286576168924,0.8982118278878708,0.0,0.491861695055791,0.23858793756419933,0.6022145030579962,0.2207491898703984,0.7237673830594185,0.7756410256410257,0.04856152832861926,0.047299154230723776,0.021846523503159312,0.4218033032828279,0.19395094031746452,0.03137254901960784,0.06745098039215686,3.9020461191801967,17.561472975447252,0.0392156862745098,0.10562750000099186,0.0,0.058823529411764705,0.0,0.0,0.058823529411764705,0.1568627450980392,0.058823529411764705,0.0392156862745098,0.09803921568627451,0.058823529411764705,0.0784313725490196,0.09803921568627451,0.0784313725490196,0.058823529411764705,0.0784313725490196,0.0784313725490196,0.0,0.0,0.0,0.0,0.0,0.0,0.0,0.0,0.0,0.0,0.0,0.058823529411764705,0.0,0.0,0.0,0.0,0.0,0.0196078431372549,0.0392156862745098,0.0784313725490196,0.0,0.0196078431372549,0.0,0.0,0.0,0.0392156862745098,0.0392156862745098,0.0,0.0,0.0392156862745098,0.0392156862745098,0.0,0.0,0.0392156862745098,0.0196078431372549,0.0,0.0196078431372549,0.058823529411764705,0.0,0.0,0.0,0.058823529411764705,0.0392156862745098,0.0,0.0,0.0,0.09803921568627451,0.0,0.0,0.058823529411764705,0.0196078431372549,0.0,0.0392156862745098,0.0,0.058823529411764705,0.0,0.0,0.0196078431372549,0.0196078431372549,0.0196078431372549,0.0196078431372549,0.0196078431372549,0.0196078431372549,0.0
DVP_138_0324926d8fb3,Data/InfographicCharts/1_fake/infographic_chart_0869.png,InfographicCharts,1,1536,1024,92,0.17560876593645172,0.17595958709716794,0.0019126042075779124,0.0006453196207682291,0.005497931384483391,0.058990036231884056,0.026154891304347828,0.8475932779036958,0.16304347826086957,0.5263278030560489,0.28934338478653315,0.5958228554494147,0.22197036129669273,0.9055989583333333,0.90625,0.047310646392288554,0.03513936827710374,0.024639934676758766,0.463381647114191,0.2327685267864898,0.05518394648829431,0.0716674629718108,9.763351741491276,27.063686948597127,0.15217391304347827,0.14810020000004442,0.021739130434782608,0.021739130434782608,0.0,0.05434782608695652,0.06521739130434782,0.043478260869565216,0.03260869565217391,0.06521739130434782,0.09782608695652174,0.06521739130434782,0.09782608695652174,0.17391304347826086,0.043478260869565216,0.08695652173913043,0.07608695652173914,0.05434782608695652,0.0,0.010869565217391304,0.010869565217391304,0.0,0.0,0.0,0.021739130434782608,0.0,0.0,0.010869565217391304,0.010869565217391304,0.0,0.0,0.0,0.03260869565217391,0.0,0.021739130434782608,0.0,0.0,0.0,0.0,0.0,0.03260869565217391,0.021739130434782608,0.03260869565217391,0.010869565217391304,0.021739130434782608,0.021739130434782608,0.010869565217391304,0.021739130434782608,0.010869565217391304,0.0,0.03260869565217391,0.010869565217391304,0.0,0.010869565217391304,0.010869565217391304,0.021739130434782608,0.043478260869565216,0.010869565217391304,0.03260869565217391,0.021739130434782608,0.021739130434782608,0.03260869565217391,0.03260869565217391,0.03260869565217391,0.08695652173913043,0.03260869565217391,0.021739130434782608,0.010869565217391304,0.021739130434782608,0.043478260869565216,0.021739130434782608,0.010869565217391304,0.043478260869565216,0.010869565217391304,0.0,0.010869565217391304,0.021739130434782608,0.0,0.010869565217391304,0.03260869565217391,0.0,0.0
DVP_139_0325723ec38b,Data/CommercialPosters/0_real/5ca7253923c829c8213e6cd2_preview.jpg,CommercialPosters,0,1024,576,8,0.12647840711805555,0.12647840711805555,0.015809800889756944,0.005641513400607639,0.016566421223317966,0.19091796875,0.08355034722222224,0.8707339655112454,0.125,0.31308970584462237,0.20011755787232666,0.6038394689173562,0.2574594732176336,0.6409481155069787,0.71875,0.15485158211683708,0.10482306679362609,0.14216206953361987,0.4481753171957907,0.20538843773540555,0.07142857142857142,0.0,4.330331936556496,11.388147292795427,0.125,0.12192920000052254,0.125,0.0,0.0,0.0,0.125,0.0,0.0,0.125,0.0,0.125,0.0,0.0,0.25,0.25,0.0,0.0,0.0,0.0,0.0,0.0,0.0,0.0,0.0,0.0,0.125,0.0,0.0,0.0,0.0,0.0,0.0,0.0,0.0,0.125,0.0,0.0,0.0,0.0,0.0,0.0,0.0,0.0,0.0,0.0,0.0,0.0,0.125,0.0,0.0,0.0,0.125,0.0,0.0,0.0,0.0,0.0,0.0,0.0,0.0,0.0,0.0,0.0,0.0,0.0,0.0,0.25,0.0,0.25,0.0,0.0,0.0,0.0,0.0,0.0,0.0,0.0,0.0,0.0,0.0,0.0
DVP_140_0334eaf629db,Data/Receipts/1_fake/receipt_0989.png,Receipts,1,930,1691,68,0.27691405312655937,0.27695580015642585,0.004072879414065086,0.0027870509910150514,0.003263244899141879,0.19332700822264387,0.02184575781820711,0.9134919549323639,0.0,0.5115305108274617,0.21991358485016846,0.4830812906051501,0.20169440269494693,0.728494623655914,0.9151389710230633,0.03387117956050084,0.025755247844910702,0.018798218456476026,0.38329114009730725,0.18393239042305587,0.030728709394205442,0.10535557506584724,10.751754852412166,29.02955240032467,0.11764705882352941,0.11904369999865594,0.014705882352941176,0.10294117647058823,0.014705882352941176,0.0,0.11764705882352941,0.058823529411764705,0.17647058823529413,0.08823529411764706,0.058823529411764705,0.07352941176470588,0.11764705882352941,0.08823529411764706,0.014705882352941176,0.058823529411764705,0.014705882352941176,0.0,0.0,0.0,0.0,0.04411764705882353,0.0,0.0,0.0,0.0,0.0,0.014705882352941176,0.0,0.058823529411764705,0.0,0.014705882352941176,0.0,0.0,0.014705882352941176,0.04411764705882353,0.0,0.04411764705882353,0.014705882352941176,0.014705882352941176,0.014705882352941176,0.0,0.0,0.058823529411764705,0.014705882352941176,0.0,0.07352941176470588,0.07352941176470588,0.07352941176470588,0.0,0.0,0.014705882352941176,0.014705882352941176,0.029411764705882353,0.029411764705882353,0.029411764705882353,0.058823529411764705,0.0,0.0,0.04411764705882353,0.0,0.029411764705882353,0.04411764705882353,0.014705882352941176,0.029411764705882353,0.0,0.0,0.014705882352941176,0.0,0.029411764705882353,0.014705882352941176,0.0,0.0,0.0,0.0,0.0,0.0,0.029411764705882353,0.0,0.0,0.0,0.0
DVP_141_03361b066ff3,Data/UIScreenshots/1_fake/ui_0492.png,UIScreenshots,1,941,1672,64,0.13840386639480548,0.1384038663948055,0.002162560412418836,0.0020402300311691216,0.0012973525294832195,0.12323990435706694,0.017793062200956937,0.882485845360951,0.0625,0.4977126341894194,0.261247163572957,0.518061744592814,0.2911163847429523,0.8565356004250797,0.9614234449760766,0.05568510703016365,0.051845691557109,0.026249023005051827,0.5027296035888876,0.24107615242741812,0.03720238095238095,0.07490079365079365,9.959234992193583,28.10279435039499,0.109375,0.13351399999919522,0.0625,0.078125,0.046875,0.0625,0.0625,0.0625,0.03125,0.03125,0.015625,0.140625,0.046875,0.109375,0.078125,0.03125,0.078125,0.0625,0.015625,0.03125,0.03125,0.0,0.015625,0.03125,0.0,0.046875,0.0,0.015625,0.03125,0.015625,0.0,0.0,0.015625,0.0,0.0,0.03125,0.015625,0.0,0.015625,0.0,0.0,0.0,0.0,0.03125,0.015625,0.03125,0.015625,0.0,0.03125,0.0,0.0,0.015625,0.046875,0.015625,0.0,0.03125,0.046875,0.0,0.0,0.0,0.078125,0.0,0.0,0.015625,0.0625,0.0,0.0,0.046875,0.0,0.0,0.0,0.0,0.046875,0.0,0.0,0.03125,0.03125,0.0,0.046875,0.03125,0.015625,0.0
DVP_142_03373680c2ff,Data/InfographicCharts/1_fake/infographic_chart_0290.png,InfographicCharts,1,1624,969,192,0.17422505062625077,0.17452638950316968,0.0009089916119956754,0.000469607080581779,0.0026154982628772646,0.0388444170771757,0.020123839009287926,0.8584009347962521,0.11458333333333333,0.4773235277494509,0.29231111949197786,0.5811376993001441,0.21320738694056796,0.9442733990147782,0.9151162219273675,0.030756730105325328,0.02907336193496348,0.0100085167032175,0.46071624840880004,0.22564931471782965,0.10394851657940664,0.03430410122164049,5.669269822712516,21.011767660388735,0.11979166666666667,0.15114840000023833,0.010416666666666666,0.026041666666666668,0.010416666666666666,0.0,0.09375,0.07291666666666667,0.07291666666666667,0.07291666666666667,0.10416666666666667,0.078125,0.06770833333333333,0.036458333333333336,0.057291666666666664,0.09375,0.08854166666666667,0.11458333333333333,0.0,0.0,0.010416666666666666,0.0,0.0,0.0,0.0,0.0,0.010416666666666666,0.0,0.005208333333333333,0.010416666666666666,0.0,0.010416666666666666,0.0,0.0,0.026041666666666668,0.0,0.015625,0.0,0.0,0.03125,0.036458333333333336,0.036458333333333336,0.03125,0.036458333333333336,0.03125,0.026041666666666668,0.015625,0.026041666666666668,0.0,0.0,0.026041666666666668,0.020833333333333332,0.015625,0.036458333333333336,0.020833333333333332,0.026041666666666668,0.020833333333333332,0.015625,0.036458333333333336,0.020833333333333332,0.026041666666666668,0.0,0.0,0.020833333333333332,0.0,0.0,0.03125,0.020833333333333332,0.036458333333333336,0.052083333333333336,0.041666666666666664,0.046875,0.046875,0.057291666666666664,0.0,0.005208333333333333,0.005208333333333333,0.0,0.0,0.0,0.010416666666666666,0.0
DVP_143_033c0b04d0e8,Data/CommercialPosters/1_fake/commercial_poster_0476.png,CommercialPosters,1,1448,1086,40,0.15150047703388905,0.1536185683180204,0.00384046420795051,0.00152970249178393,0.00899391953369122,0.09592541436464089,0.027394106813996316,0.8837525471759813,0.075,0.6898401145362362,0.15008841535121678,0.6994658068419336,0.21344839420263123,0.6761049723756907,0.7859116022099447,0.041395625145266526,0.030693743361787398,0.029402161887601943,0.32548390207328964,0.18364464731289043,0.08974358974358974,0.09358974358974359,2.4522864557362136,14.102183455651822,0.025,0.15419889999975567,0.0,0.0,0.025,0.025,0.0,0.0,0.025,0.025,0.0,0.0,0.25,0.15,0.025,0.025,0.3,0.15,0.0,0.0,0.0,0.0,0.0,0.0,0.0,0.0,0.0,0.0,0.0,0.0,0.0,0.025,0.025,0.0,0.0,0.0,0.0,0.0,0.0,0.0,0.025,0.0,0.0,0.0,0.0,0.0,0.0,0.025,0.0,0.0,0.0,0.0,0.0,0.0,0.075,0.125,0.125,0.0,0.0,0.0,0.0,0.0,0.0,0.05,0.025,0.0,0.0,0.0,0.0,0.0,0.075,0.075,0.0,0.075,0.0,0.025,0.025,0.0,0.075,0.075,0.0,0.075
DVP_144_03418685a0a2,Data/InfographicCharts/0_real/00003308.jpeg,InfographicCharts,0,960,684,44,0.19430774954212454,0.1968407346491228,0.004473653060207337,0.0023490801656920078,0.007870096469136655,0.12675189393939393,0.03362573099415204,0.8680842710851653,0.13636363636363635,0.29557749808961353,0.18138177474823744,0.5484780346052436,0.24929807894293537,0.8598958333333333,0.9064327485380117,0.08613234671481394,0.0701258855102208,0.093886283790599,0.37986028465801747,0.2241089088979839,0.05496828752642706,0.16279069767441862,0.24971733619066844,0.8183713819385425,0.0,0.145155899999736,0.045454545454545456,0.045454545454545456,0.0,0.022727272727272728,0.20454545454545456,0.11363636363636363,0.022727272727272728,0.0,0.1590909090909091,0.09090909090909091,0.022727272727272728,0.0,0.1590909090909091,0.09090909090909091,0.0,0.022727272727272728,0.0,0.0,0.0,0.045454545454545456,0.0,0.0,0.0,0.0,0.0,0.045454545454545456,0.0,0.0,0.0,0.0,0.0,0.022727272727272728,0.022727272727272728,0.06818181818181818,0.045454545454545456,0.022727272727272728,0.022727272727272728,0.0,0.0,0.0,0.0,0.11363636363636363,0.045454545454545456,0.0,0.0,0.0,0.0,0.0,0.022727272727272728,0.06818181818181818,0.045454545454545456,0.0,0.0,0.022727272727272728,0.0,0.0,0.022727272727272728,0.045454545454545456,0.045454545454545456,0.0,0.0,0.0,0.0,0.0,0.022727272727272728,0.09090909090909091,0.045454545454545456,0.0,0.0,0.0,0.0,0.0,0.022727272727272728,0.022727272727272728,0.022727272727272728,0.022727272727272728,0.0,0.0,0.0,0.022727272727272728
DVP_145_0342518b0885,Data/CommercialPosters/1_fake/commercial_poster_1007.png,CommercialPosters,1,1086,1448,23,0.12357735841919772,0.12603591160220995,0.005479822243574345,0.0031948556718862874,0.006438789555564509,0.13900232204339816,0.033809752582272395,0.9042491637731891,0.0,0.24391159501795262,0.14777756719711443,0.6845657612517418,0.2607541067073556,0.5649171270718233,0.9112569060773481,0.04990719768380229,0.04083501108606374,0.02540514794302072,0.3563301687817615,0.24669228719912561,0.06719367588932806,0.11067193675889328,0.21418432185389916,0.5924308189538745,0.0,0.15557629999966593,0.13043478260869565,0.0,0.0,0.0,0.0,0.0,0.0,0.0,0.17391304347826086,0.08695652173913043,0.0,0.0,0.43478260869565216,0.08695652173913043,0.08695652173913043,0.0,0.0,0.13043478260869565,0.0,0.0,0.0,0.0,0.0,0.0,0.0,0.0,0.0,0.0,0.0,0.0,0.0,0.0,0.0,0.0,0.0,0.0,0.0,0.0,0.0,0.0,0.0,0.0,0.0,0.0,0.0,0.0,0.0,0.0,0.043478260869565216,0.043478260869565216,0.043478260869565216,0.0,0.0,0.0,0.0,0.0,0.043478260869565216,0.043478260869565216,0.0,0.043478260869565216,0.0,0.0,0.0,0.0,0.08695652173913043,0.21739130434782608,0.08695652173913043,0.0,0.0,0.0,0.0,0.0,0.0,0.13043478260869565,0.0,0.0,0.0,0.08695652173913043,0.0,0.0
DVP_146_0354770c085a,Data/CommercialPosters/1_fake/commercial_poster_0954.png,CommercialPosters,1,1086,1448,37,0.15072195852792447,0.15077028835098644,0.004074872658134768,0.0016031511044636408,0.010651820311840069,0.11928226569110545,0.02215544273555323,0.8476620284123461,0.16216216216216217,0.2791799251390669,0.21768230132365013,0.45522726246740125,0.25667188608203045,0.8245927734235585,0.9036602209944751,0.037972812065757935,0.028156560955657692,0.026822840533550118,0.4097854317466311,0.2547558451017775,0.0960960960960961,0.07957957957957958,0.35897554860870484,2.0130731282051832,0.02702702702702703,0.15214319999904546,0.10810810810810811,0.0,0.0,0.08108108108108109,0.13513513513513514,0.21621621621621623,0.0,0.0,0.1891891891891892,0.10810810810810811,0.0,0.0,0.16216216216216217,0.0,0.0,0.0,0.02702702702702703,0.05405405405405406,0.0,0.0,0.0,0.0,0.0,0.08108108108108109,0.0,0.02702702702702703,0.0,0.0,0.0,0.0,0.0,0.0,0.02702702702702703,0.0,0.08108108108108109,0.10810810810810811,0.0,0.0,0.0,0.0,0.05405405405405406,0.05405405405405406,0.02702702702702703,0.0,0.0,0.0,0.0,0.0,0.05405405405405406,0.05405405405405406,0.10810810810810811,0.0,0.0,0.0,0.0,0.0,0.02702702702702703,0.05405405405405406,0.0,0.0,0.0,0.0,0.0,0.0,0.0,0.08108108108108109,0.0,0.0,0.0,0.0,0.0,0.0,0.02702702702702703,0.05405405405405406,0.0,0.0,0.0,0.0,0.0,0.0
DVP_147_035dcdeffaa7,Data/Tables/0_real/PMC3661592_table_2.jpg,Tables,0,354,172,23,0.2330629282768867,0.23351891998423338,0.010152996521053625,0.010297595585337013,0.006545148163301381,0.1522967329894375,0.07052578361981798,0.8735435975197842,0.0,0.5414972094877067,0.24822387213206398,0.48640392346016426,0.17879262719412506,0.675141242937853,0.6337209302325582,0.10403359417222038,0.09302325581395343,0.02798731398579448,0.40090488875081515,0.18693983945803436,0.11857707509881422,0.13043478260869565,0.41753908431169307,1.6249573458209008,0.043478260869565216,0.04497529999935068,0.043478260869565216,0.0,0.08695652173913043,0.043478260869565216,0.043478260869565216,0.043478260869565216,0.17391304347826086,0.08695652173913043,0.13043478260869565,0.0,0.17391304347826086,0.08695652173913043,0.043478260869565216,0.043478260869565216,0.0,0.0,0.0,0.0,0.0,0.0,0.0,0.0,0.0,0.0,0.0,0.043478260869565216,0.0,0.0,0.043478260869565216,0.043478260869565216,0.043478260869565216,0.0,0.0,0.043478260869565216,0.0,0.0,0.043478260869565216,0.043478260869565216,0.043478260869565216,0.0,0.0,0.0,0.043478260869565216,0.0,0.043478260869565216,0.043478260869565216,0.043478260869565216,0.0,0.0,0.08695652173913043,0.0,0.0,0.043478260869565216,0.043478260869565216,0.043478260869565216,0.0,0.0,0.043478260869565216,0.0,0.0,0.043478260869565216,0.043478260869565216,0.043478260869565216,0.0,0.0,0.043478260869565216,0.043478260869565216,0.0,0.0,0.0,0.0,0.0,0.0,0.0,0.0,0.0,0.0,0.0,0.0,0.0
DVP_148_0375f6440449,Data/Tables/0_real/PMC1459855_table_0.jpg,Tables,0,637,245,48,0.2618091600975646,0.29981097619581587,0.006246062004079497,0.006242591228013968,0.003957901992324147,0.09831240188383046,0.06658163265306123,0.8899156419740368,0.0,0.5123663589296775,0.2967907184802686,0.5300589276869759,0.2074434423767685,0.8414442700156985,0.8530068717404528,0.060651800894192365,0.05208345484039498,0.028067571021191878,0.4661791126913607,0.22470320029702348,0.05939716312056738,0.20212765957446807,0.6472894878302095,1.2670591585000406,0.0,0.11337520000051882,0.020833333333333332,0.0625,0.041666666666666664,0.020833333333333332,0.0625,0.0625,0.0625,0.0625,0.10416666666666667,0.10416666666666667,0.10416666666666667,0.10416666666666667,0.0625,0.041666666666666664,0.041666666666666664,0.041666666666666664,0.0,0.0,0.020833333333333332,0.0,0.0,0.0,0.0,0.0,0.020833333333333332,0.0,0.0,0.041666666666666664,0.0,0.041666666666666664,0.0,0.020833333333333332,0.020833333333333332,0.0,0.0,0.020833333333333332,0.0,0.020833333333333332,0.0,0.020833333333333332,0.041666666666666664,0.0,0.0,0.041666666666666664,0.0,0.041666666666666664,0.0,0.041666666666666664,0.0625,0.0,0.0,0.0625,0.0,0.0625,0.0,0.0625,0.041666666666666664,0.0,0.0,0.041666666666666664,0.0,0.041666666666666664,0.0,0.041666666666666664,0.041666666666666664,0.0,0.0,0.041666666666666664,0.0,0.041666666666666664,0.0,0.041666666666666664,0.0,0.020833333333333332,0.0,0.0,0.0,0.0,0.0,0.0
DVP_149_037c5b2e99f7,Data/UIScreenshots/1_fake/ui_0391.png,UIScreenshots,1,941,1672,57,0.12240437401590151,0.12255744423371248,0.002150130600591447,0.0016922468716472855,0.001659346155589413,0.12304938754963925,0.018330815075967427,0.8823266803640242,0.03508771929824561,0.4548823231352345,0.2688637288554725,0.49301706161553605,0.265959711071919,0.851222104144527,0.959031100478469,0.0629672578592801,0.050945516834432,0.04669909413419576,0.4876321340654989,0.23101382068870763,0.06140350877192982,0.07769423558897243,2.1837761282092365,11.990766318942004,0.07017543859649122,0.1272991000005277,0.07017543859649122,0.05263157894736842,0.03508771929824561,0.07017543859649122,0.08771929824561403,0.05263157894736842,0.10526315789473684,0.05263157894736842,0.05263157894736842,0.08771929824561403,0.07017543859649122,0.07017543859649122,0.03508771929824561,0.08771929824561403,0.03508771929824561,0.03508771929824561,0.017543859649122806,0.017543859649122806,0.017543859649122806,0.0,0.0,0.0,0.0,0.017543859649122806,0.03508771929824561,0.0,0.017543859649122806,0.017543859649122806,0.03508771929824561,0.0,0.03508771929824561,0.017543859649122806,0.0,0.0,0.0,0.017543859649122806,0.05263157894736842,0.0,0.0,0.0,0.05263157894736842,0.03508771929824561,0.03508771929824561,0.0,0.03508771929824561,0.017543859649122806,0.017543859649122806,0.03508771929824561,0.0,0.017543859649122806,0.03508771929824561,0.0,0.03508771929824561,0.03508771929824561,0.017543859649122806,0.0,0.03508771929824561,0.0,0.05263157894736842,0.0,0.0,0.0,0.05263157894736842,0.0,0.017543859649122806,0.0,0.05263157894736842,0.0,0.017543859649122806,0.0,0.017543859649122806,0.0,0.0,0.017543859649122806,0.017543859649122806,0.017543859649122806,0.017543859649122806,0.0,0.017543859649122806,0.0
DVP_150_0387660d36e6,Data/Receipts/0_real/X51006556596.jpg,Receipts,0,621,1264,78,0.39599155049693247,0.4015299180578487,0.005147819462280111,0.002881734238366049,0.005601456819034978,0.2281266774020397,0.02185775722168127,0.8932570398695717,0.01282051282051282,0.5197592544631269,0.20896269061607436,0.5154982946668505,0.19213696453386148,0.7640901771336555,0.863132911392405,0.04060679614146884,0.030521137374045375,0.034853382721886386,0.3598856138313849,0.18368294106093028,0.09490509490509491,0.07292707292707293,20.892806548362014,37.991977981998026,0.24358974358974358,0.11997100000007777,0.0,0.02564102564102564,0.0641025641025641,0.0,0.07692307692307693,0.08974358974358974,0.19230769230769232,0.038461538461538464,0.038461538461538464,0.08974358974358974,0.15384615384615385,0.10256410256410256,0.02564102564102564,0.0641025641025641,0.02564102564102564,0.01282051282051282,0.0,0.0,0.01282051282051282,0.0,0.02564102564102564,0.0,0.0,0.0,0.0,0.0,0.0,0.01282051282051282,0.038461538461538464,0.0,0.0,0.0,0.01282051282051282,0.01282051282051282,0.02564102564102564,0.0,0.01282051282051282,0.01282051282051282,0.0,0.0,0.01282051282051282,0.038461538461538464,0.01282051282051282,0.05128205128205128,0.07692307692307693,0.08974358974358974,0.02564102564102564,0.01282051282051282,0.0,0.038461538461538464,0.01282051282051282,0.05128205128205128,0.0641025641025641,0.07692307692307693,0.0641025641025641,0.0,0.0,0.0,0.01282051282051282,0.01282051282051282,0.01282051282051282,0.0,0.038461538461538464,0.0,0.01282051282051282,0.0,0.0,0.038461538461538464,0.01282051282051282,0.0,0.01282051282051282,0.0,0.0,0.01282051282051282,0.0,0.02564102564102564,0.01282051282051282,0.0,0.0,0.0
DVP_151_03877dd71d94,Data/UIScreenshots/1_fake/ui_0157.png,UIScreenshots,1,941,1672,21,0.06307234490438249,0.06307234490438249,0.003003444995446785,0.0017637502605901286,0.002747644797567568,0.1592024695106523,0.018540669856459333,0.8740837644150934,0.09523809523809523,0.4312945389125706,0.2841096530643617,0.46548204271181715,0.31755614354711914,0.8544102019128587,0.9518540669856459,0.1340372106772649,0.10819765301791161,0.0915229417593775,0.5488485374127402,0.28291642130587624,0.08571428571428572,0.06190476190476191,4.495304006074413,19.222382334567634,0.047619047619047616,0.12065249999977823,0.14285714285714285,0.09523809523809523,0.0,0.047619047619047616,0.09523809523809523,0.09523809523809523,0.0,0.047619047619047616,0.047619047619047616,0.047619047619047616,0.09523809523809523,0.047619047619047616,0.047619047619047616,0.047619047619047616,0.047619047619047616,0.09523809523809523,0.047619047619047616,0.047619047619047616,0.0,0.0,0.0,0.0,0.0,0.047619047619047616,0.0,0.047619047619047616,0.09523809523809523,0.0,0.0,0.0,0.0,0.0,0.0,0.047619047619047616,0.09523809523809523,0.0,0.0,0.0,0.047619047619047616,0.0,0.0,0.047619047619047616,0.0,0.0,0.0,0.0,0.0,0.0,0.0,0.047619047619047616,0.047619047619047616,0.0,0.047619047619047616,0.047619047619047616,0.047619047619047616,0.0,0.0,0.0,0.0,0.0,0.0,0.0,0.0,0.0,0.0,0.0,0.0,0.0,0.0,0.0,0.0,0.0,0.0,0.047619047619047616,0.047619047619047616,0.0,0.047619047619047616,0.0,0.09523809523809523,0.0
DVP_152_038afef990e9,Data/CommercialPosters/0_real/5b63218b1cc8aa5429d05997_preview.jpg,CommercialPosters,0,1024,536,4,0.056974951900652986,0.05703325413945896,0.01425831353486474,0.009961939569729478,0.012896477358144814,0.08056640625,0.197294776119403,0.8372691306841835,0.25,0.8031636157066994,0.1471675496068874,0.5117031265242415,0.08605878524350657,0.35913883782679734,0.20971734464930253,0.18154819847870368,0.1814060924965196,0.02845537479596915,0.2646197815077624,0.08649533918738325,0.16666666666666666,0.16666666666666666,67.26260828589105,74.26645224327919,0.75,0.11985859999913373,0.0,0.0,0.0,0.0,0.0,0.0,0.25,0.5,0.0,0.0,0.0,0.25,0.0,0.0,0.0,0.0,0.0,0.0,0.0,0.0,0.0,0.0,0.0,0.0,0.0,0.0,0.0,0.0,0.0,0.0,0.0,0.0,0.0,0.0,0.0,0.0,0.0,0.0,0.0,0.0,0.0,0.0,0.0,0.0,0.25,0.0,0.25,0.25,0.0,0.0,0.0,0.0,0.0,0.0,0.0,0.0,0.0,0.0,0.0,0.0,0.0,0.0,0.0,0.25,0.0,0.0,0.0,0.0,0.0,0.0,0.0,0.0,0.0,0.0,0.0,0.0,0.0,0.0,0.0,0.0
DVP_153_038d09fb52e0,Data/AcademicPosters/0_real/ICLR_2023_13489_Understanding forest resilience to drought with Shapley valu.png,AcademicPosters,0,4200,2800,181,0.29383707842640727,0.2974656887755102,0.0016434568440635924,0.0011173469387755102,0.0015643882515162123,0.11292159957905815,0.015224940805051301,0.8189859166752261,0.2265193370165746,0.4578310505389676,0.2717395118913327,0.5648984546173484,0.2631381463863002,0.8922619185359623,0.9420661128273635,0.02659831184990606,0.019729713708699997,0.018803542673806326,0.48383912326860795,0.23164114130618235,0.04137507673419276,0.06206261510128913,2.2220436478214345,12.67954748974704,0.03867403314917127,0.16192389999923762,0.04419889502762431,0.03314917127071823,0.03314917127071823,0.03867403314917127,0.07734806629834254,0.06629834254143646,0.049723756906077346,0.04419889502762431,0.11049723756906077,0.0718232044198895,0.08839779005524862,0.06077348066298342,0.07734806629834254,0.06629834254143646,0.06077348066298342,0.07734806629834254,0.0055248618784530384,0.0055248618784530384,0.0,0.011049723756906077,0.0055248618784530384,0.011049723756906077,0.016574585635359115,0.0055248618784530384,0.0055248618784530384,0.027624309392265192,0.0,0.022099447513812154,0.0,0.016574585635359115,0.016574585635359115,0.0,0.016574585635359115,0.03314917127071823,0.016574585635359115,0.011049723756906077,0.011049723756906077,0.011049723756906077,0.016574585635359115,0.0055248618784530384,0.0055248618784530384,0.022099447513812154,0.022099447513812154,0.016574585635359115,0.011049723756906077,0.016574585635359115,0.011049723756906077,0.011049723756906077,0.011049723756906077,0.022099447513812154,0.0,0.027624309392265192,0.03314917127071823,0.011049723756906077,0.027624309392265192,0.011049723756906077,0.04419889502762431,0.03314917127071823,0.016574585635359115,0.027624309392265192,0.03314917127071823,0.011049723756906077,0.022099447513812154,0.0,0.03314917127071823,0.011049723756906077,0.0,0.03314917127071823,0.011049723756906077,0.016574585635359115,0.03314917127071823,0.0,0.022099447513812154,0.011049723756906077,0.016574585635359115,0.016574585635359115,0.03314917127071823,0.0,0.04419889502762431,0.0
DVP_154_038ec4d9acc9,Data/InfographicCharts/0_real/00047167.jpg,InfographicCharts,0,1080,1080,18,0.15328189300411524,0.15328189300411524,0.008515660722450847,0.0068278463648834015,0.006108104573865208,0.17901234567901234,0.04753086419753086,0.939924348237575,0.0,0.5909465020576131,0.19859775429574383,0.4444444444444444,0.26491969814257615,0.5828703703703704,0.7671296296296296,0.11301246261956496,0.11041714891765998,0.021544120601046452,0.44193083117070386,0.19194023410222547,0.0784313725490196,0.0915032679738562,0.15002363151150178,0.45323048547043626,0.0,0.19680820000030508,0.0,0.16666666666666666,0.1111111111111111,0.05555555555555555,0.0,0.1111111111111111,0.0,0.1111111111111111,0.0,0.1111111111111111,0.0,0.1111111111111111,0.0,0.1111111111111111,0.0,0.1111111111111111,0.0,0.0,0.05555555555555555,0.0,0.0,0.05555555555555555,0.05555555555555555,0.0,0.0,0.0,0.05555555555555555,0.05555555555555555,0.0,0.05555555555555555,0.0,0.0,0.0,0.0,0.0,0.05555555555555555,0.0,0.0,0.05555555555555555,0.0,0.0,0.0,0.0,0.05555555555555555,0.0,0.0,0.05555555555555555,0.0,0.0,0.0,0.05555555555555555,0.0,0.0,0.0,0.05555555555555555,0.0,0.0,0.0,0.0,0.05555555555555555,0.0,0.0,0.05555555555555555,0.0,0.0,0.0,0.0,0.1111111111111111,0.0,0.0,0.1111111111111111,0.0,0.0,0.0,0.0,0.0,0.0,0.0,0.0,0.0
DVP_155_0397ead33b36,Data/CommercialPosters/1_fake/commercial_poster_0546.png,CommercialPosters,1,1086,1448,41,0.1785448820735534,0.17891923069096385,0.004363883675389362,0.0015828017052796515,0.008986097345589599,0.127386246238153,0.024204958900417732,0.8927874753595648,0.04878048780487805,0.39392023615093696,0.2424202154666482,0.5853371830468199,0.2757406751090183,0.8121546961325967,0.914364640883978,0.04407153756330406,0.02827609563045,0.030505315061394513,0.4688385283447083,0.23776336961638647,0.07317073170731707,0.08292682926829269,7.306493685897311,23.71956920922305,0.14634146341463414,0.14473509999879752,0.04878048780487805,0.024390243902439025,0.0,0.07317073170731707,0.0975609756097561,0.07317073170731707,0.04878048780487805,0.0,0.21951219512195122,0.04878048780487805,0.07317073170731707,0.0,0.07317073170731707,0.07317073170731707,0.07317073170731707,0.07317073170731707,0.0,0.024390243902439025,0.0,0.0,0.0,0.0,0.0,0.0,0.0,0.024390243902439025,0.024390243902439025,0.0,0.0,0.0,0.07317073170731707,0.0,0.0,0.024390243902439025,0.04878048780487805,0.024390243902439025,0.0,0.0,0.0,0.0,0.0,0.07317073170731707,0.0,0.0,0.04878048780487805,0.0,0.0,0.0,0.024390243902439025,0.0975609756097561,0.0,0.04878048780487805,0.07317073170731707,0.0,0.0,0.0,0.024390243902439025,0.07317073170731707,0.0,0.0,0.0,0.0,0.0,0.0,0.0,0.0,0.0,0.0,0.0,0.0,0.0,0.0,0.0,0.07317073170731707,0.0,0.07317073170731707,0.024390243902439025,0.04878048780487805,0.04878048780487805,0.024390243902439025
DVP_156_039851574579,Data/CommercialPosters/1_fake/commercial_poster_0033.png,CommercialPosters,1,1448,1086,41,0.07984501411029706,0.08016963767894754,0.001955357016559696,0.001354506883184274,0.0022937891201527992,0.09223824282441719,0.018865382023985987,0.8581334728595987,0.12195121951219512,0.32994205632664064,0.2684394382290596,0.7146161793109643,0.23966317854084818,0.8073204419889503,0.8047882136279927,0.027098649912955616,0.021368268355145558,0.014509423262947135,0.441083840403613,0.2663011389050429,0.10365853658536585,0.1353658536585366,0.18050658586764434,0.5743254225177126,0.0,0.14371749999918393,0.07317073170731707,0.0,0.0,0.0,0.12195121951219512,0.0,0.0,0.0,0.2682926829268293,0.0,0.0,0.0,0.12195121951219512,0.12195121951219512,0.1951219512195122,0.0975609756097561,0.0,0.0,0.0,0.0,0.0,0.0,0.0,0.0,0.07317073170731707,0.0,0.0,0.0,0.0,0.0,0.0,0.0,0.0,0.04878048780487805,0.0,0.0,0.0,0.0,0.0,0.0,0.04878048780487805,0.024390243902439025,0.0,0.0,0.0,0.0,0.0,0.0,0.04878048780487805,0.07317073170731707,0.0,0.0,0.0,0.0,0.0,0.0,0.07317073170731707,0.07317073170731707,0.0,0.0,0.0,0.0,0.0,0.0,0.0,0.04878048780487805,0.024390243902439025,0.0,0.0,0.0,0.0,0.0,0.0,0.07317073170731707,0.024390243902439025,0.07317073170731707,0.0975609756097561,0.0975609756097561,0.07317073170731707,0.024390243902439025
DVP_157_039dcd37c70e,Data/InfographicCharts/0_real/00041832.jpg,InfographicCharts,0,614,529,11,0.08496764222335794,0.08496764222335794,0.007724331111214358,0.0064038225894841845,0.005559858759406584,0.23038199585430857,0.03505757002921464,0.9152123186975313,0.0,0.37988676710380065,0.2072528505059247,0.3809951854239033,0.3128109730280297,0.5960912052117264,0.8638941398865785,0.17731508577240115,0.14654087417278103,0.11047477371752402,0.5026009056727585,0.23908600371829658,0.05454545454545454,0.07272727272727272,0.04037676664654038,0.12768254715618638,0.0,0.07960049999928742,0.09090909090909091,0.2727272727272727,0.18181818181818182,0.0,0.0,0.0,0.09090909090909091,0.0,0.0,0.09090909090909091,0.0,0.0,0.18181818181818182,0.0,0.09090909090909091,0.0,0.0,0.0,0.09090909090909091,0.09090909090909091,0.09090909090909091,0.09090909090909091,0.0,0.0,0.09090909090909091,0.0,0.0,0.09090909090909091,0.0,0.0,0.0,0.0,0.0,0.0,0.0,0.0,0.0,0.0,0.0,0.0,0.0,0.0,0.0,0.0,0.0,0.09090909090909091,0.0,0.0,0.0,0.0,0.09090909090909091,0.0,0.0,0.0,0.0,0.0,0.0,0.0,0.0,0.0,0.0,0.0,0.0,0.0,0.09090909090909091,0.0,0.0,0.0,0.09090909090909091,0.0,0.0,0.0,0.0,0.09090909090909091,0.0,0.0,0.0,0.0,0.0,0.0
DVP_158_03a14c2ed9fb,Data/CommercialPosters/0_real/5bd9d0459259f9ba54b31cf9_preview.jpg,CommercialPosters,0,576,1024,8,0.1079898410373264,0.1079898410373264,0.0134987301296658,0.004914177788628472,0.012473073139280626,0.2625868055555556,0.0435791015625,0.9365486643887025,0.0,0.5026041666666666,0.134267599692048,0.43121337890625,0.3109281526531168,0.40885416666666663,0.84423828125,0.10095270749007597,0.07861931430674307,0.051766280790081824,0.4557098757376597,0.23347230949780448,0.07142857142857142,0.21428571428571427,0.0,0.0,0.0,0.11441840000043157,0.0,0.125,0.25,0.0,0.0,0.125,0.125,0.0,0.0,0.0,0.125,0.0,0.0,0.0,0.25,0.0,0.0,0.0,0.0,0.0,0.125,0.0,0.0,0.0,0.0,0.0,0.125,0.0,0.0,0.125,0.0,0.0,0.0,0.0,0.125,0.0,0.0,0.125,0.0,0.0,0.0,0.0,0.0,0.0,0.0,0.0,0.0,0.0,0.0,0.0,0.0,0.0,0.0,0.0,0.0,0.0,0.0,0.0,0.0,0.0,0.125,0.0,0.0,0.0,0.0,0.0,0.0,0.0,0.125,0.0,0.0,0.0,0.0,0.0,0.0,0.0,0.125,0.0,0.0,0.0
DVP_159_03a8a35a4bdf,Data/InfographicCharts/0_real/00048468.jpg,InfographicCharts,0,600,323,43,0.19227748292299376,0.19751805985552118,0.0045934432524539805,0.002807017543859649,0.005268932746029953,0.1165503875968992,0.04507163942688459,0.8783050613044422,0.023255813953488372,0.47064404933468956,0.2744526921900329,0.655973815759594,0.2593572268563046,0.9085264982664686,0.8854489164086687,0.0743973950796131,0.04028217178436055,0.05271825293572581,0.48256819160253794,0.2431025805977906,0.09856035437430787,0.053156146179401995,0.9011091713644589,2.6751559529336104,0.046511627906976744,0.06260190000102739,0.023255813953488372,0.09302325581395349,0.0,0.0,0.06976744186046512,0.0,0.0,0.046511627906976744,0.06976744186046512,0.06976744186046512,0.06976744186046512,0.046511627906976744,0.13953488372093023,0.16279069767441862,0.06976744186046512,0.13953488372093023,0.023255813953488372,0.0,0.0,0.046511627906976744,0.0,0.0,0.0,0.0,0.0,0.0,0.0,0.046511627906976744,0.0,0.0,0.0,0.0,0.0,0.046511627906976744,0.0,0.0,0.0,0.0,0.0,0.023255813953488372,0.023255813953488372,0.0,0.0,0.0,0.0,0.0,0.023255813953488372,0.0,0.0,0.023255813953488372,0.0,0.023255813953488372,0.023255813953488372,0.023255813953488372,0.0,0.0,0.023255813953488372,0.023255813953488372,0.023255813953488372,0.023255813953488372,0.023255813953488372,0.0,0.023255813953488372,0.023255813953488372,0.046511627906976744,0.046511627906976744,0.046511627906976744,0.046511627906976744,0.0,0.046511627906976744,0.046511627906976744,0.046511627906976744,0.023255813953488372,0.023255813953488372,0.023255813953488372,0.046511627906976744,0.0,0.023255813953488372,0.023255813953488372,0.023255813953488372
DVP_160_03aad9447ce8,Data/Receipts/0_real/X51005763958.jpg,Receipts,0,742,1625,49,0.30068684716818717,0.3044300228073813,0.006212857608313904,0.005110512129380054,0.004178800730747466,0.2866494306617526,0.022555729984301415,0.8941873241832272,0.02040816326530612,0.381390233754828,0.22832865064354568,0.5907943032077859,0.2505252066358589,0.6415094339622642,0.8890764574286091,0.05122534514376017,0.04379733718610232,0.03140602641282354,0.4348940144521676,0.21318599567198504,0.01870748299319728,0.0824829931972789,0.28853943326728504,0.6038441513275045,0.0,0.1017253999998502,0.08163265306122448,0.08163265306122448,0.0,0.0,0.10204081632653061,0.04081632653061224,0.02040816326530612,0.0,0.14285714285714285,0.061224489795918366,0.14285714285714285,0.0,0.08163265306122448,0.08163265306122448,0.16326530612244897,0.0,0.02040816326530612,0.0,0.02040816326530612,0.0,0.0,0.0,0.0,0.0,0.0,0.061224489795918366,0.04081632653061224,0.02040816326530612,0.0,0.0,0.0,0.0,0.0,0.04081632653061224,0.0,0.02040816326530612,0.0,0.0,0.0,0.0,0.0,0.061224489795918366,0.0,0.02040816326530612,0.0,0.02040816326530612,0.0,0.0,0.02040816326530612,0.04081632653061224,0.02040816326530612,0.02040816326530612,0.0,0.061224489795918366,0.0,0.0,0.02040816326530612,0.061224489795918366,0.02040816326530612,0.0,0.0,0.08163265306122448,0.0,0.0,0.04081632653061224,0.02040816326530612,0.0,0.02040816326530612,0.061224489795918366,0.08163265306122448,0.0,0.0,0.02040816326530612,0.0,0.061224489795918366,0.0,0.0,0.02040816326530612,0.0,0.0
DVP_161_03ac139de54c,Data/CommercialPosters/0_real/5ba112a218654940f77b1f5b_preview.jpg,CommercialPosters,0,1024,576,3,0.03300645616319445,0.03300645616319444,0.011002152054398147,0.004679361979166667,0.010563832690571932,0.16731770833333334,0.056712962962962965,0.9076620688524386,0.0,0.609375,0.05751088136184557,0.5399305555555556,0.03560791681230363,0.14013671875,0.0763888888888889,0.08645903621630768,0.08253779206829953,0.005545476655489247,0.11214790321734706,0.033898723399815325,0.3333333333333333,0.0,0.7203598294087925,1.0187426405386835,0.0,0.11140899999918474,0.0,0.0,0.0,0.0,0.0,0.0,0.3333333333333333,0.0,0.0,0.0,0.6666666666666666,0.0,0.0,0.0,0.0,0.0,0.0,0.0,0.0,0.0,0.0,0.0,0.0,0.0,0.0,0.0,0.0,0.0,0.0,0.0,0.0,0.0,0.0,0.0,0.0,0.0,0.0,0.0,0.0,0.0,0.0,0.0,0.0,0.0,0.3333333333333333,0.0,0.0,0.0,0.0,0.0,0.0,0.0,0.3333333333333333,0.3333333333333333,0.0,0.0,0.0,0.0,0.0,0.0,0.0,0.0,0.0,0.0,0.0,0.0,0.0,0.0,0.0,0.0,0.0,0.0,0.0,0.0,0.0,0.0,0.0,0.0,0.0,0.0
DVP_162_03b003a6be84,Data/CommercialPosters/0_real/5bd04ade78e1194aa6dcd297_preview.jpg,CommercialPosters,0,576,1024,6,0.0963685777452257,0.09636857774522568,0.01606142962420428,0.013099246554904515,0.012422636318866313,0.37702546296296297,0.039225260416666664,0.9138582533688816,0.0,0.5014808631327019,0.004506078655735644,0.5244591159448969,0.340161497559,0.015184924943681122,0.79931640625,0.06662334027838508,0.058861555043171816,0.04090549829263203,0.4416998169183713,0.2874954429790444,0.0,1.0,0.419006453680917,0.4503462389404615,0.0,0.11622990000068967,0.0,0.0,0.3333333333333333,0.0,0.0,0.0,0.16666666666666666,0.0,0.0,0.0,0.16666666666666666,0.0,0.0,0.16666666666666666,0.16666666666666666,0.0,0.0,0.0,0.0,0.0,0.0,0.0,0.0,0.0,0.0,0.0,0.0,0.0,0.3333333333333333,0.0,0.0,0.0,0.0,0.0,0.0,0.0,0.16666666666666666,0.0,0.0,0.0,0.0,0.0,0.0,0.0,0.0,0.0,0.0,0.0,0.0,0.0,0.0,0.0,0.0,0.0,0.0,0.0,0.0,0.0,0.0,0.0,0.16666666666666666,0.0,0.0,0.0,0.0,0.0,0.0,0.0,0.0,0.0,0.0,0.0,0.0,0.0,0.0,0.16666666666666666,0.16666666666666666,0.0,0.0,0.0
DVP_163_03b7647ad693,Data/UIScreenshots/1_fake/ui_0569.png,UIScreenshots,1,941,1672,38,0.08457442845202227,0.08457738636999222,0.0022257206939471637,0.001718941470185947,0.0015348078158129118,0.12735611611387662,0.017690757995467134,0.8948357524693934,0.05263157894736842,0.4388720984399686,0.3105678371341433,0.5705116122634857,0.26177826219782335,0.8320935175345378,0.9392942583732057,0.06962383456196647,0.055528094158817085,0.0547801702643082,0.5138890068349634,0.27348934075962017,0.044096728307254626,0.13940256045519203,2.9669044960647515,14.559126514352732,0.02631578947368421,0.11524480000116455,0.15789473684210525,0.02631578947368421,0.0,0.0,0.07894736842105263,0.05263157894736842,0.02631578947368421,0.02631578947368421,0.15789473684210525,0.05263157894736842,0.0,0.18421052631578946,0.05263157894736842,0.05263157894736842,0.02631578947368421,0.10526315789473684,0.02631578947368421,0.05263157894736842,0.0,0.0,0.0,0.0,0.0,0.0,0.0,0.07894736842105263,0.02631578947368421,0.0,0.0,0.0,0.0,0.0,0.0,0.02631578947368421,0.02631578947368421,0.0,0.0,0.0,0.0,0.0,0.0,0.05263157894736842,0.0,0.02631578947368421,0.02631578947368421,0.0,0.02631578947368421,0.0,0.0,0.05263157894736842,0.02631578947368421,0.0,0.0,0.0,0.02631578947368421,0.05263157894736842,0.02631578947368421,0.07894736842105263,0.02631578947368421,0.0,0.0,0.0,0.05263157894736842,0.05263157894736842,0.0,0.02631578947368421,0.02631578947368421,0.0,0.0,0.0,0.05263157894736842,0.0,0.0,0.02631578947368421,0.0,0.02631578947368421,0.02631578947368421,0.0,0.05263157894736842,0.0
DVP_164_03b8c995fbde,Data/UIScreenshots/0_real/32067.jpg,UIScreenshots,0,1080,1920,29,0.10420219907407408,0.10561390817901233,0.003641858902724563,0.0025462962962962965,0.0030460489646839833,0.17643678160919532,0.02535919540229885,0.86951132089346,0.13793103448275862,0.3786080267265465,0.2741378204131461,0.324137485769864,0.30960764852616174,0.8953703703703704,0.8760416666666667,0.06969421976709331,0.05740977001000062,0.03543414075642793,0.5275733571949079,0.2754961390045288,0.12807881773399016,0.054187192118226604,15.864804090145382,34.16342324608239,0.1724137931034483,0.11388040000019828,0.1724137931034483,0.13793103448275862,0.06896551724137931,0.10344827586206896,0.13793103448275862,0.034482758620689655,0.0,0.0,0.10344827586206896,0.06896551724137931,0.0,0.0,0.0,0.10344827586206896,0.0,0.06896551724137931,0.06896551724137931,0.06896551724137931,0.06896551724137931,0.06896551724137931,0.034482758620689655,0.034482758620689655,0.034482758620689655,0.034482758620689655,0.0,0.034482758620689655,0.0,0.0,0.0,0.0,0.0,0.034482758620689655,0.06896551724137931,0.034482758620689655,0.0,0.0,0.0,0.0,0.0,0.0,0.0,0.034482758620689655,0.034482758620689655,0.0,0.0,0.0,0.0,0.0,0.06896551724137931,0.034482758620689655,0.06896551724137931,0.0,0.0,0.0,0.0,0.0,0.0,0.0,0.0,0.0,0.0,0.0,0.0,0.0,0.0,0.0,0.034482758620689655,0.06896551724137931,0.0,0.0,0.0,0.0,0.0,0.0,0.0,0.0,0.0,0.0,0.034482758620689655,0.034482758620689655
DVP_165_03c37c8a842e,Data/CommercialPosters/1_fake/commercial_poster_0578.png,CommercialPosters,1,1086,1448,39,0.15852482605807422,0.16668510830967717,0.004273977136145569,0.0015516416877791683,0.010802761281830362,0.13179392737403786,0.022117155404448224,0.8599765246309888,0.20512820512820512,0.5919191284434304,0.28629879738749375,0.6008555845563177,0.2998344776453177,0.9083793738489871,0.9323204419889504,0.043334751916763864,0.02438001810511584,0.04103231836274477,0.5206410193013896,0.2858566581200457,0.06747638326585695,0.11336032388663968,5.703773534496763,20.106841802492433,0.10256410256410256,0.14578979999896546,0.07692307692307693,0.0,0.02564102564102564,0.07692307692307693,0.0,0.0,0.07692307692307693,0.07692307692307693,0.02564102564102564,0.05128205128205128,0.0,0.20512820512820512,0.10256410256410256,0.07692307692307693,0.07692307692307693,0.1282051282051282,0.07692307692307693,0.0,0.0,0.0,0.0,0.0,0.0,0.05128205128205128,0.0,0.0,0.0,0.0,0.0,0.02564102564102564,0.0,0.02564102564102564,0.0,0.0,0.0,0.0,0.0,0.02564102564102564,0.0,0.0,0.0,0.0,0.0,0.0,0.02564102564102564,0.02564102564102564,0.07692307692307693,0.0,0.0,0.02564102564102564,0.0,0.0,0.0,0.0,0.1282051282051282,0.0,0.0,0.0,0.02564102564102564,0.02564102564102564,0.0,0.0,0.07692307692307693,0.0,0.0,0.0,0.02564102564102564,0.0,0.0,0.02564102564102564,0.07692307692307693,0.0,0.05128205128205128,0.05128205128205128,0.0,0.05128205128205128,0.02564102564102564,0.02564102564102564,0.05128205128205128,0.0
DVP_166_03c659caa782,Data/Receipts/1_fake/receipt_0271.png,Receipts,1,1023,1537,61,0.18913111639831057,0.18913111639831057,0.003100510104890337,0.002455558587109367,0.0023384665427754934,0.16758809672611893,0.018654607122668174,0.8952005667741479,0.01639344262295082,0.5047444038823768,0.1762746425474258,0.4900424172839378,0.20021577420787623,0.5803210371970983,0.903708523096942,0.030843836284970505,0.0233282878394007,0.015120758324406845,0.34219970413537,0.16610100655422105,0.02841530054644809,0.11584699453551912,8.815554961626416,26.240170154451338,0.09836065573770492,0.15411549999953422,0.0,0.08196721311475409,0.03278688524590164,0.0,0.01639344262295082,0.13114754098360656,0.19672131147540983,0.08196721311475409,0.01639344262295082,0.16393442622950818,0.06557377049180328,0.09836065573770492,0.0,0.11475409836065574,0.0,0.0,0.0,0.0,0.0,0.01639344262295082,0.03278688524590164,0.0,0.0,0.0,0.0,0.0,0.0,0.06557377049180328,0.0,0.0,0.0,0.0,0.0,0.01639344262295082,0.06557377049180328,0.0,0.0,0.03278688524590164,0.0,0.0,0.0,0.0,0.06557377049180328,0.0,0.08196721311475409,0.08196721311475409,0.08196721311475409,0.0,0.0,0.0,0.08196721311475409,0.0,0.03278688524590164,0.03278688524590164,0.08196721311475409,0.0,0.0,0.01639344262295082,0.04918032786885246,0.03278688524590164,0.0,0.0,0.01639344262295082,0.0,0.0,0.0,0.01639344262295082,0.04918032786885246,0.0,0.0,0.0,0.0,0.0,0.0,0.0,0.04918032786885246,0.0,0.0,0.0,0.0
DVP_167_03c8de266eae,Data/Tables/1_fake/table_0921.png,Tables,1,1402,1122,119,0.3707447038583885,0.372345910222473,0.003128957228760277,0.0023451346561189643,0.002341809640622797,0.12314340857598387,0.025607034257553295,0.9099908925728887,0.0,0.5322987218106138,0.2856960854123901,0.4797219572405818,0.24174486797274922,0.8634094151212554,0.9385056616130741,0.03574631075407723,0.03387560260780249,0.009603129923121703,0.47955161419521053,0.22919394514465388,0.032616436405070504,0.15923657598632673,0.1638630905418767,0.496886373345506,0.0,0.18033969999851251,0.03361344537815126,0.05042016806722689,0.04201680672268908,0.07563025210084033,0.06722689075630252,0.06722689075630252,0.06722689075630252,0.13445378151260504,0.058823529411764705,0.058823529411764705,0.058823529411764705,0.11764705882352941,0.058823529411764705,0.03361344537815126,0.025210084033613446,0.05042016806722689,0.008403361344537815,0.0,0.008403361344537815,0.01680672268907563,0.01680672268907563,0.0,0.01680672268907563,0.008403361344537815,0.025210084033613446,0.0,0.0,0.025210084033613446,0.025210084033613446,0.0,0.025210084033613446,0.025210084033613446,0.008403361344537815,0.025210084033613446,0.0,0.03361344537815126,0.03361344537815126,0.0,0.03361344537815126,0.03361344537815126,0.03361344537815126,0.0,0.0,0.03361344537815126,0.03361344537815126,0.0,0.03361344537815126,0.03361344537815126,0.025210084033613446,0.0,0.0,0.025210084033613446,0.025210084033613446,0.0,0.025210084033613446,0.025210084033613446,0.01680672268907563,0.01680672268907563,0.0,0.03361344537815126,0.03361344537815126,0.0,0.03361344537815126,0.03361344537815126,0.025210084033613446,0.0,0.0,0.025210084033613446,0.025210084033613446,0.0,0.025210084033613446,0.025210084033613446,0.008403361344537815,0.025210084033613446,0.008403361344537815,0.0,0.0,0.0,0.0,0.0
DVP_168_03d3999357b4,Data/UIScreenshots/1_fake/ui_0583.png,UIScreenshots,1,941,1672,45,0.11498232764847363,0.11512776543329148,0.002558394787406477,0.002272218804183679,0.0014613108642808333,0.14906128232376906,0.01822169059011164,0.8822159756605726,0.044444444444444446,0.4685847635539025,0.30778231976297893,0.544694800969091,0.30277622111807023,0.8857598299681191,0.9686004784688995,0.0673888871441432,0.06247496512742764,0.04542980992715647,0.5580256825978923,0.2643615177813332,0.052525252525252523,0.07171717171717172,2.3149825951304286,13.330005175368187,0.022222222222222223,0.13811279999936232,0.1111111111111111,0.044444444444444446,0.0,0.06666666666666667,0.06666666666666667,0.044444444444444446,0.06666666666666667,0.08888888888888889,0.15555555555555556,0.0,0.0,0.044444444444444446,0.022222222222222223,0.17777777777777778,0.044444444444444446,0.06666666666666667,0.022222222222222223,0.044444444444444446,0.0,0.0,0.0,0.0,0.0,0.022222222222222223,0.022222222222222223,0.022222222222222223,0.022222222222222223,0.022222222222222223,0.0,0.0,0.022222222222222223,0.022222222222222223,0.0,0.022222222222222223,0.0,0.0,0.022222222222222223,0.0,0.0,0.044444444444444446,0.0,0.044444444444444446,0.0,0.044444444444444446,0.0,0.044444444444444446,0.0,0.044444444444444446,0.0,0.08888888888888889,0.0,0.0,0.0,0.0,0.0,0.022222222222222223,0.022222222222222223,0.044444444444444446,0.0,0.0,0.0,0.0,0.0,0.022222222222222223,0.0,0.0,0.06666666666666667,0.022222222222222223,0.0,0.0,0.0,0.022222222222222223,0.022222222222222223,0.0,0.044444444444444446,0.044444444444444446,0.022222222222222223,0.022222222222222223,0.0,0.044444444444444446
DVP_169_03e5c2e492ad,Data/InfographicCharts/0_real/00035241.jpg,InfographicCharts,0,1200,675,46,0.13256851851851853,0.13584259259259257,0.0029530998389694038,0.0007160493827160495,0.011063375337101139,0.055271739130434795,0.029404186795491147,0.8627145269167749,0.06521739130434782,0.32570953126284424,0.2091727682655496,0.45482499935729953,0.2976633630655578,0.8345833333333333,0.9466666666666667,0.057254648315120636,0.050888727997211884,0.02853332046397219,0.4620109332670964,0.2390436529799138,0.03671497584541063,0.14202898550724638,3.0253813552026605,13.472981103558777,0.10869565217391304,0.12522920000083104,0.10869565217391304,0.08695652173913043,0.13043478260869565,0.021739130434782608,0.10869565217391304,0.10869565217391304,0.0,0.0,0.10869565217391304,0.10869565217391304,0.0,0.021739130434782608,0.06521739130434782,0.08695652173913043,0.021739130434782608,0.021739130434782608,0.043478260869565216,0.0,0.0,0.06521739130434782,0.08695652173913043,0.0,0.0,0.0,0.043478260869565216,0.021739130434782608,0.021739130434782608,0.0,0.043478260869565216,0.0,0.021739130434782608,0.0,0.043478260869565216,0.0,0.0,0.043478260869565216,0.0,0.0,0.0,0.0,0.06521739130434782,0.0,0.043478260869565216,0.021739130434782608,0.0,0.0,0.0,0.0,0.043478260869565216,0.0,0.043478260869565216,0.0,0.0,0.0,0.0,0.0,0.06521739130434782,0.0,0.06521739130434782,0.0,0.0,0.0,0.021739130434782608,0.0,0.043478260869565216,0.0,0.043478260869565216,0.0,0.0,0.0,0.0,0.0,0.021739130434782608,0.0,0.021739130434782608,0.021739130434782608,0.021739130434782608,0.0,0.0,0.021739130434782608
DVP_170_03e68175455f,Data/AcademicPosters/1_fake/academic_poster_0759.png,AcademicPosters,1,1402,1122,253,0.23875603622731237,0.24226022921164317,0.0009575503130894987,0.0004863182466606147,0.0016222800167985435,0.06853845156270263,0.014309568599268668,0.8494633672539846,0.12648221343873517,0.43200578835601655,0.275318405225551,0.5818816671955849,0.26371644566966373,0.9415121255349501,0.9529803052041216,0.02494024848518643,0.018357753292742,0.014340849138384536,0.481816087994604,0.24433578870834202,0.05637116506681724,0.049909028169897736,3.5830168091791395,16.752768543781333,0.05928853754940711,0.19909109999935026,0.03162055335968379,0.03162055335968379,0.03557312252964427,0.06719367588932806,0.06324110671936758,0.05928853754940711,0.043478260869565216,0.05928853754940711,0.06324110671936758,0.10276679841897234,0.06719367588932806,0.039525691699604744,0.17786561264822134,0.09881422924901186,0.02766798418972332,0.03162055335968379,0.003952569169960474,0.0,0.0,0.007905138339920948,0.003952569169960474,0.003952569169960474,0.0,0.0,0.0,0.02766798418972332,0.0,0.023715415019762844,0.011857707509881422,0.015810276679841896,0.03557312252964427,0.03162055335968379,0.015810276679841896,0.007905138339920948,0.011857707509881422,0.023715415019762844,0.007905138339920948,0.011857707509881422,0.023715415019762844,0.015810276679841896,0.015810276679841896,0.023715415019762844,0.011857707509881422,0.011857707509881422,0.015810276679841896,0.007905138339920948,0.019762845849802372,0.0,0.011857707509881422,0.019762845849802372,0.019762845849802372,0.015810276679841896,0.015810276679841896,0.007905138339920948,0.023715415019762844,0.0,0.023715415019762844,0.007905138339920948,0.03162055335968379,0.03557312252964427,0.02766798418972332,0.015810276679841896,0.011857707509881422,0.003952569169960474,0.039525691699604744,0.023715415019762844,0.015810276679841896,0.02766798418972332,0.007905138339920948,0.007905138339920948,0.019762845849802372,0.0,0.05138339920948617,0.06324110671936758,0.03162055335968379,0.023715415019762844,0.0,0.011857707509881422,0.0,0.011857707509881422
DVP_171_03e8abbcb43d,Data/UIScreenshots/1_fake/ui_0886.png,UIScreenshots,1,941,1672,63,0.17339126908663796,0.17339126908663796,0.002752242366454571,0.002356751699556107,0.001615729818052494,0.1478332742944858,0.019993164730006834,0.8719693499456428,0.06349206349206349,0.4945621334251119,0.29160629651017506,0.5200781685497705,0.276693234728536,0.8660998937300743,0.9542464114832535,0.06087155406194613,0.049016088446038705,0.038051287514129596,0.5177074429511673,0.24572026728309182,0.047107014848950336,0.10547875064004096,8.77315070481417,26.451137495105062,0.09523809523809523,0.13097560000096564,0.07936507936507936,0.047619047619047616,0.015873015873015872,0.07936507936507936,0.047619047619047616,0.1111111111111111,0.0,0.09523809523809523,0.031746031746031744,0.1111111111111111,0.0,0.1111111111111111,0.047619047619047616,0.1111111111111111,0.015873015873015872,0.09523809523809523,0.015873015873015872,0.031746031746031744,0.015873015873015872,0.015873015873015872,0.0,0.0,0.015873015873015872,0.031746031746031744,0.0,0.031746031746031744,0.0,0.015873015873015872,0.015873015873015872,0.0,0.031746031746031744,0.0,0.031746031746031744,0.0,0.047619047619047616,0.0,0.0,0.0,0.015873015873015872,0.015873015873015872,0.015873015873015872,0.0,0.06349206349206349,0.0,0.0,0.0,0.047619047619047616,0.015873015873015872,0.015873015873015872,0.0,0.047619047619047616,0.0,0.0,0.0,0.031746031746031744,0.015873015873015872,0.015873015873015872,0.0,0.06349206349206349,0.0,0.0,0.0,0.047619047619047616,0.015873015873015872,0.031746031746031744,0.0,0.07936507936507936,0.0,0.0,0.0,0.047619047619047616,0.031746031746031744,0.015873015873015872,0.0,0.015873015873015872,0.015873015873015872,0.0,0.015873015873015872,0.0,0.015873015873015872
DVP_172_03f4be77758e,Data/InfographicCharts/1_fake/infographic_chart_0158.png,InfographicCharts,1,1536,1024,56,0.1615648520360504,0.16161441802978516,0.0028859717505318777,0.001064300537109375,0.005830951679821736,0.09322684151785714,0.028756277901785716,0.8963226031136993,0.017857142857142856,0.464310707644759,0.26594123275618864,0.5730818833298725,0.2644237326045716,0.861328125,0.91357421875,0.08067619350957086,0.09159641594096807,0.033770920568611335,0.48677496392956027,0.2223820691430999,0.04415584415584416,0.05454545454545454,2.165854929817123,12.078365030875403,0.07142857142857142,0.15237979999983509,0.03571428571428571,0.05357142857142857,0.03571428571428571,0.03571428571428571,0.07142857142857142,0.08928571428571429,0.05357142857142857,0.03571428571428571,0.07142857142857142,0.03571428571428571,0.05357142857142857,0.07142857142857142,0.10714285714285714,0.08928571428571429,0.08928571428571429,0.07142857142857142,0.0,0.0,0.0,0.03571428571428571,0.0,0.0,0.0,0.0,0.017857142857142856,0.017857142857142856,0.017857142857142856,0.0,0.017857142857142856,0.017857142857142856,0.03571428571428571,0.0,0.03571428571428571,0.017857142857142856,0.017857142857142856,0.017857142857142856,0.017857142857142856,0.0,0.017857142857142856,0.0,0.017857142857142856,0.0,0.03571428571428571,0.017857142857142856,0.017857142857142856,0.017857142857142856,0.017857142857142856,0.0,0.03571428571428571,0.0,0.0,0.017857142857142856,0.017857142857142856,0.0,0.017857142857142856,0.017857142857142856,0.03571428571428571,0.0,0.017857142857142856,0.0,0.017857142857142856,0.017857142857142856,0.03571428571428571,0.0,0.017857142857142856,0.017857142857142856,0.05357142857142857,0.03571428571428571,0.017857142857142856,0.05357142857142857,0.017857142857142856,0.017857142857142856,0.017857142857142856,0.05357142857142857,0.0,0.0,0.017857142857142856,0.0,0.03571428571428571,0.0
DVP_173_04043f432f31,Data/CommercialPosters/0_real/5a2304e8d8141396fe9a848b_preview.jpg,CommercialPosters,0,540,810,4,0.08214234872732815,0.08218335619570188,0.02054583904892547,0.019023776863283038,0.009471856575362135,0.47314814814814815,0.045679012345679004,0.9135204724439407,0.0,0.498327664399093,0.001175876899812445,0.7185930545057528,0.0765496511580441,0.002777777777777768,0.19506172839506175,0.051093321251941916,0.051093321251941916,0.0100177898591692,0.1130272449831613,0.05343026578561184,0.0,1.0,0.6383445866370394,0.9169864466738081,0.0,0.14263129999926605,0.0,0.0,0.0,0.0,0.0,0.0,0.0,0.0,0.0,0.5,0.0,0.0,0.0,0.25,0.25,0.0,0.0,0.0,0.0,0.0,0.0,0.0,0.0,0.0,0.0,0.0,0.0,0.0,0.0,0.0,0.0,0.0,0.0,0.0,0.0,0.0,0.0,0.0,0.0,0.0,0.0,0.0,0.0,0.0,0.0,0.0,0.0,0.0,0.0,0.0,0.0,0.25,0.0,0.0,0.0,0.0,0.0,0.0,0.0,0.25,0.0,0.0,0.0,0.0,0.0,0.0,0.0,0.25,0.25,0.0,0.0,0.0,0.0,0.0,0.0,0.0,0.0,0.0,0.0,0.0
DVP_174_04206ec3a991,Data/Tables/0_real/PMC3475003_table_0.jpg,Tables,0,394,409,110,0.3101610645511902,0.31152495252752166,0.00283204502297747,0.0018864880294887864,0.003279933604547638,0.09053991693585603,0.03185152256056902,0.8633828527987542,0.03636363636363636,0.38237217845253546,0.2528200058548951,0.4965656080233935,0.24970054232800257,0.799492385786802,0.969437652811736,0.04008100245124818,0.03554305828544758,0.015367530316640727,0.4557981858996404,0.21702879064274624,0.03236030025020851,0.15329441201000835,20.783575037552403,37.91652140491791,0.2545454545454545,0.18764110000120127,0.08181818181818182,0.045454545454545456,0.03636363636363636,0.03636363636363636,0.12727272727272726,0.06363636363636363,0.06363636363636363,0.06363636363636363,0.1,0.06363636363636363,0.06363636363636363,0.06363636363636363,0.09090909090909091,0.045454545454545456,0.03636363636363636,0.01818181818181818,0.045454545454545456,0.00909090909090909,0.0,0.01818181818181818,0.00909090909090909,0.0,0.00909090909090909,0.0,0.0,0.02727272727272727,0.0,0.02727272727272727,0.02727272727272727,0.0,0.02727272727272727,0.0,0.02727272727272727,0.02727272727272727,0.0,0.02727272727272727,0.02727272727272727,0.0,0.02727272727272727,0.0,0.03636363636363636,0.03636363636363636,0.0,0.03636363636363636,0.03636363636363636,0.0,0.03636363636363636,0.0,0.02727272727272727,0.02727272727272727,0.0,0.02727272727272727,0.02727272727272727,0.0,0.02727272727272727,0.0,0.00909090909090909,0.03636363636363636,0.0,0.03636363636363636,0.03636363636363636,0.0,0.03636363636363636,0.0,0.02727272727272727,0.02727272727272727,0.0,0.02727272727272727,0.02727272727272727,0.0,0.01818181818181818,0.0,0.02727272727272727,0.00909090909090909,0.0,0.01818181818181818,0.00909090909090909,0.0,0.0,0.0
DVP_175_042344ee216c,Data/UIScreenshots/0_real/388.jpg,UIScreenshots,0,540,960,28,0.13365258487654322,0.1336525848765432,0.004773306602733686,0.004222125771604938,0.003548230695698866,0.1986772486772487,0.02399553571428572,0.8828087547304497,0.10714285714285714,0.4894019283317249,0.3355713149994811,0.3381873331305552,0.24030214933023217,0.8425925925925926,0.6947916666666667,0.08342551118886442,0.07095636649883078,0.034888863437854585,0.533965645000097,0.26116260952743103,0.06084656084656084,0.08994708994708994,0.22371184328555113,0.521407031102922,0.0,0.12629279999964638,0.10714285714285714,0.10714285714285714,0.07142857142857142,0.10714285714285714,0.07142857142857142,0.07142857142857142,0.0,0.10714285714285714,0.17857142857142858,0.0,0.0,0.17857142857142858,0.0,0.0,0.0,0.0,0.03571428571428571,0.03571428571428571,0.03571428571428571,0.03571428571428571,0.07142857142857142,0.0,0.03571428571428571,0.0,0.0,0.03571428571428571,0.03571428571428571,0.0,0.0,0.0,0.03571428571428571,0.03571428571428571,0.0,0.03571428571428571,0.03571428571428571,0.0,0.0,0.0,0.03571428571428571,0.03571428571428571,0.0,0.03571428571428571,0.03571428571428571,0.0,0.0,0.0,0.0,0.03571428571428571,0.03571428571428571,0.07142857142857142,0.0,0.0,0.0,0.0,0.03571428571428571,0.07142857142857142,0.07142857142857142,0.0,0.0,0.0,0.0,0.0,0.0,0.07142857142857142,0.0,0.0,0.0,0.0,0.0,0.0,0.0,0.0,0.0,0.0,0.0,0.0,0.0,0.0,0.0,0.0
DVP_176_042b2bd0f18b,Data/InfographicCharts/0_real/00011412.jpeg,InfographicCharts,0,1200,1200,33,0.23362923704213395,0.23548923611111108,0.007136037457912457,0.004079166666666667,0.009981931829284843,0.18898989898989899,0.03373737373737373,0.8974200360863782,0.0,0.4334117089272116,0.29334022408681615,0.5175756066488701,0.246462078940998,0.8908333333333333,0.8637499999999999,0.07212433475976288,0.0662049277057172,0.04553711699509576,0.4927583640710623,0.24484236602027498,0.03409090909090909,0.10037878787878787,3.138194010677436,15.511967330868945,0.030303030303030304,0.21454370000174094,0.0,0.09090909090909091,0.0,0.06060606060606061,0.06060606060606061,0.06060606060606061,0.15151515151515152,0.06060606060606061,0.21212121212121213,0.030303030303030304,0.030303030303030304,0.0,0.09090909090909091,0.030303030303030304,0.030303030303030304,0.09090909090909091,0.0,0.0,0.0,0.030303030303030304,0.0,0.0,0.0,0.0,0.0,0.0,0.0,0.06060606060606061,0.0,0.0,0.0,0.06060606060606061,0.030303030303030304,0.0,0.0,0.030303030303030304,0.030303030303030304,0.030303030303030304,0.0,0.06060606060606061,0.030303030303030304,0.0,0.030303030303030304,0.0,0.09090909090909091,0.0,0.0,0.0,0.06060606060606061,0.06060606060606061,0.030303030303030304,0.0,0.030303030303030304,0.0,0.0,0.0,0.030303030303030304,0.06060606060606061,0.0,0.0,0.0,0.0,0.0,0.0,0.030303030303030304,0.030303030303030304,0.030303030303030304,0.0,0.030303030303030304,0.0,0.030303030303030304,0.030303030303030304,0.030303030303030304,0.0,0.0,0.0,0.0,0.0,0.030303030303030304,0.0
DVP_177_042ba6e59683,Data/Tables/1_fake/table_0548.png,Tables,1,1314,1197,93,0.18142057081375101,0.18157869305429988,0.0019524590650999987,0.0011444135452787219,0.0023923046420823903,0.07785469959575128,0.02532316454217982,0.9048558317201655,0.0,0.5953398231225561,0.2667711224705536,0.5090926874578053,0.26101984655622423,0.8378995433789954,0.9160401002506265,0.03598422146057252,0.027579424420826587,0.02057540616582891,0.47782722071023553,0.23088038651250928,0.024544179523141654,0.19097709209911173,15.802274426169644,34.12305980501214,0.17204301075268819,0.19630539999889152,0.03225806451612903,0.06451612903225806,0.053763440860215055,0.06451612903225806,0.03225806451612903,0.07526881720430108,0.07526881720430108,0.08602150537634409,0.021505376344086023,0.08602150537634409,0.08602150537634409,0.08602150537634409,0.03225806451612903,0.06451612903225806,0.06451612903225806,0.07526881720430108,0.021505376344086023,0.0,0.010752688172043012,0.010752688172043012,0.0,0.010752688172043012,0.010752688172043012,0.010752688172043012,0.010752688172043012,0.0,0.043010752688172046,0.0,0.0,0.043010752688172046,0.0,0.043010752688172046,0.010752688172043012,0.0,0.03225806451612903,0.0,0.0,0.03225806451612903,0.0,0.03225806451612903,0.010752688172043012,0.010752688172043012,0.0,0.043010752688172046,0.0,0.043010752688172046,0.010752688172043012,0.043010752688172046,0.010752688172043012,0.0,0.043010752688172046,0.0,0.0,0.043010752688172046,0.0,0.043010752688172046,0.010752688172043012,0.0,0.0,0.043010752688172046,0.0,0.043010752688172046,0.0,0.043010752688172046,0.010752688172043012,0.021505376344086023,0.03225806451612903,0.0,0.0,0.03225806451612903,0.010752688172043012,0.03225806451612903,0.0,0.0,0.010752688172043012,0.021505376344086023,0.0,0.03225806451612903,0.0,0.03225806451612903
DVP_178_042e15f234bd,Data/AcademicPosters/0_real/ICML_2023_26497_Latent Space Editing in Transformer-Based Flow Matching.png,AcademicPosters,0,1401,701,61,0.20589486223958472,0.21044627792864481,0.0034499389824368004,0.002876486226976655,0.0034719683962472275,0.11571360035571783,0.030424919903650524,0.8427902537852483,0.18032786885245902,0.29998526380780705,0.25384854105211935,0.4367064835909797,0.27342434716543074,0.9093504639543184,0.9440076517370677,0.05184906108108269,0.03890732366829203,0.041754054637233626,0.4675303127980535,0.2538805151308812,0.03333333333333333,0.09726775956284153,1.741652809290439,11.48448571917382,0.03278688524590164,0.117705599999681,0.11475409836065574,0.08196721311475409,0.08196721311475409,0.04918032786885246,0.13114754098360656,0.06557377049180328,0.03278688524590164,0.01639344262295082,0.18032786885245902,0.04918032786885246,0.0,0.03278688524590164,0.16393442622950818,0.0,0.0,0.0,0.03278688524590164,0.04918032786885246,0.0,0.01639344262295082,0.03278688524590164,0.0,0.03278688524590164,0.01639344262295082,0.01639344262295082,0.01639344262295082,0.01639344262295082,0.04918032786885246,0.04918032786885246,0.0,0.0,0.0,0.01639344262295082,0.04918032786885246,0.0,0.01639344262295082,0.03278688524590164,0.0,0.0,0.0,0.01639344262295082,0.04918032786885246,0.01639344262295082,0.03278688524590164,0.0,0.0,0.01639344262295082,0.0,0.08196721311475409,0.01639344262295082,0.0,0.03278688524590164,0.0,0.0,0.01639344262295082,0.0,0.06557377049180328,0.01639344262295082,0.0,0.01639344262295082,0.0,0.0,0.0,0.01639344262295082,0.06557377049180328,0.03278688524590164,0.0,0.0,0.0,0.0,0.0,0.0,0.04918032786885246,0.01639344262295082,0.0,0.0,0.0,0.0,0.0,0.0
DVP_179_04374a4148aa,Data/AcademicPosters/0_real/ICLR_2024_18536_Sin3DM_ Learning a Diffusion Model from a Single 3D Textured.png,AcademicPosters,0,4800,2880,95,0.31776908279139404,0.319035011574074,0.0033582632797270946,0.0009765625,0.008593316716898577,0.10234649122807017,0.02761330409356725,0.8129306391936701,0.21052631578947367,0.36005443546929444,0.23175439405319287,0.4662742933398621,0.2297214079093334,0.9234375,0.931423611111111,0.047152337591407065,0.03803074135234077,0.038722780594230684,0.4114449299341258,0.21434246767420898,0.048824188129899214,0.07793952967525196,6.707808300001378,21.724323545174492,0.14736842105263157,0.1607979999989766,0.05263157894736842,0.05263157894736842,0.021052631578947368,0.021052631578947368,0.12631578947368421,0.17894736842105263,0.10526315789473684,0.010526315789473684,0.09473684210526316,0.11578947368421053,0.06315789473684211,0.010526315789473684,0.10526315789473684,0.021052631578947368,0.010526315789473684,0.010526315789473684,0.042105263157894736,0.0,0.010526315789473684,0.021052631578947368,0.010526315789473684,0.010526315789473684,0.0,0.0,0.010526315789473684,0.0,0.010526315789473684,0.010526315789473684,0.0,0.0,0.010526315789473684,0.010526315789473684,0.0,0.06315789473684211,0.021052631578947368,0.08421052631578947,0.031578947368421054,0.010526315789473684,0.0,0.010526315789473684,0.0,0.06315789473684211,0.021052631578947368,0.05263157894736842,0.021052631578947368,0.042105263157894736,0.0,0.0,0.0,0.05263157894736842,0.07368421052631578,0.031578947368421054,0.010526315789473684,0.042105263157894736,0.010526315789473684,0.0,0.010526315789473684,0.031578947368421054,0.010526315789473684,0.0,0.010526315789473684,0.0,0.0,0.0,0.05263157894736842,0.010526315789473684,0.010526315789473684,0.0,0.010526315789473684,0.0,0.010526315789473684,0.0,0.021052631578947368,0.021052631578947368,0.0,0.010526315789473684,0.0,0.0,0.0,0.0
DVP_180_0443de151181,Data/Tables/1_fake/table_0612.png,Tables,1,1336,1177,113,0.3258091780890133,0.33126281421863163,0.0029315293293684214,0.002492890175468943,0.002791607215922582,0.1400627947644534,0.02295471462620582,0.8683316065466017,0.0,0.45757321717872995,0.2991834628442601,0.49494030773425934,0.2537706584169408,0.8877245508982037,0.9388275276125744,0.0378914516251122,0.02932136497128523,0.027228637633084633,0.5018570304094461,0.24229837415270175,0.0388748419721871,0.15628950695322377,7.572792225471001,24.49480591245624,0.07964601769911504,0.2127464000004693,0.07964601769911504,0.05309734513274336,0.008849557522123894,0.08849557522123894,0.09734513274336283,0.061946902654867256,0.04424778761061947,0.08849557522123894,0.08849557522123894,0.061946902654867256,0.017699115044247787,0.08849557522123894,0.08849557522123894,0.05309734513274336,0.008849557522123894,0.07079646017699115,0.008849557522123894,0.017699115044247787,0.0,0.017699115044247787,0.0,0.0,0.02654867256637168,0.017699115044247787,0.017699115044247787,0.035398230088495575,0.035398230088495575,0.0,0.0,0.008849557522123894,0.035398230088495575,0.008849557522123894,0.008849557522123894,0.02654867256637168,0.02654867256637168,0.0,0.0,0.02654867256637168,0.035398230088495575,0.0,0.02654867256637168,0.035398230088495575,0.02654867256637168,0.008849557522123894,0.0,0.017699115044247787,0.04424778761061947,0.008849557522123894,0.0,0.02654867256637168,0.017699115044247787,0.008849557522123894,0.0,0.0,0.04424778761061947,0.0,0.02654867256637168,0.035398230088495575,0.017699115044247787,0.017699115044247787,0.0,0.017699115044247787,0.035398230088495575,0.008849557522123894,0.02654867256637168,0.04424778761061947,0.035398230088495575,0.008849557522123894,0.0,0.008849557522123894,0.04424778761061947,0.008849557522123894,0.017699115044247787,0.0,0.0,0.008849557522123894,0.0,0.0,0.008849557522123894,0.008849557522123894
DVP_181_0445b374d1b4,Data/Receipts/0_real/X51005433514.jpg,Receipts,0,1080,1527,38,0.041728779047176576,0.043666169443838075,0.0011491097222062652,0.000844975623954013,0.0009056651709847133,0.09249512670565303,0.012908006755592321,0.8361830850499992,0.10526315789473684,0.41556835084905225,0.0899264822450557,0.37577634892557005,0.09901846041724116,0.26805555555555555,0.34889222510736184,0.01656641365099885,0.012931848855896492,0.00652750634741275,0.1742158891290254,0.07999239714119087,0.09246088193456614,0.18492176386913228,3.3974190669127315,14.703841024108248,0.10526315789473684,0.14563799999996263,0.0,0.13157894736842105,0.0,0.0,0.0,0.4473684210526316,0.2894736842105263,0.0,0.0,0.13157894736842105,0.0,0.0,0.0,0.0,0.0,0.0,0.0,0.0,0.0,0.0,0.0,0.0,0.0,0.0,0.0,0.0,0.0,0.13157894736842105,0.0,0.0,0.0,0.0,0.0,0.0,0.21052631578947367,0.02631578947368421,0.13157894736842105,0.0,0.0,0.0,0.0,0.0,0.13157894736842105,0.07894736842105263,0.15789473684210525,0.0,0.0,0.0,0.0,0.0,0.0,0.13157894736842105,0.0,0.0,0.0,0.0,0.0,0.0,0.0,0.0,0.0,0.0,0.0,0.0,0.0,0.0,0.0,0.0,0.0,0.0,0.0,0.0,0.0,0.0,0.0,0.0,0.0,0.0,0.0,0.0
DVP_182_044abe50d348,Data/UIScreenshots/1_fake/ui_0773.png,UIScreenshots,1,941,1672,36,0.07110233437908364,0.07110233437908364,0.0019750648438634343,0.0017929872018467576,0.001224154074029006,0.11976030227889953,0.017693381180223282,0.8574205531677282,0.1111111111111111,0.4709970499430897,0.3132838160724563,0.45118276427611875,0.3292847405608728,0.9070138150903294,0.9656100478468899,0.08210867630474104,0.05960325107635312,0.055119948730456156,0.5913197682561908,0.27440045150578357,0.1111111111111111,0.046031746031746035,12.902892663086302,31.283488681498433,0.1388888888888889,0.12971450000077311,0.16666666666666666,0.027777777777777776,0.027777777777777776,0.16666666666666666,0.08333333333333333,0.08333333333333333,0.05555555555555555,0.027777777777777776,0.05555555555555555,0.08333333333333333,0.027777777777777776,0.027777777777777776,0.027777777777777776,0.05555555555555555,0.027777777777777776,0.05555555555555555,0.05555555555555555,0.027777777777777776,0.0,0.0,0.0,0.0,0.027777777777777776,0.05555555555555555,0.05555555555555555,0.027777777777777776,0.0,0.027777777777777776,0.027777777777777776,0.0,0.05555555555555555,0.027777777777777776,0.0,0.0,0.0,0.0,0.0,0.0,0.0,0.0,0.05555555555555555,0.027777777777777776,0.027777777777777776,0.05555555555555555,0.0,0.05555555555555555,0.027777777777777776,0.0,0.0,0.0,0.0,0.0,0.0,0.0,0.0,0.0,0.027777777777777776,0.027777777777777776,0.027777777777777776,0.05555555555555555,0.0,0.027777777777777776,0.027777777777777776,0.0,0.0,0.0,0.0,0.0,0.0,0.0,0.0,0.0,0.027777777777777776,0.0,0.027777777777777776,0.027777777777777776,0.0,0.027777777777777776,0.0,0.05555555555555555
DVP_183_044bf533b792,Data/InfographicCharts/0_real/00040318.jpg,InfographicCharts,0,1200,900,20,0.23017034331928785,0.24132499999999998,0.012066249999999999,0.005155555555555556,0.013385559625503581,0.14795833333333336,0.0692777777777778,0.8876695026893909,0.05,0.4411631416458384,0.24272223642692567,0.5613476746963847,0.348131153459661,0.8045833333333333,0.8738888888888889,0.14423720937169365,0.15292021809688738,0.026129963921733654,0.5582592615650989,0.259854281358724,0.1368421052631579,0.07894736842105263,0.1486318292002487,0.3646015533622505,0.0,0.5003348000009282,0.15,0.05,0.1,0.05,0.05,0.05,0.1,0.0,0.0,0.0,0.0,0.0,0.15,0.1,0.15,0.05,0.05,0.05,0.0,0.0,0.05,0.0,0.0,0.0,0.0,0.05,0.05,0.0,0.05,0.0,0.0,0.05,0.0,0.0,0.0,0.0,0.0,0.05,0.0,0.0,0.0,0.05,0.0,0.05,0.05,0.0,0.0,0.0,0.0,0.0,0.0,0.0,0.0,0.0,0.0,0.0,0.0,0.0,0.0,0.0,0.0,0.0,0.0,0.0,0.0,0.0,0.0,0.05,0.0,0.05,0.0,0.0,0.1,0.05,0.0,0.05,0.05,0.05,0.0,0.05
DVP_184_0461bc03749e,Data/CommercialPosters/1_fake/commercial_poster_0969.png,CommercialPosters,1,1086,1448,27,0.16883643915327606,0.1692033464586958,0.006266790609581326,0.0030546355931341126,0.01271244683492086,0.1605961394175022,0.03256087579291999,0.8615072856633097,0.0,0.29328085924801955,0.18944529042976568,0.5181872785053344,0.27788923081275707,0.8706261510128913,0.9116022099447514,0.08264776142645512,0.04332890230443194,0.10047006548013622,0.411533639271354,0.25605637611719645,0.037037037037037035,0.21652421652421652,3.742074370579346,17.0739034303512,0.037037037037037035,0.15992410000035306,0.037037037037037035,0.1111111111111111,0.037037037037037035,0.037037037037037035,0.25925925925925924,0.037037037037037035,0.0,0.0,0.18518518518518517,0.0,0.0,0.0,0.2222222222222222,0.037037037037037035,0.0,0.037037037037037035,0.0,0.0,0.037037037037037035,0.0,0.0,0.0,0.0,0.0,0.0,0.037037037037037035,0.07407407407407407,0.0,0.037037037037037035,0.0,0.037037037037037035,0.0,0.07407407407407407,0.037037037037037035,0.037037037037037035,0.0,0.0,0.0,0.0,0.0,0.0,0.14814814814814814,0.0,0.0,0.0,0.0,0.0,0.0,0.0,0.18518518518518517,0.0,0.0,0.0,0.0,0.0,0.0,0.0,0.0,0.0,0.0,0.0,0.0,0.0,0.0,0.0,0.1111111111111111,0.0,0.0,0.0,0.0,0.0,0.0,0.0,0.1111111111111111,0.0,0.037037037037037035,0.0,0.0,0.0,0.037037037037037035
DVP_185_046302a49031,Data/Receipts/1_fake/receipt_0878.png,Receipts,1,1023,1537,46,0.21686817753343932,0.21902297896589246,0.0047613691079541835,0.0036461324475260295,0.003851420116822367,0.1833269582217689,0.02526095442844615,0.9090180201915231,0.0,0.45312243157995724,0.23820969153169114,0.47924443624960356,0.20254302171027697,0.6925708699902249,0.7579700715679896,0.0445243749373617,0.03330319367785892,0.024729292788099586,0.4034826041553133,0.19256707244387453,0.03188405797101449,0.07536231884057971,7.9623933085401415,25.350518068484504,0.08695652173913043,0.1503448000003118,0.0,0.13043478260869565,0.06521739130434782,0.0,0.10869565217391304,0.13043478260869565,0.021739130434782608,0.08695652173913043,0.15217391304347827,0.06521739130434782,0.0,0.15217391304347827,0.021739130434782608,0.043478260869565216,0.021739130434782608,0.0,0.0,0.0,0.0,0.021739130434782608,0.0,0.0,0.0,0.0,0.0,0.0,0.021739130434782608,0.08695652173913043,0.06521739130434782,0.0,0.0,0.0,0.0,0.06521739130434782,0.0,0.021739130434782608,0.0,0.021739130434782608,0.043478260869565216,0.0,0.043478260869565216,0.0,0.08695652173913043,0.021739130434782608,0.0,0.0,0.043478260869565216,0.0,0.021739130434782608,0.043478260869565216,0.043478260869565216,0.021739130434782608,0.0,0.0,0.06521739130434782,0.0,0.0,0.08695652173913043,0.0,0.0,0.0,0.0,0.08695652173913043,0.0,0.0,0.021739130434782608,0.0,0.043478260869565216,0.021739130434782608,0.0,0.0,0.0,0.0,0.0,0.0,0.0,0.0,0.0,0.0,0.0
DVP_186_0465d5cbc490,Data/AcademicPosters/1_fake/academic_poster_0954.png,AcademicPosters,1,1342,1172,181,0.1756627435242406,0.17760219833878427,0.000981227615131405,0.00064470023346541,0.0016207555838651253,0.06715053807708458,0.014236418833556462,0.8495075853669015,0.1270718232044199,0.42436955615749,0.2891186058002486,0.5695183805732984,0.2631452935818296,0.896795827123696,0.9488054607508533,0.025679241094494404,0.022721159627358094,0.014972450584585613,0.4972584776662368,0.24515750185715476,0.04487415592387968,0.05887047268262738,5.673259658345756,20.70220552117401,0.09944751381215469,0.20192950000091514,0.0718232044198895,0.049723756906077346,0.0,0.027624309392265192,0.0718232044198895,0.03314917127071823,0.04419889502762431,0.049723756906077346,0.07734806629834254,0.1270718232044199,0.08287292817679558,0.0718232044198895,0.13259668508287292,0.07734806629834254,0.03314917127071823,0.049723756906077346,0.016574585635359115,0.011049723756906077,0.0055248618784530384,0.016574585635359115,0.0,0.0,0.011049723756906077,0.0,0.016574585635359115,0.027624309392265192,0.011049723756906077,0.016574585635359115,0.0,0.0,0.016574585635359115,0.0,0.04419889502762431,0.0,0.011049723756906077,0.011049723756906077,0.016574585635359115,0.016574585635359115,0.0055248618784530384,0.027624309392265192,0.022099447513812154,0.0055248618784530384,0.0,0.011049723756906077,0.0,0.011049723756906077,0.0055248618784530384,0.011049723756906077,0.016574585635359115,0.016574585635359115,0.027624309392265192,0.016574585635359115,0.011049723756906077,0.016574585635359115,0.0,0.04419889502762431,0.022099447513812154,0.022099447513812154,0.04419889502762431,0.03867403314917127,0.03314917127071823,0.022099447513812154,0.011049723756906077,0.016574585635359115,0.022099447513812154,0.049723756906077346,0.03314917127071823,0.0055248618784530384,0.016574585635359115,0.0055248618784530384,0.03867403314917127,0.0,0.027624309392265192,0.03314917127071823,0.03867403314917127,0.0,0.011049723756906077,0.0,0.0,0.011049723756906077
DVP_187_0469d2b04791,Data/Receipts/0_real/X51006913060.jpg,Receipts,0,4961,7016,37,0.04022689506068044,0.04192535011401359,0.001133117570649016,0.000823814579259846,0.0008546435293327613,0.09221113877433168,0.013147554624179483,0.8343794664206826,0.05405405405405406,0.4347854335673131,0.09164167093915147,0.37769754733728683,0.09961152051622675,0.2716186252771619,0.34841790193842637,0.017377796184264185,0.013057821004067065,0.007591017835098111,0.17629163801919942,0.08111950471985016,0.0915915915915916,0.17867867867867868,1.0790537375020428,2.0186453274424725,0.05405405405405406,0.3647114999985206,0.0,0.13513513513513514,0.0,0.0,0.0,0.43243243243243246,0.2972972972972973,0.0,0.0,0.13513513513513514,0.0,0.0,0.0,0.0,0.0,0.0,0.0,0.0,0.0,0.0,0.0,0.0,0.0,0.0,0.0,0.0,0.0,0.13513513513513514,0.0,0.0,0.0,0.0,0.0,0.0,0.16216216216216217,0.05405405405405406,0.13513513513513514,0.0,0.0,0.0,0.0,0.0,0.13513513513513514,0.08108108108108109,0.16216216216216217,0.0,0.0,0.0,0.0,0.0,0.0,0.13513513513513514,0.0,0.0,0.0,0.0,0.0,0.0,0.0,0.0,0.0,0.0,0.0,0.0,0.0,0.0,0.0,0.0,0.0,0.0,0.0,0.0,0.0,0.0,0.0,0.0,0.0,0.0,0.0,0.0
DVP_188_047ae93816b5,Data/CommercialPosters/1_fake/commercial_poster_0782.png,CommercialPosters,1,1448,1086,21,0.19209294895386445,0.19494183887345728,0.00928294470825987,0.0033493839219397047,0.01609616194651153,0.14634306761378585,0.06884153292993071,0.8426677957690306,0.0,0.40475864245279686,0.26180150925573775,0.7042888365976222,0.2725842444009938,0.7515712957313787,0.8103130755064457,0.058662498515830566,0.058303268581548634,0.026669023330845323,0.4854030418518089,0.25367796140761034,0.09523809523809523,0.09047619047619047,7.191072543193126,4.827202990108579,0.38095238095238093,0.16775270000107412,0.047619047619047616,0.0,0.0,0.0,0.14285714285714285,0.14285714285714285,0.0,0.0,0.0,0.0,0.0,0.0,0.19047619047619047,0.09523809523809523,0.14285714285714285,0.23809523809523808,0.0,0.0,0.0,0.0,0.0,0.0,0.0,0.0,0.0,0.047619047619047616,0.0,0.0,0.0,0.0,0.0,0.0,0.0,0.0,0.14285714285714285,0.0,0.0,0.0,0.0,0.0,0.047619047619047616,0.09523809523809523,0.0,0.0,0.0,0.0,0.0,0.0,0.0,0.0,0.0,0.0,0.0,0.0,0.0,0.0,0.0,0.0,0.0,0.0,0.0,0.0,0.0,0.0,0.0,0.047619047619047616,0.047619047619047616,0.0,0.0,0.0,0.14285714285714285,0.0,0.09523809523809523,0.047619047619047616,0.047619047619047616,0.0,0.14285714285714285,0.0,0.09523809523809523,0.0
DVP_189_047b26ce1df2,Data/Tables/1_fake/table_0043.png,Tables,1,1346,1169,126,0.22306517915598728,0.22354134863366032,0.0017741376875687327,0.0011789200202863219,0.002675897467044622,0.08399962263260925,0.023388596955748367,0.9011304442912145,0.0,0.48187999286494165,0.29597767237933614,0.44737602151143896,0.24619991861163368,0.9208766716196137,0.9426860564585116,0.0436461978758935,0.027801539777587703,0.023808247779886615,0.494350960356153,0.2332873075360554,0.08647619047619047,0.07542857142857143,0.37887538505143176,1.1481429834232972,0.015873015873015872,0.2506425000010495,0.07142857142857142,0.0873015873015873,0.07936507936507936,0.0873015873015873,0.06349206349206349,0.06349206349206349,0.031746031746031744,0.05555555555555555,0.07936507936507936,0.06349206349206349,0.06349206349206349,0.06349206349206349,0.05555555555555555,0.05555555555555555,0.031746031746031744,0.047619047619047616,0.015873015873015872,0.015873015873015872,0.015873015873015872,0.023809523809523808,0.0,0.007936507936507936,0.0,0.015873015873015872,0.031746031746031744,0.007936507936507936,0.023809523809523808,0.023809523809523808,0.03968253968253968,0.031746031746031744,0.031746031746031744,0.03968253968253968,0.031746031746031744,0.007936507936507936,0.015873015873015872,0.015873015873015872,0.015873015873015872,0.015873015873015872,0.007936507936507936,0.015873015873015872,0.023809523809523808,0.0,0.015873015873015872,0.015873015873015872,0.0,0.0,0.015873015873015872,0.015873015873015872,0.03968253968253968,0.007936507936507936,0.023809523809523808,0.015873015873015872,0.015873015873015872,0.015873015873015872,0.015873015873015872,0.023809523809523808,0.023809523809523808,0.007936507936507936,0.015873015873015872,0.007936507936507936,0.015873015873015872,0.015873015873015872,0.007936507936507936,0.015873015873015872,0.031746031746031744,0.007936507936507936,0.023809523809523808,0.015873015873015872,0.015873015873015872,0.015873015873015872,0.015873015873015872,0.031746031746031744,0.007936507936507936,0.007936507936507936,0.0,0.015873015873015872,0.0,0.0,0.0,0.0
DVP_190_047f94cd2662,Data/CommercialPosters/0_real/595267e695a7a863ddcde901_preview.jpg,CommercialPosters,0,1024,536,4,0.03448941814365672,0.03448941814365672,0.00862235453591418,0.006738463444496269,0.004183444416306913,0.18310546875,0.11287313432835822,0.8241570205390975,0.25,0.7500483729748533,0.002370183951068723,0.5594398361158832,0.2182493874130506,0.006529792771505671,0.54151289897046,0.14379684976805393,0.14208508807082584,0.11024134263354111,0.31254232738137794,0.17132735120247125,0.0,1.0,22.500000000000004,38.600371075086414,0.25,0.11336760000085633,0.0,0.0,0.0,0.25,0.0,0.0,0.25,0.0,0.0,0.0,0.25,0.0,0.0,0.0,0.25,0.0,0.0,0.0,0.0,0.0,0.0,0.0,0.0,0.0,0.0,0.0,0.0,0.0,0.0,0.0,0.25,0.0,0.0,0.0,0.0,0.0,0.0,0.0,0.0,0.0,0.0,0.0,0.0,0.0,0.0,0.25,0.0,0.0,0.0,0.0,0.0,0.0,0.0,0.0,0.0,0.0,0.0,0.0,0.0,0.0,0.0,0.25,0.0,0.0,0.0,0.0,0.0,0.0,0.0,0.25,0.0,0.0,0.0,0.0,0.0,0.0,0.0,0.0,0.0,0.0
DVP_191_04804586f4c6,Data/CommercialPosters/0_real/5c5afbe7048d064dbc341830_preview.jpg,CommercialPosters,0,576,1024,9,0.25681923962620395,0.25891537136501735,0.02876837459611304,0.010125054253472222,0.05828137853802306,0.2175925925925926,0.0851779513888889,0.8242573679320553,0.2222222222222222,0.6183964487661622,0.24886976141665693,0.4355151991849458,0.24016772726076274,0.8493625166600964,0.6826171875,0.14730890389087625,0.07025841410587047,0.136071141494168,0.4700697787945473,0.21948113275566314,0.027777777777777776,0.05555555555555555,10.763892248571594,27.848125257013695,0.1111111111111111,0.12367799999992712,0.0,0.0,0.0,0.3333333333333333,0.1111111111111111,0.1111111111111111,0.0,0.1111111111111111,0.0,0.0,0.2222222222222222,0.0,0.0,0.1111111111111111,0.0,0.0,0.0,0.0,0.0,0.0,0.0,0.0,0.1111111111111111,0.0,0.0,0.0,0.0,0.0,0.0,0.0,0.2222222222222222,0.0,0.0,0.0,0.0,0.1111111111111111,0.0,0.0,0.0,0.0,0.1111111111111111,0.0,0.0,0.0,0.0,0.0,0.0,0.1111111111111111,0.0,0.0,0.0,0.0,0.0,0.0,0.0,0.0,0.0,0.0,0.0,0.0,0.0,0.2222222222222222,0.0,0.0,0.0,0.0,0.0,0.1111111111111111,0.0,0.0,0.0,0.0,0.0,0.0,0.0,0.0,0.0,0.0,0.0,0.0
DVP_192_048c22541787,Data/UIScreenshots/0_real/21654.jpg,UIScreenshots,0,1080,1920,27,0.1464236801155338,0.14748360339506172,0.005462355681298582,0.004319540895061728,0.007439289251821429,0.16440329218106997,0.029282407407407403,0.8284710208720705,0.2962962962962963,0.5285925951758973,0.19069805099811848,0.44535198234442047,0.3487695498140631,0.8069444444444445,0.8807291666666667,0.07996122768712599,0.06083453234802654,0.053874667047024774,0.5038127700386777,0.2726515859341098,0.15954415954415954,0.05128205128205128,7.446181297973591,23.693563914721874,0.07407407407407407,0.12923270000101184,0.037037037037037035,0.14814814814814814,0.1111111111111111,0.1111111111111111,0.037037037037037035,0.07407407407407407,0.1111111111111111,0.0,0.0,0.0,0.0,0.0,0.0,0.14814814814814814,0.2222222222222222,0.0,0.0,0.037037037037037035,0.0,0.07407407407407407,0.0,0.0,0.07407407407407407,0.037037037037037035,0.0,0.0,0.037037037037037035,0.037037037037037035,0.07407407407407407,0.037037037037037035,0.0,0.0,0.0,0.037037037037037035,0.0,0.037037037037037035,0.037037037037037035,0.037037037037037035,0.0,0.0,0.0,0.0,0.037037037037037035,0.0,0.0,0.037037037037037035,0.0,0.0,0.0,0.0,0.0,0.0,0.0,0.0,0.0,0.0,0.0,0.0,0.0,0.0,0.0,0.0,0.0,0.0,0.0,0.0,0.0,0.0,0.037037037037037035,0.0,0.0,0.0,0.0,0.0,0.037037037037037035,0.1111111111111111,0.1111111111111111,0.07407407407407407,0.0,0.0
DVP_193_048c859d70ad,Data/UIScreenshots/0_real/36775.jpg,UIScreenshots,0,1080,1920,23,0.061480119522169335,0.0620138888888889,0.0026962560386473437,0.0015306712962962963,0.0033033265971305695,0.11090982286634463,0.02192028985507246,0.8012566226585447,0.391304347826087,0.49097179929222673,0.1951642778823762,0.31041704829490485,0.2624947455931097,0.7800925925925927,0.6541666666666667,0.0727607815621111,0.057872714072911335,0.05695433699437717,0.4218437448272686,0.21391500041626707,0.25691699604743085,0.039525691699604744,23.60487702976945,39.58723476811678,0.2608695652173913,0.12120989999857557,0.08695652173913043,0.17391304347826086,0.13043478260869565,0.043478260869565216,0.0,0.08695652173913043,0.0,0.0,0.043478260869565216,0.17391304347826086,0.17391304347826086,0.08695652173913043,0.0,0.0,0.0,0.0,0.0,0.08695652173913043,0.08695652173913043,0.08695652173913043,0.08695652173913043,0.043478260869565216,0.0,0.043478260869565216,0.0,0.0,0.0,0.0,0.0,0.0,0.0,0.0,0.0,0.0,0.0,0.0,0.0,0.0,0.0,0.0,0.0,0.0,0.0,0.08695652173913043,0.0,0.0,0.0,0.0,0.0,0.043478260869565216,0.08695652173913043,0.043478260869565216,0.08695652173913043,0.08695652173913043,0.08695652173913043,0.0,0.0,0.0,0.0,0.043478260869565216,0.0,0.0,0.0,0.0,0.0,0.0,0.0,0.0,0.0,0.0,0.0,0.0,0.0,0.0,0.0,0.0,0.0,0.0,0.0,0.0
DVP_194_049011cca525,Data/CommercialPosters/0_real/5bc614b978e1194aa6ddb13f_preview.jpg,CommercialPosters,0,576,1024,8,0.09101952446831597,0.09101952446831597,0.011377440558539497,0.008354610866970487,0.0076805175629679244,0.34505208333333337,0.0577392578125,0.856868905818113,0.125,0.5013404471688669,0.20849902839449658,0.47408871388893314,0.28668434478214927,0.8337810097833682,0.81396484375,0.16895954738883928,0.06920760579410606,0.1894343678261457,0.48692332864677507,0.22389277991635775,0.03571428571428571,0.5357142857142857,22.162269322259228,44.233997161173804,0.25,0.11907320000136679,0.0,0.125,0.25,0.0,0.125,0.0,0.0,0.125,0.0,0.125,0.0,0.0,0.0,0.125,0.125,0.0,0.0,0.0,0.0,0.125,0.0,0.0,0.0,0.0,0.0,0.0,0.0,0.0,0.25,0.0,0.0,0.0,0.0,0.0,0.0,0.0,0.0,0.0,0.0,0.0,0.125,0.0,0.0,0.0,0.0,0.0,0.0,0.125,0.0,0.0,0.0,0.0,0.0,0.0,0.0,0.0,0.0,0.0,0.0,0.125,0.0,0.0,0.0,0.0,0.0,0.0,0.0,0.125,0.0,0.0,0.0,0.0,0.0,0.0,0.0,0.0,0.125,0.0,0.0,0.0
DVP_195_0493d80fb427,Data/Receipts/0_real/X51006619790.jpg,Receipts,0,884,1868,42,0.3146913352080043,0.3148596388810836,0.007496658068597228,0.006505433255496235,0.004511349736337148,0.33715794009911654,0.02282808198225757,0.9323850414140954,0.0,0.5139128507358541,0.22963933276426554,0.4986357944926588,0.2332859541663901,0.7658371040723982,0.8592077087794433,0.04557363007398306,0.029111564672356226,0.03100281360546881,0.4247127428510068,0.19788722655711402,0.018583042973286876,0.13937282229965156,0.10536461554877737,0.34261106844930356,0.0,0.10643379999964964,0.0,0.14285714285714285,0.0,0.0,0.07142857142857142,0.14285714285714285,0.023809523809523808,0.11904761904761904,0.047619047619047616,0.07142857142857142,0.11904761904761904,0.11904761904761904,0.0,0.14285714285714285,0.0,0.0,0.0,0.0,0.0,0.07142857142857142,0.0,0.0,0.0,0.0,0.0,0.0,0.023809523809523808,0.047619047619047616,0.0,0.0,0.0,0.0,0.023809523809523808,0.023809523809523808,0.047619047619047616,0.023809523809523808,0.023809523809523808,0.0,0.047619047619047616,0.0,0.0,0.023809523809523808,0.07142857142857142,0.0,0.0,0.0,0.07142857142857142,0.0,0.0,0.0,0.023809523809523808,0.0,0.047619047619047616,0.023809523809523808,0.07142857142857142,0.0,0.0,0.047619047619047616,0.0,0.047619047619047616,0.0,0.047619047619047616,0.047619047619047616,0.0,0.0,0.0,0.0,0.09523809523809523,0.0,0.0,0.0,0.0,0.0,0.0,0.0,0.047619047619047616,0.0,0.0,0.0,0.0
DVP_196_0497ef8ea70e,Data/CommercialPosters/0_real/5e81bff04b3890eb0701ad7f_preview.jpg,CommercialPosters,0,792,612,7,0.1722298557470126,0.17803133458770715,0.025433047798243878,0.017965603749917475,0.023104582449752973,0.35714285714285715,0.06559290382819795,0.8771317210901061,0.0,0.31912831075652953,0.13714946694809116,0.5692134776425563,0.1996881439781679,0.37310606060606066,0.6356036957177926,0.17260117044312656,0.14241584686170725,0.06124645317266112,0.346307516759692,0.13039763471058338,0.047619047619047616,0.047619047619047616,0.04500785328269379,0.07928913867533532,0.0,0.15925089999836928,0.0,0.0,0.0,0.0,0.14285714285714285,0.14285714285714285,0.0,0.0,0.14285714285714285,0.2857142857142857,0.14285714285714285,0.0,0.14285714285714285,0.0,0.0,0.0,0.0,0.0,0.0,0.0,0.0,0.0,0.0,0.0,0.0,0.0,0.0,0.0,0.0,0.0,0.0,0.0,0.0,0.14285714285714285,0.0,0.14285714285714285,0.0,0.0,0.0,0.0,0.0,0.0,0.0,0.0,0.0,0.0,0.0,0.0,0.0,0.14285714285714285,0.14285714285714285,0.0,0.14285714285714285,0.0,0.0,0.0,0.0,0.0,0.0,0.14285714285714285,0.0,0.0,0.0,0.0,0.0,0.0,0.0,0.0,0.0,0.0,0.0,0.0,0.0,0.14285714285714285,0.0,0.0,0.0,0.0,0.0,0.0
DVP_197_049a2d8967d4,Data/CommercialPosters/0_real/5a217f4ed8141396fe9a300b_preview.jpg,CommercialPosters,0,1024,1024,14,0.22302675247192383,0.2233128547668457,0.015950918197631836,0.005244255065917969,0.031171466155342192,0.21030970982142858,0.04701450892857143,0.8803696682655433,0.0,0.5879951349232309,0.21751280064737097,0.6488616254559216,0.29893147769322653,0.6845703125,0.7949825888244485,0.08079281692251553,0.05542432044821108,0.043532979320758565,0.470716802384097,0.26980701163120746,0.16483516483516483,0.06593406593406594,0.13645010444923855,0.41460279446115444,0.0,0.21014959999956773,0.0,0.07142857142857142,0.14285714285714285,0.0,0.0,0.07142857142857142,0.0,0.0,0.0,0.0,0.0,0.0,0.14285714285714285,0.07142857142857142,0.07142857142857142,0.42857142857142855,0.0,0.0,0.0,0.07142857142857142,0.07142857142857142,0.0,0.0,0.0,0.0,0.0,0.0,0.0,0.07142857142857142,0.0,0.0,0.0,0.0,0.0,0.0,0.07142857142857142,0.0,0.0,0.0,0.0,0.0,0.0,0.0,0.0,0.0,0.0,0.0,0.0,0.0,0.0,0.0,0.0,0.0,0.0,0.0,0.0,0.0,0.0,0.0,0.0,0.0,0.0,0.0,0.0,0.0,0.14285714285714285,0.0,0.07142857142857142,0.0,0.0,0.2857142857142857,0.0,0.0,0.0,0.0,0.0,0.07142857142857142,0.0,0.14285714285714285,0.0
DVP_198_04a0447b3c66,Data/CommercialPosters/1_fake/commercial_poster_0136.png,CommercialPosters,1,1086,1448,28,0.11417461872895625,0.12037019372628024,0.004298935490224295,0.0012878943967929348,0.008221712494364083,0.09701394369902658,0.02856156274664562,0.8603672059922768,0.03571428571428571,0.3910326673722719,0.1841757582576253,0.678818536716448,0.25704778052624255,0.6256906077348066,0.8522099447513812,0.04383675956934615,0.024700686487534283,0.029972827853413247,0.39085841293343815,0.2337204032867856,0.12169312169312169,0.0873015873015873,0.7175891230959383,1.378869040957705,0.03571428571428571,0.1508534000004147,0.0,0.07142857142857142,0.0,0.0,0.21428571428571427,0.0,0.0,0.0,0.03571428571428571,0.07142857142857142,0.07142857142857142,0.0,0.0,0.2857142857142857,0.25,0.0,0.0,0.0,0.03571428571428571,0.0,0.0,0.0,0.0,0.0,0.0,0.0,0.03571428571428571,0.0,0.0,0.0,0.0,0.0,0.03571428571428571,0.07142857142857142,0.0,0.0,0.0,0.0,0.0,0.0,0.0,0.10714285714285714,0.0,0.0,0.0,0.0,0.0,0.0,0.0,0.03571428571428571,0.0,0.0,0.0,0.0,0.0,0.0,0.0,0.0,0.03571428571428571,0.03571428571428571,0.03571428571428571,0.03571428571428571,0.0,0.0,0.0,0.0,0.03571428571428571,0.10714285714285714,0.03571428571428571,0.03571428571428571,0.0,0.0,0.0,0.0,0.07142857142857142,0.07142857142857142,0.10714285714285714,0.07142857142857142,0.0,0.0
DVP_199_04a0d7791ed9,Data/UIScreenshots/0_real/6068.jpg,UIScreenshots,0,1080,1920,31,0.10688414641768705,0.10814477237654321,0.0034885410444046197,0.0028221450617283953,0.0028183134279391093,0.13004778972520908,0.026377688172043008,0.8814675004862881,0.06451612903225806,0.5833105729126292,0.3214873645281788,0.4408768870021669,0.23496911136221837,0.8814814814814814,0.8776041666666666,0.09040411754380563,0.06627499156567412,0.05171807274795524,0.5109703862481054,0.258088077972914,0.034408602150537634,0.11827956989247312,6.205683234217906,22.05885737920535,0.06451612903225806,0.1230065999989165,0.12903225806451613,0.03225806451612903,0.03225806451612903,0.06451612903225806,0.0967741935483871,0.0,0.06451612903225806,0.16129032258064516,0.12903225806451613,0.0,0.0,0.16129032258064516,0.03225806451612903,0.0,0.0,0.0967741935483871,0.0,0.03225806451612903,0.0,0.03225806451612903,0.0,0.0,0.0,0.03225806451612903,0.06451612903225806,0.03225806451612903,0.0,0.0,0.0,0.03225806451612903,0.0,0.03225806451612903,0.0,0.06451612903225806,0.0,0.0,0.0,0.03225806451612903,0.03225806451612903,0.03225806451612903,0.0,0.03225806451612903,0.0,0.0,0.0,0.03225806451612903,0.06451612903225806,0.03225806451612903,0.0,0.06451612903225806,0.0,0.0,0.0,0.0,0.06451612903225806,0.03225806451612903,0.0,0.06451612903225806,0.0,0.0,0.0,0.0,0.03225806451612903,0.03225806451612903,0.0,0.03225806451612903,0.0,0.0,0.0,0.0,0.03225806451612903,0.03225806451612903,0.0,0.0,0.0,0.0,0.0,0.0,0.03225806451612903,0.0
DVP_200_04a4f6f76a71,Data/CommercialPosters/1_fake/commercial_poster_0496.png,CommercialPosters,1,1448,1086,48,0.12691811159824004,0.12768930028590905,0.0026601937559564384,0.0014295452926752338,0.0048471054499827455,0.08913156077348067,0.02303944137507673,0.8875865288343988,0.0625,0.3125791931954807,0.2083089608342663,0.6299586497285321,0.24751552574533947,0.7693370165745856,0.889963167587477,0.04129193867602705,0.025243683470834832,0.061794405255987665,0.400556807041916,0.23091304036557686,0.08067375886524823,0.09131205673758866,0.24129387122588378,0.7087789537911116,0.0,0.1569256000002497,0.08333333333333333,0.0,0.020833333333333332,0.0,0.125,0.041666666666666664,0.0,0.0,0.1875,0.1875,0.0,0.0,0.10416666666666667,0.125,0.0625,0.0625,0.0,0.0625,0.0,0.0,0.0,0.0,0.0,0.0,0.0,0.020833333333333332,0.0,0.0,0.0,0.020833333333333332,0.0,0.0,0.0,0.020833333333333332,0.0,0.0,0.0,0.0,0.0,0.0,0.020833333333333332,0.08333333333333333,0.041666666666666664,0.0,0.0,0.0,0.0,0.0,0.0625,0.041666666666666664,0.041666666666666664,0.0625,0.0,0.0,0.0,0.0,0.041666666666666664,0.041666666666666664,0.041666666666666664,0.041666666666666664,0.0,0.0,0.0,0.0,0.0,0.041666666666666664,0.020833333333333332,0.041666666666666664,0.0,0.0,0.0,0.0,0.0,0.0625,0.020833333333333332,0.041666666666666664,0.041666666666666664,0.020833333333333332,0.0625,0.0
DVP_201_04afcd64dc6f,Data/UIScreenshots/0_real/54812.jpg,UIScreenshots,0,1080,1920,5,0.02035108024691358,0.02035108024691358,0.004070216049382716,0.0030381944444444445,0.0024850870179114804,0.16777777777777778,0.02291666666666667,0.926050087525474,0.0,0.547962962962963,0.2965900742668829,0.1025,0.05101976570953218,0.7722222222222223,0.12604166666666666,0.169455789559488,0.16322058662428796,0.01752860277759324,0.4263098286722456,0.2113803481740138,0.3,0.0,0.0,0.0,0.0,0.11813770000117074,0.2,0.4,0.0,0.4,0.0,0.0,0.0,0.0,0.0,0.0,0.0,0.0,0.0,0.0,0.0,0.0,0.0,0.0,0.2,0.0,0.0,0.0,0.0,0.2,0.0,0.2,0.0,0.2,0.0,0.0,0.2,0.0,0.0,0.0,0.0,0.0,0.0,0.0,0.0,0.0,0.0,0.0,0.0,0.0,0.0,0.0,0.0,0.0,0.0,0.0,0.0,0.0,0.0,0.0,0.0,0.0,0.0,0.0,0.0,0.0,0.0,0.0,0.0,0.0,0.0,0.0,0.0,0.0,0.0,0.0,0.0,0.0,0.0,0.0,0.0,0.0,0.0,0.0,0.0,0.0
DVP_202_04b0d548e7ef,Data/Receipts/0_real/X51006619862.jpg,Receipts,0,884,1833,32,0.24942235486666026,0.24942235486666023,0.007794448589583132,0.006479684911859746,0.004709101134480777,0.3362556561085973,0.023237179487179488,0.9235860120045566,0.0,0.5143877262443439,0.24590053841282847,0.5382313829787233,0.19506532478567398,0.7845022624434389,0.7146753955264593,0.055005650647145736,0.05514735583154945,0.026358981511518692,0.4091246151899741,0.18975808819046616,0.02620967741935484,0.1028225806451613,0.005738740316242996,0.03195195382031364,0.0,0.11187299999983225,0.0,0.09375,0.0,0.0,0.09375,0.09375,0.09375,0.09375,0.09375,0.0625,0.03125,0.15625,0.0,0.125,0.03125,0.03125,0.0,0.0,0.0,0.0,0.0,0.0,0.0,0.0,0.0,0.0,0.0,0.09375,0.0,0.0,0.0,0.0,0.0,0.0,0.0,0.03125,0.0625,0.0,0.0,0.0,0.0,0.09375,0.0625,0.0,0.0,0.03125,0.03125,0.0625,0.0,0.0625,0.0,0.0,0.0,0.03125,0.0625,0.0,0.0,0.03125,0.0625,0.0,0.0,0.0,0.09375,0.0,0.0,0.0,0.0625,0.03125,0.0,0.0,0.03125,0.0,0.0,0.0,0.0,0.03125,0.03125,0.0,0.0,0.0
DVP_203_04b1f35f7cd2,Data/Receipts/0_real/X51005568911.jpg,Receipts,0,932,2067,57,0.32050696554185754,0.32647484172911334,0.005727628802265146,0.003994406273943078,0.003999262038799954,0.2653414652511106,0.021847070506454815,0.9048190224071803,0.017543859649122806,0.49264390341350695,0.26939140915670357,0.5546051719713229,0.193699933871228,0.8513948497854077,0.7624576681180455,0.046678725684562654,0.04566251997712334,0.021305658569917556,0.4269268851187411,0.20456798806791712,0.02944862155388471,0.07393483709273183,0.12798230421964088,0.40019069415285996,0.0,0.11867549999988114,0.0,0.07017543859649122,0.0,0.0,0.07017543859649122,0.12280701754385964,0.05263157894736842,0.08771929824561403,0.15789473684210525,0.0,0.08771929824561403,0.12280701754385964,0.07017543859649122,0.07017543859649122,0.05263157894736842,0.03508771929824561,0.0,0.0,0.0,0.0,0.0,0.0,0.0,0.0,0.0,0.0,0.0,0.07017543859649122,0.0,0.0,0.0,0.0,0.0,0.0,0.017543859649122806,0.07017543859649122,0.0,0.0,0.0,0.017543859649122806,0.0,0.07017543859649122,0.03508771929824561,0.0,0.017543859649122806,0.03508771929824561,0.03508771929824561,0.03508771929824561,0.0,0.08771929824561403,0.0,0.0,0.05263157894736842,0.03508771929824561,0.03508771929824561,0.017543859649122806,0.03508771929824561,0.03508771929824561,0.0,0.0,0.0,0.0,0.07017543859649122,0.0,0.017543859649122806,0.05263157894736842,0.017543859649122806,0.0,0.03508771929824561,0.017543859649122806,0.03508771929824561,0.0,0.0,0.0,0.0,0.05263157894736842,0.0,0.0,0.0,0.0
DVP_204_04b76022cec2,Data/Receipts/0_real/X51006328913.jpg,Receipts,0,725,1388,43,0.2522856394443307,0.25269402762595644,0.005876605293626894,0.003999801252111696,0.004162351260478664,0.23259021651964723,0.025886334696065952,0.8996168362619535,0.023255813953488372,0.44124730027521936,0.24610320777419809,0.5697208968278321,0.2028571149695124,0.7455172413793103,0.7885506622749389,0.052694618336693685,0.03914126041958835,0.025411966747604597,0.41249529434504173,0.19526119109917278,0.031007751937984496,0.08748615725359911,4.468370570379063,18.946810040454867,0.046511627906976744,0.13646580000022368,0.0,0.06976744186046512,0.0,0.0,0.046511627906976744,0.16279069767441862,0.046511627906976744,0.023255813953488372,0.18604651162790697,0.046511627906976744,0.06976744186046512,0.16279069767441862,0.09302325581395349,0.046511627906976744,0.023255813953488372,0.023255813953488372,0.0,0.0,0.0,0.0,0.0,0.0,0.0,0.0,0.0,0.0,0.0,0.06976744186046512,0.0,0.0,0.0,0.0,0.0,0.0,0.0,0.09302325581395349,0.0,0.0,0.0,0.0,0.023255813953488372,0.023255813953488372,0.046511627906976744,0.023255813953488372,0.023255813953488372,0.023255813953488372,0.023255813953488372,0.0,0.046511627906976744,0.09302325581395349,0.023255813953488372,0.0,0.023255813953488372,0.0,0.06976744186046512,0.0,0.0,0.046511627906976744,0.023255813953488372,0.0,0.046511627906976744,0.0,0.09302325581395349,0.0,0.023255813953488372,0.023255813953488372,0.0,0.0,0.023255813953488372,0.0,0.023255813953488372,0.0,0.023255813953488372,0.023255813953488372,0.0,0.046511627906976744,0.0,0.0,0.0,0.0
DVP_205_04bace07540b,Data/UIScreenshots/0_real/36973.jpg,UIScreenshots,0,1080,1920,21,0.09859700237681027,0.09918788580246914,0.004723232657260435,0.002787422839506173,0.00469771029676963,0.2000881834215167,0.024007936507936506,0.8823651391991105,0.0,0.31603872946594214,0.2366759930929266,0.43529255763048835,0.3132707679874581,0.8527777777777777,0.8859374999999999,0.12449577108066624,0.08918184583046455,0.07570722799676104,0.5103818170931589,0.2514637356018406,0.06190476190476191,0.10952380952380952,0.3826200204283907,1.3288638818119753,0.047619047619047616,0.12191619999975956,0.23809523809523808,0.047619047619047616,0.047619047619047616,0.047619047619047616,0.09523809523809523,0.047619047619047616,0.0,0.0,0.14285714285714285,0.047619047619047616,0.047619047619047616,0.0,0.14285714285714285,0.047619047619047616,0.047619047619047616,0.0,0.047619047619047616,0.09523809523809523,0.047619047619047616,0.0,0.0,0.0,0.0,0.047619047619047616,0.0,0.09523809523809523,0.0,0.0,0.0,0.047619047619047616,0.0,0.0,0.0,0.0,0.0,0.047619047619047616,0.0,0.0,0.0,0.0,0.0,0.09523809523809523,0.0,0.0,0.0,0.0,0.0,0.0,0.047619047619047616,0.0,0.0,0.047619047619047616,0.0,0.047619047619047616,0.0,0.0,0.09523809523809523,0.0,0.0,0.0,0.0,0.0,0.0,0.0,0.047619047619047616,0.047619047619047616,0.0,0.0,0.0,0.0,0.0,0.0,0.047619047619047616,0.0,0.0,0.047619047619047616,0.047619047619047616,0.0,0.0,0.0
DVP_206_04bb458310c6,Data/Receipts/0_real/X51005230616.jpg,Receipts,0,608,1830,46,0.3287469238469906,0.342475104256543,0.0074451109620987605,0.005404039042277826,0.004838512631037728,0.3816147025171625,0.020907578997386555,0.8755900216149581,0.0,0.4265151746608647,0.21847769874677453,0.48319805628749357,0.22173395038717614,0.7458470001509991,0.8311475409836065,0.03272243706923972,0.020696763063215693,0.022122902799062507,0.39716072638072203,0.2009150427143091,0.04927536231884058,0.19903381642512077,0.7525307392007848,1.0441966478342835,0.0,0.08648989999892365,0.0,0.1956521739130435,0.0,0.0,0.13043478260869565,0.13043478260869565,0.0,0.06521739130434782,0.15217391304347827,0.043478260869565216,0.0,0.13043478260869565,0.0,0.15217391304347827,0.0,0.0,0.0,0.0,0.0,0.043478260869565216,0.0,0.0,0.0,0.0,0.0,0.0,0.0,0.15217391304347827,0.0,0.0,0.0,0.0,0.0,0.0,0.0,0.10869565217391304,0.0,0.0,0.0,0.0,0.021739130434782608,0.10869565217391304,0.0,0.021739130434782608,0.0,0.0,0.06521739130434782,0.0,0.0,0.10869565217391304,0.021739130434782608,0.0,0.0,0.0,0.08695652173913043,0.0,0.021739130434782608,0.021739130434782608,0.0,0.021739130434782608,0.0,0.0,0.043478260869565216,0.0,0.0,0.0,0.0,0.10869565217391304,0.0,0.0,0.0,0.0,0.0,0.0,0.0,0.043478260869565216,0.0,0.0,0.0,0.0
DVP_207_04be1decd5a7,Data/Tables/0_real/PMC5845752_table_0.jpg,Tables,0,390,232,40,0.3186163074658991,0.329763483642794,0.00824408709106985,0.004498231653404067,0.009191649637344396,0.15653846153846154,0.05581896551724138,0.8749348134900636,0.025,0.4583371190767288,0.23625090032409563,0.5251686489569098,0.22944973500337612,0.7461538461538462,0.9018928035982009,0.059923995078006866,0.051804093630172854,0.025525357611953795,0.42827400876838945,0.19765335278960494,0.04487179487179487,0.28846153846153844,0.4911758919386003,1.6624434440322242,0.025,0.11229889999958687,0.05,0.075,0.0,0.05,0.1,0.1,0.0,0.1,0.1,0.1,0.0,0.1,0.075,0.1,0.0,0.05,0.0,0.025,0.0,0.025,0.0,0.0,0.0,0.0,0.0,0.025,0.0,0.05,0.0,0.0,0.05,0.0,0.0,0.025,0.0,0.025,0.0,0.0,0.025,0.0,0.0,0.075,0.0,0.075,0.0,0.0,0.075,0.0,0.0,0.05,0.0,0.05,0.0,0.0,0.05,0.0,0.0,0.05,0.0,0.05,0.0,0.0,0.05,0.0,0.0,0.05,0.0,0.05,0.0,0.0,0.05,0.0,0.025,0.0,0.0,0.05,0.0,0.0,0.0,0.0
DVP_208_04c2386e1098,Data/AcademicPosters/1_fake/academic_poster_0437.png,AcademicPosters,1,1024,1536,188,0.16557111886518927,0.1668383280436198,0.0008874379151256373,0.0006354649861653645,0.001057571890943439,0.08966713763297872,0.009679050310283687,0.835018805676744,0.18085106382978725,0.4766990012676459,0.2781413179626819,0.5332334510429162,0.25208542678951895,0.89794921875,0.9606119791666667,0.025259344977328544,0.02039114036872433,0.017308756715993877,0.47862644824827094,0.23290145660335532,0.05006257822277847,0.05614973262032086,2.1908644003103457,13.064870255900244,0.0425531914893617,0.16950319999887142,0.047872340425531915,0.047872340425531915,0.026595744680851064,0.06914893617021277,0.06914893617021277,0.047872340425531915,0.026595744680851064,0.047872340425531915,0.06382978723404255,0.12234042553191489,0.10638297872340426,0.09042553191489362,0.0851063829787234,0.06382978723404255,0.015957446808510637,0.06914893617021277,0.005319148936170213,0.010638297872340425,0.026595744680851064,0.005319148936170213,0.005319148936170213,0.0,0.03723404255319149,0.0,0.02127659574468085,0.010638297872340425,0.010638297872340425,0.005319148936170213,0.010638297872340425,0.010638297872340425,0.031914893617021274,0.0,0.005319148936170213,0.02127659574468085,0.0,0.0,0.015957446808510637,0.0,0.015957446808510637,0.0,0.03723404255319149,0.005319148936170213,0.026595744680851064,0.02127659574468085,0.010638297872340425,0.0,0.02127659574468085,0.010638297872340425,0.0425531914893617,0.0,0.031914893617021274,0.03723404255319149,0.05319148936170213,0.005319148936170213,0.0425531914893617,0.0425531914893617,0.015957446808510637,0.005319148936170213,0.031914893617021274,0.02127659574468085,0.03723404255319149,0.010638297872340425,0.005319148936170213,0.0,0.026595744680851064,0.03723404255319149,0.005319148936170213,0.02127659574468085,0.0,0.0,0.03723404255319149,0.0,0.0,0.02127659574468085,0.0,0.03723404255319149,0.0,0.015957446808510637,0.031914893617021274,0.0
DVP_209_04cb18c188df,Data/AcademicPosters/0_real/ICML_2024_34587_FairProof _ Confidential and Certifiable Fairness for Neural.png,AcademicPosters,0,2520,1680,90,0.22253273565647644,0.2241434004157218,0.0024904822268413535,0.0012896825396825397,0.003302200222533173,0.12959876543209875,0.01927910052910053,0.8335414550464532,0.15555555555555556,0.46557151870539853,0.2696718958985671,0.4979315835137032,0.26815906726211514,0.8930555555555555,0.9438691219503258,0.042920707648463646,0.03645992213950452,0.03270754462906385,0.4891086443939581,0.23084048548520567,0.04294631710362047,0.08913857677902622,3.141479178209546,16.182879060330862,0.03333333333333333,0.15380220000042755,0.044444444444444446,0.044444444444444446,0.06666666666666667,0.044444444444444446,0.1111111111111111,0.044444444444444446,0.1,0.044444444444444446,0.1111111111111111,0.022222222222222223,0.05555555555555555,0.06666666666666667,0.07777777777777778,0.05555555555555555,0.03333333333333333,0.07777777777777778,0.0,0.0,0.011111111111111112,0.011111111111111112,0.05555555555555555,0.0,0.0,0.011111111111111112,0.011111111111111112,0.03333333333333333,0.0,0.022222222222222223,0.011111111111111112,0.0,0.03333333333333333,0.0,0.011111111111111112,0.044444444444444446,0.0,0.03333333333333333,0.07777777777777778,0.011111111111111112,0.011111111111111112,0.011111111111111112,0.022222222222222223,0.03333333333333333,0.0,0.011111111111111112,0.011111111111111112,0.0,0.022222222222222223,0.0,0.0,0.044444444444444446,0.0,0.022222222222222223,0.044444444444444446,0.0,0.022222222222222223,0.022222222222222223,0.011111111111111112,0.05555555555555555,0.0,0.0,0.0,0.011111111111111112,0.022222222222222223,0.0,0.0,0.044444444444444446,0.0,0.03333333333333333,0.0,0.011111111111111112,0.03333333333333333,0.011111111111111112,0.011111111111111112,0.022222222222222223,0.011111111111111112,0.011111111111111112,0.022222222222222223,0.0,0.011111111111111112,0.022222222222222223
DVP_210_04cb7826c9d6,Data/UIScreenshots/0_real/46583.jpg,UIScreenshots,0,540,960,22,0.08719943439806073,0.08813464506172838,0.004006120230078563,0.003425925925925926,0.00412794981046883,0.1659090909090909,0.023058712121212122,0.8265187799083374,0.3181818181818182,0.4407827624443575,0.22301121902178822,0.25362114107563566,0.23898760646202724,0.7861111111111111,0.7140624999999999,0.0970511985332787,0.08778583851043686,0.04373059689518472,0.4289494175336589,0.1996914112941543,0.1471861471861472,0.06493506493506493,0.3501680706779046,0.9303874890931598,0.0,0.13177770000038436,0.09090909090909091,0.18181818181818182,0.18181818181818182,0.09090909090909091,0.13636363636363635,0.0,0.09090909090909091,0.0,0.09090909090909091,0.045454545454545456,0.09090909090909091,0.0,0.0,0.0,0.0,0.0,0.045454545454545456,0.0,0.045454545454545456,0.09090909090909091,0.09090909090909091,0.09090909090909091,0.0,0.045454545454545456,0.0,0.045454545454545456,0.0,0.045454545454545456,0.0,0.0,0.045454545454545456,0.0,0.0,0.045454545454545456,0.0,0.0,0.045454545454545456,0.045454545454545456,0.0,0.0,0.0,0.09090909090909091,0.0,0.0,0.0,0.0,0.0,0.0,0.0,0.045454545454545456,0.0,0.0,0.09090909090909091,0.0,0.0,0.0,0.0,0.045454545454545456,0.0,0.045454545454545456,0.0,0.0,0.0,0.0,0.0,0.0,0.0,0.0,0.0,0.0,0.0,0.0,0.0,0.0,0.0,0.0,0.0,0.0,0.0,0.0
DVP_211_04da34087c91,Data/Receipts/1_fake/receipt_0015.png,Receipts,1,1023,1537,61,0.21156867566465756,0.21157394245941266,0.0034684252862198796,0.002884852046394221,0.0026643196883712815,0.18019966988766567,0.019646533058864938,0.9101374606595602,0.01639344262295082,0.5175147203029414,0.2591248846003388,0.4739078669309187,0.2122332515312238,0.7917888563049853,0.9089134677944047,0.04287574088129012,0.043277143979138614,0.01672750034448071,0.43210678088588217,0.2034715449988963,0.03169398907103825,0.11311475409836065,9.129715457996625,26.90229144854774,0.09836065573770492,0.16308390000085637,0.03278688524590164,0.08196721311475409,0.04918032786885246,0.0,0.11475409836065574,0.04918032786885246,0.16393442622950818,0.08196721311475409,0.04918032786885246,0.08196721311475409,0.06557377049180328,0.09836065573770492,0.01639344262295082,0.08196721311475409,0.01639344262295082,0.01639344262295082,0.0,0.0,0.0,0.04918032786885246,0.0,0.0,0.0,0.0,0.0,0.03278688524590164,0.0,0.03278688524590164,0.01639344262295082,0.03278688524590164,0.0,0.0,0.01639344262295082,0.03278688524590164,0.01639344262295082,0.0,0.03278688524590164,0.03278688524590164,0.0,0.03278688524590164,0.0,0.06557377049180328,0.03278688524590164,0.0,0.04918032786885246,0.04918032786885246,0.0,0.04918032786885246,0.0,0.03278688524590164,0.03278688524590164,0.0,0.03278688524590164,0.03278688524590164,0.0,0.03278688524590164,0.0,0.01639344262295082,0.0,0.04918032786885246,0.0,0.0,0.0,0.06557377049180328,0.0,0.01639344262295082,0.03278688524590164,0.03278688524590164,0.0,0.0,0.0,0.01639344262295082,0.0,0.0,0.0,0.01639344262295082,0.01639344262295082,0.0,0.0,0.0
DVP_212_04dad64a120e,Data/AcademicPosters/0_real/ICML_2024_33627_Unbiased Multi-Label Learning from Crowdsourced Annotations.png,AcademicPosters,0,3780,2268,274,0.34446978073603995,0.36340825424820133,0.0013263074972562092,0.0005901348879743942,0.0017440504700229613,0.06506874444830649,0.020904942133652595,0.8105117186874704,0.2737226277372263,0.5989251057104694,0.26723084684866105,0.5539784509110479,0.226005508768668,0.9195757603075209,0.9261463844797178,0.025066585215093622,0.02072985743086109,0.014818542133751876,0.4391076147656933,0.23035516549230722,0.05547980000534745,0.04911633378786663,7.393976328407988,23.74761899670091,0.1386861313868613,0.19113449999895238,0.032846715328467155,0.040145985401459854,0.021897810218978103,0.01824817518248175,0.043795620437956206,0.051094890510948905,0.06569343065693431,0.13503649635036497,0.0364963503649635,0.043795620437956206,0.09854014598540146,0.18248175182481752,0.029197080291970802,0.09854014598540146,0.058394160583941604,0.043795620437956206,0.0036496350364963502,0.0036496350364963502,0.0072992700729927005,0.0,0.0,0.0,0.0,0.010948905109489052,0.010948905109489052,0.014598540145985401,0.0072992700729927005,0.025547445255474453,0.010948905109489052,0.010948905109489052,0.0072992700729927005,0.0,0.01824817518248175,0.0072992700729927005,0.010948905109489052,0.021897810218978103,0.01824817518248175,0.01824817518248175,0.032846715328467155,0.0036496350364963502,0.0072992700729927005,0.010948905109489052,0.0,0.01824817518248175,0.0,0.029197080291970802,0.051094890510948905,0.04744525547445255,0.0072992700729927005,0.010948905109489052,0.0,0.021897810218978103,0.010948905109489052,0.051094890510948905,0.07664233576642336,0.08029197080291971,0.010948905109489052,0.0072992700729927005,0.0072992700729927005,0.014598540145985401,0.010948905109489052,0.025547445255474453,0.014598540145985401,0.010948905109489052,0.0072992700729927005,0.0072992700729927005,0.029197080291970802,0.032846715328467155,0.025547445255474453,0.010948905109489052,0.0036496350364963502,0.010948905109489052,0.0036496350364963502,0.010948905109489052,0.010948905109489052,0.025547445255474453,0.010948905109489052,0.010948905109489052,0.010948905109489052,0.01824817518248175
DVP_213_04dde085746c,Data/Tables/1_fake/table_0624.png,Tables,1,1376,1143,46,0.17838899316364523,0.17838899316364523,0.0038780215905140267,0.002818597529959918,0.0033422355308638236,0.14790824064711833,0.028072577884286208,0.9034579983178309,0.0,0.5123187448512706,0.26887447665045605,0.4778434912646535,0.2556031443299324,0.7667151162790699,0.8729299726648435,0.0697574443821555,0.07127183728989153,0.02668610433444835,0.48182478622247016,0.22184343518358693,0.04734299516908213,0.1497584541062802,0.43244412632291146,0.667181912059656,0.0,0.17956520000007004,0.043478260869565216,0.08695652173913043,0.043478260869565216,0.043478260869565216,0.06521739130434782,0.10869565217391304,0.06521739130434782,0.10869565217391304,0.021739130434782608,0.021739130434782608,0.021739130434782608,0.13043478260869565,0.043478260869565216,0.06521739130434782,0.043478260869565216,0.08695652173913043,0.021739130434782608,0.0,0.021739130434782608,0.043478260869565216,0.0,0.0,0.021739130434782608,0.0,0.021739130434782608,0.0,0.021739130434782608,0.0,0.043478260869565216,0.0,0.021739130434782608,0.0,0.021739130434782608,0.0,0.021739130434782608,0.021739130434782608,0.021739130434782608,0.0,0.06521739130434782,0.0,0.043478260869565216,0.0,0.043478260869565216,0.021739130434782608,0.043478260869565216,0.0,0.043478260869565216,0.0,0.0,0.0,0.0,0.0,0.0,0.0,0.06521739130434782,0.0,0.021739130434782608,0.0,0.021739130434782608,0.0,0.021739130434782608,0.0,0.06521739130434782,0.0,0.043478260869565216,0.0,0.043478260869565216,0.021739130434782608,0.043478260869565216,0.0,0.043478260869565216,0.0,0.0,0.0,0.0,0.0,0.0,0.0,0.043478260869565216,0.0
DVP_214_04e008138b45,Data/Tables/1_fake/table_0310.png,Tables,1,1404,1120,34,0.25829962861212863,0.25829962861212863,0.007597047900356724,0.002929766992266992,0.007489070124170378,0.18998240321769733,0.042725840336134455,0.9152296249605116,0.0,0.5540607562091804,0.2747795326522238,0.4883470712083621,0.23524129064665888,0.7591358412919227,0.8723214285714285,0.08945968138455151,0.07187499999999997,0.027382460430496823,0.4724716859896787,0.21537142901976994,0.0748663101604278,0.13368983957219252,0.3656019078698917,0.8424723325335502,0.0,0.16321679999964545,0.058823529411764705,0.029411764705882353,0.029411764705882353,0.058823529411764705,0.058823529411764705,0.058823529411764705,0.08823529411764706,0.17647058823529413,0.08823529411764706,0.029411764705882353,0.058823529411764705,0.11764705882352941,0.029411764705882353,0.029411764705882353,0.029411764705882353,0.058823529411764705,0.0,0.0,0.0,0.029411764705882353,0.0,0.0,0.0,0.0,0.0,0.058823529411764705,0.0,0.0,0.029411764705882353,0.0,0.029411764705882353,0.029411764705882353,0.0,0.058823529411764705,0.0,0.0,0.029411764705882353,0.0,0.029411764705882353,0.029411764705882353,0.0,0.0,0.058823529411764705,0.0,0.058823529411764705,0.0,0.058823529411764705,0.058823529411764705,0.0,0.058823529411764705,0.0,0.0,0.029411764705882353,0.0,0.029411764705882353,0.029411764705882353,0.0,0.029411764705882353,0.029411764705882353,0.0,0.029411764705882353,0.0,0.029411764705882353,0.029411764705882353,0.0,0.0,0.029411764705882353,0.0,0.029411764705882353,0.0,0.029411764705882353,0.029411764705882353,0.0,0.029411764705882353,0.0,0.0,0.0,0.0,0.0,0.0
DVP_215_04ecaa8382b4,Data/AcademicPosters/0_real/NeurIPS_2023_69881_Scalable Fair Influence Maximization.png,AcademicPosters,0,3456,2304,194,0.2483926476338726,0.24890827445826907,0.0012830323425683972,0.000522189670138889,0.00176263520021393,0.08332736731576938,0.015318495847651777,0.8025787376087302,0.26288659793814434,0.5535766143775779,0.2792678523466777,0.5543850245190173,0.22432352842238826,0.9210069444444444,0.9340277777777777,0.031445063773300155,0.024002985047272427,0.021293334047151467,0.4548111148583816,0.22605234124767595,0.05784947385289247,0.04882217830244111,2.274489775361278,13.172839094752067,0.03608247422680412,0.16472839999914868,0.010309278350515464,0.02577319587628866,0.02577319587628866,0.04639175257731959,0.07216494845360824,0.05670103092783505,0.03608247422680412,0.09278350515463918,0.061855670103092786,0.12371134020618557,0.12886597938144329,0.11855670103092783,0.05670103092783505,0.05670103092783505,0.041237113402061855,0.04639175257731959,0.0,0.005154639175257732,0.0,0.010309278350515464,0.005154639175257732,0.0,0.0,0.010309278350515464,0.005154639175257732,0.0,0.015463917525773196,0.0,0.0,0.020618556701030927,0.015463917525773196,0.020618556701030927,0.020618556701030927,0.02577319587628866,0.015463917525773196,0.020618556701030927,0.0,0.020618556701030927,0.02577319587628866,0.02577319587628866,0.005154639175257732,0.020618556701030927,0.0,0.020618556701030927,0.0,0.015463917525773196,0.010309278350515464,0.030927835051546393,0.005154639175257732,0.020618556701030927,0.02577319587628866,0.030927835051546393,0.04639175257731959,0.03608247422680412,0.030927835051546393,0.061855670103092786,0.015463917525773196,0.020618556701030927,0.020618556701030927,0.04639175257731959,0.041237113402061855,0.005154639175257732,0.010309278350515464,0.015463917525773196,0.015463917525773196,0.015463917525773196,0.0,0.02577319587628866,0.0,0.005154639175257732,0.005154639175257732,0.020618556701030927,0.005154639175257732,0.020618556701030927,0.010309278350515464,0.020618556701030927,0.020618556701030927,0.015463917525773196,0.015463917525773196,0.005154639175257732
DVP_216_04ecfe00d3bf,Data/CommercialPosters/1_fake/commercial_poster_0797.png,CommercialPosters,1,1448,1086,17,0.15326610457191794,0.16491407466194563,0.009700827921290919,0.0011891680148143626,0.02131713130331913,0.11399090022749431,0.04836962409273102,0.891929401499653,0.0,0.7239794363525791,0.08907213788969395,0.62379964537071,0.22820844854559924,0.2693564095049792,0.7311233885819521,0.07253677638730184,0.06549002478534872,0.05492870425582781,0.30900187721669975,0.17901212546974163,0.125,0.16176470588235295,1.061472355227849,2.00490194604246,0.058823529411764705,0.14765259999876434,0.0,0.0,0.058823529411764705,0.058823529411764705,0.0,0.0,0.11764705882352941,0.058823529411764705,0.0,0.0,0.17647058823529413,0.11764705882352941,0.0,0.0,0.29411764705882354,0.11764705882352941,0.0,0.0,0.0,0.0,0.0,0.0,0.0,0.0,0.0,0.0,0.0,0.0,0.058823529411764705,0.0,0.058823529411764705,0.0,0.0,0.0,0.0,0.0,0.0,0.058823529411764705,0.0,0.0,0.0,0.0,0.0,0.0,0.058823529411764705,0.0,0.058823529411764705,0.0,0.0,0.0,0.0,0.0,0.0,0.0,0.0,0.0,0.0,0.0,0.0,0.0,0.058823529411764705,0.11764705882352941,0.11764705882352941,0.0,0.0,0.0,0.0,0.0,0.058823529411764705,0.17647058823529413,0.11764705882352941,0.0,0.0,0.0,0.0,0.0,0.0,0.058823529411764705,0.0,0.0
DVP_217_04ee1825c968,Data/Receipts/1_fake/receipt_0311.png,Receipts,1,1023,1537,52,0.20572601155848788,0.2057260115584879,0.003956269453047844,0.0021932125842130668,0.003708411923101262,0.16803895029701485,0.023297132275661877,0.9148511110358366,0.0,0.5229779283794372,0.22476597905093323,0.4520267657022495,0.20717985288231608,0.7057673509286413,0.8279115159401431,0.04749668162327607,0.029469837521399873,0.034990618721404895,0.3942156547139077,0.1874698156893876,0.0392156862745098,0.10784313725490197,7.014888649077333,23.97307098160274,0.07692307692307693,0.13984469999923022,0.019230769230769232,0.09615384615384616,0.019230769230769232,0.0,0.1346153846153846,0.038461538461538464,0.21153846153846154,0.11538461538461539,0.057692307692307696,0.019230769230769232,0.09615384615384616,0.09615384615384616,0.0,0.07692307692307693,0.019230769230769232,0.0,0.0,0.019230769230769232,0.0,0.019230769230769232,0.0,0.019230769230769232,0.0,0.0,0.0,0.0,0.0,0.07692307692307693,0.0,0.0,0.0,0.0,0.0,0.07692307692307693,0.038461538461538464,0.0,0.038461538461538464,0.057692307692307696,0.057692307692307696,0.0,0.0,0.057692307692307696,0.0,0.0,0.057692307692307696,0.057692307692307696,0.057692307692307696,0.0,0.0,0.019230769230769232,0.0,0.0,0.057692307692307696,0.019230769230769232,0.057692307692307696,0.0,0.0,0.038461538461538464,0.019230769230769232,0.0,0.019230769230769232,0.0,0.038461538461538464,0.0,0.0,0.0,0.0,0.038461538461538464,0.019230769230769232,0.0,0.0,0.0,0.0,0.0,0.0,0.038461538461538464,0.0,0.0,0.0,0.0
DVP_218_04f0e05bd948,Data/AcademicPosters/1_fake/academic_poster_0665.png,AcademicPosters,1,1402,1122,202,0.22864467317411263,0.2311499233333588,0.0011443065511552416,0.0006544635750811801,0.0015888444238782611,0.07448694227482663,0.015394186477471275,0.8676708440775746,0.07425742574257425,0.49875255534554147,0.2717129196815534,0.5441330416323816,0.23385027043232257,0.9233238231098431,0.9563279857397504,0.023930444456291992,0.01579567045828258,0.019220223106253632,0.4573812690000767,0.22160514219403163,0.054381557558740946,0.04935717452342249,2.4384982236475565,14.032972689617344,0.024752475247524754,0.19208760000037728,0.019801980198019802,0.04455445544554455,0.01485148514851485,0.039603960396039604,0.04950495049504951,0.04455445544554455,0.08415841584158416,0.08415841584158416,0.11386138613861387,0.09900990099009901,0.1188118811881188,0.09405940594059406,0.04455445544554455,0.06435643564356436,0.034653465346534656,0.04950495049504951,0.0049504950495049506,0.0,0.0049504950495049506,0.01485148514851485,0.0,0.0,0.024752475247524754,0.0,0.0049504950495049506,0.009900990099009901,0.0049504950495049506,0.019801980198019802,0.01485148514851485,0.0,0.01485148514851485,0.0,0.009900990099009901,0.01485148514851485,0.019801980198019802,0.0,0.0297029702970297,0.0049504950495049506,0.039603960396039604,0.01485148514851485,0.01485148514851485,0.009900990099009901,0.019801980198019802,0.0049504950495049506,0.034653465346534656,0.01485148514851485,0.024752475247524754,0.0049504950495049506,0.034653465346534656,0.019801980198019802,0.024752475247524754,0.034653465346534656,0.04950495049504951,0.024752475247524754,0.024752475247524754,0.0049504950495049506,0.0297029702970297,0.0297029702970297,0.034653465346534656,0.0049504950495049506,0.0297029702970297,0.01485148514851485,0.0297029702970297,0.034653465346534656,0.01485148514851485,0.009900990099009901,0.024752475247524754,0.01485148514851485,0.009900990099009901,0.009900990099009901,0.009900990099009901,0.009900990099009901,0.009900990099009901,0.009900990099009901,0.0,0.024752475247524754,0.0,0.01485148514851485,0.024752475247524754,0.0049504950495049506
DVP_219_04fccf89aa24,Data/AcademicPosters/0_real/ICML_2023_25167_A Study on Transformer Configuration and Training Objective.png,AcademicPosters,0,2037,2880,207,0.2929399111556272,0.30311477254131886,0.001464322572663376,0.000429553264604811,0.002898177512553508,0.09608237936341923,0.014393786902844872,0.8672962931682631,0.06280193236714976,0.4427117413264312,0.25178517072834916,0.6275208934427245,0.23358247103937851,0.8490427098674521,0.9390625,0.0186415541857033,0.01184817540602823,0.019644627570544488,0.42692572618001473,0.2340784471750907,0.10989165611369073,0.050935697199943716,4.653474767236318,19.40906150579992,0.07246376811594203,0.1851626000006945,0.03864734299516908,0.05314009661835749,0.01932367149758454,0.004830917874396135,0.01932367149758454,0.043478260869565216,0.033816425120772944,0.024154589371980676,0.10628019323671498,0.12560386473429952,0.06280193236714976,0.0821256038647343,0.10628019323671498,0.15458937198067632,0.057971014492753624,0.06763285024154589,0.004830917874396135,0.014492753623188406,0.0,0.014492753623188406,0.01932367149758454,0.0,0.004830917874396135,0.0,0.004830917874396135,0.014492753623188406,0.014492753623188406,0.024154589371980676,0.0,0.0,0.0,0.0,0.0,0.00966183574879227,0.0,0.028985507246376812,0.0,0.014492753623188406,0.00966183574879227,0.0,0.0,0.00966183574879227,0.0,0.014492753623188406,0.00966183574879227,0.00966183574879227,0.0,0.014492753623188406,0.00966183574879227,0.01932367149758454,0.004830917874396135,0.01932367149758454,0.014492753623188406,0.014492753623188406,0.01932367149758454,0.004830917874396135,0.024154589371980676,0.05314009661835749,0.057971014492753624,0.043478260869565216,0.028985507246376812,0.004830917874396135,0.033816425120772944,0.024154589371980676,0.024154589371980676,0.07246376811594203,0.0966183574879227,0.05314009661835749,0.028985507246376812,0.01932367149758454,0.028985507246376812,0.03864734299516908,0.0,0.00966183574879227,0.0,0.004830917874396135,0.00966183574879227,0.0,0.0,0.0
DVP_220_04ff3a203ea1,Data/InfographicCharts/0_real/00000043.jpeg,InfographicCharts,0,1200,1200,32,0.1667611521804062,0.16680659722222224,0.005212706163194445,0.002985763888888889,0.006053597845284515,0.144140625,0.033984375,0.9113239876642063,0.0,0.4100305155206145,0.2672644521692844,0.5155479295871181,0.2916801614060454,0.8366666666666667,0.8645833333333333,0.0802507698345579,0.061780581720940246,0.05812182215490727,0.5118564628033548,0.24721535987857235,0.1028225806451613,0.07862903225806452,0.25875161444703876,0.7018522104096131,0.0,0.20695809999961057,0.125,0.125,0.03125,0.0,0.0625,0.09375,0.0625,0.03125,0.0,0.0,0.0,0.0,0.125,0.125,0.125,0.09375,0.03125,0.0,0.0,0.03125,0.0,0.0,0.0,0.0,0.0625,0.03125,0.09375,0.0,0.0,0.03125,0.0,0.0,0.0,0.03125,0.0625,0.0,0.0,0.03125,0.0,0.0,0.03125,0.0,0.0,0.03125,0.03125,0.0,0.0,0.03125,0.0,0.0,0.0,0.0,0.0,0.0,0.0,0.0,0.0,0.0,0.0,0.0,0.0,0.0,0.0,0.0,0.0625,0.0,0.0625,0.0625,0.0625,0.0625,0.0,0.0625,0.03125,0.03125,0.0,0.0,0.0,0.0,0.03125,0.0
DVP_221_05057e775dfb,Data/InfographicCharts/1_fake/infographic_chart_0291.png,InfographicCharts,1,1312,1199,49,0.1614080531812311,0.1616174683170935,0.0032983156799406836,0.0023781250635692345,0.0028239510777396297,0.10410963165754107,0.0319654133546663,0.9034460715495242,0.04081632653061224,0.43288069420041236,0.25914579060461546,0.5003130250197428,0.30720061210370186,0.8910060975609756,0.9220183486238532,0.046399170874838774,0.04378814715859964,0.017322549548041525,0.5171415926540786,0.24970472912329428,0.0467687074829932,0.06462585034013606,3.5967190753163156,16.961371928738437,0.04081632653061224,0.18558159999884083,0.12244897959183673,0.12244897959183673,0.04081632653061224,0.0,0.08163265306122448,0.0,0.061224489795918366,0.08163265306122448,0.08163265306122448,0.08163265306122448,0.0,0.04081632653061224,0.061224489795918366,0.061224489795918366,0.08163265306122448,0.08163265306122448,0.04081632653061224,0.061224489795918366,0.04081632653061224,0.061224489795918366,0.02040816326530612,0.0,0.0,0.0,0.0,0.02040816326530612,0.02040816326530612,0.0,0.02040816326530612,0.0,0.0,0.0,0.0,0.02040816326530612,0.0,0.0,0.061224489795918366,0.0,0.02040816326530612,0.0,0.0,0.061224489795918366,0.0,0.0,0.0,0.0,0.061224489795918366,0.0,0.0,0.0,0.0,0.04081632653061224,0.0,0.0,0.0,0.0,0.02040816326530612,0.061224489795918366,0.0,0.04081632653061224,0.0,0.0,0.04081632653061224,0.0,0.0,0.02040816326530612,0.04081632653061224,0.0,0.061224489795918366,0.0,0.04081632653061224,0.0,0.0,0.04081632653061224,0.02040816326530612,0.0,0.02040816326530612,0.0,0.0,0.04081632653061224
DVP_222_050f95ac8ef6,Data/InfographicCharts/1_fake/infographic_chart_0138.png,InfographicCharts,1,1536,1024,46,0.22524594044130594,0.22599887847900388,0.00491301909736965,0.002559343973795573,0.010603710254974025,0.14632869112318841,0.027364979619565216,0.8951998930422053,0.043478260869565216,0.5256671494838203,0.2541532560024707,0.5857940705606025,0.2353724893344221,0.8215426471084499,0.9055230034722223,0.04983636919935817,0.029296875,0.04072047275213576,0.448215906197562,0.21076941067612817,0.03671497584541063,0.07632850241545894,0.36384694084139146,0.8157407046415718,0.0,0.1372324000003573,0.0,0.06521739130434782,0.021739130434782608,0.0,0.08695652173913043,0.06521739130434782,0.0,0.08695652173913043,0.10869565217391304,0.08695652173913043,0.043478260869565216,0.13043478260869565,0.0,0.08695652173913043,0.10869565217391304,0.10869565217391304,0.0,0.0,0.0,0.021739130434782608,0.021739130434782608,0.0,0.0,0.0,0.0,0.0,0.0,0.043478260869565216,0.0,0.0,0.0,0.0,0.0,0.043478260869565216,0.0,0.043478260869565216,0.0,0.0,0.043478260869565216,0.0,0.0,0.043478260869565216,0.0,0.021739130434782608,0.0,0.0,0.043478260869565216,0.0,0.06521739130434782,0.0,0.021739130434782608,0.021739130434782608,0.0,0.021739130434782608,0.021739130434782608,0.06521739130434782,0.021739130434782608,0.021739130434782608,0.0,0.043478260869565216,0.0,0.021739130434782608,0.021739130434782608,0.021739130434782608,0.0,0.0,0.06521739130434782,0.0,0.08695652173913043,0.0,0.08695652173913043,0.0,0.0,0.0,0.0,0.021739130434782608,0.021739130434782608,0.0,0.021739130434782608,0.0
DVP_223_051415fdb3ce,Data/Receipts/0_real/X51005568855.jpg,Receipts,0,936,3521,85,0.4001535936804322,0.4019075413210602,0.0047283240155418845,0.004581788876023469,0.0031519044992427783,0.3356837606837607,0.014290726230850193,0.8626942202399904,0.058823529411764705,0.4995655882539972,0.2546406859696036,0.5389777243264328,0.23836967787865665,0.7457264957264957,0.9197671116160182,0.031136714240515496,0.027601203296465236,0.02379214247124156,0.44744636034013907,0.2145050886303962,0.04201680672268908,0.11876750700280111,0.38895355186003927,1.3089288425519796,0.011764705882352941,0.1304930999995122,0.023529411764705882,0.10588235294117647,0.023529411764705882,0.0,0.047058823529411764,0.10588235294117647,0.0,0.11764705882352941,0.023529411764705882,0.1411764705882353,0.011764705882352941,0.16470588235294117,0.07058823529411765,0.08235294117647059,0.023529411764705882,0.058823529411764705,0.0,0.0,0.0,0.047058823529411764,0.0,0.0,0.0,0.0,0.011764705882352941,0.011764705882352941,0.0,0.058823529411764705,0.0,0.023529411764705882,0.0,0.0,0.0,0.023529411764705882,0.047058823529411764,0.011764705882352941,0.0,0.0,0.047058823529411764,0.0,0.0,0.023529411764705882,0.047058823529411764,0.0,0.0,0.0,0.07058823529411765,0.0,0.0,0.0,0.08235294117647059,0.0,0.0,0.0,0.08235294117647059,0.0,0.0,0.023529411764705882,0.058823529411764705,0.0,0.011764705882352941,0.0,0.08235294117647059,0.0,0.023529411764705882,0.03529411764705882,0.0,0.023529411764705882,0.023529411764705882,0.0,0.058823529411764705,0.0,0.0,0.011764705882352941,0.0,0.058823529411764705,0.0,0.0,0.0,0.0
DVP_224_0517d958fb6b,Data/CommercialPosters/1_fake/commercial_poster_0790.png,CommercialPosters,1,1086,1448,29,0.19109554362282988,0.19964000641006072,0.0068841381520710595,0.0018295381703855194,0.017171498212892468,0.1457102940242586,0.028029148409220807,0.8953215661611842,0.06896551724137931,0.39143134641692356,0.14215703265191837,0.6056956535333091,0.29553616099102503,0.49125230202578263,0.8808701657458563,0.04263275958389457,0.03026638681687184,0.026300267245413178,0.4069322966521783,0.23914170490751294,0.07881773399014778,0.07635467980295567,3.3931990138442156,11.853340688493647,0.06896551724137931,0.15610599999854458,0.034482758620689655,0.10344827586206896,0.0,0.0,0.06896551724137931,0.20689655172413793,0.0,0.0,0.0,0.13793103448275862,0.0,0.0,0.0,0.1724137931034483,0.27586206896551724,0.0,0.0,0.034482758620689655,0.034482758620689655,0.034482758620689655,0.0,0.0,0.0,0.0,0.0,0.0,0.034482758620689655,0.0,0.0,0.0,0.0,0.0,0.0,0.0,0.034482758620689655,0.0,0.0,0.0,0.0,0.0,0.0,0.06896551724137931,0.10344827586206896,0.06896551724137931,0.0,0.0,0.0,0.0,0.0,0.0,0.10344827586206896,0.0,0.0,0.0,0.0,0.0,0.0,0.0,0.034482758620689655,0.0,0.0,0.0,0.0,0.0,0.0,0.0,0.06896551724137931,0.0,0.06896551724137931,0.06896551724137931,0.0,0.0,0.0,0.0,0.034482758620689655,0.06896551724137931,0.10344827586206896,0.034482758620689655,0.0,0.0
DVP_225_05251c333219,Data/Tables/0_real/PMC2890534_table_1.jpg,Tables,0,353,153,20,0.24936584643300191,0.24936584643300191,0.012468292321650096,0.007859801144253735,0.015276572139889756,0.15708215297450426,0.07320261437908496,0.8532877369933949,0.35,0.616501416430595,0.3153796114657682,0.5581699346405229,0.21835739546705077,0.8441926345609065,0.7810457516339869,0.14738739847710125,0.14249620116542644,0.03607170896099287,0.5071668236694008,0.2292578995655378,0.09473684210526316,0.11052631578947368,13.5,32.13642792844283,0.15,0.045562100000097416,0.0,0.05,0.0,0.0,0.05,0.1,0.1,0.2,0.05,0.05,0.05,0.15,0.05,0.05,0.0,0.1,0.0,0.0,0.0,0.0,0.0,0.0,0.0,0.0,0.0,0.0,0.0,0.05,0.0,0.0,0.0,0.0,0.0,0.0,0.05,0.0,0.05,0.0,0.05,0.05,0.0,0.05,0.05,0.0,0.05,0.0,0.05,0.05,0.0,0.0,0.0,0.0,0.0,0.0,0.0,0.05,0.0,0.05,0.05,0.0,0.05,0.0,0.05,0.05,0.0,0.0,0.0,0.05,0.0,0.0,0.0,0.1,0.0,0.05,0.0,0.0,0.0,0.0,0.0,0.0
DVP_226_052be9ccc57a,Data/AcademicPosters/1_fake/academic_poster_0415.png,AcademicPosters,1,1438,1094,232,0.2419320936275652,0.24498338388936494,0.0010559628615920903,0.0006874645620440741,0.0012848254613442485,0.06318641791760587,0.016953760322763665,0.8637611951683271,0.04310344827586207,0.5617564478916947,0.25345399580601635,0.5561235801854967,0.24556297082211034,0.9026425591098749,0.9510968921389397,0.02477391818799732,0.021348209161910662,0.012893651669646134,0.44833369360024067,0.2217101028602765,0.05127630989699955,0.05754590237348858,3.2606106560458508,16.292799701684654,0.03879310344827586,0.2832030000008672,0.021551724137931036,0.021551724137931036,0.05172413793103448,0.021551724137931036,0.05172413793103448,0.034482758620689655,0.1336206896551724,0.05603448275862069,0.04310344827586207,0.034482758620689655,0.17672413793103448,0.09051724137931035,0.04741379310344827,0.05603448275862069,0.09051724137931035,0.06896551724137931,0.0,0.004310344827586207,0.01293103448275862,0.0,0.01293103448275862,0.008620689655172414,0.008620689655172414,0.0,0.004310344827586207,0.01293103448275862,0.008620689655172414,0.0,0.017241379310344827,0.01293103448275862,0.01293103448275862,0.0,0.004310344827586207,0.008620689655172414,0.01293103448275862,0.0,0.04741379310344827,0.05172413793103448,0.021551724137931036,0.0,0.02586206896551724,0.01293103448275862,0.01293103448275862,0.008620689655172414,0.021551724137931036,0.01293103448275862,0.021551724137931036,0.01293103448275862,0.01293103448275862,0.008620689655172414,0.017241379310344827,0.01293103448275862,0.03017241379310345,0.03879310344827586,0.034482758620689655,0.021551724137931036,0.021551724137931036,0.0,0.004310344827586207,0.0,0.04310344827586207,0.06465517241379311,0.02586206896551724,0.008620689655172414,0.004310344827586207,0.01293103448275862,0.01293103448275862,0.01293103448275862,0.02586206896551724,0.03017241379310345,0.01293103448275862,0.017241379310344827,0.01293103448275862,0.017241379310344827,0.017241379310344827,0.01293103448275862,0.017241379310344827,0.017241379310344827,0.021551724137931036,0.017241379310344827
DVP_227_053539053575,Data/CommercialPosters/0_real/5c179df4133a785392caf325_preview.jpg,CommercialPosters,0,1024,1024,7,0.10116052627563477,0.10130548477172852,0.014472212110246931,0.0040912628173828125,0.01881404542669985,0.1865234375,0.052734375,0.8834677107107037,0.0,0.20960528949277615,0.06341250845387983,0.4506524382785643,0.21112790255473565,0.2275390625,0.52001953125,0.09251517161605141,0.10156367374622238,0.038040519868666266,0.29614175581166907,0.16028427210571067,0.14285714285714285,0.2857142857142857,0.3258579266565797,0.5179302558881969,0.0,0.20153620000019146,0.0,0.0,0.0,0.0,0.42857142857142855,0.2857142857142857,0.0,0.0,0.14285714285714285,0.0,0.0,0.0,0.14285714285714285,0.0,0.0,0.0,0.0,0.0,0.0,0.0,0.0,0.0,0.0,0.0,0.0,0.0,0.0,0.0,0.0,0.0,0.0,0.0,0.14285714285714285,0.2857142857142857,0.14285714285714285,0.0,0.0,0.0,0.0,0.0,0.0,0.0,0.14285714285714285,0.0,0.0,0.0,0.0,0.0,0.0,0.0,0.0,0.0,0.0,0.0,0.0,0.0,0.0,0.14285714285714285,0.0,0.0,0.0,0.0,0.0,0.0,0.0,0.14285714285714285,0.0,0.0,0.0,0.0,0.0,0.0,0.0,0.0,0.0,0.0,0.0,0.0,0.0,0.0
DVP_228_05357c165fa8,Data/CommercialPosters/0_real/5b0d431e1eb1c99e2a8014bb_preview.jpg,CommercialPosters,0,1024,576,4,0.037248038203338454,0.03864966498480903,0.009662416246202258,0.009997473822699653,0.006462315579980403,0.1240234375,0.0703125,0.8557066329133318,0.25,0.17512736189949069,0.03322224823574031,0.6600523467711548,0.07857117146659022,0.08904133365203723,0.18791561291538095,0.08742492147290948,0.08742492147290948,0.0016173821396366639,0.13151474622374953,0.04593034104258333,0.16666666666666666,0.3333333333333333,0.8936557246533496,0.9073678351806366,0.0,0.1183006999999634,0.0,0.0,0.0,0.0,0.0,0.0,0.0,0.0,0.75,0.0,0.0,0.0,0.25,0.0,0.0,0.0,0.0,0.0,0.0,0.0,0.0,0.0,0.0,0.0,0.0,0.0,0.0,0.0,0.0,0.0,0.0,0.0,0.0,0.0,0.0,0.0,0.0,0.0,0.0,0.0,0.0,0.0,0.0,0.0,0.0,0.0,0.0,0.0,0.0,0.5,0.0,0.0,0.0,0.0,0.0,0.0,0.0,0.25,0.0,0.0,0.0,0.0,0.0,0.0,0.0,0.25,0.0,0.0,0.0,0.0,0.0,0.0,0.0,0.0,0.0,0.0,0.0,0.0,0.0,0.0
DVP_229_053bd991248f,Data/Receipts/1_fake/receipt_0072.png,Receipts,1,1023,1537,45,0.17303669439658523,0.1734663570665837,0.003854807934812971,0.002858776443682104,0.0034509889091699736,0.1562941240360595,0.024521072796934867,0.8967789648154996,0.022222222222222223,0.4472442997468584,0.22333167711150534,0.5411300534072635,0.20410566226405497,0.6378299120234604,0.7839947950553026,0.03893124586681136,0.034141028102406754,0.018732674687870047,0.3926553603804614,0.18180984907497788,0.030303030303030304,0.12323232323232323,8.595586580771826,25.81621060855529,0.08888888888888889,0.1390031999999337,0.0,0.044444444444444446,0.044444444444444446,0.0,0.1111111111111111,0.15555555555555556,0.044444444444444446,0.06666666666666667,0.08888888888888889,0.06666666666666667,0.044444444444444446,0.13333333333333333,0.06666666666666667,0.13333333333333333,0.0,0.0,0.0,0.0,0.0,0.0,0.0,0.0,0.0,0.0,0.0,0.0,0.0,0.044444444444444446,0.044444444444444446,0.0,0.0,0.0,0.0,0.044444444444444446,0.044444444444444446,0.022222222222222223,0.0,0.044444444444444446,0.0,0.0,0.0,0.06666666666666667,0.06666666666666667,0.022222222222222223,0.0,0.0,0.06666666666666667,0.0,0.0,0.044444444444444446,0.044444444444444446,0.0,0.022222222222222223,0.0,0.06666666666666667,0.0,0.0,0.044444444444444446,0.022222222222222223,0.0,0.022222222222222223,0.0,0.06666666666666667,0.0,0.0,0.06666666666666667,0.022222222222222223,0.044444444444444446,0.0,0.0,0.0,0.0,0.0,0.0,0.0,0.06666666666666667,0.0,0.0,0.0,0.0
DVP_230_054b5ff2e9db,Data/InfographicCharts/0_real/00052682.jpg,InfographicCharts,0,1200,685,27,0.07041298501728775,0.07050547445255474,0.0026113138686131385,0.0016021897810218977,0.0035018769006036716,0.06540123456790123,0.04920248715869155,0.884233896426452,0.0,0.3482896612946819,0.2932677313739285,0.5178011326472464,0.3441468573155162,0.8816666666666666,0.9375843547720699,0.09916704159070307,0.10298800318879464,0.030957428207966035,0.5876397101957086,0.28158835312165903,0.07692307692307693,0.14814814814814814,3.710995964944556,16.99893077341882,0.037037037037037035,0.1225215999984357,0.07407407407407407,0.037037037037037035,0.14814814814814814,0.07407407407407407,0.18518518518518517,0.037037037037037035,0.0,0.0,0.07407407407407407,0.0,0.0,0.0,0.1111111111111111,0.07407407407407407,0.1111111111111111,0.07407407407407407,0.037037037037037035,0.0,0.0,0.0,0.07407407407407407,0.0,0.0,0.037037037037037035,0.037037037037037035,0.0,0.0,0.037037037037037035,0.037037037037037035,0.037037037037037035,0.037037037037037035,0.0,0.037037037037037035,0.037037037037037035,0.037037037037037035,0.0,0.0,0.0,0.0,0.0,0.1111111111111111,0.0,0.0,0.0,0.0,0.0,0.0,0.0,0.037037037037037035,0.0,0.0,0.0,0.0,0.0,0.0,0.0,0.037037037037037035,0.0,0.0,0.0,0.0,0.0,0.0,0.0,0.037037037037037035,0.0,0.0,0.0,0.0,0.0,0.0,0.0,0.037037037037037035,0.037037037037037035,0.037037037037037035,0.037037037037037035,0.07407407407407407,0.037037037037037035,0.037037037037037035,0.037037037037037035
DVP_231_054ccee07886,Data/UIScreenshots/0_real/5871.jpg,UIScreenshots,0,1080,1920,16,0.06976613657182267,0.0701586612654321,0.0043849163290895065,0.0027854938271604937,0.004185780288886902,0.14947916666666666,0.02682291666666667,0.8477283555927707,0.0,0.4979753741539924,0.2337014149310129,0.40602207183015626,0.1542755464528146,0.8347222222222221,0.5807291666666666,0.10199843887367945,0.06270245950403336,0.12450450791990511,0.34558010279712,0.21877985078327553,0.21666666666666667,0.09166666666666666,0.3170294919479719,0.7609231456320189,0.0,0.12267740000061167,0.0625,0.0,0.0,0.0625,0.125,0.1875,0.3125,0.125,0.0,0.125,0.0,0.0,0.0,0.0,0.0,0.0,0.0625,0.0,0.0,0.0,0.0,0.0,0.0,0.0625,0.0,0.0,0.0,0.0,0.0,0.0,0.0,0.0,0.0,0.0,0.0,0.0,0.0,0.0,0.0,0.0,0.0,0.125,0.0625,0.125,0.1875,0.125,0.125,0.0,0.0,0.0,0.0,0.125,0.0,0.0,0.0,0.0,0.0,0.0,0.0,0.0,0.0,0.0,0.0,0.0,0.0,0.0,0.0,0.0,0.0,0.0,0.0,0.0,0.0,0.0,0.0,0.0,0.0,0.0,0.0,0.0
DVP_232_0557ecf841ed,Data/Tables/1_fake/table_0858.png,Tables,1,1313,1198,144,0.22658871692204277,0.22688836560553446,0.0015756136500384337,0.0009777656846203433,0.0021637310677411416,0.07257023779301007,0.02318099610461881,0.9162072282584758,0.0,0.4685416226945784,0.2857672124994177,0.49009628383441295,0.24867986929191283,0.8834729626808834,0.9482470784641068,0.04235961014138369,0.04260091206284962,0.015851107987481308,0.4867184950552268,0.22830093704460128,0.042540792540792544,0.10091297591297592,0.24961130467310286,0.8220728084162845,0.0,0.23372659999949974,0.05555555555555555,0.0625,0.0625,0.05555555555555555,0.09027777777777778,0.05555555555555555,0.05555555555555555,0.05555555555555555,0.09722222222222222,0.06944444444444445,0.06944444444444445,0.06944444444444445,0.0625,0.05555555555555555,0.041666666666666664,0.041666666666666664,0.006944444444444444,0.006944444444444444,0.006944444444444444,0.0,0.006944444444444444,0.0,0.006944444444444444,0.006944444444444444,0.020833333333333332,0.020833333333333332,0.027777777777777776,0.027777777777777776,0.027777777777777776,0.027777777777777776,0.020833333333333332,0.020833333333333332,0.034722222222222224,0.013888888888888888,0.013888888888888888,0.013888888888888888,0.013888888888888888,0.013888888888888888,0.013888888888888888,0.013888888888888888,0.027777777777777776,0.013888888888888888,0.013888888888888888,0.013888888888888888,0.013888888888888888,0.013888888888888888,0.013888888888888888,0.013888888888888888,0.034722222222222224,0.020833333333333332,0.020833333333333332,0.020833333333333332,0.020833333333333332,0.020833333333333332,0.020833333333333332,0.020833333333333332,0.027777777777777776,0.013888888888888888,0.013888888888888888,0.013888888888888888,0.013888888888888888,0.013888888888888888,0.013888888888888888,0.013888888888888888,0.027777777777777776,0.013888888888888888,0.020833333333333332,0.020833333333333332,0.020833333333333332,0.020833333333333332,0.020833333333333332,0.020833333333333332,0.006944444444444444,0.013888888888888888,0.006944444444444444,0.006944444444444444,0.0,0.0,0.0,0.0
DVP_233_055881711938,Data/Receipts/0_real/X51008030561.jpg,Receipts,0,787,1605,52,0.2536861897201097,0.2592395112161408,0.004985375215695016,0.003541189184053961,0.003876714448003963,0.2020574723878409,0.02504193625688952,0.893649972704896,0.038461538461538464,0.4590000364944658,0.23131331689673998,0.5801426750702008,0.20492230163754316,0.7210927573062261,0.7542056074766355,0.049614816696193505,0.04514096833796298,0.021809565679428516,0.3978493931396078,0.19094218962147047,0.03469079939668175,0.07692307692307693,0.27351288375220734,0.6404257474395776,0.0,0.12133839999842166,0.0,0.09615384615384616,0.0,0.0,0.057692307692307696,0.11538461538461539,0.07692307692307693,0.0,0.09615384615384616,0.09615384615384616,0.11538461538461539,0.1346153846153846,0.07692307692307693,0.019230769230769232,0.07692307692307693,0.038461538461538464,0.0,0.0,0.0,0.0,0.0,0.0,0.0,0.0,0.0,0.0,0.0,0.09615384615384616,0.0,0.0,0.0,0.0,0.0,0.0,0.0,0.057692307692307696,0.0,0.0,0.0,0.0,0.019230769230769232,0.038461538461538464,0.038461538461538464,0.019230769230769232,0.038461538461538464,0.038461538461538464,0.0,0.0,0.0,0.057692307692307696,0.038461538461538464,0.0,0.038461538461538464,0.038461538461538464,0.038461538461538464,0.0,0.0,0.038461538461538464,0.057692307692307696,0.0,0.019230769230769232,0.019230769230769232,0.09615384615384616,0.0,0.019230769230769232,0.019230769230769232,0.0,0.0,0.0,0.019230769230769232,0.019230769230769232,0.0,0.019230769230769232,0.019230769230769232,0.019230769230769232,0.0,0.038461538461538464,0.019230769230769232,0.019230769230769232,0.0
DVP_234_05652e2f5c76,Data/Receipts/0_real/X51005587254.jpg,Receipts,0,963,2260,54,0.2725715823599287,0.29620677455223815,0.005485310639856262,0.004007457337413503,0.004372471511921222,0.281085342871428,0.024745984922976076,0.8341313067583217,0.018518518518518517,0.493592273714583,0.2058906882009273,0.4801358731142443,0.20578781159686885,0.6682242990654206,0.7769911504424779,0.03842658668039588,0.029572545176294034,0.02639540321567822,0.376664475636515,0.1755015421175754,0.0573025856044724,0.06988120195667366,9.366568798164186,23.693650342472058,0.2222222222222222,0.10572010000032606,0.0,0.0,0.12962962962962962,0.0,0.07407407407407407,0.18518518518518517,0.05555555555555555,0.1111111111111111,0.07407407407407407,0.07407407407407407,0.05555555555555555,0.09259259259259259,0.0,0.14814814814814814,0.0,0.0,0.0,0.0,0.0,0.0,0.037037037037037035,0.0,0.0,0.0,0.0,0.0,0.0,0.0,0.09259259259259259,0.0,0.0,0.0,0.0,0.018518518518518517,0.05555555555555555,0.07407407407407407,0.0,0.018518518518518517,0.018518518518518517,0.0,0.0,0.05555555555555555,0.037037037037037035,0.018518518518518517,0.018518518518518517,0.018518518518518517,0.09259259259259259,0.0,0.0,0.07407407407407407,0.0,0.018518518518518517,0.037037037037037035,0.0,0.09259259259259259,0.0,0.0,0.0,0.037037037037037035,0.018518518518518517,0.0,0.018518518518518517,0.0,0.0,0.0,0.0,0.0,0.12962962962962962,0.0,0.0,0.0,0.0,0.0,0.0,0.0,0.018518518518518517,0.0,0.0,0.0,0.0
DVP_235_056a4f4b96eb,Data/AcademicPosters/1_fake/academic_poster_0649.png,AcademicPosters,1,1331,1181,219,0.19665788786279262,0.19842090296460804,0.0009060315203863381,0.0005680983210881532,0.0015174272882779762,0.06331971360840374,0.015597029063675624,0.8638967622090047,0.0593607305936073,0.5195670873062694,0.27380035826947074,0.48800248051682565,0.25246967579279417,0.9316303531179564,0.9515208753989449,0.02699196193584344,0.023285351397121068,0.015802336756461432,0.4714320128776062,0.23757009606806317,0.04972560847890746,0.04595534330359013,1.7905865146316933,10.611128735715353,0.0593607305936073,0.2143703000001551,0.0319634703196347,0.0319634703196347,0.0730593607305936,0.0730593607305936,0.0639269406392694,0.0502283105022831,0.1141552511415525,0.1050228310502283,0.0730593607305936,0.0547945205479452,0.0730593607305936,0.0684931506849315,0.0730593607305936,0.045662100456621,0.0410958904109589,0.0273972602739726,0.0,0.0045662100456621,0.0045662100456621,0.0182648401826484,0.0,0.0091324200913242,0.0045662100456621,0.0091324200913242,0.0136986301369863,0.0136986301369863,0.0045662100456621,0.0045662100456621,0.0319634703196347,0.0319634703196347,0.0273972602739726,0.0319634703196347,0.0045662100456621,0.0136986301369863,0.0091324200913242,0.0091324200913242,0.045662100456621,0.0410958904109589,0.0410958904109589,0.0410958904109589,0.0136986301369863,0.0319634703196347,0.0228310502283105,0.0091324200913242,0.0273972602739726,0.0,0.0228310502283105,0.0,0.0,0.0228310502283105,0.0136986301369863,0.0045662100456621,0.0410958904109589,0.0136986301369863,0.045662100456621,0.0228310502283105,0.0319634703196347,0.0182648401826484,0.0136986301369863,0.0228310502283105,0.0182648401826484,0.0,0.0,0.0,0.0136986301369863,0.0091324200913242,0.0,0.0045662100456621,0.0228310502283105,0.0,0.0091324200913242,0.0,0.0273972602739726,0.0228310502283105,0.0273972602739726,0.0136986301369863,0.0182648401826484,0.0,0.0091324200913242,0.0091324200913242
DVP_236_056c730887a6,Data/UIScreenshots/1_fake/ui_0366.png,UIScreenshots,1,941,1672,67,0.16385858334063627,0.16417400556264583,0.0024503582919797886,0.001553371400678297,0.002027089159106558,0.12303519596491505,0.019870741983860598,0.8762812612906898,0.04477611940298507,0.38656573698186936,0.3001195904398093,0.5554789304800577,0.26642806854859374,0.8544102019128588,0.9635167464114832,0.04558505595638652,0.03774114649436403,0.031088706604519827,0.5064832109764549,0.26545545922558395,0.035278154681139755,0.20533695160560833,13.824861339334527,32.22311813334933,0.14925373134328357,0.1365092000014556,0.1044776119402985,0.04477611940298507,0.0,0.029850746268656716,0.11940298507462686,0.08955223880597014,0.0,0.05970149253731343,0.13432835820895522,0.08955223880597014,0.0,0.05970149253731343,0.08955223880597014,0.07462686567164178,0.029850746268656716,0.07462686567164178,0.029850746268656716,0.014925373134328358,0.0,0.0,0.0,0.0,0.0,0.0,0.0,0.05970149253731343,0.029850746268656716,0.014925373134328358,0.0,0.0,0.014925373134328358,0.014925373134328358,0.0,0.04477611940298507,0.029850746268656716,0.014925373134328358,0.0,0.0,0.0,0.029850746268656716,0.0,0.07462686567164178,0.029850746268656716,0.014925373134328358,0.0,0.0,0.0,0.029850746268656716,0.0,0.05970149253731343,0.029850746268656716,0.014925373134328358,0.0,0.0,0.0,0.029850746268656716,0.0,0.07462686567164178,0.029850746268656716,0.014925373134328358,0.0,0.0,0.0,0.029850746268656716,0.0,0.04477611940298507,0.029850746268656716,0.014925373134328358,0.0,0.0,0.0,0.029850746268656716,0.0,0.04477611940298507,0.014925373134328358,0.014925373134328358,0.029850746268656716,0.0,0.029850746268656716,0.014925373134328358
DVP_237_0574f4250145,Data/Tables/1_fake/table_0104.png,Tables,1,1317,1194,185,0.24173899633681487,0.24187693720437164,0.0013074429038074143,0.0010581889452323627,0.00193320759276069,0.06046502082948552,0.021997374258680792,0.8819246123855028,0.0972972972972973,0.486689931320723,0.266377910956749,0.461932953992312,0.24223057130322956,0.8817466208241975,0.9371859296482412,0.05382448109536572,0.05922500230821994,0.012630888015716395,0.46213993115873064,0.2170286130642917,0.06404230317273796,0.06792009400705053,0.22669867392185766,0.9387153796330241,0.005405405405405406,0.2439899000000878,0.05945945945945946,0.06486486486486487,0.07567567567567568,0.05945945945945946,0.08108108108108109,0.05405405405405406,0.08648648648648649,0.06486486486486487,0.08648648648648649,0.06486486486486487,0.08108108108108109,0.06486486486486487,0.043243243243243246,0.043243243243243246,0.043243243243243246,0.02702702702702703,0.005405405405405406,0.010810810810810811,0.010810810810810811,0.021621621621621623,0.016216216216216217,0.016216216216216217,0.016216216216216217,0.010810810810810811,0.010810810810810811,0.032432432432432434,0.010810810810810811,0.021621621621621623,0.021621621621621623,0.021621621621621623,0.021621621621621623,0.010810810810810811,0.010810810810810811,0.032432432432432434,0.010810810810810811,0.021621621621621623,0.021621621621621623,0.021621621621621623,0.021621621621621623,0.010810810810810811,0.010810810810810811,0.02702702702702703,0.005405405405405406,0.016216216216216217,0.021621621621621623,0.021621621621621623,0.021621621621621623,0.010810810810810811,0.010810810810810811,0.032432432432432434,0.010810810810810811,0.021621621621621623,0.016216216216216217,0.021621621621621623,0.021621621621621623,0.010810810810810811,0.010810810810810811,0.032432432432432434,0.010810810810810811,0.021621621621621623,0.021621621621621623,0.021621621621621623,0.021621621621621623,0.010810810810810811,0.010810810810810811,0.021621621621621623,0.010810810810810811,0.021621621621621623,0.021621621621621623,0.021621621621621623,0.016216216216216217,0.010810810810810811,0.0,0.010810810810810811,0.010810810810810811,0.0,0.0,0.0,0.0,0.0
DVP_238_0577b5ec76f7,Data/Tables/1_fake/table_0557.png,Tables,1,1401,1123,8,0.16783743706791296,0.16783743706791296,0.02097967963348912,0.01367297115722582,0.01327691213506626,0.39239828693790146,0.05966162065894925,0.9217499541501395,0.0,0.49596868601682015,0.2752909777984981,0.44879976962245877,0.13501495347348022,0.7218447728400937,0.39603539425445033,0.132952972557514,0.11781104246543367,0.03956706886261495,0.4218643129467422,0.19214580480643909,0.10714285714285714,0.10714285714285714,0.5733320829633044,0.7574723744301075,0.0,0.15711250000094878,0.0,0.125,0.0,0.0,0.125,0.125,0.0,0.125,0.125,0.125,0.0,0.25,0.0,0.0,0.0,0.0,0.0,0.0,0.0,0.0,0.0,0.0,0.0,0.0,0.0,0.0,0.0,0.125,0.0,0.0,0.0,0.0,0.0,0.0,0.0,0.125,0.0,0.0,0.0,0.0,0.125,0.0,0.0,0.0,0.0,0.0,0.125,0.0,0.0,0.125,0.125,0.0,0.0,0.0,0.25,0.0,0.0,0.0,0.0,0.0,0.0,0.0,0.0,0.0,0.0,0.0,0.0,0.0,0.0,0.0,0.0,0.0,0.0,0.0,0.0,0.0,0.0,0.0,0.0,0.0
DVP_239_0578de0713ab,Data/Tables/0_real/PMC5023853_table_2.jpg,Tables,0,612,231,37,0.36105805958747134,0.36105805958747134,0.009758325934796523,0.006507653566477096,0.007965295534866404,0.20098039215686272,0.05054405054405055,0.8959958890435865,0.0,0.41408467416879774,0.22111876160297264,0.4994722470637693,0.23695241365202474,0.6470588235294118,0.9025974025974026,0.08363409090232722,0.0711315027565942,0.023936527655282345,0.4217936004190825,0.19495029553825818,0.06006006006006006,0.11861861861861862,0.07435243679846952,0.28488858370876313,0.0,0.12354120000054536,0.02702702702702703,0.08108108108108109,0.0,0.02702702702702703,0.10810810810810811,0.16216216216216217,0.10810810810810811,0.0,0.02702702702702703,0.16216216216216217,0.08108108108108109,0.0,0.05405405405405406,0.08108108108108109,0.08108108108108109,0.0,0.0,0.0,0.0,0.02702702702702703,0.0,0.0,0.0,0.0,0.0,0.02702702702702703,0.02702702702702703,0.02702702702702703,0.0,0.0,0.02702702702702703,0.0,0.02702702702702703,0.02702702702702703,0.05405405405405406,0.02702702702702703,0.0,0.05405405405405406,0.0,0.0,0.02702702702702703,0.02702702702702703,0.02702702702702703,0.05405405405405406,0.0,0.05405405405405406,0.0,0.0,0.0,0.0,0.02702702702702703,0.05405405405405406,0.0,0.02702702702702703,0.0,0.0,0.0,0.02702702702702703,0.05405405405405406,0.02702702702702703,0.0,0.05405405405405406,0.0,0.0,0.02702702702702703,0.02702702702702703,0.05405405405405406,0.0,0.0,0.05405405405405406,0.0,0.0,0.0,0.0,0.02702702702702703,0.0,0.0,0.02702702702702703,0.0,0.0
DVP_240_057a58b188c4,Data/UIScreenshots/0_real/20401.jpg,UIScreenshots,0,540,960,23,0.10824845679012346,0.10837770061728394,0.004712073939881911,0.002307098765432099,0.005698679204002211,0.20169082125603863,0.020425724637681154,0.86699385000321,0.13043478260869565,0.5473390545835876,0.23665960204009356,0.4035111888564635,0.28978614541839987,0.8472222222222223,0.8854166666666666,0.08308857845867731,0.0676471809785836,0.06309900304655892,0.4793120484604936,0.2509049875285893,0.05533596837944664,0.05533596837944664,0.4725603426210802,1.2936848155499843,0.0,0.1229806000010285,0.08695652173913043,0.13043478260869565,0.08695652173913043,0.043478260869565216,0.0,0.17391304347826086,0.08695652173913043,0.043478260869565216,0.0,0.043478260869565216,0.08695652173913043,0.0,0.0,0.0,0.08695652173913043,0.13043478260869565,0.043478260869565216,0.0,0.0,0.0,0.0,0.043478260869565216,0.0,0.043478260869565216,0.043478260869565216,0.0,0.08695652173913043,0.043478260869565216,0.0,0.043478260869565216,0.0,0.0,0.0,0.0,0.08695652173913043,0.043478260869565216,0.08695652173913043,0.0,0.0,0.0,0.0,0.0,0.043478260869565216,0.0,0.0,0.0,0.043478260869565216,0.0,0.0,0.0,0.0,0.043478260869565216,0.0,0.0,0.0,0.0,0.0,0.0,0.0,0.0,0.0,0.08695652173913043,0.0,0.0,0.0,0.0,0.0,0.0,0.0,0.0,0.08695652173913043,0.043478260869565216,0.0,0.0,0.0,0.0,0.08695652173913043,0.0,0.0,0.0
DVP_241_057c47f53b57,Data/CommercialPosters/0_real/5c628d0c85ea3c16f97b82c0_preview.jpg,CommercialPosters,0,576,1024,8,0.2366136162324231,0.24035135904947916,0.030043919881184895,0.019484625922309026,0.04300706190884854,0.3001302083333333,0.0782470703125,0.8977714961096331,0.0,0.6817496537889114,0.17398217470664806,0.496759783517881,0.29746166820062203,0.5472967162657054,0.7451171875,0.1544876526439405,0.08874499219783145,0.1264400298150587,0.4679833736465852,0.22897061338650584,0.0,0.0,1.4848623060108537,2.1102860114738022,0.125,0.11936599999899045,0.0,0.125,0.0,0.25,0.0,0.0,0.0,0.125,0.0,0.0,0.125,0.0,0.0,0.0,0.25,0.125,0.0,0.0,0.0,0.0,0.0,0.0,0.0,0.0,0.0,0.0,0.125,0.0,0.0,0.0,0.25,0.0,0.0,0.0,0.0,0.0,0.0,0.0,0.125,0.0,0.0,0.0,0.0,0.0,0.0,0.0,0.0,0.0,0.0,0.0,0.0,0.0,0.0,0.0,0.0,0.0,0.0,0.0,0.0,0.0,0.0,0.125,0.0,0.0,0.0,0.0,0.0,0.0,0.0,0.125,0.125,0.0,0.0,0.0,0.0,0.0,0.125,0.0,0.0,0.0
DVP_242_057cb83b5492,Data/Tables/0_real/PMC4691410_table_2.jpg,Tables,0,528,691,242,0.34127910801210365,0.3412791080121037,0.0014102442479838996,0.0011922773319300091,0.0010033989974445633,0.07088968194340095,0.020433914197892627,0.9016254414205904,0.004132231404958678,0.5278272991437666,0.24477830018119925,0.5058697716341739,0.255961668111666,0.803030303030303,0.9182344428364689,0.026342970311347372,0.025343313305500343,0.005340611978138887,0.45355239484337817,0.21493428001933754,0.02448475703851034,0.12496142107609479,0.22489354888187596,1.008341570136853,0.01652892561983471,0.16078999999990629,0.028925619834710745,0.06611570247933884,0.06198347107438017,0.06198347107438017,0.0371900826446281,0.0743801652892562,0.0743801652892562,0.0743801652892562,0.04132231404958678,0.08264462809917356,0.08264462809917356,0.08264462809917356,0.03305785123966942,0.06611570247933884,0.06611570247933884,0.06611570247933884,0.0,0.008264462809917356,0.012396694214876033,0.012396694214876033,0.012396694214876033,0.008264462809917356,0.012396694214876033,0.008264462809917356,0.01652892561983471,0.004132231404958678,0.02066115702479339,0.02066115702479339,0.02066115702479339,0.02066115702479339,0.02066115702479339,0.02066115702479339,0.004132231404958678,0.01652892561983471,0.02066115702479339,0.02066115702479339,0.02066115702479339,0.02066115702479339,0.02066115702479339,0.02066115702479339,0.004132231404958678,0.012396694214876033,0.01652892561983471,0.01652892561983471,0.01652892561983471,0.01652892561983471,0.01652892561983471,0.01652892561983471,0.008264462809917356,0.012396694214876033,0.02066115702479339,0.02066115702479339,0.02066115702479339,0.02066115702479339,0.02066115702479339,0.02066115702479339,0.01652892561983471,0.004132231404958678,0.02066115702479339,0.02066115702479339,0.02066115702479339,0.02066115702479339,0.02066115702479339,0.02066115702479339,0.0,0.02066115702479339,0.02066115702479339,0.02066115702479339,0.02066115702479339,0.02066115702479339,0.02066115702479339,0.02066115702479339,0.008264462809917356,0.004132231404958678,0.012396694214876033,0.012396694214876033,0.012396694214876033,0.012396694214876033,0.012396694214876033,0.012396694214876033
DVP_243_0580f91e5eb6,Data/Receipts/1_fake/receipt_0870.png,Receipts,1,1024,1536,65,0.21855640411376953,0.21855640411376956,0.0033624062171349165,0.0018914540608723958,0.0029416840997389167,0.1541766826923077,0.021434294871794872,0.9182525457963261,0.0,0.5525276483647669,0.24255158336528387,0.4278043462318535,0.21449235710385323,0.7744140625,0.9215494791666666,0.03612580277037126,0.02755414160652275,0.01641192565531842,0.41445456564643274,0.20292878497284075,0.036057692307692304,0.11153846153846154,9.751952803707791,27.910428863847294,0.1076923076923077,0.15708020000056422,0.03076923076923077,0.1076923076923077,0.03076923076923077,0.03076923076923077,0.06153846153846154,0.06153846153846154,0.24615384615384617,0.12307692307692308,0.046153846153846156,0.06153846153846154,0.046153846153846156,0.06153846153846154,0.0,0.09230769230769231,0.0,0.0,0.0,0.0,0.0,0.046153846153846156,0.0,0.0,0.0,0.0,0.015384615384615385,0.015384615384615385,0.03076923076923077,0.03076923076923077,0.0,0.03076923076923077,0.0,0.03076923076923077,0.015384615384615385,0.015384615384615385,0.03076923076923077,0.0,0.06153846153846154,0.06153846153846154,0.0,0.06153846153846154,0.0,0.03076923076923077,0.03076923076923077,0.0,0.06153846153846154,0.06153846153846154,0.0,0.06153846153846154,0.0,0.0,0.0,0.0,0.03076923076923077,0.015384615384615385,0.0,0.046153846153846156,0.0,0.046153846153846156,0.03076923076923077,0.03076923076923077,0.0,0.0,0.0,0.015384615384615385,0.0,0.0,0.0,0.06153846153846154,0.0,0.0,0.0,0.0,0.0,0.0,0.0,0.03076923076923077,0.0,0.0,0.0,0.0
DVP_244_058149c3cbf6,Data/UIScreenshots/1_fake/ui_0898.png,UIScreenshots,1,941,1672,52,0.13400814427933597,0.13404184187645235,0.0025777277283933146,0.0023939334618063852,0.0014399599819362623,0.1390705468813864,0.018483161575266836,0.874084183888541,0.09615384615384616,0.4785972243367737,0.2758696340966025,0.5192077890625508,0.2758421758590198,0.8639744952178534,0.9611244019138756,0.06798237116522557,0.05051213066717712,0.053210493312794135,0.502554885552147,0.24040145677151478,0.03770739064856712,0.09577677224736049,5.4998156072572435,21.039260558402923,0.057692307692307696,0.1410145999998349,0.057692307692307696,0.057692307692307696,0.07692307692307693,0.019230769230769232,0.11538461538461539,0.0,0.1346153846153846,0.0,0.11538461538461539,0.019230769230769232,0.1346153846153846,0.038461538461538464,0.07692307692307693,0.019230769230769232,0.057692307692307696,0.07692307692307693,0.019230769230769232,0.0,0.038461538461538464,0.0,0.0,0.019230769230769232,0.0,0.019230769230769232,0.0,0.038461538461538464,0.0,0.019230769230769232,0.0,0.057692307692307696,0.0,0.0,0.0,0.038461538461538464,0.0,0.0,0.0,0.07692307692307693,0.0,0.0,0.019230769230769232,0.057692307692307696,0.0,0.0,0.0,0.057692307692307696,0.0,0.0,0.0,0.038461538461538464,0.0,0.019230769230769232,0.0,0.07692307692307693,0.0,0.019230769230769232,0.019230769230769232,0.057692307692307696,0.0,0.0,0.0,0.057692307692307696,0.0,0.019230769230769232,0.019230769230769232,0.038461538461538464,0.0,0.0,0.0,0.038461538461538464,0.0,0.038461538461538464,0.0,0.019230769230769232,0.019230769230769232,0.0,0.019230769230769232,0.0,0.019230769230769232,0.019230769230769232
DVP_245_05859fa4600a,Data/UIScreenshots/0_real/30518.jpg,UIScreenshots,0,1080,1920,11,0.10694058641975308,0.10718171296296296,0.009743792087542088,0.007236689814814815,0.007873887370161608,0.327946127946128,0.03371212121212121,0.8984430834393027,0.09090909090909091,0.4723063973063973,0.19241999864234008,0.44171401515151526,0.3130079091002661,0.8402777777777777,0.8609375,0.16368194376985323,0.07453094871758863,0.1436016037494371,0.47766971082927956,0.26235537508752793,0.07272727272727272,0.38181818181818183,7.9080435466760175,24.972471698034287,0.09090909090909091,0.11998810000113735,0.09090909090909091,0.09090909090909091,0.0,0.09090909090909091,0.0,0.2727272727272727,0.0,0.0,0.0,0.18181818181818182,0.0,0.0,0.0,0.2727272727272727,0.0,0.0,0.09090909090909091,0.0,0.0,0.09090909090909091,0.0,0.0,0.0,0.09090909090909091,0.0,0.0,0.0,0.0,0.0,0.0,0.0,0.0,0.0,0.0,0.0,0.09090909090909091,0.0,0.0,0.0,0.0,0.0,0.0,0.09090909090909091,0.09090909090909091,0.0,0.0,0.0,0.0,0.0,0.0,0.0,0.18181818181818182,0.0,0.0,0.0,0.0,0.0,0.0,0.0,0.0,0.0,0.0,0.0,0.0,0.0,0.0,0.0,0.18181818181818182,0.0,0.0,0.0,0.0,0.0,0.0,0.0,0.09090909090909091,0.0,0.0,0.0,0.0
DVP_246_05878b2bce2e,Data/InfographicCharts/0_real/00015670.jpeg,InfographicCharts,0,960,684,34,0.2102059250567294,0.21139208698830408,0.006217414323185414,0.003851425438596491,0.00807268080918247,0.1617953431372549,0.037366701066391464,0.85638430614262,0.11764705882352941,0.41864821217245196,0.31090346725764473,0.5631777601135213,0.2594399466501,0.8494791666666667,0.9086257309941521,0.076394848573341,0.06361568283664029,0.03761763370766446,0.5225510775975644,0.2545939000528861,0.0392156862745098,0.09269162210338681,0.34507290358141773,0.8504803824970792,0.0,0.1484306000002107,0.029411764705882353,0.08823529411764706,0.029411764705882353,0.029411764705882353,0.14705882352941177,0.0,0.0,0.11764705882352941,0.20588235294117646,0.0,0.029411764705882353,0.058823529411764705,0.08823529411764706,0.08823529411764706,0.058823529411764705,0.029411764705882353,0.0,0.0,0.029411764705882353,0.029411764705882353,0.0,0.0,0.0,0.0,0.0,0.029411764705882353,0.0,0.029411764705882353,0.029411764705882353,0.0,0.0,0.029411764705882353,0.029411764705882353,0.029411764705882353,0.0,0.0,0.0,0.0,0.029411764705882353,0.029411764705882353,0.058823529411764705,0.029411764705882353,0.0,0.0,0.0,0.0,0.058823529411764705,0.0,0.0,0.11764705882352941,0.0,0.0,0.0,0.0,0.029411764705882353,0.0,0.058823529411764705,0.029411764705882353,0.0,0.0,0.0,0.029411764705882353,0.029411764705882353,0.0,0.029411764705882353,0.0,0.0,0.029411764705882353,0.0,0.058823529411764705,0.0,0.0,0.029411764705882353,0.029411764705882353,0.058823529411764705,0.0,0.0,0.0,0.0,0.029411764705882353
DVP_247_0591dae24548,Data/InfographicCharts/0_real/00043529.png,InfographicCharts,0,1080,1080,15,0.09133629604059874,0.09134473593964336,0.006089649062642891,0.004655349794238683,0.0060306415865844926,0.18191358024691356,0.03111111111111111,0.9267833889999257,0.0,0.5468356439708593,0.24638834397703285,0.4969143202238072,0.17761949311808944,0.7875,0.6226851851851852,0.09698024512932601,0.0482415404781936,0.08036940516069378,0.400809041498618,0.19246643177439995,0.047619047619047616,0.01904761904761905,0.3653866792527737,0.7553610180536048,0.0,0.20646360000137065,0.0,0.06666666666666667,0.0,0.06666666666666667,0.0,0.06666666666666667,0.13333333333333333,0.0,0.13333333333333333,0.2,0.13333333333333333,0.2,0.0,0.0,0.0,0.0,0.0,0.0,0.0,0.0,0.0,0.0,0.06666666666666667,0.0,0.0,0.0,0.0,0.06666666666666667,0.0,0.0,0.0,0.0,0.0,0.0,0.0,0.0,0.0,0.13333333333333333,0.0,0.0,0.0,0.0,0.0,0.06666666666666667,0.0,0.0,0.0,0.0,0.06666666666666667,0.06666666666666667,0.0,0.13333333333333333,0.06666666666666667,0.0,0.06666666666666667,0.06666666666666667,0.0,0.0,0.06666666666666667,0.0,0.0,0.06666666666666667,0.06666666666666667,0.0,0.0,0.0,0.0,0.0,0.0,0.0,0.0,0.0,0.0,0.0,0.0,0.0,0.0,0.0,0.0,0.0
DVP_248_05963696e4fa,Data/UIScreenshots/0_real/37894.jpg,UIScreenshots,0,1080,1920,32,0.09861882716049383,0.09861882716049383,0.0030818383487654323,0.002396797839506173,0.0034046036693952983,0.12905092592592593,0.020768229166666666,0.846383470681908,0.15625,0.44965258052538754,0.22880195429853045,0.3317220514393623,0.300286605645679,0.8953703703703704,0.7593865740740742,0.07068630485743063,0.05717592592592593,0.047486965128163514,0.484751395345283,0.2434252176734775,0.17540322580645162,0.0967741935483871,8.927414416545272,23.588964310433866,0.15625,0.13314569999965897,0.125,0.15625,0.125,0.03125,0.0,0.125,0.09375,0.0,0.09375,0.03125,0.09375,0.0,0.0,0.03125,0.0625,0.03125,0.0625,0.0625,0.09375,0.0625,0.0625,0.0625,0.0,0.03125,0.0,0.0,0.0,0.0,0.0,0.0,0.0,0.0,0.0,0.0,0.0,0.0625,0.03125,0.0,0.0,0.0,0.0,0.0,0.0,0.0625,0.03125,0.03125,0.0,0.0,0.0,0.0,0.0,0.03125,0.03125,0.03125,0.0,0.0,0.09375,0.0,0.0,0.0,0.03125,0.0,0.0,0.0,0.0,0.0,0.0,0.03125,0.03125,0.03125,0.03125,0.0,0.0,0.0,0.0,0.0,0.0,0.0,0.0,0.0
DVP_249_05a521d83271,Data/CommercialPosters/1_fake/commercial_poster_0687.png,CommercialPosters,1,1448,1086,25,0.13590283823974839,0.1374779972121323,0.0054991198884852925,0.0023783360296287252,0.01050004281364661,0.12124309392265192,0.03171270718232044,0.9024666123863304,0.04,0.4988061574676583,0.2830230248525244,0.7225022015756334,0.25699507880918815,0.7468653821258399,0.802025782688766,0.0444615926245917,0.037299211647488374,0.024653930405719008,0.46887399339614055,0.2909179033710095,0.14333333333333334,0.12666666666666668,3.717061927425131,17.630512673963818,0.04,0.1489330999993399,0.12,0.0,0.0,0.0,0.08,0.0,0.0,0.0,0.0,0.04,0.0,0.0,0.08,0.16,0.32,0.2,0.0,0.0,0.0,0.0,0.0,0.0,0.0,0.0,0.0,0.12,0.0,0.0,0.0,0.0,0.0,0.0,0.0,0.08,0.0,0.0,0.0,0.0,0.0,0.0,0.0,0.0,0.0,0.0,0.0,0.0,0.0,0.0,0.0,0.0,0.0,0.0,0.0,0.0,0.0,0.0,0.0,0.0,0.04,0.0,0.0,0.0,0.0,0.0,0.0,0.0,0.04,0.0,0.12,0.16,0.0,0.16,0.0,0.08,0.08,0.04,0.04,0.0,0.0,0.04
DVP_250_05a71a0b6a74,Data/UIScreenshots/1_fake/ui_0199.png,UIScreenshots,1,941,1672,40,0.2618075929607615,0.2618075929607615,0.006545189824019038,0.006068254274949281,0.0049332827263778856,0.3776036131774708,0.019063995215311002,0.857477267361179,0.125,0.39839284002729464,0.22134220642819918,0.5710216622827285,0.30796381347399715,0.851222104144527,0.9700956937799042,0.07802754681738092,0.0587658260808792,0.07193483187464973,0.4817275702614426,0.250963782984528,0.023076923076923078,0.1282051282051282,13.052824412381597,32.121001006559624,0.15,0.14284720000068774,0.05,0.075,0.05,0.025,0.05,0.1,0.05,0.0,0.05,0.1,0.1,0.0,0.1,0.15,0.05,0.05,0.05,0.0,0.025,0.025,0.0,0.0,0.0,0.025,0.0,0.0,0.025,0.0,0.05,0.0,0.0,0.0,0.025,0.0,0.025,0.025,0.025,0.0,0.0,0.0,0.025,0.0,0.025,0.025,0.025,0.0,0.0,0.0,0.0,0.0,0.0,0.05,0.05,0.0,0.0,0.0,0.025,0.025,0.0,0.05,0.05,0.0,0.0,0.0,0.025,0.025,0.025,0.075,0.0,0.0,0.0,0.0,0.05,0.0,0.025,0.025,0.025,0.025,0.0,0.05
DVP_251_05ae9200a6ac,Data/AcademicPosters/0_real/ICLR_2023_11960_Graph Domain Adaptation via Theory-Grounded Spectral Regular.png,AcademicPosters,0,3456,2304,232,0.32574171631831483,0.33566522794495884,0.0014468328790730985,0.0004077173554848251,0.0025887682514707535,0.07011544141123881,0.016515505268199233,0.8149589423905613,0.21982758620689655,0.6010204274797141,0.212321732460732,0.6427987980896019,0.21142377914696775,0.939525462962963,0.9483506944444444,0.022459847620821732,0.013566758070131099,0.02584095611788053,0.3573800683109692,0.22938585904380648,0.0803478131064338,0.0674354381250933,2.027778042346794,11.933738937296598,0.0603448275862069,0.1698868000003131,0.034482758620689655,0.02586206896551724,0.01293103448275862,0.004310344827586207,0.02586206896551724,0.017241379310344827,0.07327586206896551,0.01293103448275862,0.01293103448275862,0.05172413793103448,0.3232758620689655,0.07327586206896551,0.03017241379310345,0.04310344827586207,0.15948275862068967,0.09913793103448276,0.004310344827586207,0.008620689655172414,0.0,0.01293103448275862,0.0,0.0,0.0,0.004310344827586207,0.0,0.021551724137931036,0.008620689655172414,0.004310344827586207,0.004310344827586207,0.008620689655172414,0.0,0.0,0.004310344827586207,0.01293103448275862,0.008620689655172414,0.0,0.021551724137931036,0.03017241379310345,0.004310344827586207,0.0,0.008620689655172414,0.0,0.008620689655172414,0.0,0.0,0.021551724137931036,0.008620689655172414,0.0,0.0,0.0,0.01293103448275862,0.004310344827586207,0.017241379310344827,0.02586206896551724,0.004310344827586207,0.01293103448275862,0.0,0.01293103448275862,0.0,0.034482758620689655,0.09913793103448276,0.1810344827586207,0.021551724137931036,0.034482758620689655,0.008620689655172414,0.01293103448275862,0.0,0.02586206896551724,0.05603448275862069,0.09051724137931035,0.03017241379310345,0.03017241379310345,0.004310344827586207,0.004310344827586207,0.017241379310344827,0.0,0.008620689655172414,0.004310344827586207,0.03017241379310345,0.008620689655172414
DVP_252_05af351b86a9,Data/Tables/0_real/PMC2913519_table_0.jpg,Tables,0,374,151,19,0.1841112724439565,0.18466019761306088,0.009718957769108466,0.006905832772603322,0.008449767450875044,0.11089220377146074,0.09027535726734054,0.8751827466780546,0.0,0.30506100366781486,0.3420713198152688,0.48605177402667826,0.21732695346589279,0.8275401069518716,0.7748344370860928,0.11353571354117485,0.10268382418799657,0.05879078307949994,0.5199777144000333,0.2763332623766407,0.05847953216374269,0.2573099415204678,0.09883565512028195,0.4193241717513977,0.0,0.10504629999923054,0.10526315789473684,0.05263157894736842,0.0,0.0,0.21052631578947367,0.0,0.0,0.15789473684210525,0.2631578947368421,0.0,0.0,0.10526315789473684,0.10526315789473684,0.0,0.0,0.0,0.0,0.0,0.0,0.05263157894736842,0.0,0.0,0.0,0.0,0.10526315789473684,0.0,0.0,0.0,0.0,0.0,0.0,0.0,0.05263157894736842,0.05263157894736842,0.0,0.0,0.0,0.0,0.05263157894736842,0.0,0.0,0.10526315789473684,0.0,0.0,0.0,0.0,0.10526315789473684,0.0,0.10526315789473684,0.05263157894736842,0.0,0.0,0.0,0.0,0.05263157894736842,0.0,0.05263157894736842,0.05263157894736842,0.0,0.0,0.0,0.0,0.05263157894736842,0.0,0.05263157894736842,0.0,0.0,0.0,0.0,0.0,0.0,0.0,0.05263157894736842,0.0,0.0,0.0,0.0,0.0,0.0,0.0
DVP_253_05b305662210,Data/AcademicPosters/1_fake/academic_poster_0662.png,AcademicPosters,1,1024,1536,181,0.2219138540741076,0.22674465179443357,0.0012527328828421745,0.0006612141927083334,0.0016903651927827564,0.1117705455801105,0.011287120165745856,0.8521660568066557,0.143646408839779,0.4552020989247978,0.27045019308376467,0.5923222340188443,0.23789622357236864,0.8935546875,0.9554036458333334,0.02296315176647682,0.01758490537633702,0.01738094001730778,0.45988982231042563,0.2223032254359874,0.05758133824432167,0.05776550030693677,4.003398988462686,17.616760533360864,0.07734806629834254,0.15961199999946984,0.06077348066298342,0.022099447513812154,0.03867403314917127,0.0,0.08287292817679558,0.0055248618784530384,0.06077348066298342,0.049723756906077346,0.10497237569060773,0.10497237569060773,0.0718232044198895,0.11049723756906077,0.0718232044198895,0.09944751381215469,0.0718232044198895,0.04419889502762431,0.0,0.011049723756906077,0.016574585635359115,0.0055248618784530384,0.0,0.0,0.0,0.0,0.0055248618784530384,0.04419889502762431,0.0,0.0,0.011049723756906077,0.027624309392265192,0.0,0.0,0.022099447513812154,0.016574585635359115,0.0,0.0,0.0055248618784530384,0.011049723756906077,0.011049723756906077,0.011049723756906077,0.011049723756906077,0.03314917127071823,0.0055248618784530384,0.0,0.027624309392265192,0.016574585635359115,0.016574585635359115,0.011049723756906077,0.022099447513812154,0.022099447513812154,0.022099447513812154,0.022099447513812154,0.027624309392265192,0.03314917127071823,0.049723756906077346,0.027624309392265192,0.03314917127071823,0.027624309392265192,0.03314917127071823,0.027624309392265192,0.0055248618784530384,0.0055248618784530384,0.0055248618784530384,0.027624309392265192,0.022099447513812154,0.016574585635359115,0.04419889502762431,0.022099447513812154,0.022099447513812154,0.016574585635359115,0.022099447513812154,0.0,0.011049723756906077,0.022099447513812154,0.022099447513812154,0.011049723756906077,0.03314917127071823,0.0,0.016574585635359115,0.0055248618784530384
DVP_254_05b44799ffcb,Data/AcademicPosters/0_real/NeurIPS_2023_79027_FDAPT_ Federated Domain-adaptive Pre-training for Language M.png,AcademicPosters,0,3456,2304,256,0.34300334228191,0.3546402542679398,0.00138531349323414,0.0006165681061921296,0.0017088882644420624,0.08667444299768517,0.016711764865451388,0.7977628305897911,0.2890625,0.6061070276135638,0.281991951847973,0.4944711966645384,0.21139994323053202,0.9296875,0.9367387746811381,0.023478906278036504,0.019948403754877657,0.015479311774838758,0.4362020944737033,0.2431475229872423,0.05413602941176471,0.06681985294117647,0.8768516274530727,7.990705113133601,0.0234375,0.2154356999999436,0.03515625,0.0234375,0.015625,0.01953125,0.0625,0.046875,0.125,0.23046875,0.06640625,0.05859375,0.0234375,0.1484375,0.02734375,0.046875,0.03515625,0.03515625,0.01171875,0.0078125,0.0,0.00390625,0.0078125,0.0,0.0,0.0078125,0.0,0.015625,0.0,0.01953125,0.0,0.0078125,0.01171875,0.0,0.00390625,0.03125,0.0,0.01953125,0.0078125,0.0546875,0.05859375,0.04296875,0.00390625,0.0234375,0.0,0.02734375,0.0,0.0625,0.078125,0.05078125,0.015625,0.0234375,0.0,0.02734375,0.0,0.0078125,0.078125,0.04296875,0.0078125,0.01953125,0.00390625,0.02734375,0.015625,0.0,0.02734375,0.0,0.00390625,0.0,0.01171875,0.015625,0.01953125,0.00390625,0.0078125,0.0,0.01171875,0.01171875,0.0078125,0.01171875,0.0078125,0.00390625,0.01953125,0.0078125
DVP_255_05b5bf5f25c6,Data/CommercialPosters/0_real/5e8efacb4b3890eb0762650f_preview.jpg,CommercialPosters,0,576,1024,8,0.16021181920940958,0.160247802734375,0.020030975341796875,0.009162055121527778,0.016773265380934838,0.2840711805555556,0.066650390625,0.8937421387589511,0.0,0.3845056086214014,0.23595936836621648,0.3739942903427682,0.1463087915297649,0.6822106267691149,0.3955078125,0.13207297240661262,0.11625744445786695,0.08442100472951695,0.35802667233692215,0.21910457035279998,0.07142857142857142,0.07142857142857142,11.51114397883277,29.867094341774912,0.125,0.1180248999989999,0.125,0.0,0.0,0.125,0.0,0.25,0.125,0.0,0.25,0.125,0.0,0.0,0.0,0.0,0.0,0.0,0.0,0.0,0.0,0.0,0.0,0.0,0.0,0.0,0.0,0.125,0.0,0.0,0.0,0.0,0.0,0.125,0.0,0.0,0.125,0.0,0.0,0.125,0.0,0.0,0.0,0.0,0.125,0.0,0.0,0.0,0.0,0.0,0.0,0.25,0.125,0.0,0.0,0.0,0.0,0.0,0.0,0.0,0.0,0.0,0.0,0.0,0.0,0.0,0.0,0.0,0.0,0.0,0.0,0.0,0.0,0.0,0.0,0.0,0.0,0.0,0.0,0.0,0.0,0.0
DVP_256_05bcf0e4390b,Data/Tables/0_real/PMC3629084_table_1.jpg,Tables,0,355,414,90,0.27583179099236343,0.2769680887255902,0.0030774232080621132,0.0017911818738518067,0.003971834295257213,0.10613458528951487,0.029602791196994098,0.8684369729440362,0.06666666666666667,0.5573291042052133,0.2523115523443352,0.5390029534268049,0.25520734169556364,0.8507042253521127,0.966183574879227,0.04378907302513939,0.03864734299516909,0.017851767103781235,0.4557835260476926,0.22965058444859585,0.040199750312109865,0.13283395755305868,10.096027024341767,28.32434508392495,0.1111111111111111,0.1218274000002566,0.03333333333333333,0.022222222222222223,0.08888888888888889,0.03333333333333333,0.044444444444444446,0.022222222222222223,0.14444444444444443,0.03333333333333333,0.06666666666666667,0.0,0.18888888888888888,0.06666666666666667,0.07777777777777778,0.0,0.15555555555555556,0.022222222222222223,0.0,0.0,0.011111111111111112,0.011111111111111112,0.0,0.0,0.0,0.0,0.0,0.03333333333333333,0.0,0.0,0.022222222222222223,0.06666666666666667,0.03333333333333333,0.0,0.0,0.022222222222222223,0.011111111111111112,0.0,0.011111111111111112,0.06666666666666667,0.03333333333333333,0.0,0.0,0.022222222222222223,0.011111111111111112,0.0,0.022222222222222223,0.044444444444444446,0.0,0.0,0.0,0.022222222222222223,0.0,0.0,0.022222222222222223,0.044444444444444446,0.022222222222222223,0.0,0.0,0.044444444444444446,0.0,0.0,0.03333333333333333,0.08888888888888889,0.044444444444444446,0.0,0.022222222222222223,0.03333333333333333,0.0,0.0,0.03333333333333333,0.06666666666666667,0.022222222222222223,0.0,0.011111111111111112,0.011111111111111112,0.0,0.0,0.03333333333333333,0.022222222222222223,0.0,0.0
DVP_257_05d6d75ba1a4,Data/Receipts/0_real/X51005715456.jpg,Receipts,0,607,1295,66,0.29207758005122086,0.2936525605388867,0.004449281220286163,0.002947593392403936,0.0038640119569612196,0.20053916429534224,0.021773721773721777,0.9192518934476881,0.0,0.5225766559561166,0.2446419062518917,0.5645756154398993,0.23505929564767192,0.8649093904448105,0.9212319770567956,0.04293988100386129,0.028902688953712306,0.0351977956318387,0.4372454802335949,0.20630820633090868,0.035431235431235435,0.07226107226107226,5.6213681003646485,21.517837900378755,0.07575757575757576,0.10977629999979399,0.0,0.09090909090909091,0.030303030303030304,0.0,0.07575757575757576,0.07575757575757576,0.030303030303030304,0.045454545454545456,0.06060606060606061,0.10606060606060606,0.07575757575757576,0.15151515151515152,0.045454545454545456,0.06060606060606061,0.07575757575757576,0.07575757575757576,0.0,0.0,0.0,0.015151515151515152,0.015151515151515152,0.0,0.0,0.0,0.0,0.0,0.015151515151515152,0.06060606060606061,0.0,0.015151515151515152,0.0,0.0,0.030303030303030304,0.0,0.0,0.045454545454545456,0.0,0.0,0.0,0.0,0.030303030303030304,0.015151515151515152,0.015151515151515152,0.015151515151515152,0.015151515151515152,0.015151515151515152,0.045454545454545456,0.0,0.030303030303030304,0.030303030303030304,0.045454545454545456,0.045454545454545456,0.030303030303030304,0.0,0.06060606060606061,0.030303030303030304,0.0,0.0,0.0,0.015151515151515152,0.045454545454545456,0.0,0.06060606060606061,0.0,0.0,0.015151515151515152,0.0,0.0,0.030303030303030304,0.0,0.030303030303030304,0.0,0.0,0.030303030303030304,0.0,0.06060606060606061,0.015151515151515152,0.030303030303030304,0.015151515151515152,0.030303030303030304
DVP_258_05dd51433e7a,Data/InfographicCharts/1_fake/infographic_chart_0884.png,InfographicCharts,1,1536,1024,41,0.15924708048502603,0.16093635559082034,0.003925276965629765,0.0028533935546875,0.0047049165256521355,0.12320566565040651,0.030606897865853657,0.8817722067458686,0.04878048780487805,0.45527100408727356,0.23142928842785238,0.4715004808259071,0.2878101800848014,0.8043619791666666,0.9033203125,0.07306457520429564,0.0680729755069602,0.02540739113703448,0.4786311891847755,0.2247672709938812,0.05609756097560976,0.04878048780487805,2.4311758615176964,13.87583488580242,0.024390243902439025,0.1374303000011423,0.0,0.21951219512195122,0.14634146341463414,0.0,0.0975609756097561,0.0,0.024390243902439025,0.07317073170731707,0.07317073170731707,0.04878048780487805,0.024390243902439025,0.0,0.04878048780487805,0.12195121951219512,0.07317073170731707,0.04878048780487805,0.0,0.0,0.07317073170731707,0.024390243902439025,0.024390243902439025,0.04878048780487805,0.0,0.0,0.0,0.0,0.07317073170731707,0.04878048780487805,0.04878048780487805,0.024390243902439025,0.0,0.0,0.0,0.04878048780487805,0.0,0.0,0.0,0.0,0.0,0.04878048780487805,0.0,0.04878048780487805,0.0,0.0,0.0,0.024390243902439025,0.024390243902439025,0.0,0.0,0.04878048780487805,0.0,0.024390243902439025,0.024390243902439025,0.0,0.0,0.0,0.0,0.024390243902439025,0.0,0.024390243902439025,0.0,0.0,0.0,0.0,0.0,0.024390243902439025,0.024390243902439025,0.04878048780487805,0.04878048780487805,0.024390243902439025,0.024390243902439025,0.024390243902439025,0.0,0.024390243902439025,0.04878048780487805,0.0,0.0,0.0,0.0,0.0
DVP_259_05e49ad64133,Data/AcademicPosters/0_real/NeurIPS_2022_56617_Unmasking the Lottery Ticket Hypothesis_ Efficient Adaptive .png,AcademicPosters,0,4320,2880,157,0.31725654779162116,0.3260512313528807,0.002076759435368667,0.0017824074074074075,0.0023445043321916425,0.11050070771408352,0.018871638358103328,0.8222797643222862,0.18471337579617833,0.5556319529671313,0.2796257927384617,0.5706301837068801,0.28458798118773554,0.8982638888888889,0.9594654471720101,0.02913981155926318,0.01871576449812604,0.02151443261721911,0.5109876449029849,0.24350403193059417,0.04385105340519353,0.0743916380859056,2.0774249928234716,10.745669223208573,0.07643312101910828,0.1692704999986745,0.025477707006369428,0.012738853503184714,0.06369426751592357,0.05732484076433121,0.06369426751592357,0.050955414012738856,0.012738853503184714,0.10828025477707007,0.06369426751592357,0.07006369426751592,0.03184713375796178,0.08917197452229299,0.05732484076433121,0.07643312101910828,0.12101910828025478,0.09554140127388536,0.0,0.01910828025477707,0.0,0.0,0.03184713375796178,0.025477707006369428,0.006369426751592357,0.025477707006369428,0.0,0.006369426751592357,0.006369426751592357,0.006369426751592357,0.006369426751592357,0.0,0.01910828025477707,0.006369426751592357,0.006369426751592357,0.012738853503184714,0.03184713375796178,0.0,0.0,0.0,0.01910828025477707,0.03184713375796178,0.006369426751592357,0.03821656050955414,0.012738853503184714,0.006369426751592357,0.012738853503184714,0.0,0.044585987261146494,0.012738853503184714,0.012738853503184714,0.03184713375796178,0.0,0.03821656050955414,0.0,0.006369426751592357,0.05732484076433121,0.0,0.012738853503184714,0.006369426751592357,0.03184713375796178,0.0,0.006369426751592357,0.01910828025477707,0.03184713375796178,0.0,0.012738853503184714,0.006369426751592357,0.01910828025477707,0.01910828025477707,0.012738853503184714,0.012738853503184714,0.012738853503184714,0.044585987261146494,0.006369426751592357,0.03184713375796178,0.03184713375796178,0.006369426751592357,0.044585987261146494,0.050955414012738856,0.03821656050955414,0.0
DVP_260_05e529f9cfda,Data/CommercialPosters/0_real/5b63217a1cc8aa5429d01796_preview.jpg,CommercialPosters,0,1024,536,6,0.10308745365592323,0.11020216301305968,0.01836702716884328,0.005626166044776119,0.01982118981585564,0.12337239583333333,0.18345771144278608,0.8726383818677639,0.0,0.5389103246320887,0.33167677896842773,0.4903606800301204,0.1278381734963553,0.7074858885161796,0.3927506416769473,0.16147598920839962,0.05881934610933472,0.1639011470640126,0.45852701581583083,0.30495569860299715,0.0,0.4666666666666667,29.43085217237153,50.9757460962642,0.3333333333333333,0.13957910000135598,0.0,0.0,0.0,0.0,0.16666666666666666,0.0,0.0,0.3333333333333333,0.16666666666666666,0.0,0.0,0.3333333333333333,0.0,0.0,0.0,0.0,0.0,0.0,0.0,0.0,0.0,0.0,0.0,0.0,0.0,0.0,0.0,0.0,0.0,0.0,0.0,0.0,0.16666666666666666,0.0,0.0,0.0,0.0,0.0,0.0,0.0,0.0,0.0,0.0,0.0,0.0,0.0,0.3333333333333333,0.0,0.0,0.0,0.0,0.0,0.0,0.0,0.3333333333333333,0.0,0.16666666666666666,0.0,0.0,0.0,0.0,0.0,0.0,0.0,0.0,0.0,0.0,0.0,0.0,0.0,0.0,0.0,0.0,0.0,0.0,0.0,0.0,0.0,0.0,0.0
DVP_261_05e8a2cd8626,Data/UIScreenshots/1_fake/ui_0239.png,UIScreenshots,1,941,1672,21,0.11041362644849977,0.11041362644849978,0.0052577917356428465,0.004576216892341956,0.003290298036814065,0.2315166236526492,0.02452153110047847,0.8768568511105966,0.047619047619047616,0.3851277447858075,0.22572901043159305,0.526471669366668,0.2898834859346057,0.7295430393198725,0.9361602195009867,0.12260426944019966,0.09494991325673396,0.10939584831820946,0.4693829314044144,0.25129725227119254,0.02857142857142857,0.08571428571428572,4.558681118978704,19.23706258650565,0.047619047619047616,0.12772020000011253,0.14285714285714285,0.0,0.0,0.047619047619047616,0.14285714285714285,0.09523809523809523,0.0,0.0,0.09523809523809523,0.09523809523809523,0.0,0.047619047619047616,0.047619047619047616,0.19047619047619047,0.047619047619047616,0.047619047619047616,0.047619047619047616,0.0,0.0,0.0,0.0,0.0,0.047619047619047616,0.0,0.0,0.09523809523809523,0.0,0.0,0.0,0.0,0.0,0.0,0.0,0.09523809523809523,0.047619047619047616,0.0,0.0,0.0,0.0,0.0,0.0,0.047619047619047616,0.047619047619047616,0.0,0.0,0.0,0.0,0.0,0.0,0.09523809523809523,0.047619047619047616,0.0,0.0,0.0,0.047619047619047616,0.0,0.0,0.0,0.0,0.047619047619047616,0.0,0.0,0.0,0.0,0.0,0.047619047619047616,0.0,0.047619047619047616,0.047619047619047616,0.0,0.047619047619047616,0.0,0.0,0.0,0.0,0.14285714285714285,0.0,0.0,0.0,0.0
DVP_262_05f12da2185d,Data/UIScreenshots/0_real/545.jpg,UIScreenshots,0,1080,1920,18,0.10696614583333333,0.10696614583333333,0.005942563657407408,0.005994405864197531,0.0023621548222675873,0.2609053497942387,0.024305555555555556,0.9066798279917716,0.0,0.21424878140860765,0.18536243957444953,0.46765152332838944,0.2749177680937078,0.8583333333333333,0.8864583333333333,0.10412730755825186,0.07505581966251734,0.13933189598739693,0.40159060793310347,0.2674640379794752,0.0,0.1830065359477124,0.35835639866250957,0.557632054922736,0.0,0.13155100000039965,0.1111111111111111,0.1111111111111111,0.0,0.05555555555555555,0.2222222222222222,0.0,0.0,0.0,0.2222222222222222,0.05555555555555555,0.0,0.0,0.16666666666666666,0.05555555555555555,0.0,0.0,0.0,0.0,0.05555555555555555,0.0,0.0,0.0,0.0,0.05555555555555555,0.05555555555555555,0.05555555555555555,0.05555555555555555,0.0,0.0,0.0,0.0,0.0,0.0,0.1111111111111111,0.0,0.0,0.0,0.0,0.0,0.0,0.0,0.1111111111111111,0.0,0.0,0.0,0.0,0.0,0.0,0.0,0.1111111111111111,0.05555555555555555,0.0,0.0,0.0,0.0,0.0,0.0,0.1111111111111111,0.0,0.0,0.0,0.0,0.0,0.0,0.1111111111111111,0.0,0.0,0.0,0.0,0.0,0.0,0.0,0.0,0.05555555555555555,0.05555555555555555,0.0,0.0,0.0,0.0,0.0
DVP_263_05f411beabc2,Data/Receipts/0_real/X51006619545.jpg,Receipts,0,880,3123,94,0.3137302383576511,0.3258541830407825,0.003466533862135984,0.0023402250167379847,0.0028305334266719483,0.2509550290135396,0.014044733310169576,0.8721483064031909,0.031914893617021274,0.45957854033514917,0.2362710482872884,0.5476936776644791,0.22729330548982304,0.7639419704331107,0.8469420429074608,0.035866641937529586,0.03394172270252965,0.017794880814276954,0.4212228533655093,0.1996380477922295,0.050102951269732326,0.0681766186227408,6.204479675031199,22.086551401335104,0.06382978723404255,0.09998950000044715,0.031914893617021274,0.06382978723404255,0.0,0.010638297872340425,0.0851063829787234,0.11702127659574468,0.07446808510638298,0.06382978723404255,0.05319148936170213,0.0851063829787234,0.1276595744680851,0.0425531914893617,0.07446808510638298,0.07446808510638298,0.0425531914893617,0.05319148936170213,0.0,0.0,0.02127659574468085,0.010638297872340425,0.0,0.0,0.0,0.0,0.0,0.031914893617021274,0.02127659574468085,0.010638297872340425,0.0,0.0,0.010638297872340425,0.0,0.010638297872340425,0.031914893617021274,0.010638297872340425,0.031914893617021274,0.0,0.02127659574468085,0.02127659574468085,0.0,0.031914893617021274,0.010638297872340425,0.031914893617021274,0.0425531914893617,0.031914893617021274,0.02127659574468085,0.0425531914893617,0.0,0.02127659574468085,0.010638297872340425,0.031914893617021274,0.031914893617021274,0.031914893617021274,0.031914893617021274,0.031914893617021274,0.0,0.0,0.02127659574468085,0.02127659574468085,0.0,0.0,0.06382978723404255,0.010638297872340425,0.0,0.02127659574468085,0.0425531914893617,0.0,0.02127659574468085,0.031914893617021274,0.0,0.0425531914893617,0.0,0.010638297872340425,0.0,0.010638297872340425,0.0425531914893617,0.010638297872340425,0.0,0.010638297872340425,0.0
DVP_264_05f715182da0,Data/Tables/0_real/PMC2906427_table_0.jpg,Tables,0,659,403,66,0.16634081013541585,0.1663472363947179,0.002520412672647241,0.0015664007048803172,0.002231745338520958,0.07065342346070724,0.03872471614407098,0.8924493721107299,0.0,0.5259244784106528,0.27046117967853694,0.5385376273638538,0.23967845192363288,0.8259116199935623,0.8840718137093954,0.06178754968820822,0.04469078193417181,0.029237233930799418,0.4635177812870379,0.2244094349417666,0.046620046620046623,0.14778554778554778,0.5600534885895545,1.8885085129729597,0.06060606060606061,0.12656779999997525,0.030303030303030304,0.030303030303030304,0.045454545454545456,0.06060606060606061,0.09090909090909091,0.0,0.12121212121212122,0.09090909090909091,0.07575757575757576,0.0,0.12121212121212122,0.07575757575757576,0.07575757575757576,0.0,0.12121212121212122,0.06060606060606061,0.0,0.0,0.015151515151515152,0.015151515151515152,0.0,0.015151515151515152,0.015151515151515152,0.015151515151515152,0.015151515151515152,0.015151515151515152,0.0,0.0,0.015151515151515152,0.015151515151515152,0.015151515151515152,0.015151515151515152,0.030303030303030304,0.015151515151515152,0.0,0.0,0.015151515151515152,0.015151515151515152,0.015151515151515152,0.015151515151515152,0.015151515151515152,0.030303030303030304,0.0,0.0,0.045454545454545456,0.045454545454545456,0.045454545454545456,0.015151515151515152,0.015151515151515152,0.015151515151515152,0.0,0.0,0.015151515151515152,0.015151515151515152,0.015151515151515152,0.0,0.045454545454545456,0.0,0.0,0.0,0.045454545454545456,0.045454545454545456,0.045454545454545456,0.015151515151515152,0.0,0.045454545454545456,0.0,0.0,0.045454545454545456,0.045454545454545456,0.045454545454545456,0.0,0.015151515151515152,0.015151515151515152,0.0,0.0,0.015151515151515152,0.015151515151515152,0.015151515151515152,0.0
DVP_265_05fd54a1df02,Data/Tables/1_fake/table_0488.png,Tables,1,1324,1188,161,0.21746106594369585,0.21750612875990516,0.0013509697438503427,0.0010744402738360442,0.0018444971798509124,0.06371150850987972,0.022774327122153205,0.912960272652759,0.0,0.4271952838643088,0.2892155656258836,0.481509532395849,0.24068067984748953,0.8946374622356494,0.922979797979798,0.04745694491734881,0.062289562289562284,0.019743987569268324,0.48200097122270663,0.22932594763309816,0.06172360248447205,0.09611801242236025,0.21857367486373383,0.8173757129190172,0.006211180124223602,0.2054267000003165,0.062111801242236024,0.037267080745341616,0.06832298136645963,0.037267080745341616,0.12422360248447205,0.055900621118012424,0.07453416149068323,0.049689440993788817,0.12422360248447205,0.062111801242236024,0.07453416149068323,0.049689440993788817,0.06832298136645963,0.049689440993788817,0.037267080745341616,0.024844720496894408,0.012422360248447204,0.018633540372670808,0.018633540372670808,0.006211180124223602,0.006211180124223602,0.018633540372670808,0.006211180124223602,0.006211180124223602,0.012422360248447204,0.018633540372670808,0.006211180124223602,0.006211180124223602,0.018633540372670808,0.024844720496894408,0.012422360248447204,0.012422360248447204,0.024844720496894408,0.037267080745341616,0.012422360248447204,0.012422360248447204,0.012422360248447204,0.024844720496894408,0.012422360248447204,0.012422360248447204,0.024844720496894408,0.037267080745341616,0.012422360248447204,0.018633540372670808,0.012422360248447204,0.024844720496894408,0.012422360248447204,0.012422360248447204,0.024844720496894408,0.037267080745341616,0.012422360248447204,0.018633540372670808,0.012422360248447204,0.024844720496894408,0.012422360248447204,0.012422360248447204,0.024844720496894408,0.037267080745341616,0.012422360248447204,0.018633540372670808,0.012422360248447204,0.024844720496894408,0.012422360248447204,0.012422360248447204,0.024844720496894408,0.037267080745341616,0.012422360248447204,0.024844720496894408,0.012422360248447204,0.024844720496894408,0.012422360248447204,0.012422360248447204,0.0,0.006211180124223602,0.006211180124223602,0.006211180124223602,0.0,0.0,0.0,0.0
DVP_266_0604f19f6ccf,Data/Tables/0_real/PMC3269351_table_1.jpg,Tables,0,313,236,31,0.20812387562198037,0.20878458872583527,0.00673498673309146,0.0030324362376130394,0.010163231778773995,0.11965371534576935,0.055494805904866065,0.862228262814354,0.06451612903225806,0.5260884592941417,0.25687509230490463,0.5174649196691727,0.22073149754828483,0.7184143114023727,0.8538135593220338,0.0765582872719678,0.06569739004613744,0.028631647829669978,0.4427223869492906,0.2026288462784856,0.05591397849462366,0.18064516129032257,12.122661740449534,30.431339467914675,0.1935483870967742,0.1278081000000384,0.06451612903225806,0.03225806451612903,0.03225806451612903,0.03225806451612903,0.06451612903225806,0.06451612903225806,0.12903225806451613,0.06451612903225806,0.0967741935483871,0.03225806451612903,0.12903225806451613,0.12903225806451613,0.0,0.03225806451612903,0.06451612903225806,0.03225806451612903,0.0,0.0,0.03225806451612903,0.0,0.0,0.0,0.0,0.0,0.0,0.06451612903225806,0.0,0.0,0.03225806451612903,0.0,0.03225806451612903,0.0,0.0,0.03225806451612903,0.03225806451612903,0.0,0.06451612903225806,0.0,0.03225806451612903,0.0,0.0,0.03225806451612903,0.03225806451612903,0.0,0.06451612903225806,0.0,0.03225806451612903,0.0,0.0,0.06451612903225806,0.0,0.0,0.06451612903225806,0.0,0.06451612903225806,0.0,0.0,0.03225806451612903,0.03225806451612903,0.0,0.06451612903225806,0.0,0.06451612903225806,0.0,0.0,0.0,0.03225806451612903,0.0,0.03225806451612903,0.0,0.03225806451612903,0.0,0.0,0.0,0.0,0.0,0.03225806451612903,0.0,0.0,0.0
DVP_267_0611c0c5312d,Data/UIScreenshots/0_real/21780.jpg,UIScreenshots,0,1080,1920,20,0.10552854938271605,0.10629726080246915,0.005314863040123458,0.0026316550925925926,0.005671102624701781,0.23768518518518517,0.018906250000000003,0.824565221630559,0.25,0.5284121361337218,0.23933605180249787,0.4775018371269219,0.25259380650620883,0.8694444444444445,0.8588541666666667,0.11467108844963995,0.1069931944442615,0.06769368865451349,0.4505551041139483,0.22785232245200507,0.06315789473684211,0.05263157894736842,0.5106120253404335,1.101871909372225,0.0,0.12253710000004503,0.0,0.15,0.0,0.15,0.0,0.0,0.05,0.0,0.1,0.3,0.1,0.05,0.0,0.05,0.05,0.0,0.0,0.0,0.05,0.0,0.0,0.0,0.0,0.05,0.0,0.0,0.0,0.1,0.0,0.0,0.05,0.05,0.0,0.0,0.0,0.0,0.0,0.0,0.0,0.0,0.0,0.0,0.0,0.0,0.05,0.0,0.0,0.0,0.0,0.05,0.1,0.15,0.0,0.1,0.0,0.0,0.05,0.0,0.0,0.05,0.0,0.0,0.0,0.05,0.0,0.0,0.0,0.0,0.0,0.05,0.0,0.0,0.0,0.0,0.0,0.05,0.0,0.0,0.0,0.0
DVP_268_061bf1da0ccc,Data/UIScreenshots/0_real/36126.jpg,UIScreenshots,0,1080,1920,7,0.07717062114197532,0.0771706211419753,0.011024374448853614,0.003125,0.018330612202089036,0.19761904761904758,0.03928571428571429,0.8977458827094562,0.0,0.4977200055756818,0.260802751446502,0.5707564686102743,0.31278814386907405,0.7372562572665239,0.8671875,0.21718551662748303,0.2618881331704089,0.13156928290176098,0.5486087935163679,0.2932954493222553,0.047619047619047616,0.047619047619047616,1.1117212813088113,1.3667951527802795,0.0,0.12529849999918952,0.0,0.0,0.14285714285714285,0.14285714285714285,0.0,0.0,0.0,0.0,0.2857142857142857,0.0,0.0,0.0,0.0,0.2857142857142857,0.14285714285714285,0.0,0.0,0.0,0.0,0.0,0.0,0.0,0.0,0.14285714285714285,0.0,0.0,0.0,0.0,0.14285714285714285,0.0,0.0,0.0,0.0,0.0,0.0,0.0,0.0,0.0,0.0,0.0,0.0,0.0,0.0,0.0,0.0,0.0,0.0,0.0,0.0,0.0,0.0,0.0,0.0,0.0,0.0,0.0,0.0,0.2857142857142857,0.0,0.0,0.0,0.0,0.0,0.0,0.0,0.0,0.14285714285714285,0.0,0.0,0.14285714285714285,0.0,0.0,0.0,0.0,0.0,0.14285714285714285,0.0,0.0,0.0,0.0
DVP_269_061c926314fe,Data/Receipts/1_fake/receipt_0708.png,Receipts,1,1024,1536,53,0.18208599090576172,0.1820859909057617,0.0034355847340709752,0.0019092559814453125,0.003601456566512564,0.15317290683962265,0.02123869889937107,0.9178306242592715,0.0,0.49326264867192465,0.1924141596178961,0.5148662472599389,0.1811775306628845,0.58349609375,0.818359375,0.03980268233740337,0.02738295877501944,0.021539901443390026,0.3411998893387133,0.16114009249482528,0.034107402031930335,0.11611030478955008,8.632203560572686,26.34008132129366,0.11320754716981132,0.16776469999967958,0.0,0.07547169811320754,0.0,0.0,0.05660377358490566,0.16981132075471697,0.1320754716981132,0.05660377358490566,0.07547169811320754,0.07547169811320754,0.11320754716981132,0.1320754716981132,0.0,0.11320754716981132,0.0,0.0,0.0,0.0,0.0,0.0,0.0,0.0,0.0,0.0,0.0,0.0,0.0,0.07547169811320754,0.0,0.0,0.0,0.0,0.0,0.03773584905660377,0.018867924528301886,0.07547169811320754,0.0,0.018867924528301886,0.0,0.0,0.0,0.018867924528301886,0.05660377358490566,0.018867924528301886,0.05660377358490566,0.05660377358490566,0.05660377358490566,0.0,0.0,0.05660377358490566,0.018867924528301886,0.0,0.05660377358490566,0.05660377358490566,0.07547169811320754,0.0,0.0,0.018867924528301886,0.05660377358490566,0.0,0.0,0.0,0.05660377358490566,0.0,0.0,0.0,0.03773584905660377,0.05660377358490566,0.0,0.0,0.0,0.0,0.0,0.0,0.0,0.018867924528301886,0.0,0.0,0.0,0.0
DVP_270_061daf4d2946,Data/Receipts/0_real/X51005361923.jpg,Receipts,0,2481,3508,34,0.07040854807628585,0.07309089559557999,0.0021497322233994115,0.0016511462025877858,0.0016981387734591187,0.11653270739976763,0.028137366691260313,0.8340057639941899,0.029411764705882353,0.3160640790165022,0.1251708074726983,0.41144294421783917,0.10969228246009752,0.6979040709391375,0.5875142531356898,0.03799465632218388,0.01976539874879503,0.08755976481610941,0.18735151941164074,0.1482513391246903,0.10160427807486631,0.18538324420677363,9.593838404130201,26.71102709434092,0.08823529411764706,0.16583239999999932,0.0,0.058823529411764705,0.0,0.0,0.2647058823529412,0.5,0.0,0.0,0.029411764705882353,0.11764705882352941,0.0,0.0,0.0,0.0,0.0,0.029411764705882353,0.0,0.0,0.0,0.0,0.0,0.0,0.0,0.0,0.0,0.0,0.058823529411764705,0.0,0.0,0.0,0.0,0.0,0.0,0.058823529411764705,0.14705882352941177,0.058823529411764705,0.0,0.0,0.0,0.0,0.0,0.20588235294117646,0.14705882352941177,0.14705882352941177,0.0,0.0,0.0,0.0,0.0,0.029411764705882353,0.08823529411764706,0.029411764705882353,0.0,0.0,0.0,0.0,0.0,0.0,0.0,0.0,0.0,0.0,0.0,0.0,0.0,0.0,0.0,0.0,0.0,0.0,0.029411764705882353,0.0,0.0,0.0,0.0,0.0,0.0,0.0,0.0,0.0
DVP_271_061ddbc60987,Data/Receipts/1_fake/receipt_0084.png,Receipts,1,949,1657,65,0.22227806243451254,0.22262197669560374,0.003424953487624673,0.002312251946431558,0.002987395963178526,0.1740941882143147,0.01912631725546632,0.9027277203789843,0.03076923076923077,0.5236534264053359,0.19679576462490442,0.4802420427438639,0.19558561927603357,0.660168598524763,0.8841279420639709,0.033617468701962375,0.026196555813444166,0.01689244929161051,0.35564679978496017,0.17287471126239426,0.028365384615384615,0.10096153846153846,8.460174062410033,26.102036797002803,0.09230769230769231,0.1473033000002033,0.015384615384615385,0.09230769230769231,0.015384615384615385,0.0,0.06153846153846154,0.12307692307692308,0.16923076923076924,0.09230769230769231,0.07692307692307693,0.06153846153846154,0.12307692307692308,0.07692307692307693,0.0,0.09230769230769231,0.0,0.0,0.0,0.0,0.0,0.03076923076923077,0.0,0.0,0.0,0.0,0.0,0.015384615384615385,0.0,0.06153846153846154,0.015384615384615385,0.0,0.0,0.0,0.0,0.06153846153846154,0.015384615384615385,0.03076923076923077,0.015384615384615385,0.015384615384615385,0.015384615384615385,0.0,0.0,0.0,0.07692307692307693,0.0,0.06153846153846154,0.07692307692307693,0.07692307692307693,0.0,0.0,0.015384615384615385,0.015384615384615385,0.0,0.06153846153846154,0.03076923076923077,0.06153846153846154,0.0,0.0,0.06153846153846154,0.0,0.046153846153846156,0.03076923076923077,0.0,0.015384615384615385,0.0,0.0,0.0,0.0,0.06153846153846154,0.0,0.0,0.0,0.0,0.0,0.0,0.0,0.03076923076923077,0.0,0.0,0.0,0.0
DVP_272_06200c0d1051,Data/InfographicCharts/0_real/00041768.jpg,InfographicCharts,0,1200,900,43,0.2233052028218695,0.225312962962963,0.005239836347975884,0.0019666666666666665,0.008638223519141883,0.1313372093023256,0.03594315245478036,0.880464632816081,0.046511627906976744,0.5890522673076843,0.29539327971475854,0.5044381157659668,0.24020278506406934,0.8625,0.7769499151026487,0.05037615526011782,0.03359674542680746,0.045738979569819475,0.48628989683178714,0.24562953813692492,0.06533776301218161,0.07198228128460686,6.402584130537145,23.406344835752773,0.06976744186046512,0.15819100000044273,0.06976744186046512,0.0,0.046511627906976744,0.023255813953488372,0.023255813953488372,0.0,0.09302325581395349,0.32558139534883723,0.046511627906976744,0.046511627906976744,0.06976744186046512,0.023255813953488372,0.09302325581395349,0.046511627906976744,0.046511627906976744,0.046511627906976744,0.0,0.0,0.0,0.0,0.0,0.0,0.0,0.0,0.0,0.06976744186046512,0.0,0.0,0.046511627906976744,0.0,0.023255813953488372,0.0,0.0,0.0,0.0,0.0,0.046511627906976744,0.0,0.16279069767441862,0.046511627906976744,0.0,0.023255813953488372,0.0,0.0,0.046511627906976744,0.0,0.0,0.11627906976744186,0.0,0.0,0.0,0.0,0.0,0.0,0.0,0.0,0.023255813953488372,0.023255813953488372,0.023255813953488372,0.023255813953488372,0.0,0.06976744186046512,0.0,0.023255813953488372,0.023255813953488372,0.023255813953488372,0.023255813953488372,0.023255813953488372,0.0,0.023255813953488372,0.046511627906976744,0.0,0.023255813953488372,0.023255813953488372,0.0,0.0,0.0,0.023255813953488372,0.0,0.0
DVP_273_06219bb18793,Data/Receipts/0_real/X51005361897.jpg,Receipts,0,2481,3508,60,0.07325031070591209,0.07415738173401776,0.0012359563622336292,0.0009037901276612172,0.0010658439684332146,0.08978234582829504,0.014718738122386926,0.8769459543086711,0.05,0.2858822342717256,0.09616072813675211,0.3157814255605768,0.15626176413190618,0.2926239419588875,0.584806157354618,0.02502261864339609,0.02506713102099098,0.011617866298394983,0.23478069525859405,0.11553548363504783,0.05875706214689266,0.1694915254237288,6.048317543115945,21.86264692937088,0.08333333333333333,0.1485947999990458,0.11666666666666667,0.25,0.0,0.0,0.2,0.31666666666666665,0.0,0.0,0.03333333333333333,0.08333333333333333,0.0,0.0,0.0,0.0,0.0,0.0,0.0,0.0,0.11666666666666667,0.0,0.0,0.0,0.0,0.0,0.0,0.11666666666666667,0.06666666666666667,0.06666666666666667,0.0,0.0,0.0,0.0,0.0,0.11666666666666667,0.016666666666666666,0.1,0.0,0.0,0.0,0.0,0.0,0.08333333333333333,0.11666666666666667,0.08333333333333333,0.0,0.0,0.0,0.0,0.0,0.03333333333333333,0.06666666666666667,0.016666666666666666,0.0,0.0,0.0,0.0,0.0,0.0,0.0,0.0,0.0,0.0,0.0,0.0,0.0,0.0,0.0,0.0,0.0,0.0,0.0,0.0,0.0,0.0,0.0,0.0,0.0,0.0,0.0,0.0
DVP_274_0621d329f787,Data/CommercialPosters/1_fake/commercial_poster_0135.png,CommercialPosters,1,1086,1448,30,0.15800756942247515,0.15846713063296808,0.005282237687765603,0.002803765656318997,0.006669548269679714,0.16562308164518105,0.027693370165745856,0.8921129860779785,0.0,0.3261602564673826,0.22407808725924658,0.5260708465104396,0.2812376219157717,0.7834260725726536,0.8837995802378141,0.04672124613079095,0.033666578420990675,0.03041355067526561,0.43753350494807575,0.2758500266964027,0.03908045977011494,0.14022988505747128,0.39442788254216243,0.7865540026330026,0.0,0.1524509000009857,0.13333333333333333,0.06666666666666667,0.0,0.0,0.2,0.06666666666666667,0.0,0.0,0.2,0.06666666666666667,0.0,0.0,0.03333333333333333,0.06666666666666667,0.0,0.16666666666666666,0.03333333333333333,0.06666666666666667,0.0,0.0,0.0,0.0,0.0,0.0,0.0,0.03333333333333333,0.03333333333333333,0.03333333333333333,0.0,0.0,0.0,0.0,0.03333333333333333,0.06666666666666667,0.06666666666666667,0.0,0.0,0.0,0.0,0.0,0.0,0.1,0.0,0.0,0.0,0.0,0.0,0.0,0.0,0.1,0.03333333333333333,0.0,0.0,0.0,0.0,0.0,0.0,0.1,0.03333333333333333,0.0,0.0,0.0,0.0,0.0,0.0,0.03333333333333333,0.0,0.0,0.0,0.0,0.06666666666666667,0.0,0.0,0.0,0.06666666666666667,0.0,0.0,0.0,0.1,0.0
DVP_275_0628a182956e,Data/Tables/1_fake/table_0191.png,Tables,1,1405,1119,89,0.29371471865813165,0.2938016594633618,0.003301142241161368,0.0026421658890913658,0.003058063850478031,0.11974089327841976,0.028245524193953268,0.9295522837564446,0.0,0.5264359895493521,0.28635095305023694,0.4996955027606904,0.24524104330148702,0.8223043881429584,0.9226988382484361,0.03892952668392366,0.03407802230238718,0.018532917357655995,0.48482789327941883,0.22902498676724797,0.03115423901940756,0.18769152196118488,0.17838187390568094,0.4536825271943527,0.0,0.18019269999967946,0.0449438202247191,0.056179775280898875,0.056179775280898875,0.033707865168539325,0.07865168539325842,0.07865168539325842,0.07865168539325842,0.07865168539325842,0.0898876404494382,0.06741573033707865,0.06741573033707865,0.06741573033707865,0.056179775280898875,0.056179775280898875,0.0449438202247191,0.0449438202247191,0.011235955056179775,0.011235955056179775,0.0,0.02247191011235955,0.0,0.02247191011235955,0.0,0.011235955056179775,0.02247191011235955,0.0,0.0,0.033707865168539325,0.0,0.033707865168539325,0.0,0.02247191011235955,0.02247191011235955,0.02247191011235955,0.0,0.0449438202247191,0.0,0.0449438202247191,0.0,0.0449438202247191,0.02247191011235955,0.011235955056179775,0.0,0.033707865168539325,0.0,0.033707865168539325,0.0,0.033707865168539325,0.02247191011235955,0.02247191011235955,0.0,0.033707865168539325,0.0,0.033707865168539325,0.0,0.033707865168539325,0.02247191011235955,0.02247191011235955,0.0,0.033707865168539325,0.0,0.033707865168539325,0.0,0.033707865168539325,0.02247191011235955,0.011235955056179775,0.0,0.033707865168539325,0.0,0.033707865168539325,0.0,0.033707865168539325,0.011235955056179775,0.011235955056179775,0.0,0.02247191011235955,0.0,0.011235955056179775,0.0,0.011235955056179775
DVP_276_062f0a8d0e3c,Data/UIScreenshots/0_real/67233.jpg,UIScreenshots,0,1080,1920,35,0.2756336921879668,0.2817944637345679,0.008051270392416226,0.005277777777777778,0.008014523198173739,0.29253968253968254,0.027113095238095238,0.8297863664324884,0.2,0.4282073928305907,0.23643842250831543,0.46486529474273003,0.35055631747832267,0.8467592592592592,0.9046875,0.07142604710489033,0.05972449325462376,0.04769571778757976,0.5413626352822812,0.27391502855063493,0.07899159663865546,0.06890756302521009,2.802381797191587,15.00037717327206,0.02857142857142857,0.1351420999999391,0.11428571428571428,0.14285714285714285,0.08571428571428572,0.05714285714285714,0.05714285714285714,0.0,0.0,0.0,0.08571428571428572,0.05714285714285714,0.02857142857142857,0.0,0.08571428571428572,0.08571428571428572,0.2,0.0,0.0,0.02857142857142857,0.05714285714285714,0.02857142857142857,0.05714285714285714,0.02857142857142857,0.02857142857142857,0.02857142857142857,0.02857142857142857,0.05714285714285714,0.02857142857142857,0.02857142857142857,0.0,0.0,0.0,0.0,0.0,0.05714285714285714,0.0,0.0,0.0,0.0,0.0,0.0,0.0,0.0,0.0,0.0,0.0,0.0,0.0,0.0,0.02857142857142857,0.05714285714285714,0.0,0.0,0.0,0.02857142857142857,0.0,0.0,0.0,0.0,0.0,0.05714285714285714,0.0,0.0,0.0,0.0,0.0,0.02857142857142857,0.0,0.08571428571428572,0.08571428571428572,0.02857142857142857,0.0,0.0,0.0,0.05714285714285714,0.0,0.0,0.0,0.08571428571428572,0.0,0.0
DVP_277_0638e1bd0404,Data/AcademicPosters/1_fake/academic_poster_0058.png,AcademicPosters,1,1402,1122,190,0.19606077047296924,0.1981483035439568,0.0010428858081260883,0.0005740462440974314,0.0017908741907699608,0.0643216457692019,0.015925508959564686,0.8613129106202991,0.07368421052631578,0.5210771161917257,0.28373550791649066,0.5751958681393629,0.21311174815443754,0.9179743223965763,0.9576648841354723,0.027006749916820096,0.02137749234422027,0.020316163694198447,0.44797551123092044,0.22911867100648578,0.06015037593984962,0.05291005291005291,2.6905986820424292,13.606659558033249,0.06315789473684211,0.19163929999922402,0.031578947368421054,0.02631578947368421,0.015789473684210527,0.021052631578947368,0.08947368421052632,0.07368421052631578,0.03684210526315789,0.031578947368421054,0.05789473684210526,0.04736842105263158,0.15789473684210525,0.22631578947368422,0.04736842105263158,0.06842105263157895,0.06315789473684211,0.005263157894736842,0.0,0.0,0.010526315789473684,0.005263157894736842,0.0,0.0,0.015789473684210527,0.0,0.031578947368421054,0.0,0.005263157894736842,0.005263157894736842,0.010526315789473684,0.005263157894736842,0.005263157894736842,0.0,0.031578947368421054,0.0,0.005263157894736842,0.005263157894736842,0.010526315789473684,0.0,0.005263157894736842,0.0,0.021052631578947368,0.03684210526315789,0.031578947368421054,0.031578947368421054,0.02631578947368421,0.0,0.02631578947368421,0.0,0.010526315789473684,0.015789473684210527,0.015789473684210527,0.0,0.03684210526315789,0.031578947368421054,0.06315789473684211,0.05789473684210526,0.021052631578947368,0.010526315789473684,0.005263157894736842,0.02631578947368421,0.042105263157894736,0.04736842105263158,0.05263157894736842,0.05263157894736842,0.015789473684210527,0.021052631578947368,0.02631578947368421,0.031578947368421054,0.015789473684210527,0.005263157894736842,0.0,0.0,0.010526315789473684,0.0,0.010526315789473684,0.0,0.015789473684210527,0.02631578947368421,0.005263157894736842,0.0
DVP_278_063cae472877,Data/InfographicCharts/0_real/00001714.jpeg,InfographicCharts,0,960,895,46,0.1296927374301676,0.1327572160148976,0.0028860264351064694,0.00210195530726257,0.002623903529804783,0.10307971014492753,0.026184114646587323,0.8914094677857887,0.06521739130434782,0.47364130434782603,0.27187156155555986,0.4579305319407335,0.2721613097854603,0.8489583333333333,0.917877094972067,0.077465554724774,0.06370409704869678,0.05912809456591692,0.49556750019678936,0.2386668263573468,0.10144927536231885,0.0966183574879227,0.14864886269755603,0.5361336309377357,0.0,0.20155619999968621,0.08695652173913043,0.043478260869565216,0.043478260869565216,0.043478260869565216,0.06521739130434782,0.15217391304347827,0.17391304347826086,0.08695652173913043,0.043478260869565216,0.021739130434782608,0.043478260869565216,0.021739130434782608,0.06521739130434782,0.021739130434782608,0.043478260869565216,0.043478260869565216,0.043478260869565216,0.043478260869565216,0.021739130434782608,0.021739130434782608,0.021739130434782608,0.021739130434782608,0.021739130434782608,0.0,0.0,0.0,0.0,0.0,0.0,0.0,0.0,0.021739130434782608,0.0,0.0,0.021739130434782608,0.021739130434782608,0.021739130434782608,0.0,0.0,0.0,0.06521739130434782,0.0,0.08695652173913043,0.021739130434782608,0.06521739130434782,0.08695652173913043,0.0,0.08695652173913043,0.021739130434782608,0.0,0.0,0.0,0.0,0.0,0.0,0.0,0.021739130434782608,0.0,0.021739130434782608,0.0,0.021739130434782608,0.021739130434782608,0.0,0.021739130434782608,0.021739130434782608,0.0,0.021739130434782608,0.0,0.021739130434782608,0.021739130434782608,0.0,0.021739130434782608,0.021739130434782608,0.021739130434782608,0.0,0.0,0.0,0.0,0.0,0.021739130434782608
DVP_279_0641ac087f4c,Data/AcademicPosters/1_fake/academic_poster_0035.png,AcademicPosters,1,1536,1024,198,0.21233726132807337,0.2138223648071289,0.0010799109333693379,0.0005086263020833333,0.0027664737448787257,0.06538365425084176,0.015570746527777778,0.8454081786412517,0.13636363636363635,0.5608087334699774,0.2606184045838888,0.5118992289233295,0.24136533180016817,0.9182942708333334,0.92041015625,0.03190380126748043,0.024100086092058704,0.020758090568537977,0.45401973393008815,0.21795742812019336,0.05450443521509511,0.05147925960108701,2.386674496884194,13.119839111026955,0.05555555555555555,0.16265129999919736,0.025252525252525252,0.045454545454545456,0.06565656565656566,0.03535353535353535,0.06060606060606061,0.06565656565656566,0.13131313131313133,0.1111111111111111,0.045454545454545456,0.04040404040404041,0.06060606060606061,0.06565656565656566,0.030303030303030304,0.050505050505050504,0.11616161616161616,0.050505050505050504,0.0,0.0,0.010101010101010102,0.015151515151515152,0.005050505050505051,0.005050505050505051,0.0,0.0,0.010101010101010102,0.015151515151515152,0.010101010101010102,0.010101010101010102,0.03535353535353535,0.020202020202020204,0.010101010101010102,0.025252525252525252,0.015151515151515152,0.010101010101010102,0.005050505050505051,0.010101010101010102,0.045454545454545456,0.045454545454545456,0.06060606060606061,0.025252525252525252,0.010101010101010102,0.025252525252525252,0.025252525252525252,0.025252525252525252,0.015151515151515152,0.025252525252525252,0.010101010101010102,0.015151515151515152,0.005050505050505051,0.015151515151515152,0.005050505050505051,0.020202020202020204,0.010101010101010102,0.015151515151515152,0.010101010101010102,0.030303030303030304,0.015151515151515152,0.010101010101010102,0.015151515151515152,0.0,0.015151515151515152,0.020202020202020204,0.010101010101010102,0.015151515151515152,0.010101010101010102,0.005050505050505051,0.030303030303030304,0.005050505050505051,0.050505050505050504,0.04040404040404041,0.020202020202020204,0.020202020202020204,0.005050505050505051,0.010101010101010102,0.005050505050505051,0.010101010101010102,0.015151515151515152,0.010101010101010102,0.005050505050505051,0.005050505050505051
DVP_280_0645ee0a1670,Data/CommercialPosters/1_fake/commercial_poster_0978.png,CommercialPosters,1,1448,1086,33,0.12998377913116632,0.13063741949268948,0.003958709681596651,0.002066735854623892,0.005152973386018724,0.126130085384229,0.0288241531335454,0.8856204765223554,0.0,0.45757839959588237,0.28820223180839627,0.6971562548419453,0.22826522457936774,0.7900552486187846,0.8664825046040516,0.042185507871006035,0.026049534972205923,0.030712780281517093,0.45530418818801516,0.26735186694672175,0.07765151515151515,0.09090909090909091,0.4963066655583736,1.0543717122470222,0.0,0.15227060000142956,0.09090909090909091,0.0,0.0,0.0,0.06060606060606061,0.0,0.0,0.0,0.09090909090909091,0.09090909090909091,0.06060606060606061,0.030303030303030304,0.12121212121212122,0.06060606060606061,0.24242424242424243,0.15151515151515152,0.0,0.06060606060606061,0.0,0.0,0.0,0.0,0.0,0.0,0.030303030303030304,0.0,0.0,0.0,0.0,0.0,0.0,0.0,0.06060606060606061,0.0,0.0,0.0,0.0,0.0,0.0,0.0,0.0,0.0,0.0,0.0,0.0,0.0,0.0,0.0,0.030303030303030304,0.0,0.030303030303030304,0.0,0.0,0.0,0.0,0.0,0.030303030303030304,0.030303030303030304,0.030303030303030304,0.030303030303030304,0.030303030303030304,0.030303030303030304,0.030303030303030304,0.0,0.0,0.09090909090909091,0.0,0.0,0.12121212121212122,0.12121212121212122,0.12121212121212122,0.0,0.0,0.030303030303030304,0.06060606060606061,0.0,0.0,0.0,0.030303030303030304,0.0
DVP_281_0648bc118ed2,Data/Receipts/0_real/X51005663280.jpg,Receipts,0,782,2213,56,0.34111920334983414,0.34686368506026355,0.006193994376076135,0.004916310617451169,0.004456251017210246,0.32501370113262695,0.02218223484603964,0.839093355987573,0.0,0.4350682083723908,0.18967112311698278,0.5210011183421885,0.2261183292880986,0.7468030690537084,0.9124612078096437,0.03151982046377076,0.021889217172727224,0.029715173781135567,0.3785005449138504,0.18469988169309376,0.04935064935064935,0.10584415584415584,9.779921134225665,25.184751127224914,0.10714285714285714,0.09248049999951036,0.017857142857142856,0.10714285714285714,0.0,0.0,0.125,0.14285714285714285,0.08928571428571429,0.017857142857142856,0.05357142857142857,0.14285714285714285,0.08928571428571429,0.017857142857142856,0.0,0.16071428571428573,0.03571428571428571,0.0,0.0,0.017857142857142856,0.0,0.0,0.0,0.0,0.0,0.0,0.0,0.0,0.0,0.10714285714285714,0.0,0.0,0.0,0.0,0.0,0.05357142857142857,0.0,0.05357142857142857,0.0,0.017857142857142856,0.017857142857142856,0.0,0.07142857142857142,0.0,0.07142857142857142,0.017857142857142856,0.0,0.07142857142857142,0.0,0.0,0.0,0.05357142857142857,0.017857142857142856,0.017857142857142856,0.0,0.08928571428571429,0.0,0.0,0.0,0.0,0.0,0.10714285714285714,0.0,0.0,0.017857142857142856,0.0,0.0,0.0,0.0,0.10714285714285714,0.0,0.0,0.0,0.0,0.0,0.0,0.05357142857142857,0.0,0.03571428571428571,0.0,0.0,0.0
DVP_282_064b9bc8a243,Data/Receipts/1_fake/receipt_0810.png,Receipts,1,1023,1537,65,0.24519684218091253,0.24519684218091253,0.0037722591104755775,0.0021763588409966987,0.0035220802739413483,0.17508083314534928,0.02080976928081678,0.9021723958309762,0.0,0.4784316926863767,0.2610334061631646,0.536366285854132,0.20736787212974828,0.7893450635386119,0.9386773756908143,0.03661523618977922,0.02748833703538236,0.027884625287102876,0.4268468843145358,0.20869740163247996,0.03701923076923077,0.0875,1.785396164967693,11.17993478402124,0.046153846153846156,0.14904630000091856,0.0,0.1076923076923077,0.0,0.015384615384615385,0.1076923076923077,0.03076923076923077,0.03076923076923077,0.015384615384615385,0.09230769230769231,0.09230769230769231,0.2153846153846154,0.12307692307692308,0.046153846153846156,0.09230769230769231,0.015384615384615385,0.015384615384615385,0.0,0.0,0.0,0.06153846153846154,0.0,0.0,0.0,0.0,0.0,0.0,0.0,0.046153846153846156,0.0,0.0,0.015384615384615385,0.0,0.0,0.046153846153846156,0.03076923076923077,0.0,0.0,0.0,0.0,0.0,0.015384615384615385,0.046153846153846156,0.0,0.0,0.015384615384615385,0.015384615384615385,0.0,0.015384615384615385,0.07692307692307693,0.0,0.07692307692307693,0.0,0.07692307692307693,0.07692307692307693,0.0,0.07692307692307693,0.015384615384615385,0.0,0.015384615384615385,0.0,0.03076923076923077,0.03076923076923077,0.015384615384615385,0.03076923076923077,0.03076923076923077,0.015384615384615385,0.046153846153846156,0.015384615384615385,0.015384615384615385,0.0,0.015384615384615385,0.0,0.0,0.0,0.0,0.03076923076923077,0.0,0.0,0.0,0.0
DVP_283_064bd67843bf,Data/Receipts/0_real/X51007339638.jpg,Receipts,0,591,1807,57,0.26729288367493437,0.2869485746818398,0.005034185520734032,0.0038054679255424243,0.0038403386144715153,0.30756671713123757,0.017116671035641122,0.8918914326767236,0.017543859649122806,0.5263972635749047,0.2135190483257338,0.5009418645968069,0.19176545707860515,0.7698815566835872,0.7147205312672938,0.02895891235862384,0.02014934375815181,0.019673560892479035,0.36880883567021355,0.1779055271459709,0.05576441102756892,0.16416040100250626,6.395269303451351,23.013059644452518,0.07017543859649122,0.08605290000014065,0.0,0.14035087719298245,0.0,0.0,0.07017543859649122,0.12280701754385964,0.08771929824561403,0.05263157894736842,0.08771929824561403,0.07017543859649122,0.10526315789473684,0.15789473684210525,0.0,0.10526315789473684,0.0,0.0,0.0,0.0,0.0,0.0,0.0,0.0,0.0,0.0,0.0,0.0,0.0,0.14035087719298245,0.0,0.0,0.0,0.0,0.017543859649122806,0.0,0.017543859649122806,0.05263157894736842,0.0,0.017543859649122806,0.0,0.0,0.017543859649122806,0.03508771929824561,0.017543859649122806,0.03508771929824561,0.03508771929824561,0.03508771929824561,0.05263157894736842,0.0,0.0,0.05263157894736842,0.0,0.017543859649122806,0.05263157894736842,0.0,0.10526315789473684,0.0,0.03508771929824561,0.0,0.0,0.05263157894736842,0.017543859649122806,0.03508771929824561,0.05263157894736842,0.0,0.0,0.0,0.0,0.10526315789473684,0.0,0.0,0.0,0.0,0.0,0.0,0.0,0.0,0.0,0.0,0.0,0.0
DVP_284_065425d2189d,Data/UIScreenshots/1_fake/ui_0565.png,UIScreenshots,1,941,1672,40,0.24239998423747514,0.24239998423747514,0.006059999605936879,0.004943585415088296,0.004001347276690326,0.41819872476089265,0.015938995215311006,0.8795557996899367,0.075,0.41144405936574613,0.19621359199060315,0.5543809025844697,0.3116402681521946,0.8719447396386822,0.972488038277512,0.06973759455105066,0.050716171487344024,0.08031010305932407,0.4617451961909657,0.2549217080039416,0.035897435897435895,0.12692307692307692,4.735294459381304,19.58816309435939,0.05,0.1399014000016905,0.1,0.1,0.0,0.025,0.0,0.15,0.05,0.0,0.05,0.075,0.1,0.0,0.025,0.175,0.1,0.05,0.05,0.0,0.025,0.0,0.0,0.0,0.0,0.025,0.0,0.05,0.025,0.05,0.0,0.0,0.0,0.0,0.0,0.0,0.05,0.0,0.05,0.0,0.0,0.0,0.0,0.0,0.025,0.075,0.0,0.0,0.0,0.0,0.0,0.025,0.025,0.05,0.025,0.0,0.0,0.0,0.0,0.025,0.0,0.0,0.075,0.0,0.0,0.0,0.0,0.0,0.075,0.0,0.05,0.0,0.0,0.0,0.0,0.025,0.075,0.025,0.025,0.025,0.05,0.0
DVP_285_06544e05396c,Data/CommercialPosters/1_fake/commercial_poster_0086.png,CommercialPosters,1,1448,1086,20,0.22655006356888463,0.23348646256219285,0.011674323128109643,0.0036972314642410185,0.019529549752447067,0.12137430939226519,0.06496316758747697,0.8501990946126643,0.15,0.7181967197359586,0.12432074581296063,0.6230036640078362,0.2754223314393358,0.4582182320441989,0.8347145488029466,0.07145115209392741,0.05343655592602262,0.035079739614496085,0.38129947776458384,0.2164459087249308,0.08421052631578947,0.12631578947368421,17.93108131475714,34.830197743487325,0.25,0.1545845000000554,0.0,0.0,0.05,0.1,0.0,0.0,0.05,0.2,0.0,0.0,0.0,0.1,0.0,0.15,0.15,0.2,0.0,0.0,0.0,0.0,0.0,0.0,0.05,0.0,0.0,0.0,0.0,0.0,0.0,0.05,0.05,0.0,0.0,0.0,0.0,0.0,0.0,0.0,0.05,0.0,0.0,0.0,0.0,0.0,0.0,0.05,0.1,0.05,0.0,0.0,0.0,0.0,0.0,0.0,0.05,0.0,0.0,0.0,0.0,0.0,0.0,0.0,0.05,0.0,0.0,0.0,0.0,0.05,0.0,0.1,0.15,0.0,0.0,0.0,0.0,0.1,0.0,0.05,0.05,0.0
DVP_286_066256a0f6aa,Data/AcademicPosters/1_fake/academic_poster_0208.png,AcademicPosters,1,1536,1024,211,0.23594421006626798,0.23954359690348306,0.0011352777104430478,0.000537872314453125,0.002711038759901919,0.06283940560821484,0.016624703791469193,0.8451838383309241,0.11374407582938388,0.5271112456980733,0.2716382209246007,0.5358630075654445,0.23364869083693646,0.9222005208333334,0.9404296875,0.02728304171962774,0.024936361908869317,0.015838170568084113,0.45474596875730416,0.22624506394064442,0.05664635522455427,0.04752877454299255,2.1410237668356196,12.409868604297841,0.052132701421800945,0.16845780000039667,0.014218009478672985,0.014218009478672985,0.03317535545023697,0.052132701421800945,0.08056872037914692,0.037914691943127965,0.13744075829383887,0.11848341232227488,0.052132701421800945,0.05687203791469194,0.0947867298578199,0.061611374407582936,0.08530805687203792,0.05687203791469194,0.08056872037914692,0.023696682464454975,0.0,0.0,0.009478672985781991,0.0,0.0,0.0,0.018957345971563982,0.009478672985781991,0.004739336492890996,0.009478672985781991,0.004739336492890996,0.0,0.018957345971563982,0.014218009478672985,0.018957345971563982,0.004739336492890996,0.018957345971563982,0.023696682464454975,0.0,0.0,0.03317535545023697,0.014218009478672985,0.023696682464454975,0.014218009478672985,0.018957345971563982,0.018957345971563982,0.023696682464454975,0.014218009478672985,0.037914691943127965,0.052132701421800945,0.04739336492890995,0.03317535545023697,0.009478672985781991,0.0,0.009478672985781991,0.018957345971563982,0.023696682464454975,0.02843601895734597,0.03317535545023697,0.014218009478672985,0.009478672985781991,0.03317535545023697,0.014218009478672985,0.014218009478672985,0.023696682464454975,0.018957345971563982,0.0,0.014218009478672985,0.018957345971563982,0.03317535545023697,0.018957345971563982,0.02843601895734597,0.02843601895734597,0.023696682464454975,0.004739336492890996,0.0,0.004739336492890996,0.02843601895734597,0.004739336492890996,0.004739336492890996,0.014218009478672985,0.014218009478672985,0.009478672985781991,0.009478672985781991
DVP_287_06658eb92da2,Data/UIScreenshots/0_real/33603.jpg,UIScreenshots,0,540,960,11,0.0321045524691358,0.0321045524691358,0.0029185956790123454,0.000787037037037037,0.0037838918746401565,0.1260942760942761,0.020359848484848484,0.8198623332397496,0.36363636363636365,0.3837542087542088,0.23095879157350718,0.1416193181818182,0.24267942003143828,0.8777777777777778,0.6729166666666667,0.0959126434397533,0.059261548033418876,0.10766915918292644,0.419911168056664,0.2656919126120439,0.4,0.07272727272727272,0.0,0.0,0.0,0.13232410000091477,0.2727272727272727,0.36363636363636365,0.09090909090909091,0.09090909090909091,0.0,0.0,0.0,0.0,0.0,0.09090909090909091,0.09090909090909091,0.0,0.0,0.0,0.0,0.0,0.18181818181818182,0.09090909090909091,0.2727272727272727,0.09090909090909091,0.09090909090909091,0.0,0.0,0.09090909090909091,0.0,0.0,0.0,0.0,0.0,0.0,0.0,0.0,0.0,0.0,0.0,0.0,0.0,0.0,0.0,0.0,0.0,0.0,0.0,0.0,0.0,0.0,0.0,0.0,0.0,0.0,0.0,0.0,0.09090909090909091,0.0,0.0,0.0,0.0,0.0,0.0,0.09090909090909091,0.0,0.0,0.0,0.0,0.0,0.0,0.0,0.0,0.0,0.0,0.0,0.0,0.0,0.0,0.0,0.0,0.0,0.0,0.0,0.0
DVP_288_0670ebd21693,Data/Tables/0_real/PMC4377020_table_0.jpg,Tables,0,370,208,38,0.4206864787984884,0.42919698544698537,0.011294657511762772,0.004781704781704782,0.012745881579343022,0.18385490753911804,0.06743421052631579,0.8697200097451191,0.05263157894736842,0.6057326974207748,0.2849608872039956,0.5245906261878116,0.25590738328509277,0.845945945945946,0.9182692307692307,0.07827767120241813,0.07495080678900493,0.021328031494860716,0.5001994975126911,0.22608032653492915,0.03982930298719772,0.1379800853485064,0.9362733215860363,2.6017201956152762,0.07894736842105263,0.15791209999952116,0.02631578947368421,0.05263157894736842,0.02631578947368421,0.07894736842105263,0.05263157894736842,0.02631578947368421,0.05263157894736842,0.13157894736842105,0.07894736842105263,0.07894736842105263,0.07894736842105263,0.07894736842105263,0.02631578947368421,0.10526315789473684,0.02631578947368421,0.07894736842105263,0.0,0.0,0.02631578947368421,0.02631578947368421,0.0,0.0,0.0,0.0,0.0,0.02631578947368421,0.0,0.0,0.02631578947368421,0.0,0.02631578947368421,0.05263157894736842,0.0,0.0,0.0,0.0,0.02631578947368421,0.0,0.05263157894736842,0.05263157894736842,0.0,0.05263157894736842,0.0,0.02631578947368421,0.0,0.02631578947368421,0.0,0.02631578947368421,0.0,0.05263157894736842,0.0,0.05263157894736842,0.0,0.05263157894736842,0.0,0.02631578947368421,0.02631578947368421,0.0,0.0,0.02631578947368421,0.0,0.02631578947368421,0.0,0.05263157894736842,0.02631578947368421,0.0,0.0,0.05263157894736842,0.0,0.02631578947368421,0.0,0.05263157894736842,0.0,0.0,0.0,0.05263157894736842,0.0,0.0,0.0,0.02631578947368421
DVP_289_06712c21baa6,Data/Receipts/1_fake/receipt_0903.png,Receipts,1,1023,1537,61,0.2076107688423259,0.20793639588107235,0.0034087933750995467,0.0023239085929286783,0.0025139137956137047,0.16462349566527248,0.02055313203280821,0.9156842109964477,0.0,0.4673260063798118,0.21702595303018166,0.4485664937681336,0.19271674899074423,0.6212121212121212,0.8623942745608328,0.039241636397733856,0.026853745057980348,0.01847663567165703,0.3741888595391273,0.17683528205156024,0.03278688524590164,0.09344262295081968,1.5157730472472244,11.427390145338482,0.01639344262295082,0.1422316000007413,0.01639344262295082,0.08196721311475409,0.04918032786885246,0.01639344262295082,0.13114754098360656,0.13114754098360656,0.13114754098360656,0.11475409836065574,0.06557377049180328,0.11475409836065574,0.01639344262295082,0.06557377049180328,0.0,0.06557377049180328,0.0,0.0,0.0,0.0,0.0,0.01639344262295082,0.03278688524590164,0.0,0.0,0.0,0.0,0.01639344262295082,0.01639344262295082,0.04918032786885246,0.01639344262295082,0.0,0.01639344262295082,0.0,0.0,0.04918032786885246,0.04918032786885246,0.0,0.0,0.03278688524590164,0.01639344262295082,0.0,0.0,0.08196721311475409,0.06557377049180328,0.01639344262295082,0.0,0.09836065573770492,0.09836065573770492,0.0,0.0,0.04918032786885246,0.03278688524590164,0.0,0.0,0.0,0.04918032786885246,0.0,0.0,0.01639344262295082,0.06557377049180328,0.01639344262295082,0.01639344262295082,0.0,0.01639344262295082,0.0,0.0,0.0,0.0,0.04918032786885246,0.0,0.0,0.0,0.0,0.0,0.0,0.0,0.01639344262295082,0.0,0.0,0.0,0.0
DVP_290_0674383e7fe1,Data/UIScreenshots/0_real/10208.jpg,UIScreenshots,0,1080,1920,21,0.10006470228909466,0.10075038580246914,0.004797637419165198,0.0027083333333333334,0.005025332739041805,0.1972222222222222,0.02212301587301587,0.8447017500836438,0.09523809523809523,0.5399691358024691,0.21237358697497824,0.3115079365079365,0.22183091777193345,0.7824074074074074,0.8854166666666666,0.08851630124986795,0.07156073195083193,0.05030682828794643,0.38710173386366925,0.2195595371202776,0.1761904761904762,0.05714285714285714,4.44285111392186,19.206225518881727,0.047619047619047616,0.13102520000029472,0.047619047619047616,0.09523809523809523,0.09523809523809523,0.09523809523809523,0.047619047619047616,0.14285714285714285,0.23809523809523808,0.09523809523809523,0.0,0.047619047619047616,0.0,0.0,0.0,0.047619047619047616,0.047619047619047616,0.0,0.0,0.047619047619047616,0.0,0.0,0.0,0.0,0.047619047619047616,0.047619047619047616,0.0,0.0,0.047619047619047616,0.047619047619047616,0.047619047619047616,0.047619047619047616,0.0,0.0,0.0,0.047619047619047616,0.09523809523809523,0.047619047619047616,0.14285714285714285,0.09523809523809523,0.047619047619047616,0.047619047619047616,0.0,0.0,0.0,0.0,0.0,0.0,0.0,0.0,0.0,0.0,0.0,0.047619047619047616,0.0,0.0,0.0,0.0,0.0,0.0,0.0,0.0,0.0,0.0,0.0,0.0,0.0,0.0,0.0,0.0,0.047619047619047616,0.0,0.0,0.0,0.0,0.0,0.0,0.047619047619047616,0.0,0.0,0.0,0.0
DVP_291_068341918411,Data/Tables/0_real/PMC2654886_table_1.jpg,Tables,0,657,313,27,0.14739764930145252,0.14739764930145252,0.005459172196350093,0.0025870327415252795,0.008204205069093487,0.1172557641355206,0.05301147793160572,0.8946409395406129,0.0,0.48390551891312933,0.27872832964145244,0.5484558040468583,0.2602608543695374,0.8074581430745814,0.8849840255591055,0.10996799438750575,0.09105749342158008,0.0402687655172031,0.5017724887496395,0.2241903455707217,0.08262108262108261,0.16809116809116809,6.724790918694406,23.588522309125477,0.07407407407407407,0.14784049999980198,0.037037037037037035,0.07407407407407407,0.037037037037037035,0.037037037037037035,0.07407407407407407,0.037037037037037035,0.07407407407407407,0.037037037037037035,0.1111111111111111,0.0,0.1111111111111111,0.037037037037037035,0.07407407407407407,0.07407407407407407,0.1111111111111111,0.07407407407407407,0.0,0.0,0.0,0.037037037037037035,0.0,0.0,0.0,0.0,0.037037037037037035,0.0,0.0,0.037037037037037035,0.0,0.037037037037037035,0.0,0.037037037037037035,0.037037037037037035,0.0,0.0,0.0,0.037037037037037035,0.0,0.0,0.0,0.037037037037037035,0.0,0.0,0.037037037037037035,0.0,0.037037037037037035,0.0,0.037037037037037035,0.07407407407407407,0.0,0.0,0.0,0.037037037037037035,0.0,0.0,0.0,0.0,0.037037037037037035,0.0,0.0,0.037037037037037035,0.037037037037037035,0.0,0.037037037037037035,0.037037037037037035,0.037037037037037035,0.0,0.07407407407407407,0.0,0.07407407407407407,0.0,0.07407407407407407,0.0,0.0,0.0,0.0,0.037037037037037035,0.0,0.0,0.0
DVP_292_0684f21da187,Data/UIScreenshots/1_fake/ui_0442.png,UIScreenshots,1,941,1672,41,0.12012414266438129,0.1202334251966502,0.002932522565771956,0.002288108446170978,0.0020281966276954073,0.17568233068090514,0.017767534134671487,0.8754588522170452,0.024390243902439025,0.442789205626875,0.2777748938281919,0.5334309718867098,0.28038806778911934,0.8660998937300743,0.944377990430622,0.08736082269433908,0.06409830195000243,0.05572646850343436,0.5065455165042791,0.2505058444806431,0.05731707317073171,0.06707317073170732,9.03056247513729,26.797460193557782,0.0975609756097561,0.1327584000009665,0.12195121951219512,0.024390243902439025,0.0,0.04878048780487805,0.0975609756097561,0.0975609756097561,0.04878048780487805,0.024390243902439025,0.04878048780487805,0.12195121951219512,0.024390243902439025,0.04878048780487805,0.024390243902439025,0.17073170731707318,0.024390243902439025,0.07317073170731707,0.04878048780487805,0.024390243902439025,0.0,0.0,0.0,0.0,0.0,0.024390243902439025,0.04878048780487805,0.0,0.024390243902439025,0.0,0.0,0.0,0.0,0.024390243902439025,0.024390243902439025,0.0,0.0,0.024390243902439025,0.0,0.024390243902439025,0.0,0.0,0.024390243902439025,0.04878048780487805,0.024390243902439025,0.04878048780487805,0.0,0.024390243902439025,0.024390243902439025,0.0,0.024390243902439025,0.0,0.024390243902439025,0.024390243902439025,0.0,0.024390243902439025,0.024390243902439025,0.0,0.0,0.024390243902439025,0.024390243902439025,0.04878048780487805,0.0,0.0,0.0,0.024390243902439025,0.0,0.0,0.024390243902439025,0.0975609756097561,0.0,0.0,0.0,0.04878048780487805,0.024390243902439025,0.0,0.04878048780487805,0.0,0.024390243902439025,0.0,0.024390243902439025,0.0
DVP_293_0685e95b5a54,Data/CommercialPosters/1_fake/commercial_poster_0971.png,CommercialPosters,1,1086,1448,33,0.10735039376087421,0.1073503937608742,0.0032530422351780062,0.0024800830255486705,0.0025900368930563767,0.16370891232769688,0.019525364138623807,0.8903197476734539,0.0,0.6112021429057205,0.20400702665603046,0.6512794494507479,0.2066153905026728,0.7283609576427256,0.6750690607734806,0.04265763498026457,0.04041497856221295,0.023390931372309135,0.3584815055122983,0.21302084967955381,0.056818181818181816,0.16098484848484848,3.3867640646036423,15.699838694269936,0.06060606060606061,0.18278939999981958,0.0,0.0,0.0,0.0,0.0,0.0,0.18181818181818182,0.12121212121212122,0.0,0.0,0.30303030303030304,0.0,0.15151515151515152,0.0,0.18181818181818182,0.06060606060606061,0.0,0.0,0.0,0.0,0.0,0.0,0.0,0.0,0.0,0.0,0.0,0.0,0.0,0.0,0.0,0.0,0.0,0.0,0.0,0.0,0.0,0.06060606060606061,0.09090909090909091,0.0,0.0,0.0,0.0,0.0,0.06060606060606061,0.06060606060606061,0.030303030303030304,0.0,0.0,0.0,0.0,0.0,0.0,0.12121212121212122,0.0,0.0,0.0,0.0,0.0,0.0,0.030303030303030304,0.15151515151515152,0.0,0.0,0.0,0.09090909090909091,0.0,0.0,0.0,0.09090909090909091,0.0,0.0,0.0,0.06060606060606061,0.0,0.0,0.0,0.09090909090909091,0.06060606060606061,0.0
DVP_294_068d8471a4d5,Data/Receipts/0_real/X51006913030.jpg,Receipts,0,4961,7016,37,0.03798433148760792,0.038610454590273915,0.0010435257997371329,0.0007592287114291934,0.00068396412173503,0.0931972084965433,0.011764615242380348,0.8743553491745331,0.0,0.38832784311181007,0.09094164065478647,0.4375241065659473,0.09979721363839028,0.27081233622253575,0.346815546132753,0.017455034262675487,0.013228765130966953,0.007723419505823155,0.1758723750671706,0.08087898196348837,0.0915915915915916,0.18618618618618618,0.3966942673232602,1.6168189281365752,0.02702702702702703,0.39748099999997066,0.0,0.0,0.0,0.0,0.02702702702702703,0.4864864864864865,0.16216216216216217,0.0,0.0,0.2702702702702703,0.05405405405405406,0.0,0.0,0.0,0.0,0.0,0.0,0.0,0.0,0.0,0.0,0.0,0.0,0.0,0.0,0.0,0.0,0.0,0.0,0.0,0.0,0.0,0.0,0.02702702702702703,0.10810810810810811,0.16216216216216217,0.05405405405405406,0.0,0.0,0.0,0.0,0.0,0.13513513513513514,0.08108108108108109,0.10810810810810811,0.0,0.0,0.0,0.0,0.0,0.05405405405405406,0.21621621621621623,0.05405405405405406,0.0,0.0,0.0,0.0,0.0,0.0,0.0,0.0,0.0,0.0,0.0,0.0,0.0,0.0,0.0,0.0,0.0,0.0,0.0,0.0,0.0,0.0,0.0,0.0,0.0,0.0,0.0
DVP_295_06972b96417d,Data/Receipts/1_fake/receipt_0943.png,Receipts,1,1023,1537,59,0.18557476601529743,0.18559055834225308,0.0031456026837670013,0.0025242455405949434,0.0025069123209347966,0.1683317593651109,0.018801759977062956,0.9158092112488497,0.01694915254237288,0.455044799856356,0.20088949585094001,0.48019706150647284,0.1936081454006129,0.595307917888563,0.8900371409004609,0.034779204954343106,0.024703866482431263,0.017719899574247203,0.3581454935136906,0.17348594952678426,0.04149620105201637,0.10461718293395675,1.6117669036886888,11.632557243065692,0.01694915254237288,0.17283280000083323,0.0,0.11864406779661017,0.0,0.0,0.0847457627118644,0.1694915254237288,0.1016949152542373,0.0847457627118644,0.0847457627118644,0.11864406779661017,0.05084745762711865,0.0847457627118644,0.01694915254237288,0.0847457627118644,0.0,0.0,0.0,0.0,0.0,0.03389830508474576,0.0,0.0,0.0,0.0,0.0,0.0,0.0,0.0847457627118644,0.0,0.0,0.0,0.0,0.0,0.0,0.06779661016949153,0.01694915254237288,0.01694915254237288,0.0,0.0,0.0,0.0,0.0847457627118644,0.06779661016949153,0.01694915254237288,0.01694915254237288,0.06779661016949153,0.0847457627118644,0.0,0.0,0.06779661016949153,0.05084745762711865,0.0,0.0,0.03389830508474576,0.0847457627118644,0.0,0.0,0.01694915254237288,0.06779661016949153,0.0,0.0,0.01694915254237288,0.0,0.0,0.0,0.01694915254237288,0.01694915254237288,0.03389830508474576,0.0,0.0,0.0,0.0,0.0,0.0,0.0,0.03389830508474576,0.0,0.0,0.0,0.0
DVP_296_0697b2ffb70d,Data/CommercialPosters/1_fake/commercial_poster_0650.png,CommercialPosters,1,1448,1086,24,0.15173338725924118,0.152074239695573,0.006336426653982208,0.0021160195557726157,0.010841355942998957,0.1325103591160221,0.0344536525475752,0.8575538218583064,0.041666666666666664,0.39904625753065953,0.15140229901214922,0.4562129846959068,0.19445558513000294,0.5100138121546961,0.7891344383057091,0.051302672801840234,0.041890769220118126,0.031107889909994548,0.30482947539383337,0.18393371521896007,0.11231884057971014,0.06159420289855073,0.35473752648430096,0.8382606894019071,0.0,0.15264749999914784,0.0,0.041666666666666664,0.08333333333333333,0.0,0.0,0.25,0.16666666666666666,0.0,0.08333333333333333,0.16666666666666666,0.08333333333333333,0.0,0.125,0.0,0.0,0.0,0.0,0.0,0.0,0.0,0.0,0.0,0.0,0.0,0.0,0.0,0.041666666666666664,0.0,0.041666666666666664,0.041666666666666664,0.0,0.0,0.0,0.0,0.125,0.125,0.125,0.0,0.0,0.0,0.0,0.0,0.0,0.0,0.041666666666666664,0.0,0.0,0.0,0.0,0.08333333333333333,0.08333333333333333,0.08333333333333333,0.08333333333333333,0.0,0.0,0.0,0.0,0.0,0.0,0.0,0.0,0.0,0.0,0.0,0.0,0.08333333333333333,0.0,0.0,0.0,0.0,0.0,0.0,0.0,0.041666666666666664,0.0,0.0,0.0,0.0,0.0,0.0
DVP_297_06a231a4a243,Data/InfographicCharts/1_fake/infographic_chart_0420.png,InfographicCharts,1,1254,1254,42,0.16052660312449285,0.16137928008363667,0.0038423638115151586,0.0013433885569367815,0.008526154907839215,0.12470570365307207,0.02587909166856535,0.9001945241258527,0.023809523809523808,0.5195012327719875,0.2386551229718991,0.5362701801457435,0.2531826610553996,0.6945773524720893,0.9170801520140317,0.03339009535882478,0.02881860179712506,0.01223125725752677,0.45241806752546176,0.20817925530674738,0.025551684088269456,0.17770034843205576,0.39233290704024815,1.0583057470227852,0.0,0.20241929999974673,0.0,0.023809523809523808,0.09523809523809523,0.0,0.07142857142857142,0.14285714285714285,0.0,0.11904761904761904,0.07142857142857142,0.047619047619047616,0.09523809523809523,0.09523809523809523,0.0,0.07142857142857142,0.07142857142857142,0.09523809523809523,0.0,0.0,0.0,0.0,0.047619047619047616,0.0,0.0,0.0,0.0,0.0,0.0,0.023809523809523808,0.047619047619047616,0.0,0.0,0.0,0.0,0.0,0.07142857142857142,0.047619047619047616,0.0,0.0,0.07142857142857142,0.0,0.0,0.07142857142857142,0.0,0.023809523809523808,0.0,0.0,0.047619047619047616,0.0,0.0,0.07142857142857142,0.0,0.0,0.07142857142857142,0.0,0.023809523809523808,0.0,0.0,0.0,0.047619047619047616,0.0,0.0,0.023809523809523808,0.07142857142857142,0.0,0.0,0.0,0.023809523809523808,0.0,0.047619047619047616,0.0,0.047619047619047616,0.023809523809523808,0.0,0.0,0.047619047619047616,0.0,0.023809523809523808,0.0,0.023809523809523808,0.0
DVP_298_06a4c332cdf7,Data/CommercialPosters/1_fake/commercial_poster_0015.png,CommercialPosters,1,1086,1448,52,0.15225567508318946,0.15247709420754352,0.0029322518116835293,0.0020600587080166458,0.0029283045104688747,0.15540444822212776,0.017185507862303443,0.8809537338408752,0.038461538461538464,0.4092797516227854,0.26666141903332613,0.6519789191994025,0.25452272460487135,0.7693370165745856,0.9116022099447514,0.032302083868116956,0.02209974725471993,0.02605047067284952,0.4620378015478255,0.2522505780348032,0.07918552036199095,0.13122171945701358,0.2034885043566468,0.516503619289374,0.0,0.15587959999902523,0.09615384615384616,0.0,0.0,0.0,0.1346153846153846,0.019230769230769232,0.0,0.0,0.21153846153846154,0.0,0.019230769230769232,0.11538461538461539,0.07692307692307693,0.09615384615384616,0.1346153846153846,0.09615384615384616,0.0,0.038461538461538464,0.0,0.0,0.0,0.0,0.0,0.0,0.0,0.057692307692307696,0.0,0.0,0.0,0.0,0.0,0.0,0.0,0.057692307692307696,0.019230769230769232,0.0,0.0,0.0,0.0,0.0,0.019230769230769232,0.057692307692307696,0.0,0.0,0.0,0.0,0.0,0.0,0.0,0.09615384615384616,0.0,0.0,0.0,0.0,0.038461538461538464,0.0,0.0,0.11538461538461539,0.0,0.0,0.019230769230769232,0.0,0.07692307692307693,0.0,0.0,0.038461538461538464,0.0,0.038461538461538464,0.038461538461538464,0.0,0.038461538461538464,0.0,0.0,0.038461538461538464,0.019230769230769232,0.038461538461538464,0.07692307692307693,0.019230769230769232,0.057692307692307696,0.0
DVP_299_06a7329d6aaf,Data/InfographicCharts/0_real/00015128.jpeg,InfographicCharts,0,1200,1200,33,0.26130111408451767,0.26353645833333333,0.007985953282828282,0.0031895833333333333,0.011555833659772958,0.18936868686868685,0.0372979797979798,0.883136981606826,0.030303030303030304,0.45766811702344945,0.32021356025897313,0.538674202532293,0.2335949530891912,0.8318833341167992,0.8637555557750429,0.07668110137902195,0.06541799361711494,0.049335187094972276,0.5105754245104868,0.2516711074865911,0.032196969696969696,0.10416666666666667,3.284484648564679,15.505845252235098,0.030303030303030304,0.22798379999949248,0.030303030303030304,0.09090909090909091,0.0,0.0,0.12121212121212122,0.09090909090909091,0.06060606060606061,0.030303030303030304,0.12121212121212122,0.0,0.06060606060606061,0.18181818181818182,0.09090909090909091,0.030303030303030304,0.030303030303030304,0.06060606060606061,0.0,0.0,0.0,0.030303030303030304,0.0,0.0,0.0,0.0,0.030303030303030304,0.0,0.030303030303030304,0.030303030303030304,0.0,0.0,0.0,0.0,0.0,0.030303030303030304,0.030303030303030304,0.06060606060606061,0.0,0.06060606060606061,0.0,0.0,0.06060606060606061,0.030303030303030304,0.0,0.0,0.0,0.0,0.030303030303030304,0.0,0.06060606060606061,0.0,0.0,0.0,0.0,0.030303030303030304,0.06060606060606061,0.0,0.06060606060606061,0.0,0.0,0.0,0.0,0.030303030303030304,0.09090909090909091,0.030303030303030304,0.030303030303030304,0.0,0.0,0.030303030303030304,0.0,0.030303030303030304,0.0,0.030303030303030304,0.030303030303030304,0.030303030303030304,0.0,0.0,0.0,0.0,0.030303030303030304,0.0
DVP_300_06a8d7a82272,Data/InfographicCharts/0_real/00025518.jpeg,InfographicCharts,0,1200,1200,23,0.24799735744065776,0.2525576388888889,0.01098076690821256,0.006965277777777778,0.011046493167460945,0.2928985507246377,0.035362318840579714,0.8959408964828782,0.043478260869565216,0.3668236311263916,0.216414620650183,0.5152623667056754,0.26111127653947924,0.835,0.8637499999999999,0.11032301880245508,0.07269609495854792,0.10037255971486005,0.43260958898864305,0.23094062092241732,0.007905138339920948,0.04743083003952569,0.19539490177576152,0.4642972041993866,0.0,0.20090520000121614,0.0,0.13043478260869565,0.043478260869565216,0.0,0.08695652173913043,0.13043478260869565,0.043478260869565216,0.043478260869565216,0.17391304347826086,0.13043478260869565,0.0,0.0,0.08695652173913043,0.08695652173913043,0.0,0.043478260869565216,0.0,0.0,0.043478260869565216,0.0,0.0,0.043478260869565216,0.0,0.0,0.0,0.0,0.0,0.08695652173913043,0.0,0.0,0.0,0.0,0.0,0.043478260869565216,0.043478260869565216,0.0,0.043478260869565216,0.0,0.0,0.043478260869565216,0.0,0.043478260869565216,0.0,0.08695652173913043,0.0,0.0,0.0,0.0,0.0,0.13043478260869565,0.043478260869565216,0.0,0.0,0.0,0.0,0.0,0.0,0.043478260869565216,0.0,0.08695652173913043,0.0,0.0,0.0,0.0,0.0,0.0,0.08695652173913043,0.0,0.0,0.0,0.0,0.0,0.08695652173913043,0.0,0.0,0.0,0.0,0.0,0.043478260869565216,0.0
DVP_301_06aa00aeed64,Data/CommercialPosters/0_real/5d0ced118cba87f9434d74f4_preview.jpg,CommercialPosters,0,1024,1024,6,0.19107760578753,0.19116926193237305,0.03186154365539551,0.012178659439086914,0.04980696531284527,0.23649088541666666,0.15234375,0.8141480488314491,0.3333333333333333,0.49251848046543084,0.25170969107110397,0.6245744320365262,0.2972396303096359,0.8644939819458155,0.7862571445457565,0.2753960122095446,0.2807174734259176,0.20762694645433807,0.5450102440126176,0.25897071899161517,0.06666666666666667,0.2,31.020670435015933,51.64749186906991,0.5,0.22464009999930568,0.0,0.0,0.16666666666666666,0.0,0.16666666666666666,0.0,0.0,0.0,0.0,0.0,0.0,0.16666666666666666,0.0,0.16666666666666666,0.3333333333333333,0.0,0.0,0.0,0.0,0.0,0.0,0.0,0.0,0.0,0.0,0.0,0.0,0.0,0.16666666666666666,0.0,0.0,0.0,0.16666666666666666,0.0,0.0,0.0,0.0,0.0,0.0,0.0,0.0,0.0,0.0,0.0,0.0,0.0,0.0,0.0,0.0,0.0,0.0,0.0,0.0,0.0,0.0,0.0,0.0,0.0,0.0,0.0,0.0,0.0,0.0,0.16666666666666666,0.0,0.0,0.0,0.16666666666666666,0.16666666666666666,0.0,0.0,0.0,0.0,0.0,0.0,0.0,0.16666666666666666,0.0,0.0,0.0
DVP_302_06ac0fe5f1cd,Data/UIScreenshots/1_fake/ui_0593.png,UIScreenshots,1,941,1672,43,0.12311675963166539,0.12311675963166539,0.002863180456550358,0.0027435055855269514,0.0014173074695913467,0.14561451202332998,0.020891287415155224,0.8666005506986596,0.046511627906976744,0.4682093693619209,0.2707900790528497,0.44769958388873005,0.2817049869270147,0.8772582359192349,0.90311004784689,0.06341706951369276,0.058148631212908544,0.030113678725285878,0.505354016476663,0.2392863637377881,0.026578073089700997,0.10077519379844961,3.001129667714736,13.751934198670929,0.046511627906976744,0.12645980000161217,0.09302325581395349,0.046511627906976744,0.06976744186046512,0.09302325581395349,0.11627906976744186,0.0,0.11627906976744186,0.023255813953488372,0.11627906976744186,0.0,0.16279069767441862,0.0,0.06976744186046512,0.0,0.09302325581395349,0.0,0.046511627906976744,0.0,0.046511627906976744,0.0,0.023255813953488372,0.0,0.023255813953488372,0.046511627906976744,0.0,0.046511627906976744,0.0,0.0,0.023255813953488372,0.023255813953488372,0.0,0.023255813953488372,0.0,0.06976744186046512,0.0,0.0,0.023255813953488372,0.023255813953488372,0.023255813953488372,0.0,0.0,0.046511627906976744,0.0,0.0,0.046511627906976744,0.023255813953488372,0.0,0.0,0.0,0.046511627906976744,0.0,0.0,0.0,0.06976744186046512,0.0,0.0,0.0,0.06976744186046512,0.0,0.0,0.023255813953488372,0.06976744186046512,0.0,0.0,0.0,0.046511627906976744,0.0,0.0,0.0,0.06976744186046512,0.0,0.0,0.0,0.023255813953488372,0.0,0.0,0.0,0.023255813953488372,0.0,0.0
DVP_303_06b1c8694802,Data/UIScreenshots/0_real/42992.jpg,UIScreenshots,0,1080,1920,10,0.03926167052469136,0.039522087191358024,0.003952208719135803,0.0023485725308641974,0.003682972864459406,0.17787037037037037,0.02104166666666667,0.7826267800489328,0.4,0.6390502472229141,0.23252798439695035,0.26895873399197034,0.3388950514156847,0.8125,0.8760416666666666,0.10461789038008437,0.05758596403519234,0.14188434577864645,0.5296443854212108,0.30798156744286004,0.3333333333333333,0.044444444444444446,0.12642734507869022,0.2639277926812138,0.0,0.12682959999983723,0.1,0.0,0.1,0.4,0.0,0.1,0.1,0.0,0.0,0.0,0.0,0.0,0.0,0.0,0.2,0.0,0.0,0.1,0.0,0.0,0.0,0.1,0.2,0.2,0.0,0.0,0.0,0.0,0.0,0.0,0.0,0.0,0.0,0.0,0.0,0.0,0.0,0.0,0.0,0.0,0.0,0.0,0.0,0.1,0.1,0.0,0.0,0.0,0.0,0.0,0.0,0.0,0.0,0.0,0.0,0.0,0.0,0.0,0.0,0.0,0.0,0.0,0.0,0.0,0.0,0.0,0.0,0.0,0.1,0.0,0.0,0.0,0.0,0.0,0.0,0.0,0.1,0.0,0.0,0.0
DVP_304_06b2bbc0fb9e,Data/CommercialPosters/0_real/5c4f1cdc048d064dbc975701_preview.jpg,CommercialPosters,0,576,1024,4,0.1400722927517361,0.14487202962239584,0.03621800740559896,0.013498942057291666,0.04689259016295502,0.3068576388888889,0.0771484375,0.799141919316178,0.5,0.5678620657810243,0.12725623604434902,0.612120046129125,0.29107788455651606,0.30902777777777773,0.7092223720165,0.23920401528853608,0.1069801755020846,0.27875682404281066,0.4286961486524626,0.2921316554296536,0.0,0.0,0.49658517397055135,0.8601107516024249,0.0,0.11958439999943948,0.0,0.25,0.0,0.0,0.0,0.0,0.0,0.0,0.0,0.0,0.25,0.0,0.0,0.0,0.5,0.0,0.0,0.0,0.0,0.25,0.0,0.0,0.0,0.0,0.0,0.0,0.0,0.0,0.0,0.0,0.0,0.0,0.0,0.0,0.0,0.0,0.0,0.0,0.0,0.0,0.0,0.0,0.0,0.0,0.0,0.0,0.0,0.0,0.0,0.0,0.0,0.0,0.0,0.0,0.0,0.0,0.0,0.0,0.0,0.0,0.0,0.25,0.0,0.0,0.0,0.0,0.0,0.0,0.25,0.25,0.0,0.0,0.0,0.0,0.0,0.0,0.0,0.0,0.0,0.0
DVP_305_06b9f09225e7,Data/InfographicCharts/0_real/00047765.jpg,InfographicCharts,0,1200,620,32,0.113104215542522,0.1147983870967742,0.003587449596774194,0.0020658602150537635,0.004447678002207875,0.08450520833333333,0.04551411290322581,0.907003327618859,0.03125,0.3720554261166145,0.2959330963040404,0.5456788440299596,0.2705509869878809,0.8466666666666667,0.8685483870967742,0.06070575057893669,0.060484579110144925,0.019651252447227523,0.5221995178446313,0.24336939595638868,0.04032258064516129,0.125,0.21962984955100806,0.7784456383224029,0.0,0.11434050000025309,0.0625,0.03125,0.0625,0.0,0.1875,0.0625,0.0,0.09375,0.125,0.0,0.0,0.03125,0.03125,0.09375,0.15625,0.0625,0.0,0.0,0.0,0.03125,0.0,0.0,0.0,0.0,0.0625,0.0,0.0,0.0,0.0625,0.0,0.0,0.0,0.0625,0.0625,0.0,0.0,0.0,0.0,0.0625,0.0,0.0625,0.0,0.0625,0.0,0.0,0.0,0.03125,0.0,0.0625,0.0,0.0,0.0,0.0,0.0,0.0,0.03125,0.0625,0.0,0.0,0.0,0.0,0.0,0.0,0.0,0.03125,0.0,0.0625,0.0,0.0625,0.0,0.0625,0.0,0.0,0.0,0.0,0.03125,0.0625,0.03125,0.0,0.0
DVP_306_06c1784af6ad,Data/AcademicPosters/0_real/ICML_2024_33318_Catapults in SGD_ spikes in the training loss and their impa.png,AcademicPosters,0,4320,2880,139,0.23069430892454273,0.23247930330504116,0.0016725129734175622,0.0009114583333333333,0.002445950307503433,0.09626798561151079,0.017468525179856115,0.8286497732232359,0.2517985611510791,0.47964083217857323,0.2750907184417252,0.5386400211222173,0.26203978091446667,0.9078703703703704,0.9383739590187616,0.034550983514343915,0.028124999999999956,0.020909556577543377,0.48565000114623696,0.2343404726731047,0.045250755917005524,0.05442602439787301,6.400560943466417,22.287018275977125,0.10071942446043165,0.15398210000057588,0.03597122302158273,0.02158273381294964,0.03597122302158273,0.04316546762589928,0.07913669064748201,0.12949640287769784,0.10071942446043165,0.03597122302158273,0.06474820143884892,0.050359712230215826,0.014388489208633094,0.08633093525179857,0.1079136690647482,0.07913669064748201,0.07194244604316546,0.04316546762589928,0.014388489208633094,0.0,0.0,0.0,0.014388489208633094,0.0,0.007194244604316547,0.02158273381294964,0.014388489208633094,0.007194244604316547,0.0,0.02158273381294964,0.007194244604316547,0.014388489208633094,0.007194244604316547,0.007194244604316547,0.0,0.03597122302158273,0.007194244604316547,0.050359712230215826,0.03597122302158273,0.02877697841726619,0.007194244604316547,0.014388489208633094,0.02877697841726619,0.014388489208633094,0.04316546762589928,0.02877697841726619,0.014388489208633094,0.02158273381294964,0.014388489208633094,0.0,0.014388489208633094,0.014388489208633094,0.0,0.04316546762589928,0.014388489208633094,0.0,0.04316546762589928,0.0,0.014388489208633094,0.02158273381294964,0.0,0.007194244604316547,0.0,0.0,0.02158273381294964,0.02158273381294964,0.03597122302158273,0.014388489208633094,0.0,0.050359712230215826,0.014388489208633094,0.03597122302158273,0.0,0.02158273381294964,0.03597122302158273,0.02158273381294964,0.0,0.02877697841726619,0.007194244604316547,0.014388489208633094,0.007194244604316547,0.014388489208633094
DVP_307_06c7f5d60f28,Data/CommercialPosters/1_fake/commercial_poster_0258.png,CommercialPosters,1,1448,1086,37,0.24536139941411378,0.25466859731591424,0.006882935062592277,0.00257419899677462,0.014163569807575958,0.11704867851276692,0.042531481758001095,0.8780859078815147,0.0,0.6225171794074704,0.21470393096574,0.6339271224624261,0.22376749564794363,0.8321823204419889,0.8006445672191529,0.056324472942444095,0.03523302915518861,0.03886110349922253,0.3985992882958141,0.19697895060230505,0.08258258258258258,0.0960960960960961,0.6645451345180017,1.9516572284264635,0.02702702702702703,0.15884080000068934,0.0,0.0,0.02702702702702703,0.0,0.0,0.0,0.16216216216216217,0.10810810810810811,0.05405405405405406,0.02702702702702703,0.21621621621621623,0.10810810810810811,0.0,0.13513513513513514,0.10810810810810811,0.05405405405405406,0.0,0.0,0.0,0.0,0.0,0.0,0.0,0.0,0.0,0.0,0.0,0.0,0.0,0.02702702702702703,0.0,0.0,0.0,0.0,0.0,0.0,0.10810810810810811,0.02702702702702703,0.05405405405405406,0.02702702702702703,0.0,0.0,0.0,0.0,0.0,0.02702702702702703,0.02702702702702703,0.0,0.0,0.02702702702702703,0.02702702702702703,0.0,0.0,0.0,0.0,0.0,0.02702702702702703,0.0,0.0,0.0,0.10810810810810811,0.10810810810810811,0.10810810810810811,0.0,0.0,0.0,0.02702702702702703,0.0,0.0,0.05405405405405406,0.0,0.0,0.0,0.0,0.08108108108108109,0.02702702702702703,0.0,0.05405405405405406,0.0,0.05405405405405406
DVP_308_06cb90a39306,Data/Tables/0_real/PMC6119906_table_1.jpg,Tables,0,558,199,62,0.31845237182343467,0.33623763981196303,0.0054231877389026295,0.00337259775580411,0.008073806009604115,0.08252399121285699,0.06913600259361322,0.8768152238207424,0.016129032258064516,0.4782503320379115,0.23092859991400522,0.558197282242319,0.1826977478095319,0.7419354838709677,0.8693467336683417,0.06795781701886847,0.05779589129894711,0.024684226098351983,0.3781573176768083,0.18235363801511495,0.07720782654680064,0.10840824960338445,1.763765300821926,11.4357601600524,0.04838709677419355,0.14542549999896437,0.0,0.016129032258064516,0.016129032258064516,0.016129032258064516,0.04838709677419355,0.14516129032258066,0.11290322580645161,0.04838709677419355,0.06451612903225806,0.1935483870967742,0.12903225806451613,0.06451612903225806,0.016129032258064516,0.06451612903225806,0.04838709677419355,0.016129032258064516,0.0,0.0,0.0,0.0,0.016129032258064516,0.0,0.0,0.0,0.0,0.0,0.0,0.016129032258064516,0.0,0.0,0.016129032258064516,0.0,0.0,0.016129032258064516,0.03225806451612903,0.016129032258064516,0.016129032258064516,0.03225806451612903,0.03225806451612903,0.0,0.0,0.03225806451612903,0.06451612903225806,0.03225806451612903,0.03225806451612903,0.03225806451612903,0.016129032258064516,0.0,0.0,0.03225806451612903,0.06451612903225806,0.03225806451612903,0.03225806451612903,0.03225806451612903,0.03225806451612903,0.0,0.0,0.03225806451612903,0.06451612903225806,0.03225806451612903,0.03225806451612903,0.03225806451612903,0.03225806451612903,0.0,0.016129032258064516,0.0,0.03225806451612903,0.016129032258064516,0.03225806451612903,0.016129032258064516,0.016129032258064516,0.0,0.0,0.0,0.016129032258064516,0.0,0.0,0.0,0.0,0.0
DVP_309_06cc3db4dfe8,Data/InfographicCharts/0_real/00017660.jpeg,InfographicCharts,0,960,683,16,0.08436508662762324,0.08436508662762324,0.005272817914226452,0.002324304538799414,0.005967027206923818,0.12630208333333331,0.04474743777452416,0.8921097220167933,0.0,0.4042714770370339,0.25586465511844525,0.5291897366847096,0.3508621793693727,0.8119791666666667,0.923865300146413,0.15486066853536268,0.12529834373507456,0.05928387554273857,0.576092554108591,0.26533403316476656,0.11666666666666667,0.058333333333333334,0.2936675323312157,0.7400047634946462,0.0,0.14071100000001024,0.0625,0.125,0.125,0.0,0.0625,0.0625,0.0625,0.0,0.0625,0.0,0.0,0.0,0.125,0.125,0.0625,0.125,0.0,0.0625,0.0625,0.0,0.0,0.0,0.0,0.0,0.0,0.0,0.0,0.0625,0.0625,0.0625,0.0,0.0,0.0625,0.0,0.0625,0.0,0.0,0.0,0.0,0.0,0.0,0.0,0.0,0.0,0.0,0.0625,0.0,0.0,0.0625,0.0,0.0,0.0,0.0,0.0,0.0,0.0,0.0,0.0,0.0,0.0,0.0,0.0,0.0,0.0,0.0,0.0,0.0,0.0,0.0,0.0,0.0,0.0,0.125,0.0,0.0625,0.0625,0.0,0.0625,0.0625,0.0625
DVP_310_06d0c2e0f7a0,Data/CommercialPosters/0_real/5e1c368f9fea0cc37464c063_preview.jpg,CommercialPosters,0,940,788,23,0.11421589804514526,0.11421589804514526,0.00496590861065849,0.0020088562479749434,0.008397924635176007,0.12423681776133208,0.030401677333921875,0.906360020382703,0.0,0.6697953370272474,0.14199738708263288,0.5570927068271448,0.16594564569902231,0.3824468085106383,0.6681472081218274,0.053031476578090285,0.03872146677420551,0.0390779416140458,0.2848268272466592,0.13642794114513715,0.039525691699604744,0.10276679841897234,0.6232640349106265,1.125741038189626,0.0,0.16710150000108115,0.0,0.0,0.043478260869565216,0.0,0.0,0.08695652173913043,0.13043478260869565,0.08695652173913043,0.0,0.13043478260869565,0.08695652173913043,0.2608695652173913,0.0,0.0,0.08695652173913043,0.08695652173913043,0.0,0.0,0.0,0.0,0.0,0.0,0.0,0.0,0.0,0.0,0.0,0.0,0.0,0.043478260869565216,0.0,0.0,0.0,0.0,0.0,0.0,0.0,0.0,0.043478260869565216,0.0,0.0,0.0,0.0,0.08695652173913043,0.043478260869565216,0.08695652173913043,0.043478260869565216,0.0,0.0,0.0,0.0,0.08695652173913043,0.08695652173913043,0.0,0.17391304347826086,0.0,0.0,0.0,0.0,0.043478260869565216,0.0,0.0,0.08695652173913043,0.0,0.0,0.0,0.0,0.0,0.08695652173913043,0.0,0.08695652173913043,0.0,0.0,0.0,0.0,0.0,0.0,0.0,0.0,0.0
DVP_311_06e3f5c03243,Data/CommercialPosters/1_fake/commercial_poster_0083.png,CommercialPosters,1,1448,1086,25,0.19860075128314472,0.20629966525238339,0.008251986610095335,0.003213297314896778,0.017290051637073842,0.12339779005524862,0.054696132596685085,0.8746828283773758,0.0,0.292179312456678,0.25765158541904026,0.6220375509041677,0.23252060819996706,0.8009811670207065,0.8637200736648251,0.057288586620946706,0.04776911508928069,0.02929166780352082,0.4215679925671977,0.270588779235831,0.04,0.16333333333333333,3.6380540885260815,3.730717094539604,0.16,0.15304009999999835,0.12,0.0,0.0,0.0,0.04,0.04,0.0,0.0,0.4,0.04,0.0,0.04,0.2,0.0,0.0,0.12,0.04,0.04,0.0,0.0,0.0,0.0,0.0,0.0,0.0,0.04,0.0,0.0,0.0,0.0,0.0,0.0,0.0,0.0,0.0,0.0,0.0,0.0,0.0,0.0,0.0,0.04,0.04,0.0,0.0,0.0,0.0,0.0,0.08,0.12,0.04,0.0,0.0,0.0,0.0,0.0,0.04,0.16,0.0,0.0,0.0,0.0,0.04,0.0,0.0,0.12,0.0,0.0,0.0,0.0,0.08,0.0,0.0,0.08,0.0,0.0,0.0,0.0,0.04,0.0
DVP_312_06e7b7df153a,Data/CommercialPosters/1_fake/commercial_poster_0988.png,CommercialPosters,1,1448,1086,37,0.16888990262960615,0.16927838486818675,0.004575091482923966,0.0025322283609576428,0.005746893788457985,0.11363296998656112,0.03877358021004429,0.869174170617682,0.0,0.4433940575369771,0.2608589214022991,0.5241554745790588,0.19378771427400324,0.8587707182320441,0.6890088889247288,0.06235555738325481,0.04236618755808751,0.04585881342481606,0.4192757237214371,0.2031666875682208,0.06606606606606606,0.0945945945945946,8.823311362841858,25.11944137746456,0.1891891891891892,0.15144800000052783,0.02702702702702703,0.0,0.05405405405405406,0.0,0.1891891891891892,0.05405405405405406,0.05405405405405406,0.08108108108108109,0.1891891891891892,0.0,0.1891891891891892,0.02702702702702703,0.02702702702702703,0.05405405405405406,0.05405405405405406,0.0,0.0,0.0,0.0,0.0,0.0,0.0,0.0,0.0,0.0,0.02702702702702703,0.0,0.0,0.0,0.05405405405405406,0.0,0.0,0.02702702702702703,0.02702702702702703,0.0,0.02702702702702703,0.0,0.0,0.05405405405405406,0.02702702702702703,0.0,0.13513513513513514,0.02702702702702703,0.0,0.0,0.05405405405405406,0.0,0.0,0.0,0.08108108108108109,0.0,0.0,0.08108108108108109,0.05405405405405406,0.0,0.02702702702702703,0.0,0.10810810810810811,0.0,0.0,0.05405405405405406,0.0,0.0,0.0,0.0,0.02702702702702703,0.0,0.02702702702702703,0.0,0.05405405405405406,0.0,0.0,0.0,0.0,0.0,0.02702702702702703,0.0,0.0,0.0,0.0
DVP_313_06eac3a576af,Data/Tables/1_fake/table_0216.png,Tables,1,1393,1129,232,0.30302844096398823,0.3057375324045255,0.0013178341913988169,0.0012300525784687069,0.0012760969821267996,0.06183627497091368,0.022265660792278794,0.8917478063979238,0.02586206896551724,0.5193600128056448,0.2655032062755694,0.5146356430873615,0.2592927359184851,0.9242641780330223,0.9561558901682905,0.03685512555218197,0.028901125250029167,0.016666908472979244,0.4747615430375744,0.22636971875758327,0.048701298701298704,0.08807284669353635,10.833749734619076,28.998103360865066,0.12931034482758622,0.19691859999875305,0.03017241379310345,0.04741379310344827,0.05603448275862069,0.05172413793103448,0.06896551724137931,0.08620689655172414,0.08620689655172414,0.07327586206896551,0.04741379310344827,0.06896551724137931,0.08620689655172414,0.0603448275862069,0.04310344827586207,0.06465517241379311,0.08189655172413793,0.04741379310344827,0.01293103448275862,0.004310344827586207,0.01293103448275862,0.008620689655172414,0.004310344827586207,0.008620689655172414,0.008620689655172414,0.01293103448275862,0.008620689655172414,0.004310344827586207,0.01293103448275862,0.01293103448275862,0.02586206896551724,0.017241379310344827,0.021551724137931036,0.008620689655172414,0.017241379310344827,0.01293103448275862,0.02586206896551724,0.017241379310344827,0.02586206896551724,0.017241379310344827,0.021551724137931036,0.017241379310344827,0.017241379310344827,0.021551724137931036,0.02586206896551724,0.017241379310344827,0.02586206896551724,0.017241379310344827,0.017241379310344827,0.017241379310344827,0.004310344827586207,0.008620689655172414,0.01293103448275862,0.017241379310344827,0.021551724137931036,0.017241379310344827,0.017241379310344827,0.008620689655172414,0.017241379310344827,0.017241379310344827,0.02586206896551724,0.01293103448275862,0.03017241379310345,0.017241379310344827,0.017241379310344827,0.017241379310344827,0.017241379310344827,0.01293103448275862,0.021551724137931036,0.017241379310344827,0.02586206896551724,0.017241379310344827,0.021551724137931036,0.017241379310344827,0.008620689655172414,0.004310344827586207,0.008620689655172414,0.017241379310344827,0.021551724137931036,0.017241379310344827,0.004310344827586207,0.004310344827586207
DVP_314_06ec60ab2600,Data/Receipts/1_fake/receipt_0733.png,Receipts,1,1023,1537,60,0.23492559867357862,0.23511257982473377,0.0039185429970788966,0.0020033694766626534,0.0041334180068449515,0.16767676767676767,0.022305356755584475,0.8904862021290533,0.016666666666666666,0.5469358375502131,0.1987725039550637,0.4653610273098431,0.19776610843985304,0.6742558498649696,0.9134677944046844,0.039265376585533134,0.02566431561965046,0.021234781986963467,0.3595608376153683,0.17500011023085615,0.03333333333333333,0.11299435028248588,10.851819464217868,29.030817464070342,0.11666666666666667,0.15339029999995546,0.0,0.06666666666666667,0.08333333333333333,0.0,0.016666666666666666,0.13333333333333333,0.21666666666666667,0.1,0.016666666666666666,0.06666666666666667,0.11666666666666667,0.1,0.0,0.08333333333333333,0.0,0.0,0.0,0.0,0.0,0.0,0.03333333333333333,0.0,0.0,0.0,0.0,0.0,0.0,0.06666666666666667,0.05,0.0,0.0,0.0,0.0,0.016666666666666666,0.05,0.0,0.016666666666666666,0.03333333333333333,0.016666666666666666,0.0,0.0,0.0,0.08333333333333333,0.0,0.08333333333333333,0.08333333333333333,0.08333333333333333,0.0,0.0,0.0,0.03333333333333333,0.0,0.06666666666666667,0.03333333333333333,0.06666666666666667,0.0,0.0,0.016666666666666666,0.03333333333333333,0.0,0.016666666666666666,0.0,0.03333333333333333,0.0,0.0,0.0,0.03333333333333333,0.03333333333333333,0.0,0.0,0.0,0.0,0.0,0.0,0.0,0.016666666666666666,0.0,0.0,0.0,0.0
DVP_315_06ecad67a691,Data/CommercialPosters/0_real/5b55a9c900f9c6103aed8de4_preview.jpg,CommercialPosters,0,1024,576,5,0.04922146267361111,0.049221462673611105,0.00984429253472222,0.010498046875,0.0047085303020318724,0.114453125,0.10902777777777779,0.8805559990952778,0.0,0.4854523582274989,0.13113293917177726,0.5157350016934251,0.06710159444405853,0.29931640625,0.17708333333333331,0.14619323211803256,0.1470819868624528,0.006312520991268901,0.21989413731590876,0.07676423422403243,0.0,0.2,17.983946275699378,35.313119856387694,0.2,0.1250305000012304,0.0,0.0,0.0,0.0,0.0,0.2,0.2,0.0,0.0,0.4,0.2,0.0,0.0,0.0,0.0,0.0,0.0,0.0,0.0,0.0,0.0,0.0,0.0,0.0,0.0,0.0,0.0,0.0,0.0,0.0,0.0,0.0,0.0,0.0,0.0,0.0,0.0,0.0,0.0,0.0,0.0,0.0,0.2,0.0,0.0,0.2,0.0,0.0,0.0,0.0,0.2,0.2,0.0,0.2,0.0,0.0,0.0,0.0,0.0,0.0,0.0,0.0,0.0,0.0,0.0,0.0,0.0,0.0,0.0,0.0,0.0,0.0,0.0,0.0,0.0,0.0,0.0,0.0,0.0,0.0
DVP_316_06ee7f063244,Data/Receipts/1_fake/receipt_0414.png,Receipts,1,1024,1536,44,0.24425629971398186,0.2442770004272461,0.005551750009710138,0.004723230997721354,0.0043636528427539465,0.23817027698863635,0.02336351799242424,0.8971438132101689,0.022727272727272728,0.48803633929776463,0.2310569211443315,0.4916661389243307,0.20557118754211753,0.69384765625,0.8894903543001861,0.046069139786643294,0.03615626584932548,0.026689249473342308,0.4003229290676319,0.1883716257727734,0.026427061310782242,0.1014799154334038,8.483544441647643,25.933652794322324,0.09090909090909091,0.14389569999912055,0.0,0.045454545454545456,0.09090909090909091,0.0,0.06818181818181818,0.11363636363636363,0.13636363636363635,0.09090909090909091,0.13636363636363635,0.06818181818181818,0.022727272727272728,0.11363636363636363,0.0,0.11363636363636363,0.0,0.0,0.0,0.0,0.0,0.0,0.045454545454545456,0.0,0.0,0.0,0.0,0.0,0.0,0.045454545454545456,0.045454545454545456,0.0,0.0,0.0,0.0,0.045454545454545456,0.022727272727272728,0.022727272727272728,0.022727272727272728,0.022727272727272728,0.0,0.0,0.0,0.022727272727272728,0.06818181818181818,0.0,0.0,0.09090909090909091,0.09090909090909091,0.0,0.0,0.06818181818181818,0.022727272727272728,0.0,0.0,0.022727272727272728,0.06818181818181818,0.0,0.0,0.06818181818181818,0.045454545454545456,0.0,0.0,0.0,0.045454545454545456,0.0,0.0,0.0,0.022727272727272728,0.06818181818181818,0.0,0.0,0.0,0.0,0.0,0.0,0.0,0.022727272727272728,0.0,0.0,0.0,0.0
DVP_317_06f5a62c28d9,Data/CommercialPosters/0_real/5d2365a58cba87f94353decc_preview.jpg,CommercialPosters,0,1024,576,2,0.04206678602430555,0.04206678602430555,0.021033393012152776,0.021033393012152776,0.011708577473958334,0.2548828125,0.08072916666666667,0.9314764687289897,0.0,0.34814453125,0.00341796875,0.5065104166666667,0.042100694444444475,0.0068359375,0.08420138888888895,0.08447842288017585,0.08447842288017585,0.0,0.08447842288017585,0.0,0.0,1.0,0.0,0.0,0.0,0.11739719999968656,0.0,0.0,0.0,0.0,0.0,0.5,0.0,0.0,0.0,0.5,0.0,0.0,0.0,0.0,0.0,0.0,0.0,0.0,0.0,0.0,0.0,0.0,0.0,0.0,0.0,0.0,0.0,0.0,0.0,0.0,0.0,0.0,0.0,0.0,0.0,0.0,0.0,0.0,0.0,0.0,0.0,0.0,0.5,0.0,0.0,0.0,0.0,0.0,0.0,0.0,0.5,0.0,0.0,0.0,0.0,0.0,0.0,0.0,0.0,0.0,0.0,0.0,0.0,0.0,0.0,0.0,0.0,0.0,0.0,0.0,0.0,0.0,0.0,0.0,0.0,0.0,0.0,0.0,0.0,0.0
DVP_318_06f5afb88d37,Data/Tables/0_real/PMC5037545_table_2.jpg,Tables,0,460,234,36,0.4207214039676414,0.42569212188777406,0.01182478116354928,0.0065403195837978444,0.010825741463428245,0.23224637681159419,0.05330009496676164,0.8510785541304053,0.08333333333333333,0.47195210730903675,0.24499878481146103,0.4869982279591536,0.22928043774581858,0.7228260869565217,0.9017094017094016,0.08748522576493384,0.08547699681635909,0.026904615183633455,0.43811265681107026,0.19919609891422307,0.05396825396825397,0.15714285714285714,0.2696477054730128,1.0565922972303199,0.027777777777777776,0.10779159999947296,0.027777777777777776,0.05555555555555555,0.05555555555555555,0.027777777777777776,0.08333333333333333,0.08333333333333333,0.1388888888888889,0.08333333333333333,0.05555555555555555,0.05555555555555555,0.1111111111111111,0.05555555555555555,0.027777777777777776,0.05555555555555555,0.05555555555555555,0.027777777777777776,0.0,0.0,0.0,0.027777777777777776,0.0,0.0,0.0,0.0,0.0,0.027777777777777776,0.027777777777777776,0.0,0.05555555555555555,0.0,0.027777777777777776,0.0,0.0,0.05555555555555555,0.05555555555555555,0.0,0.05555555555555555,0.0,0.05555555555555555,0.0,0.0,0.027777777777777776,0.027777777777777776,0.0,0.08333333333333333,0.0,0.027777777777777776,0.0,0.0,0.027777777777777776,0.027777777777777776,0.0,0.05555555555555555,0.0,0.027777777777777776,0.0,0.0,0.027777777777777776,0.027777777777777776,0.0,0.05555555555555555,0.0,0.027777777777777776,0.0,0.0,0.027777777777777776,0.027777777777777776,0.0,0.05555555555555555,0.0,0.027777777777777776,0.0,0.0,0.0,0.0,0.027777777777777776,0.0,0.0,0.0,0.0
DVP_319_06f82248e7a0,Data/CommercialPosters/0_real/5eb28aa0499b85dcc7dceb20_preview.jpg,CommercialPosters,0,595,841,33,0.14683834337505533,0.14686197903656115,0.004450363001107914,0.002813777116078298,0.008720992268062418,0.21548255665902727,0.01823226317875545,0.8657081267955068,0.06060606060606061,0.48197886481249214,0.23246676468716057,0.6885300150099081,0.24970134421841875,0.7789915966386555,0.9036860879904874,0.05469210343330781,0.022840840136017736,0.08322235027316358,0.41890675473620187,0.2541155626636688,0.09848484848484848,0.13068181818181818,0.3886544796312404,1.149874763092172,0.0,0.1382612000015797,0.06060606060606061,0.06060606060606061,0.0,0.030303030303030304,0.0,0.0,0.0,0.0,0.15151515151515152,0.15151515151515152,0.0,0.12121212121212122,0.06060606060606061,0.15151515151515152,0.18181818181818182,0.030303030303030304,0.030303030303030304,0.0,0.0,0.0,0.0,0.0,0.0,0.030303030303030304,0.0,0.030303030303030304,0.0,0.06060606060606061,0.0,0.0,0.0,0.0,0.0,0.0,0.0,0.0,0.0,0.0,0.0,0.0,0.0,0.0,0.0,0.0,0.0,0.0,0.0,0.0,0.0,0.0,0.0,0.0,0.0,0.0,0.0,0.0,0.0,0.15151515151515152,0.0,0.15151515151515152,0.0,0.0,0.12121212121212122,0.0,0.0,0.030303030303030304,0.030303030303030304,0.06060606060606061,0.0,0.06060606060606061,0.030303030303030304,0.0,0.0,0.030303030303030304,0.06060606060606061,0.0,0.030303030303030304,0.09090909090909091,0.0,0.0
DVP_320_06f9cddc3e0b,Data/CommercialPosters/1_fake/commercial_poster_0756.png,CommercialPosters,1,1448,1086,32,0.13749208666138873,0.13948527466601549,0.004358914833312984,0.0016279519347191275,0.006650240156675873,0.1000302140883978,0.035940377532228354,0.8667184788005888,0.03125,0.4214616504751474,0.1979108669205246,0.511360082649921,0.24573165224339563,0.8606644321140534,0.8070638143906594,0.055837519068277636,0.035968907752003856,0.04246615592599043,0.4027132146510398,0.20820743869116298,0.07661290322580645,0.0625,3.998283316753329,15.983403015644235,0.0625,0.1592772000003606,0.0,0.09375,0.03125,0.0,0.0,0.21875,0.21875,0.0625,0.125,0.0,0.0,0.03125,0.09375,0.125,0.0,0.0,0.0,0.0,0.03125,0.0,0.03125,0.0,0.0,0.0,0.0,0.0,0.03125,0.03125,0.0,0.0,0.0,0.0,0.0,0.0,0.0625,0.03125,0.125,0.0,0.0,0.0,0.0,0.0,0.0625,0.0625,0.0625,0.03125,0.0625,0.0,0.0,0.03125,0.0,0.0,0.0,0.0,0.0,0.0,0.0,0.09375,0.0,0.0,0.0,0.0,0.0,0.03125,0.03125,0.03125,0.03125,0.03125,0.0,0.0,0.0,0.0,0.0,0.03125,0.03125,0.03125,0.0,0.0,0.0,0.0
DVP_321_06fb2a9b4a68,Data/InfographicCharts/0_real/00051468.jpg,InfographicCharts,0,1080,1078,24,0.18455162875885656,0.18509843331271902,0.007712434721363293,0.00429808286951144,0.010831877098981898,0.2217592592592593,0.03505720470006184,0.9123500348364807,0.0,0.3451718353311029,0.2143872494053136,0.5450283839623231,0.270851188493374,0.6449074074074075,0.9304267161410019,0.08300247073474502,0.0719361025057918,0.05034379903089855,0.44600469272864063,0.22383069652262483,0.036231884057971016,0.18840579710144928,0.3806766837246644,0.6586564003275677,0.0,0.2012157000008301,0.0,0.125,0.0,0.0,0.20833333333333334,0.0,0.041666666666666664,0.041666666666666664,0.20833333333333334,0.0,0.125,0.0,0.125,0.041666666666666664,0.041666666666666664,0.041666666666666664,0.0,0.0,0.041666666666666664,0.041666666666666664,0.0,0.0,0.0,0.0,0.0,0.0,0.041666666666666664,0.0,0.0,0.0,0.0,0.0,0.0,0.08333333333333333,0.0,0.0,0.0,0.0,0.041666666666666664,0.0,0.0,0.125,0.0,0.0,0.041666666666666664,0.0,0.0,0.0,0.0,0.125,0.0,0.0,0.08333333333333333,0.0,0.0,0.0,0.0,0.08333333333333333,0.0,0.0,0.041666666666666664,0.0,0.0,0.0,0.0,0.08333333333333333,0.041666666666666664,0.0,0.0,0.0,0.0,0.0,0.0,0.041666666666666664,0.0,0.0,0.0,0.041666666666666664,0.041666666666666664,0.0
DVP_322_06fb8db40b1f,Data/Receipts/1_fake/receipt_0673.png,Receipts,1,1024,1536,73,0.1973117192586263,0.19794305165608725,0.002711548652823113,0.001682281494140625,0.0023681322457847222,0.13802975171232876,0.01905857591324201,0.889276433267237,0.0136986301369863,0.4844183456029413,0.2098497956386504,0.4192264216980828,0.20845105376497186,0.6685231014562357,0.8697916666666666,0.03509170956095707,0.02604166666666665,0.01682550299375847,0.37883087326317333,0.184105867374626,0.032343987823439876,0.0821917808219178,6.223280439543882,22.75317618207554,0.0684931506849315,0.16046599999936006,0.0,0.136986301369863,0.1232876712328767,0.0,0.0958904109589041,0.1095890410958904,0.1095890410958904,0.0821917808219178,0.0410958904109589,0.1232876712328767,0.0273972602739726,0.0821917808219178,0.0,0.0684931506849315,0.0,0.0,0.0,0.0,0.0136986301369863,0.0273972602739726,0.0410958904109589,0.0136986301369863,0.0,0.0,0.0,0.0,0.0136986301369863,0.0821917808219178,0.0547945205479452,0.0136986301369863,0.0,0.0,0.0,0.0273972602739726,0.0136986301369863,0.0410958904109589,0.0273972602739726,0.0273972602739726,0.0273972602739726,0.0,0.0,0.0684931506849315,0.0410958904109589,0.0136986301369863,0.0,0.0547945205479452,0.0547945205479452,0.0,0.0,0.0273972602739726,0.0547945205479452,0.0,0.0,0.0273972602739726,0.0547945205479452,0.0,0.0,0.0136986301369863,0.0684931506849315,0.0,0.0,0.0,0.0273972602739726,0.0,0.0,0.0,0.0136986301369863,0.0410958904109589,0.0,0.0,0.0,0.0,0.0,0.0,0.0,0.0136986301369863,0.0,0.0,0.0,0.0
DVP_323_06fc157ffaa6,Data/Tables/0_real/PMC4547076_table_0.jpg,Tables,0,325,147,20,0.19382312925170067,0.19462061747776033,0.009731030873888016,0.0055259026687598115,0.014296484785057897,0.12261538461538461,0.08027210884353744,0.9026194958470354,0.0,0.5102307692307692,0.24700491095422167,0.48401360544217686,0.18707204697991864,0.7215384615384616,0.673469387755102,0.11331935597423468,0.09873876052130913,0.038787885000281935,0.40823271627949037,0.18832642569593294,0.1,0.11578947368421053,0.34213867063154735,1.4913478899602626,0.05,0.12570380000033765,0.05,0.0,0.05,0.0,0.0,0.15,0.1,0.05,0.15,0.15,0.15,0.15,0.0,0.0,0.0,0.0,0.0,0.0,0.0,0.0,0.05,0.0,0.0,0.0,0.0,0.05,0.0,0.0,0.0,0.0,0.0,0.0,0.0,0.0,0.05,0.0,0.05,0.0,0.05,0.0,0.0,0.0,0.05,0.05,0.0,0.05,0.0,0.0,0.0,0.1,0.0,0.1,0.0,0.1,0.1,0.0,0.0,0.05,0.0,0.05,0.0,0.05,0.05,0.0,0.0,0.0,0.0,0.0,0.0,0.0,0.0,0.0,0.0,0.0,0.0,0.0,0.0,0.0,0.0,0.0
DVP_324_07020cd515bf,Data/UIScreenshots/0_real/54869.jpg,UIScreenshots,0,1080,1920,22,0.08503616898148147,0.08546248070987654,0.0038846582140852973,0.0027956211419753085,0.0027464313692380977,0.1460016835016835,0.02665719696969697,0.8493955163023474,0.09090909090909091,0.4802080675922758,0.2406221695285387,0.49225888366823883,0.3024292596143775,0.8851851851851852,0.8119791666666667,0.09284394310146536,0.0756239469980328,0.05120516576095102,0.4957187704685992,0.25925445089130983,0.06926406926406926,0.06060606060606061,4.716966339892988,18.86329698479983,0.045454545454545456,0.13164010000036797,0.18181818181818182,0.0,0.0,0.09090909090909091,0.0,0.09090909090909091,0.09090909090909091,0.0,0.0,0.09090909090909091,0.13636363636363635,0.0,0.0,0.13636363636363635,0.18181818181818182,0.0,0.09090909090909091,0.045454545454545456,0.0,0.0,0.0,0.0,0.0,0.045454545454545456,0.0,0.045454545454545456,0.0,0.0,0.0,0.0,0.045454545454545456,0.0,0.0,0.0,0.045454545454545456,0.0,0.0,0.045454545454545456,0.0,0.0,0.0,0.0,0.045454545454545456,0.0,0.0,0.045454545454545456,0.0,0.0,0.0,0.0,0.045454545454545456,0.0,0.0,0.09090909090909091,0.0,0.0,0.0,0.0,0.045454545454545456,0.0,0.045454545454545456,0.0,0.0,0.0,0.0,0.0,0.045454545454545456,0.09090909090909091,0.09090909090909091,0.09090909090909091,0.0,0.0,0.0,0.0,0.0,0.0,0.0,0.0,0.0,0.0
DVP_325_070354515253,Data/InfographicCharts/0_real/00046501.jpg,InfographicCharts,0,1150,1217,40,0.06969061484048444,0.06969061484048443,0.0017422653710121108,0.0011803794076667498,0.002300677297173526,0.08693478260869565,0.019679539852095317,0.8861008955964621,0.0,0.4507189755864414,0.3330686766730468,0.49507431455164747,0.28127024279460494,0.8969565217391304,0.9496667579658542,0.06211071029104294,0.05056052264189064,0.026458774601340242,0.5633257554667814,0.26926848030196515,0.03974358974358974,0.1935897435897436,2.376758052511905,14.0454857462764,0.025,0.23114220000024943,0.05,0.075,0.05,0.075,0.125,0.0,0.0,0.125,0.125,0.0,0.05,0.075,0.125,0.0,0.125,0.0,0.0,0.0,0.0,0.025,0.0,0.025,0.0,0.0,0.025,0.025,0.025,0.025,0.0,0.025,0.025,0.05,0.075,0.0,0.0,0.0,0.0,0.0,0.075,0.0,0.05,0.0,0.0,0.0,0.0,0.0,0.05,0.0,0.075,0.0,0.0,0.0,0.0,0.0,0.075,0.0,0.05,0.0,0.0,0.0,0.0,0.05,0.0,0.0,0.075,0.0,0.0,0.0,0.0,0.075,0.0,0.0,0.05,0.0,0.0,0.0,0.0,0.05,0.0,0.0
DVP_326_0705e9598fb0,Data/InfographicCharts/0_real/00052745.jpg,InfographicCharts,0,1080,1080,45,0.237490449347606,0.23754029492455417,0.005278673220545648,0.00565843621399177,0.003332947886901442,0.14467078189300417,0.03528806584362139,0.9208377686914706,0.0,0.5030189513856979,0.28092052109683224,0.45492776160489157,0.2969194315178516,0.7967592592592593,0.9495370370370371,0.07156503401094166,0.07301323705080122,0.025376779652862533,0.5322003383030689,0.2418929663189875,0.06363636363636363,0.11212121212121212,0.2418517411557733,0.6109639647686768,0.0,0.21568329999900016,0.06666666666666667,0.06666666666666667,0.1111111111111111,0.08888888888888889,0.06666666666666667,0.08888888888888889,0.044444444444444446,0.044444444444444446,0.044444444444444446,0.044444444444444446,0.044444444444444446,0.06666666666666667,0.06666666666666667,0.044444444444444446,0.06666666666666667,0.044444444444444446,0.022222222222222223,0.0,0.044444444444444446,0.022222222222222223,0.022222222222222223,0.022222222222222223,0.044444444444444446,0.0,0.0,0.044444444444444446,0.0,0.0,0.022222222222222223,0.044444444444444446,0.022222222222222223,0.022222222222222223,0.0,0.022222222222222223,0.044444444444444446,0.0,0.0,0.0,0.0,0.022222222222222223,0.044444444444444446,0.0,0.044444444444444446,0.0,0.0,0.044444444444444446,0.0,0.022222222222222223,0.022222222222222223,0.0,0.022222222222222223,0.0,0.0,0.022222222222222223,0.0,0.022222222222222223,0.022222222222222223,0.0,0.022222222222222223,0.0,0.0,0.022222222222222223,0.0,0.044444444444444446,0.022222222222222223,0.0,0.022222222222222223,0.0,0.0,0.022222222222222223,0.0,0.022222222222222223,0.044444444444444446,0.0,0.022222222222222223,0.0,0.022222222222222223,0.022222222222222223,0.0,0.022222222222222223
DVP_327_070847b1402a,Data/Tables/0_real/PMC5041408_table_0.jpg,Tables,0,685,528,95,0.2553167988221074,0.25663570006635694,0.002701428421751126,0.001916058394160584,0.0033557855164069545,0.11915482135996926,0.02340510366826156,0.9014547752243861,0.031578947368421054,0.37041801368008415,0.2321488510260823,0.5169370272854438,0.26410615758956346,0.7481751824817519,0.964469696969697,0.041740035862232905,0.037085137953613935,0.015144149914119038,0.45107386529312643,0.21553055229568233,0.02866741321388578,0.14109742441209405,0.3181445478615479,1.0314548365516267,0.0,0.15030529999967257,0.08421052631578947,0.08421052631578947,0.042105263157894736,0.010526315789473684,0.10526315789473684,0.09473684210526316,0.06315789473684211,0.0,0.10526315789473684,0.10526315789473684,0.06315789473684211,0.0,0.08421052631578947,0.10526315789473684,0.05263157894736842,0.0,0.021052631578947368,0.010526315789473684,0.021052631578947368,0.010526315789473684,0.010526315789473684,0.0,0.010526315789473684,0.0,0.031578947368421054,0.021052631578947368,0.021052631578947368,0.031578947368421054,0.0,0.031578947368421054,0.0,0.0,0.021052631578947368,0.021052631578947368,0.010526315789473684,0.021052631578947368,0.0,0.021052631578947368,0.0,0.0,0.042105263157894736,0.021052631578947368,0.021052631578947368,0.042105263157894736,0.0,0.042105263157894736,0.0,0.0,0.031578947368421054,0.021052631578947368,0.021052631578947368,0.031578947368421054,0.0,0.031578947368421054,0.0,0.0,0.031578947368421054,0.021052631578947368,0.021052631578947368,0.031578947368421054,0.0,0.031578947368421054,0.0,0.0,0.031578947368421054,0.010526315789473684,0.021052631578947368,0.031578947368421054,0.0,0.031578947368421054,0.0,0.0,0.021052631578947368,0.021052631578947368,0.010526315789473684,0.042105263157894736,0.0,0.021052631578947368,0.0,0.0
DVP_328_07092f372b50,Data/CommercialPosters/1_fake/commercial_poster_1008.png,CommercialPosters,1,1086,1448,31,0.08775042479370797,0.08794247224850685,0.002836853943500221,0.0016533886836991138,0.0038700627503998127,0.13390364165627044,0.017443414721083586,0.8977222034739291,0.0,0.2430939226519337,0.1682050543918939,0.5562622527178755,0.25987854938413746,0.7661141804788214,0.8998618784530387,0.03504830081498496,0.021274753868438342,0.03757209979372087,0.3666264927386545,0.2522563571283241,0.06881720430107527,0.3247311827956989,0.0,0.0,0.0,0.15821950000099605,0.12903225806451613,0.0,0.0,0.0,0.2903225806451613,0.0,0.0,0.0,0.3870967741935484,0.0,0.0,0.0,0.06451612903225806,0.0,0.0967741935483871,0.03225806451612903,0.0,0.06451612903225806,0.0,0.0,0.0,0.0,0.0,0.0,0.0,0.06451612903225806,0.0,0.0,0.0,0.0,0.0,0.0,0.06451612903225806,0.0967741935483871,0.0,0.0,0.0,0.0,0.0,0.0,0.0,0.12903225806451613,0.0,0.0,0.0,0.0,0.0,0.0,0.03225806451612903,0.16129032258064516,0.0,0.0,0.0,0.0,0.0,0.0,0.0,0.1935483870967742,0.0,0.0,0.0,0.0,0.0,0.0,0.0,0.0,0.0,0.0,0.0,0.0,0.0,0.0,0.0,0.06451612903225806,0.0,0.0,0.06451612903225806,0.03225806451612903,0.03225806451612903,0.0
DVP_329_070e9ce8ff27,Data/InfographicCharts/1_fake/infographic_chart_0855.png,InfographicCharts,1,1254,1254,82,0.1418122595234479,0.14209521556537422,0.0017328684825045637,0.0006454624309069033,0.0035917307748586165,0.08651340101917765,0.018662232076866223,0.862646526216386,0.024390243902439025,0.4989689628179744,0.23990196735394942,0.48136754245186403,0.2674812658021859,0.8342636895268475,0.914274322169059,0.04105708253156411,0.03503330564033298,0.026030842178984482,0.46238948787855905,0.21813289206644731,0.04155374887082204,0.0689551339957844,2.3875986535857168,11.120052060519898,0.10975609756097561,0.21538109999892185,0.07317073170731707,0.04878048780487805,0.0975609756097561,0.04878048780487805,0.04878048780487805,0.07317073170731707,0.07317073170731707,0.07317073170731707,0.04878048780487805,0.08536585365853659,0.12195121951219512,0.036585365853658534,0.024390243902439025,0.036585365853658534,0.07317073170731707,0.036585365853658534,0.012195121951219513,0.0,0.012195121951219513,0.012195121951219513,0.024390243902439025,0.012195121951219513,0.0,0.0,0.0,0.06097560975609756,0.024390243902439025,0.0,0.036585365853658534,0.024390243902439025,0.0,0.04878048780487805,0.0,0.036585365853658534,0.0,0.036585365853658534,0.036585365853658534,0.024390243902439025,0.0,0.012195121951219513,0.0,0.012195121951219513,0.036585365853658534,0.0,0.0,0.012195121951219513,0.036585365853658534,0.024390243902439025,0.0,0.036585365853658534,0.024390243902439025,0.0,0.024390243902439025,0.012195121951219513,0.012195121951219513,0.0,0.0,0.012195121951219513,0.04878048780487805,0.012195121951219513,0.04878048780487805,0.036585365853658534,0.024390243902439025,0.0,0.0,0.0,0.012195121951219513,0.0,0.012195121951219513,0.0,0.012195121951219513,0.0,0.0,0.024390243902439025,0.024390243902439025,0.0,0.06097560975609756,0.0,0.012195121951219513,0.012195121951219513
DVP_330_070ef28be0bf,Data/InfographicCharts/0_real/00009141.jpeg,InfographicCharts,0,960,684,13,0.10738580178606863,0.10805007309941521,0.0083115440845704,0.003188200536062378,0.015333534766178688,0.16033653846153847,0.04071075123706702,0.9065599633652491,0.0,0.5899059075430981,0.2586619540743582,0.45136288374331435,0.274501903827173,0.7911458333333333,0.8706140350877193,0.0932980713530169,0.04294824807756889,0.11660943310010942,0.501397672129013,0.238378958899356,0.01282051282051282,0.05128205128205128,0.5617239877245864,1.0652655856982876,0.0,0.14590649999991,0.07692307692307693,0.07692307692307693,0.0,0.07692307692307693,0.07692307692307693,0.15384615384615385,0.0,0.23076923076923078,0.0,0.0,0.0,0.07692307692307693,0.0,0.15384615384615385,0.0,0.07692307692307693,0.0,0.0,0.0,0.07692307692307693,0.0,0.0,0.0,0.0,0.0,0.07692307692307693,0.0,0.0,0.0,0.0,0.07692307692307693,0.0,0.0,0.07692307692307693,0.0,0.07692307692307693,0.0,0.0,0.15384615384615385,0.0,0.0,0.0,0.0,0.07692307692307693,0.0,0.0,0.07692307692307693,0.0,0.0,0.0,0.0,0.0,0.0,0.0,0.07692307692307693,0.0,0.0,0.0,0.0,0.0,0.0,0.0,0.0,0.0,0.0,0.0,0.0,0.07692307692307693,0.0,0.0,0.0,0.0,0.0,0.0,0.0,0.07692307692307693,0.0,0.0,0.0,0.07692307692307693
DVP_331_07132334c0a5,Data/CommercialPosters/0_real/5d5fab71cf657b21ef3a7a46_preview.jpg,CommercialPosters,0,1024,512,11,0.1641096194108399,0.16455745697021484,0.014959768815474077,0.010013580322265625,0.013080573633535477,0.19158380681818182,0.07528409090909091,0.8705978632282713,0.0,0.24074275451052882,0.17652645666721758,0.5360865820640816,0.2450326037326534,0.66943359375,0.76171875,0.14476385500391273,0.1211567376505533,0.11589655913134111,0.39816397534923503,0.20520988203340557,0.05454545454545454,0.16363636363636364,8.776894386539356,25.999507342119184,0.09090909090909091,0.11539279999851715,0.18181818181818182,0.0,0.0,0.0,0.18181818181818182,0.0,0.0,0.0,0.18181818181818182,0.18181818181818182,0.0,0.09090909090909091,0.18181818181818182,0.0,0.0,0.0,0.0,0.09090909090909091,0.0,0.0,0.0,0.0,0.0,0.0,0.0,0.09090909090909091,0.0,0.0,0.0,0.0,0.0,0.0,0.0,0.09090909090909091,0.0,0.0,0.0,0.0,0.0,0.0,0.0,0.09090909090909091,0.0,0.0,0.0,0.0,0.0,0.0,0.09090909090909091,0.0,0.09090909090909091,0.0,0.0,0.0,0.0,0.0,0.09090909090909091,0.0,0.09090909090909091,0.0,0.0,0.0,0.09090909090909091,0.0,0.0,0.0,0.0,0.0,0.0,0.0,0.0,0.0,0.09090909090909091,0.09090909090909091,0.0,0.0,0.0,0.0,0.0,0.0
DVP_332_07199f0cfd9c,Data/CommercialPosters/0_real/5d1c6eeb8cba87f94345eb31_preview.jpg,CommercialPosters,0,1024,536,3,0.009894983092350746,0.009894983092350746,0.003298327697450249,0.002015071128731343,0.002095207309317251,0.0966796875,0.03296019900497513,0.8379222380914023,0.0,0.49899482228676745,0.0007116314799334192,0.7585298126760747,0.0527267422041451,0.001550689389697657,0.12739563659864173,0.057589283144917645,0.04533261428159514,0.017333547336026708,0.08494363355845623,0.0335622765372603,0.0,1.0,0.9234052657333981,1.3058922503669033,0.0,0.11059680000107619,0.0,0.0,0.0,0.0,0.0,0.0,0.0,0.0,0.0,0.3333333333333333,0.3333333333333333,0.0,0.0,0.3333333333333333,0.0,0.0,0.0,0.0,0.0,0.0,0.0,0.0,0.0,0.0,0.0,0.0,0.0,0.0,0.0,0.0,0.0,0.0,0.0,0.0,0.0,0.0,0.0,0.0,0.0,0.0,0.0,0.0,0.0,0.0,0.0,0.0,0.0,0.0,0.0,0.0,0.0,0.0,0.0,0.0,0.0,0.0,0.0,0.0,0.0,0.3333333333333333,0.3333333333333333,0.0,0.0,0.0,0.0,0.0,0.0,0.3333333333333333,0.0,0.0,0.0,0.0,0.0,0.0,0.0,0.0,0.0,0.0,0.0,0.0
DVP_333_0719acecc8c7,Data/InfographicCharts/1_fake/infographic_chart_0750.png,InfographicCharts,1,1402,1122,31,0.13433438473406645,0.13468059380411485,0.004344535284003704,0.002545383345920394,0.005875713139609485,0.14378077400947953,0.03073428785003738,0.8695709043989603,0.06451612903225806,0.422474769743214,0.33489267342394224,0.5431549184471889,0.2774012895964244,0.8470042796005707,0.8905991921372386,0.07111651694358365,0.0642001953989507,0.04895246705195347,0.5579913281513231,0.2818897052968845,0.047311827956989246,0.13978494623655913,3.330374225949391,15.99497675948104,0.03225806451612903,0.16843340000013995,0.0967741935483871,0.06451612903225806,0.0,0.0,0.1935483870967742,0.03225806451612903,0.0,0.0967741935483871,0.12903225806451613,0.0,0.0,0.0967741935483871,0.12903225806451613,0.03225806451612903,0.0,0.12903225806451613,0.0,0.0,0.06451612903225806,0.0,0.0,0.0,0.0,0.0,0.0,0.0967741935483871,0.0,0.0,0.0,0.0,0.0,0.0,0.03225806451612903,0.06451612903225806,0.03225806451612903,0.0,0.0,0.0,0.0,0.06451612903225806,0.03225806451612903,0.06451612903225806,0.0,0.0,0.0,0.0,0.0,0.03225806451612903,0.0,0.06451612903225806,0.0,0.0,0.0,0.0,0.0,0.03225806451612903,0.0,0.06451612903225806,0.0,0.0,0.0,0.0,0.0,0.06451612903225806,0.0,0.03225806451612903,0.0,0.0,0.0,0.0,0.0,0.03225806451612903,0.0,0.0967741935483871,0.0,0.03225806451612903,0.0,0.0,0.0967741935483871,0.0
DVP_334_0721e3a0054b,Data/UIScreenshots/1_fake/ui_0811.png,UIScreenshots,1,941,1672,46,0.09532169692769853,0.09573000828803727,0.0020810871366964624,0.0009069807646349959,0.00296817616700343,0.1076791572332856,0.018267630538797586,0.8136336116622418,0.32608695652173914,0.4963267520085891,0.15641817949297793,0.5440394010736056,0.22839784763001664,0.8136209409763749,0.9333133971291866,0.04467566686770032,0.019138755980861233,0.06746796853039956,0.3415398726450072,0.20005209160961906,0.08019323671497584,0.16618357487922705,5.7893772306200715,13.269283162292872,0.45652173913043476,0.1243214000005537,0.021739130434782608,0.06521739130434782,0.021739130434782608,0.021739130434782608,0.0,0.17391304347826086,0.06521739130434782,0.0,0.0,0.13043478260869565,0.2391304347826087,0.0,0.08695652173913043,0.06521739130434782,0.043478260869565216,0.06521739130434782,0.021739130434782608,0.0,0.0,0.0,0.0,0.0,0.0,0.021739130434782608,0.0,0.0,0.0,0.06521739130434782,0.021739130434782608,0.0,0.0,0.0,0.0,0.0,0.0,0.043478260869565216,0.021739130434782608,0.0,0.0,0.0,0.0,0.0,0.0,0.13043478260869565,0.043478260869565216,0.0,0.0,0.0,0.0,0.0,0.0,0.08695652173913043,0.1956521739130435,0.043478260869565216,0.0,0.0,0.0,0.0,0.0,0.043478260869565216,0.0,0.0,0.0,0.0,0.0,0.08695652173913043,0.0,0.043478260869565216,0.043478260869565216,0.0,0.06521739130434782,0.0,0.0,0.0,0.0,0.021739130434782608,0.0,0.0,0.0,0.0
DVP_335_0730d4ca0586,Data/AcademicPosters/1_fake/academic_poster_0575.png,AcademicPosters,1,1402,1122,207,0.23236746444871165,0.2349721304680607,0.0011351310650630953,0.0005873961567508601,0.0016112114490837576,0.07162645496082203,0.016654180337044786,0.8588371247577543,0.07729468599033816,0.49376667735663443,0.25173203606989536,0.5846848674698415,0.2506864547847392,0.9222539229671898,0.9447415329768271,0.02963602996294432,0.028968327273764836,0.014028973683369637,0.45232824920215836,0.2214722428367275,0.05027906758594813,0.06064443506402139,5.891260180218945,21.436684243981503,0.11594202898550725,0.19047360000149638,0.00966183574879227,0.057971014492753624,0.014492753623188406,0.043478260869565216,0.03864734299516908,0.06763285024154589,0.04830917874396135,0.06280193236714976,0.07729468599033816,0.12560386473429952,0.12560386473429952,0.04830917874396135,0.09178743961352658,0.06280193236714976,0.07729468599033816,0.04830917874396135,0.0,0.0,0.004830917874396135,0.014492753623188406,0.004830917874396135,0.0,0.00966183574879227,0.014492753623188406,0.0,0.00966183574879227,0.00966183574879227,0.028985507246376812,0.004830917874396135,0.004830917874396135,0.014492753623188406,0.004830917874396135,0.004830917874396135,0.01932367149758454,0.004830917874396135,0.024154589371980676,0.0,0.014492753623188406,0.01932367149758454,0.004830917874396135,0.004830917874396135,0.00966183574879227,0.028985507246376812,0.00966183574879227,0.00966183574879227,0.024154589371980676,0.01932367149758454,0.01932367149758454,0.00966183574879227,0.014492753623188406,0.033816425120772944,0.033816425120772944,0.043478260869565216,0.033816425120772944,0.004830917874396135,0.0,0.01932367149758454,0.033816425120772944,0.03864734299516908,0.01932367149758454,0.024154589371980676,0.024154589371980676,0.024154589371980676,0.01932367149758454,0.028985507246376812,0.03864734299516908,0.00966183574879227,0.024154589371980676,0.033816425120772944,0.0,0.024154589371980676,0.0,0.014492753623188406,0.00966183574879227,0.014492753623188406,0.014492753623188406,0.028985507246376812,0.014492753623188406,0.014492753623188406,0.00966183574879227
DVP_336_0733c3e8a3b3,Data/Tables/0_real/PMC4910646_table_0.jpg,Tables,0,640,366,172,0.346352175762999,0.37069672131147546,0.0021552134959969505,0.0016692281420765027,0.003522720216617809,0.04779251453488372,0.045653831490659554,0.8996057452377245,0.005813953488372093,0.48404082535792287,0.26970390718858483,0.5086741300667698,0.23263368410465435,0.8237551510989012,0.8989071038251366,0.04143402643289241,0.040983606557376984,0.008974228290488948,0.4566227147455132,0.21609414636618685,0.04515163878688971,0.10478716170270638,5.662983143260712,21.197204195034573,0.11046511627906977,0.16227690000050643,0.046511627906976744,0.040697674418604654,0.029069767441860465,0.040697674418604654,0.06976744186046512,0.10465116279069768,0.06976744186046512,0.06976744186046512,0.06976744186046512,0.10465116279069768,0.06976744186046512,0.06976744186046512,0.046511627906976744,0.06976744186046512,0.05232558139534884,0.046511627906976744,0.005813953488372093,0.011627906976744186,0.005813953488372093,0.011627906976744186,0.005813953488372093,0.005813953488372093,0.005813953488372093,0.005813953488372093,0.01744186046511628,0.011627906976744186,0.011627906976744186,0.011627906976744186,0.005813953488372093,0.011627906976744186,0.01744186046511628,0.011627906976744186,0.01744186046511628,0.01744186046511628,0.01744186046511628,0.03488372093023256,0.01744186046511628,0.01744186046511628,0.01744186046511628,0.01744186046511628,0.01744186046511628,0.01744186046511628,0.01744186046511628,0.03488372093023256,0.01744186046511628,0.01744186046511628,0.01744186046511628,0.01744186046511628,0.01744186046511628,0.01744186046511628,0.01744186046511628,0.03488372093023256,0.01744186046511628,0.01744186046511628,0.01744186046511628,0.01744186046511628,0.01744186046511628,0.01744186046511628,0.01744186046511628,0.03488372093023256,0.01744186046511628,0.01744186046511628,0.01744186046511628,0.01744186046511628,0.01744186046511628,0.01744186046511628,0.01744186046511628,0.03488372093023256,0.01744186046511628,0.01744186046511628,0.01744186046511628,0.01744186046511628,0.005813953488372093,0.005813953488372093,0.005813953488372093,0.011627906976744186,0.011627906976744186,0.005813953488372093,0.005813953488372093,0.005813953488372093
DVP_337_074f3b847c71,Data/UIScreenshots/1_fake/ui_0853.png,UIScreenshots,1,941,1672,59,0.13219849988657872,0.1323680269895103,0.002243525881178141,0.0018562279769562056,0.0020547289913829827,0.138349033664151,0.016280107047279214,0.8533078786774974,0.1016949152542373,0.4237634425709564,0.3146752556271754,0.4937906831686767,0.28273497817726273,0.9038257173219978,0.9599282296650719,0.05829662374726147,0.04729389879399231,0.03177710944780415,0.5438957216105029,0.2612807550183964,0.026884862653419054,0.08766803039158387,4.794619038802584,19.789395933010002,0.05084745762711865,0.12770310000087193,0.13559322033898305,0.03389830508474576,0.03389830508474576,0.05084745762711865,0.0847457627118644,0.03389830508474576,0.05084745762711865,0.05084745762711865,0.11864406779661017,0.05084745762711865,0.05084745762711865,0.06779661016949153,0.11864406779661017,0.01694915254237288,0.05084745762711865,0.05084745762711865,0.05084745762711865,0.03389830508474576,0.0,0.0,0.0,0.0,0.0,0.03389830508474576,0.0,0.05084745762711865,0.01694915254237288,0.01694915254237288,0.03389830508474576,0.0,0.0,0.01694915254237288,0.01694915254237288,0.03389830508474576,0.01694915254237288,0.01694915254237288,0.03389830508474576,0.0,0.0,0.01694915254237288,0.03389830508474576,0.0,0.0,0.0,0.01694915254237288,0.0,0.0,0.03389830508474576,0.05084745762711865,0.01694915254237288,0.01694915254237288,0.01694915254237288,0.01694915254237288,0.0,0.0,0.03389830508474576,0.03389830508474576,0.01694915254237288,0.0,0.01694915254237288,0.03389830508474576,0.0,0.0,0.03389830508474576,0.03389830508474576,0.05084745762711865,0.0,0.01694915254237288,0.03389830508474576,0.0,0.0,0.01694915254237288,0.0,0.03389830508474576,0.0,0.0,0.01694915254237288,0.0,0.01694915254237288,0.01694915254237288
DVP_338_0754370039b2,Data/Receipts/1_fake/receipt_0578.png,Receipts,1,987,1593,60,0.2627322168733396,0.2627322168733396,0.004378870281222327,0.0033263562533907528,0.0034525888273311415,0.1858662613981763,0.023006905210295046,0.9147221338996483,0.0,0.4204818947322032,0.2596601693884725,0.5130808455362709,0.22045700873631363,0.75177304964539,0.8515379786566227,0.04340562209172613,0.02921192700964558,0.031225411261747483,0.4384045649500387,0.20924595699330778,0.02824858757062147,0.07966101694915254,12.071623863965025,30.577694162824766,0.13333333333333333,0.16974930000105815,0.0,0.08333333333333333,0.016666666666666666,0.0,0.11666666666666667,0.11666666666666667,0.05,0.11666666666666667,0.15,0.03333333333333333,0.0,0.1,0.06666666666666667,0.13333333333333333,0.016666666666666666,0.0,0.0,0.0,0.016666666666666666,0.0,0.0,0.016666666666666666,0.0,0.0,0.0,0.0,0.0,0.06666666666666667,0.0,0.0,0.0,0.0,0.016666666666666666,0.03333333333333333,0.03333333333333333,0.0,0.0,0.05,0.05,0.0,0.06666666666666667,0.0,0.08333333333333333,0.0,0.0,0.0,0.06666666666666667,0.0,0.05,0.05,0.016666666666666666,0.0,0.0,0.0,0.06666666666666667,0.0,0.0,0.05,0.016666666666666666,0.0,0.0,0.0,0.03333333333333333,0.0,0.0,0.06666666666666667,0.03333333333333333,0.05,0.0,0.016666666666666666,0.0,0.0,0.0,0.0,0.0,0.05,0.0,0.0,0.0,0.0
DVP_339_07558c1260cc,Data/AcademicPosters/0_real/NeurIPS_2023_73498_RVD_ A Handheld Device-Based Fundus Video Dataset for Retina.png,AcademicPosters,0,3456,2304,230,0.17615191873592956,0.18495209619341563,0.0008041395486670245,0.00036137584796167694,0.00174971275844482,0.04815695450885668,0.015524984903381642,0.8143179749182902,0.2217391304347826,0.45915839587653734,0.29850601495205814,0.6458888500007472,0.23547875321179004,0.9256365740740741,0.9001736111111112,0.024604978574713488,0.014003421382791831,0.01921177660084184,0.46934775652846566,0.2647401562795734,0.07537497626732485,0.04932599202582115,3.4568784275172004,15.614978329944233,0.09565217391304348,0.1717746000012994,0.017391304347826087,0.0,0.02608695652173913,0.013043478260869565,0.030434782608695653,0.008695652173913044,0.07391304347826087,0.14782608695652175,0.05652173913043478,0.0391304347826087,0.08260869565217391,0.04782608695652174,0.29130434782608694,0.09130434782608696,0.04782608695652174,0.02608695652173913,0.0,0.008695652173913044,0.0,0.0,0.008695652173913044,0.0,0.0,0.008695652173913044,0.0,0.008695652173913044,0.0,0.0,0.017391304347826087,0.0,0.004347826086956522,0.0,0.013043478260869565,0.017391304347826087,0.0,0.004347826086956522,0.004347826086956522,0.02608695652173913,0.004347826086956522,0.004347826086956522,0.0,0.0,0.0,0.004347826086956522,0.008695652173913044,0.034782608695652174,0.06956521739130435,0.06956521739130435,0.008695652173913044,0.021739130434782608,0.004347826086956522,0.008695652173913044,0.021739130434782608,0.008695652173913044,0.02608695652173913,0.021739130434782608,0.008695652173913044,0.017391304347826087,0.0,0.02608695652173913,0.02608695652173913,0.02608695652173913,0.0,0.0,0.05652173913043478,0.10869565217391304,0.034782608695652174,0.013043478260869565,0.017391304347826087,0.004347826086956522,0.021739130434782608,0.004347826086956522,0.0391304347826087,0.08695652173913043,0.02608695652173913,0.017391304347826087,0.02608695652173913,0.0,0.0,0.0
DVP_340_075962414ea9,Data/AcademicPosters/1_fake/academic_poster_0830.png,AcademicPosters,1,1402,1122,182,0.20797141576544184,0.20982566285494875,0.0011528882574447733,0.0006293530250902073,0.0018749982346196186,0.0813711965637786,0.014069264069264068,0.8420016232255939,0.13186813186813187,0.4485636685610697,0.266555030127945,0.5759436714613508,0.26997924709761517,0.9161911554921541,0.9442959001782532,0.027721865947258787,0.021838919267107043,0.014218686336912187,0.48102951843229974,0.24100178362495703,0.04935948029870682,0.05318438467609738,8.776864370381938,26.160687404992636,0.12087912087912088,0.22367629999826022,0.01098901098901099,0.06593406593406594,0.027472527472527472,0.06043956043956044,0.06593406593406594,0.07142857142857142,0.04395604395604396,0.06043956043956044,0.054945054945054944,0.07142857142857142,0.054945054945054944,0.04395604395604396,0.17032967032967034,0.1043956043956044,0.06043956043956044,0.03296703296703297,0.0,0.0,0.0,0.016483516483516484,0.0,0.0,0.01098901098901099,0.02197802197802198,0.005494505494505495,0.005494505494505495,0.01098901098901099,0.038461538461538464,0.01098901098901099,0.016483516483516484,0.016483516483516484,0.01098901098901099,0.03296703296703297,0.01098901098901099,0.01098901098901099,0.016483516483516484,0.01098901098901099,0.01098901098901099,0.027472527472527472,0.0,0.005494505494505495,0.016483516483516484,0.02197802197802198,0.02197802197802198,0.02197802197802198,0.0,0.03296703296703297,0.0,0.005494505494505495,0.005494505494505495,0.005494505494505495,0.02197802197802198,0.005494505494505495,0.0,0.02197802197802198,0.0,0.02197802197802198,0.02197802197802198,0.027472527472527472,0.016483516483516484,0.016483516483516484,0.03296703296703297,0.01098901098901099,0.01098901098901099,0.06043956043956044,0.06593406593406594,0.03296703296703297,0.04945054945054945,0.03296703296703297,0.016483516483516484,0.0,0.0,0.02197802197802198,0.02197802197802198,0.005494505494505495,0.016483516483516484,0.005494505494505495,0.005494505494505495,0.02197802197802198,0.01098901098901099
DVP_341_075a99b5d711,Data/CommercialPosters/0_real/5928148995a7a863ddcd9377_preview.jpg,CommercialPosters,0,1024,1024,11,0.07965087890625,0.07965087890625,0.007240988991477273,0.005687713623046875,0.006725028462061697,0.23854758522727273,0.0302734375,0.9061685904934244,0.0,0.27095863749178006,0.10519209155198728,0.5387303476527902,0.20039042344672564,0.3369140625,0.5334556991806909,0.09252353420130426,0.08704700375329846,0.01654985931078958,0.30292576298844914,0.14465032863147342,0.09090909090909091,0.07272727272727272,0.10687716773136526,0.27946470678957497,0.0,0.20116580000103568,0.09090909090909091,0.09090909090909091,0.0,0.0,0.09090909090909091,0.18181818181818182,0.0,0.0,0.18181818181818182,0.2727272727272727,0.0,0.0,0.0,0.09090909090909091,0.0,0.0,0.0,0.0,0.0,0.0,0.0,0.0,0.0,0.0,0.0,0.09090909090909091,0.09090909090909091,0.0,0.0,0.0,0.0,0.0,0.0,0.0,0.09090909090909091,0.0,0.0,0.0,0.0,0.0,0.0,0.09090909090909091,0.09090909090909091,0.0,0.0,0.0,0.0,0.0,0.0,0.0,0.0,0.0,0.0,0.0,0.0,0.0,0.09090909090909091,0.09090909090909091,0.09090909090909091,0.18181818181818182,0.0,0.0,0.0,0.0,0.0,0.0,0.09090909090909091,0.0,0.0,0.0,0.0,0.0,0.0,0.0,0.0,0.0,0.0,0.0,0.0,0.0
DVP_342_0765cd7af24d,Data/AcademicPosters/0_real/ICML_2022_17197_Unified Fourier-based Kernel and Nonlinearity Design for Equ.png,AcademicPosters,0,5120,2560,116,0.2474845541788976,0.2516709518432617,0.002169577171062601,0.0012671661376953125,0.0034220531596027164,0.08485823006465516,0.02419854525862069,0.7998554113776584,0.28448275862068967,0.4668751156658171,0.2979462459966083,0.5096946582945296,0.24958846398080461,0.9427734375,0.9509765625000001,0.04080969847706914,0.03642322063346997,0.024219882599665756,0.49591298971919084,0.24254954442756707,0.05052473763118441,0.05922038980509745,4.036068445352416,15.791963410656969,0.12931034482758622,0.12465730000076292,0.05172413793103448,0.0603448275862069,0.02586206896551724,0.008620689655172414,0.06896551724137931,0.07758620689655173,0.05172413793103448,0.14655172413793102,0.07758620689655173,0.1206896551724138,0.08620689655172414,0.02586206896551724,0.06896551724137931,0.034482758620689655,0.04310344827586207,0.05172413793103448,0.02586206896551724,0.0,0.0,0.02586206896551724,0.0,0.0,0.0,0.0,0.02586206896551724,0.0,0.034482758620689655,0.0,0.017241379310344827,0.008620689655172414,0.008620689655172414,0.0,0.04310344827586207,0.0,0.034482758620689655,0.0,0.034482758620689655,0.0,0.02586206896551724,0.11206896551724138,0.02586206896551724,0.0,0.02586206896551724,0.017241379310344827,0.017241379310344827,0.0,0.008620689655172414,0.0,0.034482758620689655,0.008620689655172414,0.05172413793103448,0.04310344827586207,0.05172413793103448,0.017241379310344827,0.008620689655172414,0.008620689655172414,0.034482758620689655,0.0,0.0,0.02586206896551724,0.008620689655172414,0.008620689655172414,0.0,0.008620689655172414,0.02586206896551724,0.0,0.008620689655172414,0.008620689655172414,0.0,0.008620689655172414,0.008620689655172414,0.0,0.02586206896551724,0.017241379310344827,0.0,0.017241379310344827,0.034482758620689655,0.0,0.04310344827586207,0.0
DVP_343_076c2901d01e,Data/InfographicCharts/0_real/00020067.jpeg,InfographicCharts,0,960,684,39,0.16180666235745816,0.16269721613060428,0.004171723490528315,0.002494517543859649,0.005704300349763555,0.11899038461538461,0.03527515369620633,0.9224355957701628,0.0,0.48706094523803145,0.27906476061585545,0.6905735697278222,0.24905652478347667,0.8421875,0.908625730994152,0.06586147139570014,0.0445936849231635,0.04196152888253794,0.47445392749094134,0.2491376047718329,0.12010796221322537,0.09716599190283401,2.636637776305901,14.24245350415223,0.02564102564102564,0.15042999999968742,0.02564102564102564,0.07692307692307693,0.0,0.0,0.02564102564102564,0.02564102564102564,0.02564102564102564,0.02564102564102564,0.02564102564102564,0.02564102564102564,0.02564102564102564,0.07692307692307693,0.1794871794871795,0.1282051282051282,0.15384615384615385,0.1794871794871795,0.0,0.0,0.02564102564102564,0.02564102564102564,0.0,0.0,0.0,0.0,0.0,0.02564102564102564,0.02564102564102564,0.0,0.0,0.0,0.0,0.0,0.02564102564102564,0.0,0.0,0.02564102564102564,0.0,0.02564102564102564,0.02564102564102564,0.0,0.0,0.0,0.0,0.0,0.0,0.0,0.0,0.0,0.0,0.0,0.0,0.0,0.0,0.0,0.0,0.0,0.02564102564102564,0.0,0.02564102564102564,0.0,0.02564102564102564,0.0,0.02564102564102564,0.05128205128205128,0.07692307692307693,0.07692307692307693,0.07692307692307693,0.0,0.07692307692307693,0.07692307692307693,0.07692307692307693,0.07692307692307693,0.02564102564102564,0.0,0.05128205128205128,0.0,0.0,0.0,0.0,0.02564102564102564
DVP_344_07722bc2fb56,Data/CommercialPosters/0_real/5bdc643d9259f9ba54ade183_preview.jpg,CommercialPosters,0,1024,536,3,0.034607844566231345,0.03460784456623134,0.01153594818874378,0.014799658931902986,0.004655578696145831,0.13704427083333334,0.08519900497512438,0.9161376577249575,0.0,0.21183010734762078,0.004645851012828053,0.520842485512101,0.09825820699009978,0.010505771707137596,0.2406441852547418,0.1192370573522283,0.11661367829875455,0.0037100182366680873,0.16063715052204008,0.056784534776534945,0.0,1.0,0.7031020571317015,0.5084766510253217,0.0,0.10890789999939443,0.0,0.0,0.0,0.0,0.3333333333333333,0.0,0.0,0.0,0.6666666666666666,0.0,0.0,0.0,0.0,0.0,0.0,0.0,0.0,0.0,0.0,0.0,0.0,0.0,0.0,0.0,0.0,0.0,0.0,0.0,0.0,0.0,0.0,0.0,0.0,0.0,0.0,0.0,0.0,0.0,0.0,0.0,0.0,0.3333333333333333,0.0,0.0,0.0,0.0,0.0,0.0,0.0,0.3333333333333333,0.0,0.0,0.0,0.0,0.0,0.0,0.0,0.3333333333333333,0.0,0.0,0.0,0.0,0.0,0.0,0.0,0.0,0.0,0.0,0.0,0.0,0.0,0.0,0.0,0.0,0.0,0.0,0.0,0.0,0.0,0.0
DVP_345_0785beaf7430,Data/InfographicCharts/0_real/00043646.jpg,InfographicCharts,0,1200,1124,33,0.2762381756787709,0.2802298339264532,0.008491813149286459,0.0013130189798339264,0.025668800358502705,0.10664141414141415,0.0361263884395557,0.8990768299600488,0.0,0.5248853991701238,0.2564166715509271,0.7612009477464503,0.2649259432367823,0.8337500000000001,0.8309608540925266,0.0833237926858503,0.08958333333333335,0.054675438685655865,0.4702136526909567,0.24344528045211758,0.16287878787878787,0.07765151515151515,0.5126058391344717,1.3857676927740485,0.030303030303030304,0.19664499999998952,0.030303030303030304,0.0,0.030303030303030304,0.030303030303030304,0.0,0.06060606060606061,0.030303030303030304,0.030303030303030304,0.030303030303030304,0.09090909090909091,0.06060606060606061,0.0,0.09090909090909091,0.15151515151515152,0.18181818181818182,0.18181818181818182,0.0,0.0,0.0,0.0,0.0,0.0,0.0,0.0,0.0,0.030303030303030304,0.0,0.0,0.030303030303030304,0.0,0.0,0.030303030303030304,0.0,0.0,0.030303030303030304,0.0,0.0,0.0,0.030303030303030304,0.0,0.0,0.0,0.030303030303030304,0.0,0.0,0.030303030303030304,0.0,0.0,0.0,0.0,0.0,0.0,0.0,0.0,0.0,0.0,0.0,0.030303030303030304,0.06060606060606061,0.030303030303030304,0.030303030303030304,0.030303030303030304,0.0,0.0,0.030303030303030304,0.0,0.0,0.0,0.0,0.0,0.0,0.0,0.030303030303030304,0.030303030303030304,0.12121212121212122,0.030303030303030304,0.06060606060606061,0.12121212121212122,0.09090909090909091,0.09090909090909091
DVP_346_079075ae269e,Data/UIScreenshots/1_fake/ui_0344.png,UIScreenshots,1,941,1672,47,0.08959660648094006,0.08959660648094005,0.0019063107761902137,0.0015698966283450874,0.0011757980077657468,0.12259479503470731,0.016173775832230477,0.8836893636018153,0.02127659574468085,0.40344999682716065,0.2730299196709711,0.4623392627379467,0.2751637565039957,0.8591923485653561,0.9557416267942584,0.06153874991851141,0.047380754589433915,0.053462660477543444,0.49972925625372255,0.2394255468256855,0.04625346901017576,0.09435707678075855,2.3879324113066147,13.198094432536905,0.0425531914893617,0.1298666000002413,0.14893617021276595,0.06382978723404255,0.0851063829787234,0.0425531914893617,0.10638297872340426,0.0,0.0851063829787234,0.02127659574468085,0.14893617021276595,0.02127659574468085,0.0425531914893617,0.02127659574468085,0.10638297872340426,0.0,0.0851063829787234,0.02127659574468085,0.02127659574468085,0.0,0.0,0.02127659574468085,0.02127659574468085,0.0,0.02127659574468085,0.02127659574468085,0.0851063829787234,0.0425531914893617,0.0,0.0425531914893617,0.0,0.06382978723404255,0.0,0.0,0.0,0.06382978723404255,0.0,0.0,0.0,0.0,0.0,0.0,0.0,0.0425531914893617,0.0,0.0,0.02127659574468085,0.06382978723404255,0.02127659574468085,0.0,0.02127659574468085,0.0425531914893617,0.0,0.02127659574468085,0.0,0.02127659574468085,0.0,0.0,0.0,0.0851063829787234,0.0,0.0,0.0,0.02127659574468085,0.02127659574468085,0.0,0.02127659574468085,0.06382978723404255,0.0,0.0,0.0,0.06382978723404255,0.0,0.0,0.0,0.02127659574468085,0.0,0.0,0.0,0.02127659574468085,0.02127659574468085,0.0
DVP_347_079571b6428e,Data/Receipts/1_fake/receipt_0128.png,Receipts,1,941,1672,66,0.23183464348728067,0.23183464348728067,0.0035126461134436463,0.002167347167067509,0.0030447527761017,0.1794351592438734,0.01924749891257068,0.9264664700823285,0.0,0.5515279760577634,0.2369690679903329,0.48438627764031283,0.1886572643671441,0.7922422954303933,0.8929425837320574,0.033101096216082065,0.025674115605866604,0.0170271571038019,0.38702631180034286,0.19111616883017857,0.0386946386946387,0.09743589743589744,0.03115282904710515,0.1411669942800952,0.0,0.13304470000002766,0.0,0.06060606060606061,0.030303030303030304,0.0,0.12121212121212122,0.07575757575757576,0.19696969696969696,0.10606060606060606,0.030303030303030304,0.06060606060606061,0.13636363636363635,0.09090909090909091,0.0,0.045454545454545456,0.045454545454545456,0.0,0.0,0.0,0.0,0.030303030303030304,0.015151515151515152,0.0,0.0,0.0,0.0,0.0,0.0,0.030303030303030304,0.015151515151515152,0.0,0.0,0.0,0.015151515151515152,0.045454545454545456,0.015151515151515152,0.0,0.015151515151515152,0.06060606060606061,0.045454545454545456,0.0,0.06060606060606061,0.0,0.06060606060606061,0.0,0.06060606060606061,0.06060606060606061,0.0,0.06060606060606061,0.030303030303030304,0.0,0.030303030303030304,0.0,0.06060606060606061,0.030303030303030304,0.015151515151515152,0.045454545454545456,0.0,0.0,0.0,0.030303030303030304,0.045454545454545456,0.0,0.030303030303030304,0.0,0.0,0.0,0.0,0.030303030303030304,0.015151515151515152,0.015151515151515152,0.0,0.0,0.0,0.0,0.0,0.015151515151515152,0.015151515151515152,0.0,0.0,0.0
DVP_348_07985044ac49,Data/CommercialPosters/0_real/5b9bb8d618654940f75cf43d_preview.jpg,CommercialPosters,0,640,1024,9,0.06804576911548577,0.06913528442382812,0.007681698269314235,0.0060760498046875,0.004736727017048209,0.23159722222222223,0.033637152777777776,0.8733293725065832,0.0,0.46830130220531824,0.1735804998167292,0.7224127121176956,0.23796777693865612,0.5890625,0.81396484375,0.16974785117514096,0.12039996569122659,0.18927750140105792,0.36807414165533486,0.2443948546811684,0.19444444444444445,0.05555555555555555,10.094540540525587,28.31893914186996,0.1111111111111111,0.12704690000100527,0.0,0.1111111111111111,0.0,0.0,0.0,0.0,0.0,0.0,0.0,0.0,0.0,0.0,0.1111111111111111,0.4444444444444444,0.3333333333333333,0.0,0.0,0.0,0.0,0.1111111111111111,0.0,0.0,0.0,0.0,0.0,0.0,0.0,0.0,0.0,0.0,0.0,0.0,0.0,0.0,0.0,0.0,0.0,0.0,0.0,0.0,0.0,0.0,0.0,0.0,0.0,0.0,0.0,0.0,0.0,0.0,0.0,0.0,0.0,0.0,0.0,0.0,0.0,0.0,0.0,0.0,0.0,0.0,0.0,0.0,0.0,0.1111111111111111,0.1111111111111111,0.2222222222222222,0.0,0.3333333333333333,0.0,0.0,0.0,0.0,0.0,0.1111111111111111,0.0,0.0,0.0,0.0
DVP_349_07a28143d15d,Data/Tables/1_fake/table_0615.png,Tables,1,1407,1118,65,0.31834438845893204,0.31834438845893204,0.004897605976291262,0.003805404360767082,0.0053108014367895424,0.14992072604012902,0.033851658180817396,0.9194459241142849,0.0,0.5601519931453952,0.2800727233077734,0.4672972643012457,0.21816092427624187,0.8678038379530917,0.8720910600109,0.06364938238944556,0.06440169601885337,0.016397129491894,0.45755367141797687,0.21599321156419252,0.05913461538461538,0.13509615384615384,0.172930827359261,0.4280210392969641,0.0,0.16753309999876365,0.015384615384615385,0.07692307692307693,0.03076923076923077,0.06153846153846154,0.06153846153846154,0.1076923076923077,0.06153846153846154,0.12307692307692308,0.06153846153846154,0.1076923076923077,0.06153846153846154,0.12307692307692308,0.015384615384615385,0.046153846153846156,0.015384615384615385,0.03076923076923077,0.0,0.0,0.0,0.03076923076923077,0.0,0.0,0.0,0.0,0.015384615384615385,0.0,0.015384615384615385,0.03076923076923077,0.0,0.03076923076923077,0.03076923076923077,0.03076923076923077,0.03076923076923077,0.0,0.03076923076923077,0.03076923076923077,0.0,0.03076923076923077,0.03076923076923077,0.03076923076923077,0.015384615384615385,0.015384615384615385,0.015384615384615385,0.03076923076923077,0.0,0.03076923076923077,0.03076923076923077,0.03076923076923077,0.015384615384615385,0.015384615384615385,0.015384615384615385,0.03076923076923077,0.0,0.03076923076923077,0.03076923076923077,0.03076923076923077,0.03076923076923077,0.0,0.03076923076923077,0.03076923076923077,0.0,0.03076923076923077,0.03076923076923077,0.03076923076923077,0.0,0.015384615384615385,0.0,0.015384615384615385,0.0,0.015384615384615385,0.015384615384615385,0.015384615384615385,0.0,0.0,0.015384615384615385,0.015384615384615385,0.0,0.0,0.0,0.0
DVP_350_07abf14003c8,Data/Receipts/1_fake/receipt_0971.png,Receipts,1,1024,1536,47,0.19772812724113464,0.19793001810709634,0.0042112769810020495,0.0035196940104166665,0.0030802042595409478,0.20557679521276595,0.020514738475177305,0.898682713993381,0.02127659574468085,0.4717224643081079,0.19851263126188484,0.45162633958707865,0.23133794069266847,0.61376953125,0.8512369791666666,0.0371573612917821,0.03157929597814631,0.018281878441244893,0.39472217369894974,0.18461748758109808,0.02497687326549491,0.11378353376503238,5.968930829038411,22.073093737925134,0.0851063829787234,0.14452709999932267,0.02127659574468085,0.1276595744680851,0.0851063829787234,0.0,0.0851063829787234,0.14893617021276595,0.0425531914893617,0.0851063829787234,0.0851063829787234,0.10638297872340426,0.02127659574468085,0.0851063829787234,0.0,0.10638297872340426,0.0,0.0,0.0,0.0,0.0,0.06382978723404255,0.06382978723404255,0.0,0.0,0.0,0.0,0.02127659574468085,0.0,0.06382978723404255,0.0,0.02127659574468085,0.0,0.0,0.0,0.02127659574468085,0.0425531914893617,0.02127659574468085,0.0,0.0425531914893617,0.02127659574468085,0.0,0.0,0.06382978723404255,0.0851063829787234,0.0,0.0,0.0,0.06382978723404255,0.0,0.0,0.06382978723404255,0.02127659574468085,0.0,0.0,0.0,0.06382978723404255,0.0,0.0,0.02127659574468085,0.02127659574468085,0.06382978723404255,0.02127659574468085,0.0,0.02127659574468085,0.0,0.0,0.0,0.0,0.06382978723404255,0.0,0.0,0.0,0.0,0.0,0.0,0.0,0.0425531914893617,0.0,0.0,0.0,0.0
DVP_351_07ae8b9000a5,Data/InfographicCharts/1_fake/infographic_chart_0669.png,InfographicCharts,1,1254,1254,43,0.12876275980657748,0.12900822630739528,0.0030001913094743087,0.0006104866341582534,0.006232392641752467,0.12067430733281406,0.02355253885241645,0.8558513846194766,0.09302325581395349,0.4853768490475297,0.16706742308912756,0.5151145894060088,0.2443673872669106,0.7228867623604466,0.9413875598086124,0.0616777772620771,0.049878773191500976,0.05148558801493415,0.3759247386268381,0.19521063017491294,0.04318936877076412,0.2059800664451827,2.896003841660016,13.980119859584583,0.09302325581395349,0.2039519999998447,0.0,0.023255813953488372,0.11627906976744186,0.023255813953488372,0.023255813953488372,0.046511627906976744,0.2558139534883721,0.023255813953488372,0.023255813953488372,0.09302325581395349,0.18604651162790697,0.023255813953488372,0.046511627906976744,0.06976744186046512,0.046511627906976744,0.0,0.0,0.0,0.0,0.0,0.046511627906976744,0.0,0.0,0.0,0.0,0.0,0.023255813953488372,0.0,0.06976744186046512,0.0,0.023255813953488372,0.0,0.0,0.0,0.0,0.0,0.11627906976744186,0.0,0.0,0.0,0.0,0.023255813953488372,0.046511627906976744,0.0,0.06976744186046512,0.06976744186046512,0.023255813953488372,0.0,0.0,0.0,0.046511627906976744,0.023255813953488372,0.046511627906976744,0.023255813953488372,0.0,0.0,0.0,0.023255813953488372,0.023255813953488372,0.0,0.09302325581395349,0.023255813953488372,0.023255813953488372,0.0,0.0,0.0,0.0,0.0,0.046511627906976744,0.0,0.0,0.0,0.023255813953488372,0.023255813953488372,0.023255813953488372,0.046511627906976744,0.0,0.0,0.0,0.0
DVP_352_07b50bd5e5b7,Data/UIScreenshots/1_fake/ui_0799.png,UIScreenshots,1,941,1672,19,0.068886364907535,0.068886364907535,0.0036255981530281577,0.002288108446170978,0.0028120108083522933,0.17198948487051846,0.022538403424830017,0.8988851553017606,0.0,0.4167277564390916,0.29102472835906673,0.46092840825201414,0.31763702152652656,0.7744232453120412,0.9413875598086124,0.10243754255373509,0.06318641521383354,0.05965376769524805,0.5517337062398852,0.2956149871863595,0.09941520467836257,0.11695906432748537,10.022779119137065,27.822368602393823,0.10526315789473684,0.12098239999977523,0.15789473684210525,0.05263157894736842,0.0,0.0,0.21052631578947367,0.15789473684210525,0.05263157894736842,0.10526315789473684,0.0,0.0,0.0,0.0,0.05263157894736842,0.05263157894736842,0.05263157894736842,0.10526315789473684,0.05263157894736842,0.05263157894736842,0.0,0.0,0.0,0.0,0.0,0.0,0.0,0.05263157894736842,0.05263157894736842,0.0,0.0,0.0,0.0,0.0,0.10526315789473684,0.0,0.05263157894736842,0.05263157894736842,0.0,0.05263157894736842,0.0,0.10526315789473684,0.0,0.10526315789473684,0.05263157894736842,0.0,0.0,0.0,0.0,0.0,0.0,0.0,0.0,0.0,0.0,0.0,0.0,0.0,0.0,0.0,0.0,0.0,0.0,0.0,0.0,0.0,0.0,0.0,0.0,0.0,0.0,0.0,0.0,0.0,0.05263157894736842,0.0,0.05263157894736842,0.0,0.0,0.05263157894736842,0.0,0.10526315789473684
DVP_353_07b87ee8329a,Data/CommercialPosters/1_fake/commercial_poster_0615.png,CommercialPosters,1,1448,1086,41,0.12981136106956442,0.1298221716878809,0.0031663944314117296,0.0016120539666066359,0.004578722718341958,0.1270718232044199,0.021537977810717333,0.9056390888227897,0.0,0.4864364390417858,0.28465973019589724,0.7027917887970282,0.23264956605538567,0.7962707182320442,0.8462246777163904,0.03365445308289571,0.02921033975491244,0.015780354859367123,0.46326231688310004,0.24991966718742004,0.08658536585365853,0.11341463414634147,0.3300548187269696,1.7073506919550527,0.024390243902439025,0.1581051999983174,0.07317073170731707,0.0,0.0,0.0,0.07317073170731707,0.04878048780487805,0.0,0.0,0.0,0.07317073170731707,0.0,0.14634146341463414,0.0975609756097561,0.21951219512195122,0.0975609756097561,0.17073170731707318,0.0,0.024390243902439025,0.0,0.0,0.0,0.0,0.0,0.0,0.0,0.04878048780487805,0.0,0.0,0.0,0.0,0.0,0.0,0.0,0.04878048780487805,0.04878048780487805,0.0,0.0,0.0,0.0,0.0,0.0,0.024390243902439025,0.0,0.0,0.0,0.0,0.0,0.0,0.0,0.0,0.04878048780487805,0.0,0.0,0.0,0.0,0.024390243902439025,0.0,0.0,0.024390243902439025,0.0,0.0,0.0,0.12195121951219512,0.0,0.04878048780487805,0.0,0.04878048780487805,0.07317073170731707,0.04878048780487805,0.0,0.07317073170731707,0.0,0.04878048780487805,0.0,0.04878048780487805,0.04878048780487805,0.04878048780487805,0.0,0.07317073170731707,0.024390243902439025
DVP_354_07b8e61682b3,Data/UIScreenshots/0_real/42048.jpg,UIScreenshots,0,1080,1920,11,0.10258969907407407,0.10258969907407407,0.00932633627946128,0.008958333333333334,0.005098288634937806,0.2989057239057239,0.031628787878787874,0.8988631176285221,0.0,0.38362794612794615,0.27648607306785444,0.3816287878787879,0.2768070338374083,0.8018518518518519,0.8296875,0.11544742104384942,0.09741343698882436,0.04401585882268431,0.5006175691718537,0.29347700270656263,0.01818181818181818,0.05454545454545454,8.478518478767263,25.934999003420135,0.09090909090909091,0.12196250000124564,0.0,0.18181818181818182,0.0,0.18181818181818182,0.18181818181818182,0.09090909090909091,0.0,0.0,0.2727272727272727,0.0,0.0,0.0,0.0,0.09090909090909091,0.0,0.0,0.0,0.0,0.0,0.09090909090909091,0.0,0.0,0.0,0.18181818181818182,0.0,0.0,0.09090909090909091,0.0,0.0,0.0,0.0,0.0,0.0,0.18181818181818182,0.0,0.0,0.0,0.0,0.0,0.0,0.0,0.0,0.09090909090909091,0.0,0.0,0.0,0.0,0.0,0.0,0.09090909090909091,0.0,0.0,0.0,0.0,0.0,0.0,0.0,0.18181818181818182,0.0,0.0,0.0,0.0,0.0,0.0,0.0,0.0,0.09090909090909091,0.0,0.0,0.0,0.0,0.0,0.0,0.0,0.0,0.0,0.0,0.0,0.0,0.0
DVP_355_07b97707b21b,Data/Tables/1_fake/table_0162.png,Tables,1,1330,1183,69,0.21152829241319698,0.211528292413197,0.0030656274262782176,0.0024513947590870666,0.003700193052180777,0.10821619265555192,0.03066387347323802,0.9111311365167605,0.0,0.51830511617726,0.28847547027460646,0.48470829719706243,0.24970356535032912,0.83796992481203,0.9156905365696575,0.06907815409449783,0.07311918850380389,0.015759458795044836,0.4940967493821477,0.22647253007805673,0.06734867860187553,0.13725490196078433,0.2266876011968441,0.7310488050130873,0.0,0.19304040000133682,0.057971014492753624,0.057971014492753624,0.043478260869565216,0.043478260869565216,0.10144927536231885,0.057971014492753624,0.057971014492753624,0.11594202898550725,0.08695652173913043,0.043478260869565216,0.043478260869565216,0.08695652173913043,0.057971014492753624,0.057971014492753624,0.028985507246376812,0.057971014492753624,0.0,0.014492753623188406,0.0,0.028985507246376812,0.0,0.014492753623188406,0.014492753623188406,0.0,0.028985507246376812,0.014492753623188406,0.0,0.028985507246376812,0.0,0.028985507246376812,0.014492753623188406,0.014492753623188406,0.028985507246376812,0.014492753623188406,0.0,0.028985507246376812,0.0,0.028985507246376812,0.028985507246376812,0.028985507246376812,0.028985507246376812,0.028985507246376812,0.0,0.028985507246376812,0.0,0.028985507246376812,0.028985507246376812,0.028985507246376812,0.014492753623188406,0.014492753623188406,0.0,0.014492753623188406,0.0,0.014492753623188406,0.014492753623188406,0.014492753623188406,0.028985507246376812,0.028985507246376812,0.0,0.028985507246376812,0.0,0.028985507246376812,0.028985507246376812,0.028985507246376812,0.028985507246376812,0.028985507246376812,0.0,0.028985507246376812,0.0,0.028985507246376812,0.028985507246376812,0.028985507246376812,0.0,0.0,0.014492753623188406,0.014492753623188406,0.0,0.0,0.0,0.0
DVP_356_07c75f4bb5ae,Data/InfographicCharts/0_real/00026694.jpeg,InfographicCharts,0,960,684,14,0.1344153569688109,0.13445190667641327,0.009603707619743804,0.00418265716374269,0.010449570907259294,0.2857886904761905,0.0339390142021721,0.8797526918487675,0.0,0.39338081065759634,0.2639611867988898,0.5872742371802523,0.3462273798559313,0.8853769841269842,0.9089738234475078,0.11505378411318737,0.09036578711975106,0.07364874325954984,0.5771319817122403,0.2741858117090024,0.07692307692307693,0.03296703296703297,0.1313145736746922,0.4552217668025782,0.0,0.151779699999679,0.07142857142857142,0.21428571428571427,0.0,0.0,0.07142857142857142,0.0,0.07142857142857142,0.0,0.07142857142857142,0.07142857142857142,0.0,0.0,0.14285714285714285,0.14285714285714285,0.0,0.14285714285714285,0.0,0.07142857142857142,0.0,0.07142857142857142,0.0,0.0,0.0,0.0,0.0,0.0,0.07142857142857142,0.07142857142857142,0.0,0.0,0.0,0.0,0.0,0.0,0.0,0.0,0.0,0.0,0.0,0.0,0.07142857142857142,0.0,0.0,0.0,0.0,0.07142857142857142,0.0,0.0,0.0,0.07142857142857142,0.0,0.07142857142857142,0.0,0.0,0.0,0.0,0.0,0.0,0.0,0.0,0.0,0.0,0.0,0.0,0.0,0.0,0.0,0.0,0.0,0.0,0.0,0.0,0.07142857142857142,0.07142857142857142,0.14285714285714285,0.0,0.0,0.0,0.0,0.14285714285714285
DVP_357_07d1223d54bc,Data/CommercialPosters/1_fake/commercial_poster_0484.png,CommercialPosters,1,1086,1448,43,0.14502358314153535,0.14527754036812063,0.0033785474504214098,0.002310292726107262,0.0040144071788025815,0.16157008865476036,0.017859437234999356,0.8827277558301644,0.046511627906976744,0.5692078418873767,0.2651086352262857,0.5887232669027882,0.2627747349928176,0.8425414364640884,0.8159530386740331,0.03484578810956284,0.028211088813055125,0.02120830415381968,0.46446813799222714,0.26376231787444937,0.04983388704318937,0.10409745293466224,0.2479491304529425,0.6529492550932652,0.0,0.15895439999985683,0.09302325581395349,0.0,0.0,0.046511627906976744,0.06976744186046512,0.0,0.046511627906976744,0.11627906976744186,0.0,0.0,0.16279069767441862,0.11627906976744186,0.11627906976744186,0.0,0.16279069767441862,0.06976744186046512,0.0,0.0,0.0,0.0,0.0,0.0,0.0,0.0,0.0,0.09302325581395349,0.0,0.0,0.0,0.0,0.046511627906976744,0.0,0.06976744186046512,0.0,0.0,0.0,0.0,0.023255813953488372,0.046511627906976744,0.0,0.0,0.0,0.0,0.0,0.0,0.023255813953488372,0.06976744186046512,0.0,0.0,0.0,0.0,0.0,0.0,0.06976744186046512,0.09302325581395349,0.0,0.0,0.0,0.0,0.0,0.046511627906976744,0.046511627906976744,0.023255813953488372,0.0,0.0,0.023255813953488372,0.0,0.0,0.046511627906976744,0.023255813953488372,0.06976744186046512,0.0,0.0,0.09302325581395349,0.0,0.0,0.06976744186046512,0.023255813953488372,0.0,0.0
DVP_358_07d2155f383a,Data/CommercialPosters/1_fake/commercial_poster_0764.png,CommercialPosters,1,1086,1448,29,0.14310453998523132,0.14416531851897071,0.0049712178799645075,0.0029357187916526765,0.008269400239861365,0.1578395884930463,0.024718994094113166,0.8485496667553863,0.13793103448275862,0.2847124221135363,0.1376644810544765,0.633174328507947,0.20998736723496075,0.6266114180478821,0.8380524861878453,0.034635039331487615,0.029072901166686357,0.020686337651914317,0.2949582200299926,0.2087950099704984,0.07389162561576355,0.1625615763546798,0.3848108225184584,0.8270170654038059,0.0,0.1510407000005216,0.06896551724137931,0.0,0.0,0.0,0.06896551724137931,0.034482758620689655,0.0,0.0,0.20689655172413793,0.3448275862068966,0.0,0.0,0.0,0.20689655172413793,0.06896551724137931,0.0,0.06896551724137931,0.0,0.0,0.0,0.0,0.0,0.0,0.0,0.0,0.0,0.0,0.0,0.0,0.0,0.0,0.0,0.0,0.034482758620689655,0.034482758620689655,0.0,0.0,0.0,0.0,0.0,0.0,0.034482758620689655,0.0,0.0,0.0,0.0,0.0,0.0,0.0,0.10344827586206896,0.10344827586206896,0.034482758620689655,0.0,0.0,0.0,0.0,0.0,0.10344827586206896,0.20689655172413793,0.0,0.0,0.0,0.0,0.0,0.0,0.0,0.13793103448275862,0.0,0.0,0.0,0.0,0.0,0.0,0.0,0.06896551724137931,0.0,0.0,0.06896551724137931,0.0,0.0
DVP_359_07d9383564a0,Data/AcademicPosters/1_fake/academic_poster_0319.png,AcademicPosters,1,1331,1181,209,0.19669999281011927,0.19873930521511712,0.0009509057665795078,0.0006202641243683644,0.0011902420935875817,0.06780885688711225,0.013896260163919148,0.8712458114003272,0.04784688995215311,0.5042301443723856,0.2577438199433347,0.5937516987268314,0.2534821313243918,0.9124718256949662,0.9309906858594412,0.0259248996709271,0.021804576214383548,0.015318886466865462,0.45968293191964227,0.22653548183428007,0.05263157894736842,0.05410379094589621,3.773935674480411,17.32402047364597,0.05263157894736842,0.21315239999967162,0.0430622009569378,0.03349282296650718,0.0,0.028708133971291867,0.05263157894736842,0.10047846889952153,0.0430622009569378,0.06220095693779904,0.05263157894736842,0.11961722488038277,0.09090909090909091,0.09090909090909091,0.009569377990430622,0.11483253588516747,0.09090909090909091,0.06698564593301436,0.0,0.019138755980861243,0.009569377990430622,0.004784688995215311,0.0,0.0,0.019138755980861243,0.0,0.009569377990430622,0.014354066985645933,0.014354066985645933,0.004784688995215311,0.0,0.0,0.009569377990430622,0.0,0.023923444976076555,0.004784688995215311,0.023923444976076555,0.019138755980861243,0.014354066985645933,0.009569377990430622,0.019138755980861243,0.009569377990430622,0.009569377990430622,0.014354066985645933,0.019138755980861243,0.03827751196172249,0.009569377990430622,0.009569377990430622,0.014354066985645933,0.019138755980861243,0.014354066985645933,0.009569377990430622,0.019138755980861243,0.014354066985645933,0.009569377990430622,0.014354066985645933,0.009569377990430622,0.014354066985645933,0.009569377990430622,0.019138755980861243,0.05263157894736842,0.03349282296650718,0.03349282296650718,0.03349282296650718,0.03349282296650718,0.03349282296650718,0.004784688995215311,0.0,0.028708133971291867,0.028708133971291867,0.023923444976076555,0.019138755980861243,0.028708133971291867,0.004784688995215311,0.004784688995215311,0.0,0.028708133971291867,0.028708133971291867,0.014354066985645933,0.03349282296650718,0.019138755980861243,0.014354066985645933
DVP_360_07dbdeab758a,Data/AcademicPosters/0_real/ICLR_2024_19464_Coordinate-Aware Modulation for Neural Fields.png,AcademicPosters,0,3000,1500,202,0.23268285099826824,0.2337413333333333,0.001157135313531353,0.00047511111111111116,0.0023650734163109515,0.05099669966996699,0.02127722772277228,0.7808855011012011,0.4158415841584158,0.4994419331461859,0.2857674699955099,0.560381491589191,0.24906347660502695,0.943,0.9236666666666667,0.032312387984207804,0.026505520753181484,0.020610501211811315,0.4841876235295082,0.23320265302568835,0.05576079996059308,0.044874636717403084,8.564301907116334,25.78662508386906,0.12871287128712872,0.15675479999845265,0.019801980198019802,0.019801980198019802,0.024752475247524754,0.019801980198019802,0.054455445544554455,0.08415841584158416,0.09405940594059406,0.09900990099009901,0.11386138613861387,0.07425742574257425,0.04455445544554455,0.04950495049504951,0.0891089108910891,0.07920792079207921,0.0594059405940594,0.07425742574257425,0.0,0.0,0.009900990099009901,0.0,0.0049504950495049506,0.009900990099009901,0.009900990099009901,0.0,0.01485148514851485,0.0049504950495049506,0.009900990099009901,0.0,0.0,0.009900990099009901,0.0049504950495049506,0.0049504950495049506,0.01485148514851485,0.024752475247524754,0.0049504950495049506,0.04950495049504951,0.024752475247524754,0.0594059405940594,0.034653465346534656,0.054455445544554455,0.0049504950495049506,0.009900990099009901,0.0,0.0297029702970297,0.0049504950495049506,0.0049504950495049506,0.0049504950495049506,0.0049504950495049506,0.039603960396039604,0.024752475247524754,0.0,0.04950495049504951,0.024752475247524754,0.0049504950495049506,0.009900990099009901,0.009900990099009901,0.019801980198019802,0.0297029702970297,0.0,0.024752475247524754,0.009900990099009901,0.0049504950495049506,0.01485148514851485,0.01485148514851485,0.0049504950495049506,0.024752475247524754,0.019801980198019802,0.024752475247524754,0.0049504950495049506,0.01485148514851485,0.0297029702970297,0.04455445544554455,0.009900990099009901,0.04950495049504951,0.024752475247524754,0.009900990099009901,0.01485148514851485,0.024752475247524754,0.0,0.0
DVP_361_07dc7c9c5809,Data/InfographicCharts/0_real/00015607.jpeg,InfographicCharts,0,1200,1200,45,0.24686067364086267,0.24977986111111106,0.005550663580246912,0.003445138888888889,0.005282217680389421,0.14375925925925928,0.037629629629629624,0.8822662781979457,0.0,0.418046081390026,0.227743958390489,0.40531768183113437,0.2604654615004156,0.8733333333333333,0.8641666666666666,0.08152710187511063,0.07147839106716215,0.051019195475741866,0.44119398313025776,0.22407219294258413,0.07272727272727272,0.03535353535353535,0.31908753376204685,0.7671798155922798,0.0,0.21259850000024016,0.08888888888888889,0.1111111111111111,0.1111111111111111,0.06666666666666667,0.044444444444444446,0.13333333333333333,0.06666666666666667,0.022222222222222223,0.06666666666666667,0.06666666666666667,0.06666666666666667,0.0,0.044444444444444446,0.08888888888888889,0.0,0.022222222222222223,0.0,0.022222222222222223,0.022222222222222223,0.0,0.022222222222222223,0.0,0.022222222222222223,0.0,0.022222222222222223,0.044444444444444446,0.022222222222222223,0.06666666666666667,0.044444444444444446,0.044444444444444446,0.044444444444444446,0.0,0.0,0.022222222222222223,0.06666666666666667,0.022222222222222223,0.044444444444444446,0.0,0.0,0.022222222222222223,0.0,0.022222222222222223,0.044444444444444446,0.0,0.0,0.022222222222222223,0.0,0.0,0.0,0.022222222222222223,0.022222222222222223,0.0,0.0,0.022222222222222223,0.0,0.0,0.022222222222222223,0.022222222222222223,0.044444444444444446,0.0,0.022222222222222223,0.022222222222222223,0.0,0.0,0.0,0.022222222222222223,0.044444444444444446,0.022222222222222223,0.0,0.0,0.0,0.0,0.022222222222222223,0.0,0.022222222222222223,0.0,0.0,0.0,0.022222222222222223,0.0
DVP_362_07e19bbb40d0,Data/Receipts/1_fake/receipt_0939.png,Receipts,1,930,1691,68,0.27691405312655937,0.27695580015642585,0.004072879414065086,0.0027870509910150514,0.003263244899141879,0.19332700822264387,0.02184575781820711,0.9134919549323639,0.0,0.5115305108274617,0.21991358485016846,0.4830812906051501,0.20169440269494693,0.728494623655914,0.9151389710230633,0.03387117956050084,0.025755247844910702,0.018798218456476026,0.38329114009730725,0.18393239042305587,0.030728709394205442,0.10535557506584724,10.751754852412166,29.02955240032467,0.11764705882352941,0.12030349999986356,0.014705882352941176,0.10294117647058823,0.014705882352941176,0.0,0.11764705882352941,0.058823529411764705,0.17647058823529413,0.08823529411764706,0.058823529411764705,0.07352941176470588,0.11764705882352941,0.08823529411764706,0.014705882352941176,0.058823529411764705,0.014705882352941176,0.0,0.0,0.0,0.0,0.04411764705882353,0.0,0.0,0.0,0.0,0.0,0.014705882352941176,0.0,0.058823529411764705,0.0,0.014705882352941176,0.0,0.0,0.014705882352941176,0.04411764705882353,0.0,0.04411764705882353,0.014705882352941176,0.014705882352941176,0.014705882352941176,0.0,0.0,0.058823529411764705,0.014705882352941176,0.0,0.07352941176470588,0.07352941176470588,0.07352941176470588,0.0,0.0,0.014705882352941176,0.014705882352941176,0.029411764705882353,0.029411764705882353,0.029411764705882353,0.058823529411764705,0.0,0.0,0.04411764705882353,0.0,0.029411764705882353,0.04411764705882353,0.014705882352941176,0.029411764705882353,0.0,0.0,0.014705882352941176,0.0,0.029411764705882353,0.014705882352941176,0.0,0.0,0.0,0.0,0.0,0.0,0.029411764705882353,0.0,0.0,0.0,0.0
DVP_363_07e20e8a1b1f,Data/UIScreenshots/0_real/45855.jpg,UIScreenshots,0,540,960,8,0.055927854938271605,0.055927854938271605,0.006990981867283951,0.004605516975308642,0.006174827382756251,0.23125,0.02877604166666667,0.8934248837009847,0.0,0.5809027777777778,0.24237379583169508,0.44212239583333335,0.30069572168499387,0.6694444444444445,0.7822916666666666,0.17869992906198928,0.11898080594994856,0.1505630560429532,0.5217128296618658,0.26222063956355496,0.03571428571428571,0.14285714285714285,0.0,0.0,0.0,0.11900889999924402,0.0,0.125,0.0,0.25,0.0,0.0,0.0,0.0,0.0,0.25,0.125,0.0,0.0,0.125,0.125,0.0,0.0,0.0,0.125,0.0,0.0,0.0,0.0,0.125,0.0,0.0,0.0,0.0,0.0,0.0,0.0,0.125,0.0,0.0,0.0,0.0,0.0,0.0,0.0,0.0,0.0,0.0,0.0,0.0,0.0,0.0,0.0,0.0,0.0,0.0,0.0,0.25,0.125,0.0,0.0,0.0,0.0,0.0,0.0,0.0,0.0,0.0,0.0,0.0,0.0,0.0,0.125,0.0,0.0,0.125,0.0,0.0,0.0,0.0,0.0,0.0,0.0,0.0,0.0,0.0
DVP_364_07e5c488c358,Data/UIScreenshots/1_fake/ui_0278.png,UIScreenshots,1,941,1672,71,0.1401024338720492,0.1424919534852976,0.0020069289223281356,0.0016944714215255073,0.0011881804639641595,0.12343775725554178,0.017900464990902358,0.8452603616186573,0.11267605633802817,0.3271083246866449,0.2972822236071804,0.5412985977456632,0.2919294980187507,0.8618490967056323,0.9723883572567783,0.04522534925219196,0.04295888422411101,0.013905977393672263,0.5150211837103069,0.294808873866499,0.03340040241448692,0.11629778672032193,9.754653674012975,27.21703773111757,0.11267605633802817,0.1281617999993614,0.1267605633802817,0.014084507042253521,0.0,0.056338028169014086,0.16901408450704225,0.04225352112676056,0.0,0.056338028169014086,0.2112676056338028,0.014084507042253521,0.0,0.028169014084507043,0.16901408450704225,0.028169014084507043,0.028169014084507043,0.056338028169014086,0.028169014084507043,0.014084507042253521,0.0,0.0,0.0,0.0,0.014084507042253521,0.028169014084507043,0.028169014084507043,0.056338028169014086,0.014084507042253521,0.0,0.0,0.0,0.0,0.014084507042253521,0.04225352112676056,0.056338028169014086,0.028169014084507043,0.0,0.0,0.0,0.0,0.04225352112676056,0.028169014084507043,0.04225352112676056,0.014084507042253521,0.0,0.0,0.0,0.014084507042253521,0.0,0.028169014084507043,0.07042253521126761,0.0,0.0,0.0,0.0,0.0,0.0,0.04225352112676056,0.07042253521126761,0.014084507042253521,0.0,0.0,0.0,0.0,0.028169014084507043,0.028169014084507043,0.07042253521126761,0.0,0.0,0.0,0.0,0.014084507042253521,0.014084507042253521,0.014084507042253521,0.056338028169014086,0.0,0.028169014084507043,0.028169014084507043,0.0,0.014084507042253521,0.014084507042253521
DVP_365_07f60bb21a95,Data/CommercialPosters/0_real/5d0cedba8cba87f9434ed579_preview.jpg,CommercialPosters,0,1024,536,10,0.09558189558517509,0.09591811450559701,0.009591811450559701,0.003680328824626866,0.011735871902728272,0.12236328125,0.05895522388059702,0.8111541302746554,0.3,0.5077663035170972,0.1601169258775381,0.559698929382263,0.28211287197610185,0.6911572817355226,0.8880597014925373,0.13962756589515612,0.10999201130402315,0.10603161447085438,0.42662138908387914,0.22765709182570135,0.044444444444444446,0.24444444444444444,0.8751713795399368,1.9214794556399184,0.1,0.11604939999961061,0.0,0.1,0.1,0.0,0.0,0.1,0.0,0.1,0.0,0.2,0.1,0.0,0.1,0.1,0.1,0.0,0.0,0.0,0.0,0.1,0.1,0.0,0.0,0.0,0.0,0.0,0.0,0.0,0.0,0.0,0.0,0.0,0.0,0.0,0.0,0.0,0.0,0.0,0.0,0.0,0.0,0.0,0.0,0.1,0.0,0.0,0.1,0.0,0.0,0.0,0.0,0.1,0.0,0.0,0.0,0.0,0.0,0.0,0.0,0.1,0.1,0.0,0.0,0.0,0.0,0.0,0.0,0.1,0.1,0.0,0.0,0.0,0.0,0.1,0.0,0.0,0.0,0.0,0.0,0.0
DVP_366_07facbd3786f,Data/CommercialPosters/1_fake/commercial_poster_0280.png,CommercialPosters,1,1086,1448,28,0.18289971709103026,0.19055050212142485,0.0068053750757651734,0.0022918510830967718,0.012278248434208014,0.14269271244409368,0.03324782951854775,0.8647443493785755,0.07142857142857142,0.3701691261390957,0.2710426975477874,0.49893455016179994,0.23187896853868278,0.8396859577635667,0.912292817679558,0.05197533415916468,0.044884712745309294,0.03849037569185327,0.4494780086632995,0.24871291121622374,0.08465608465608465,0.11375661375661375,1.8879221420618306,4.097574916903331,0.21428571428571427,0.15212500000052387,0.03571428571428571,0.07142857142857142,0.0,0.0,0.10714285714285714,0.14285714285714285,0.0,0.14285714285714285,0.10714285714285714,0.21428571428571427,0.0,0.03571428571428571,0.10714285714285714,0.03571428571428571,0.0,0.0,0.0,0.0,0.07142857142857142,0.0,0.0,0.0,0.0,0.0,0.0,0.03571428571428571,0.0,0.0,0.0,0.0,0.0,0.0,0.0,0.03571428571428571,0.03571428571428571,0.03571428571428571,0.0,0.0,0.0,0.0,0.03571428571428571,0.03571428571428571,0.07142857142857142,0.0,0.0,0.0,0.0,0.14285714285714285,0.10714285714285714,0.0,0.10714285714285714,0.10714285714285714,0.0,0.0,0.0,0.03571428571428571,0.0,0.0,0.0,0.0,0.0,0.0,0.0,0.0,0.0,0.0,0.0,0.0,0.0,0.0,0.0,0.0,0.03571428571428571,0.07142857142857142,0.03571428571428571,0.0,0.0,0.0,0.0,0.0
DVP_367_080749552209,Data/AcademicPosters/1_fake/academic_poster_0305.png,AcademicPosters,1,1402,1122,171,0.19496959001307915,0.19705901424244968,0.0011523918961546765,0.0006509671693862345,0.0015203764720327548,0.073453963010236,0.015672723103063658,0.8494816895807985,0.08187134502923976,0.5112037157568426,0.2787607276184225,0.5867179197057143,0.23721565762737462,0.9154778887303852,0.9411764705882353,0.02681071735096505,0.020053475935828957,0.018230304945469972,0.4675996912040744,0.22557564821880466,0.053113175094599244,0.05036119711042312,2.6899272520457447,13.751748817556935,0.06432748538011696,0.18393639999885636,0.011695906432748537,0.03508771929824561,0.04093567251461988,0.005847953216374269,0.07602339181286549,0.04093567251461988,0.06432748538011696,0.06432748538011696,0.10526315789473684,0.07017543859649122,0.08771929824561403,0.1111111111111111,0.05263157894736842,0.0935672514619883,0.08771929824561403,0.05263157894736842,0.0,0.005847953216374269,0.017543859649122806,0.0,0.0,0.023391812865497075,0.0,0.0,0.005847953216374269,0.0,0.005847953216374269,0.011695906432748537,0.0,0.017543859649122806,0.005847953216374269,0.0,0.011695906432748537,0.023391812865497075,0.005847953216374269,0.017543859649122806,0.023391812865497075,0.0,0.029239766081871343,0.011695906432748537,0.005847953216374269,0.03508771929824561,0.0,0.017543859649122806,0.017543859649122806,0.023391812865497075,0.005847953216374269,0.017543859649122806,0.011695906432748537,0.023391812865497075,0.011695906432748537,0.017543859649122806,0.017543859649122806,0.011695906432748537,0.03508771929824561,0.011695906432748537,0.04093567251461988,0.029239766081871343,0.029239766081871343,0.011695906432748537,0.017543859649122806,0.04093567251461988,0.023391812865497075,0.04093567251461988,0.005847953216374269,0.005847953216374269,0.011695906432748537,0.04678362573099415,0.029239766081871343,0.03508771929824561,0.029239766081871343,0.023391812865497075,0.017543859649122806,0.023391812865497075,0.011695906432748537,0.023391812865497075,0.0,0.023391812865497075,0.0,0.0
DVP_368_0809ab371545,Data/UIScreenshots/1_fake/ui_0848.png,UIScreenshots,1,941,1672,43,0.1477374420981446,0.1477374420981446,0.003435754467398712,0.0032986896765631593,0.001923063316563924,0.17789091268566348,0.020919105374429734,0.858319502738793,0.06976744186046512,0.39168057985925,0.27831443493000657,0.5369046199582939,0.2951943524508794,0.8379383634431457,0.9469275242301558,0.06600147690501253,0.058424734169313555,0.04028047652077791,0.5147870318701118,0.268383312924736,0.036544850498338874,0.08527131782945736,8.569769685934444,26.331650243539613,0.09302325581395349,0.12489549999918381,0.06976744186046512,0.06976744186046512,0.0,0.046511627906976744,0.06976744186046512,0.13953488372093023,0.0,0.09302325581395349,0.046511627906976744,0.11627906976744186,0.0,0.023255813953488372,0.11627906976744186,0.11627906976744186,0.023255813953488372,0.06976744186046512,0.046511627906976744,0.0,0.023255813953488372,0.0,0.0,0.0,0.0,0.023255813953488372,0.0,0.023255813953488372,0.046511627906976744,0.0,0.0,0.0,0.0,0.023255813953488372,0.0,0.023255813953488372,0.06976744186046512,0.0,0.0,0.0,0.046511627906976744,0.0,0.023255813953488372,0.023255813953488372,0.06976744186046512,0.0,0.0,0.0,0.0,0.046511627906976744,0.0,0.023255813953488372,0.046511627906976744,0.0,0.0,0.0,0.0,0.0,0.0,0.023255813953488372,0.06976744186046512,0.0,0.0,0.0,0.0,0.023255813953488372,0.023255813953488372,0.023255813953488372,0.06976744186046512,0.0,0.0,0.0,0.023255813953488372,0.0,0.023255813953488372,0.046511627906976744,0.046511627906976744,0.0,0.023255813953488372,0.0,0.046511627906976744,0.0
DVP_369_081f22026de9,Data/AcademicPosters/1_fake/academic_poster_0295.png,AcademicPosters,1,1331,1181,197,0.1870723733813483,0.18889141942514553,0.0009588396925134292,0.0005541026177690721,0.001588042281385367,0.0723092823608828,0.012838642293161175,0.8616327204969698,0.08121827411167512,0.4697499366465664,0.25794328127525096,0.5855853817612076,0.262348253656471,0.9105935386927123,0.9525825571549534,0.02530304610872108,0.017624883233635046,0.01811487308652154,0.4654508208441941,0.23549831563740517,0.05102040816326531,0.05184916606236403,1.7581132965260295,11.153143572485021,0.04060913705583756,0.21038989999942714,0.050761421319796954,0.02030456852791878,0.04568527918781726,0.050761421319796954,0.08629441624365482,0.03553299492385787,0.04568527918781726,0.0,0.07106598984771574,0.050761421319796954,0.17258883248730963,0.050761421319796954,0.07106598984771574,0.05583756345177665,0.14720812182741116,0.04568527918781726,0.01015228426395939,0.01015228426395939,0.015228426395939087,0.005076142131979695,0.005076142131979695,0.0,0.030456852791878174,0.0,0.015228426395939087,0.015228426395939087,0.0,0.0,0.030456852791878174,0.01015228426395939,0.01015228426395939,0.01015228426395939,0.015228426395939087,0.01015228426395939,0.01015228426395939,0.005076142131979695,0.02030456852791878,0.0,0.0,0.0,0.050761421319796954,0.01015228426395939,0.02030456852791878,0.0,0.025380710659898477,0.0,0.0,0.0,0.005076142131979695,0.02030456852791878,0.005076142131979695,0.005076142131979695,0.03553299492385787,0.04060913705583756,0.02030456852791878,0.0,0.025380710659898477,0.02030456852791878,0.015228426395939087,0.025380710659898477,0.050761421319796954,0.04568527918781726,0.02030456852791878,0.01015228426395939,0.025380710659898477,0.02030456852791878,0.005076142131979695,0.025380710659898477,0.06598984771573604,0.030456852791878174,0.025380710659898477,0.0,0.015228426395939087,0.01015228426395939,0.02030456852791878,0.005076142131979695,0.030456852791878174,0.02030456852791878,0.015228426395939087,0.005076142131979695
DVP_370_082134b38ddd,Data/Receipts/0_real/X51006557178.jpg,Receipts,0,620,1176,71,0.42592851728923425,0.4364768488040378,0.006147561250761096,0.0033492429229756418,0.00639826103315615,0.2422535211267606,0.024815560026827627,0.885960743241245,0.0,0.44760402980240416,0.19389773920124165,0.5036255254659002,0.2013240036216483,0.6733870967741935,0.8911802947419895,0.04087269144145438,0.034438775510204134,0.02655278138565911,0.35582382544073043,0.17854131258772063,0.07927565392354124,0.09295774647887324,19.287077259318234,36.654726361782224,0.2112676056338028,0.1351226000006136,0.0,0.08450704225352113,0.014084507042253521,0.0,0.11267605633802817,0.19718309859154928,0.18309859154929578,0.028169014084507043,0.014084507042253521,0.09859154929577464,0.07042253521126761,0.056338028169014086,0.028169014084507043,0.09859154929577464,0.014084507042253521,0.0,0.0,0.0,0.0,0.056338028169014086,0.0,0.0,0.0,0.0,0.0,0.0,0.0,0.028169014084507043,0.014084507042253521,0.0,0.0,0.0,0.014084507042253521,0.028169014084507043,0.028169014084507043,0.0,0.0,0.014084507042253521,0.0,0.0,0.056338028169014086,0.014084507042253521,0.07042253521126761,0.09859154929577464,0.1267605633802817,0.04225352112676056,0.028169014084507043,0.0,0.014084507042253521,0.0,0.04225352112676056,0.028169014084507043,0.028169014084507043,0.014084507042253521,0.028169014084507043,0.0,0.0,0.0,0.014084507042253521,0.014084507042253521,0.014084507042253521,0.014084507042253521,0.028169014084507043,0.0,0.014084507042253521,0.0,0.0,0.056338028169014086,0.0,0.014084507042253521,0.0,0.0,0.0,0.014084507042253521,0.0,0.04225352112676056,0.0,0.0,0.0,0.0
DVP_371_083590cf3c93,Data/CommercialPosters/1_fake/commercial_poster_0933.png,CommercialPosters,1,1448,1086,28,0.15612734686429536,0.15939302829583957,0.005692608153422841,0.002968468605964409,0.006822284654865059,0.11360497237569063,0.05077611154959221,0.8677894210380505,0.03571428571428571,0.4096052730401811,0.2758345745820275,0.6799150382222382,0.2379999548233496,0.8636049723756907,0.7306837424340827,0.06659807931102768,0.05117872471630554,0.0418910302757507,0.4648414755433186,0.24333421372138983,0.09788359788359788,0.06613756613756613,10.718050624241934,27.607487434792816,0.10714285714285714,0.1588584000000992,0.03571428571428571,0.03571428571428571,0.0,0.0,0.17857142857142858,0.10714285714285714,0.0,0.0,0.03571428571428571,0.0,0.0,0.0,0.21428571428571427,0.07142857142857142,0.14285714285714285,0.17857142857142858,0.0,0.0,0.0,0.0,0.0,0.0,0.0,0.0,0.0,0.03571428571428571,0.0,0.03571428571428571,0.0,0.0,0.0,0.0,0.0,0.03571428571428571,0.03571428571428571,0.0,0.0,0.0,0.0,0.0,0.03571428571428571,0.10714285714285714,0.07142857142857142,0.0,0.0,0.0,0.0,0.0,0.0,0.0,0.0,0.0,0.0,0.0,0.0,0.0,0.0,0.03571428571428571,0.0,0.0,0.0,0.0,0.0,0.0,0.03571428571428571,0.10714285714285714,0.0,0.03571428571428571,0.03571428571428571,0.03571428571428571,0.07142857142857142,0.07142857142857142,0.0,0.07142857142857142,0.0,0.03571428571428571,0.03571428571428571,0.03571428571428571,0.03571428571428571,0.0
DVP_372_083cb8ec8edb,Data/Tables/1_fake/table_0680.png,Tables,1,1335,1178,99,0.3331128560910924,0.333406459243433,0.003367742012559929,0.0021747009786154403,0.0036768115839572136,0.13969659138198462,0.026307214762223252,0.9047790858311865,0.0,0.5604183262637494,0.29264609258960933,0.5021837297509821,0.2482685803111739,0.8550561797752809,0.9405772495755518,0.03698298588764958,0.03013582342954163,0.02107908166556855,0.490866372687892,0.23793685186684113,0.02886002886002886,0.16780045351473924,0.3279543071589893,0.8240593789189287,0.0,0.19559010000011767,0.050505050505050504,0.020202020202020204,0.10101010101010101,0.04040404040404041,0.08080808080808081,0.0,0.1414141414141414,0.0707070707070707,0.09090909090909091,0.0,0.1414141414141414,0.0707070707070707,0.04040404040404041,0.030303030303030304,0.08080808080808081,0.04040404040404041,0.010101010101010102,0.0,0.010101010101010102,0.010101010101010102,0.020202020202020204,0.020202020202020204,0.0,0.010101010101010102,0.04040404040404041,0.0,0.0,0.0,0.030303030303030304,0.030303030303030304,0.0,0.030303030303030304,0.010101010101010102,0.030303030303030304,0.0,0.0,0.04040404040404041,0.04040404040404041,0.0,0.04040404040404041,0.010101010101010102,0.030303030303030304,0.0,0.0,0.030303030303030304,0.030303030303030304,0.0,0.030303030303030304,0.020202020202020204,0.020202020202020204,0.0,0.0,0.020202020202020204,0.020202020202020204,0.0,0.020202020202020204,0.0,0.050505050505050504,0.0,0.0,0.050505050505050504,0.050505050505050504,0.0,0.050505050505050504,0.04040404040404041,0.0,0.0,0.0,0.04040404040404041,0.04040404040404041,0.0,0.04040404040404041,0.0,0.0,0.010101010101010102,0.020202020202020204,0.0,0.0,0.0,0.0
DVP_373_0845fa95df7e,Data/AcademicPosters/0_real/ICML_2023_24289_Learning to Design Analog Circuits to Meet Threshold Specifi.png,AcademicPosters,0,768,384,145,0.27961750088963583,0.29401652018229163,0.002027700139188218,0.0013529459635416667,0.002369001576290532,0.07986709770114943,0.024946120689655172,0.8268538512533453,0.1724137931034483,0.5530082614942529,0.23876790773654336,0.5972072557471264,0.23970620811064325,0.8919270833333334,0.9036458333333333,0.03446409596016454,0.02514740614040101,0.019973151052171706,0.4235525212283423,0.22612269109110283,0.054022988505747126,0.08256704980842912,3.2063129753716884,16.438295398739136,0.034482758620689655,0.12984569999935047,0.027586206896551724,0.027586206896551724,0.027586206896551724,0.027586206896551724,0.04827586206896552,0.07586206896551724,0.04827586206896552,0.027586206896551724,0.034482758620689655,0.041379310344827586,0.20689655172413793,0.10344827586206896,0.020689655172413793,0.034482758620689655,0.19310344827586207,0.05517241379310345,0.006896551724137931,0.0,0.020689655172413793,0.0,0.0,0.0,0.020689655172413793,0.0,0.013793103448275862,0.006896551724137931,0.006896551724137931,0.0,0.013793103448275862,0.013793103448275862,0.0,0.006896551724137931,0.020689655172413793,0.0,0.013793103448275862,0.006896551724137931,0.027586206896551724,0.0,0.006896551724137931,0.006896551724137931,0.027586206896551724,0.0,0.027586206896551724,0.027586206896551724,0.020689655172413793,0.0,0.0,0.013793103448275862,0.006896551724137931,0.006896551724137931,0.006896551724137931,0.013793103448275862,0.034482758620689655,0.05517241379310345,0.013793103448275862,0.034482758620689655,0.006896551724137931,0.013793103448275862,0.006896551724137931,0.013793103448275862,0.04827586206896552,0.06896551724137931,0.041379310344827586,0.013793103448275862,0.006896551724137931,0.006896551724137931,0.006896551724137931,0.0,0.05517241379310345,0.06896551724137931,0.027586206896551724,0.006896551724137931,0.0,0.006896551724137931,0.006896551724137931,0.020689655172413793,0.034482758620689655,0.034482758620689655,0.013793103448275862,0.006896551724137931
DVP_374_085132c893b3,Data/InfographicCharts/0_real/00014304.jpeg,InfographicCharts,0,1200,1200,30,0.15408506944444444,0.15429895833333332,0.005143298611111111,0.002154861111111111,0.00997342185045827,0.1270555555555556,0.03619444444444444,0.8769116780436281,0.06666666666666667,0.3560726047300686,0.3081112808603669,0.631337282764341,0.2526729122853953,0.8929166666666667,0.8629166666666667,0.08207853965263003,0.06810725820095534,0.06981842337539136,0.5053995422611747,0.2703214878848182,0.1103448275862069,0.10344827586206896,15.061233553311858,34.94495047792533,0.16666666666666666,0.20985029999974358,0.06666666666666667,0.03333333333333333,0.03333333333333333,0.0,0.1,0.0,0.0,0.03333333333333333,0.13333333333333333,0.0,0.0,0.0,0.2,0.16666666666666666,0.1,0.13333333333333333,0.03333333333333333,0.0,0.0,0.03333333333333333,0.0,0.0,0.0,0.0,0.03333333333333333,0.0,0.0,0.0,0.03333333333333333,0.0,0.0,0.0,0.03333333333333333,0.0,0.0,0.0,0.0,0.0,0.0,0.03333333333333333,0.06666666666666667,0.0,0.0,0.0,0.0,0.0,0.0,0.0,0.03333333333333333,0.0,0.0,0.0,0.0,0.0,0.0,0.0,0.06666666666666667,0.03333333333333333,0.0,0.0,0.0,0.0,0.0,0.0,0.06666666666666667,0.06666666666666667,0.06666666666666667,0.1,0.03333333333333333,0.06666666666666667,0.03333333333333333,0.06666666666666667,0.03333333333333333,0.03333333333333333,0.0,0.0,0.0,0.0,0.03333333333333333,0.0
DVP_375_0859f90154b6,Data/CommercialPosters/1_fake/commercial_poster_0809.png,CommercialPosters,1,1448,1086,31,0.12070149164414858,0.12123027380116601,0.003910653993586,0.002876896309636458,0.0037005602481503387,0.12366333986811621,0.029347115784470985,0.8678266864602042,0.06451612903225806,0.2652827183537457,0.17958181229842177,0.5553369473645465,0.26415828903080407,0.5894337016574587,0.8623388581952118,0.04632108611338724,0.03636107838694877,0.025008371332722518,0.40466856006207946,0.2170340135544562,0.07311827956989247,0.0989247311827957,1.6715399062593777,7.344967576317596,0.03225806451612903,0.15466379999998026,0.16129032258064516,0.0,0.0,0.0,0.1935483870967742,0.12903225806451613,0.0,0.0,0.12903225806451613,0.12903225806451613,0.03225806451612903,0.0,0.12903225806451613,0.0,0.0967741935483871,0.0,0.06451612903225806,0.06451612903225806,0.0,0.0,0.0,0.0,0.0,0.0,0.0,0.03225806451612903,0.0,0.0,0.0,0.0,0.0,0.0,0.03225806451612903,0.03225806451612903,0.03225806451612903,0.0,0.0,0.0,0.0,0.0,0.06451612903225806,0.06451612903225806,0.03225806451612903,0.06451612903225806,0.0,0.0,0.0,0.0,0.0,0.0,0.0,0.0,0.0,0.0,0.0,0.0,0.06451612903225806,0.06451612903225806,0.06451612903225806,0.06451612903225806,0.0,0.03225806451612903,0.0,0.0,0.0,0.06451612903225806,0.0,0.0,0.0,0.0967741935483871,0.0,0.0,0.0,0.06451612903225806,0.0,0.0,0.0,0.0,0.0,0.0
DVP_376_0861c8af17f1,Data/InfographicCharts/0_real/00007078.jpeg,InfographicCharts,0,960,684,32,0.12832373903508773,0.129208546539961,0.004037767079373781,0.0017741837231968812,0.006933643179605873,0.10367838541666666,0.036275584795321635,0.8948767004753799,0.03125,0.36556454613095235,0.28828749980112833,0.6344462035545212,0.2858245350629855,0.8666666666666667,0.9130116959064327,0.08001635452689676,0.07240501942831212,0.035076648502126065,0.5228332803760368,0.25862841831376526,0.16330645161290322,0.07862903225806452,3.1883719013781926,15.763944813249022,0.03125,0.1528574000003573,0.03125,0.09375,0.0625,0.03125,0.09375,0.0,0.0,0.0,0.125,0.0,0.0,0.0,0.15625,0.1875,0.09375,0.125,0.0,0.0,0.03125,0.03125,0.0,0.0,0.0,0.0,0.0,0.03125,0.0,0.03125,0.03125,0.03125,0.03125,0.0,0.03125,0.0,0.0,0.0,0.0,0.0,0.0,0.0,0.0625,0.0,0.0,0.0,0.0,0.0,0.0,0.0,0.0625,0.0,0.0,0.0,0.0,0.0,0.0,0.0,0.0625,0.0,0.0,0.0,0.0,0.0,0.0,0.0,0.0625,0.03125,0.0625,0.0625,0.0625,0.03125,0.0625,0.03125,0.0625,0.0,0.0625,0.0,0.0,0.0,0.03125,0.0
DVP_377_0864c1d5629d,Data/UIScreenshots/1_fake/ui_0984.png,UIScreenshots,1,941,1672,55,0.08865098740353927,0.08881928519492141,0.0016148960944531165,0.0012422522105669932,0.0009458897942473998,0.1144816925900879,0.014963027403218788,0.881109705794843,0.01818181818181818,0.43600257459706315,0.26487922370640204,0.5860659603779362,0.29216516245381596,0.8639744952178533,0.9624616111420051,0.06312407307855752,0.05243784524756871,0.042149124557874375,0.5094613391213294,0.23927425594464738,0.07138047138047138,0.06531986531986532,8.934891009314608,26.15439842057268,0.10909090909090909,0.14754309999989346,0.05454545454545454,0.05454545454545454,0.01818181818181818,0.01818181818181818,0.07272727272727272,0.09090909090909091,0.03636363636363636,0.03636363636363636,0.07272727272727272,0.09090909090909091,0.03636363636363636,0.05454545454545454,0.09090909090909091,0.10909090909090909,0.10909090909090909,0.05454545454545454,0.01818181818181818,0.01818181818181818,0.03636363636363636,0.0,0.0,0.0,0.0,0.0,0.0,0.01818181818181818,0.01818181818181818,0.0,0.01818181818181818,0.0,0.01818181818181818,0.0,0.03636363636363636,0.01818181818181818,0.0,0.05454545454545454,0.0,0.01818181818181818,0.03636363636363636,0.0,0.01818181818181818,0.0,0.01818181818181818,0.01818181818181818,0.0,0.01818181818181818,0.0,0.0,0.03636363636363636,0.01818181818181818,0.0,0.05454545454545454,0.0,0.01818181818181818,0.03636363636363636,0.0,0.01818181818181818,0.0,0.01818181818181818,0.01818181818181818,0.0,0.01818181818181818,0.0,0.01818181818181818,0.01818181818181818,0.03636363636363636,0.0,0.05454545454545454,0.0,0.03636363636363636,0.01818181818181818,0.0,0.03636363636363636,0.0,0.03636363636363636,0.01818181818181818,0.03636363636363636,0.03636363636363636,0.0,0.03636363636363636
DVP_378_08663f1ea7ab,Data/UIScreenshots/0_real/5484.jpg,UIScreenshots,0,1080,1920,32,0.11116295331790123,0.11124999999999999,0.0034765624999999996,0.0025,0.0026136699820724636,0.17057291666666669,0.022591145833333333,0.8771778959435196,0.0625,0.48107582769741264,0.20699650960907554,0.5330575742014029,0.2537504007376485,0.9018518518518519,0.8911458333333333,0.08692699159819922,0.07310357788358926,0.0607850359987285,0.42094755964484376,0.2102267783387539,0.06854838709677419,0.13709677419354838,3.2602397113054407,15.749267366186624,0.03125,0.12272649999977148,0.0625,0.03125,0.0,0.0625,0.03125,0.09375,0.15625,0.03125,0.0,0.125,0.125,0.03125,0.03125,0.0625,0.15625,0.0,0.0,0.0,0.0,0.0,0.0,0.0,0.0,0.03125,0.0,0.0625,0.0,0.03125,0.0,0.0,0.03125,0.0,0.0,0.0,0.0625,0.0,0.0625,0.03125,0.0,0.0,0.0,0.03125,0.0,0.03125,0.0625,0.0,0.03125,0.0,0.0,0.0,0.0625,0.0,0.0625,0.0,0.03125,0.0,0.0,0.0,0.03125,0.03125,0.03125,0.03125,0.0,0.0,0.03125,0.0,0.03125,0.0,0.0625,0.0,0.0,0.0,0.0,0.0,0.03125,0.0,0.0625,0.03125,0.0,0.0
DVP_379_087250bbd4b2,Data/CommercialPosters/1_fake/commercial_poster_0334.png,CommercialPosters,1,1448,1086,18,0.08768680253278777,0.08776854847735621,0.004876030470964234,0.0033894468015831835,0.003787452137546172,0.09150552486187846,0.04767751176590956,0.8800612156133247,0.05555555555555555,0.7824775961484884,0.0916918290831623,0.6979369963438143,0.15675138574514555,0.28936464088397795,0.5437384898710866,0.06935661118224037,0.06996029487906187,0.024362029704988217,0.23646921394802614,0.11797838008886061,0.06535947712418301,0.11764705882352941,0.22548733723934966,0.5806828335763168,0.0,0.14760780000142404,0.0,0.0,0.0,0.0,0.0,0.0,0.1111111111111111,0.05555555555555555,0.0,0.0,0.16666666666666666,0.2222222222222222,0.0,0.0,0.1111111111111111,0.3333333333333333,0.0,0.0,0.0,0.0,0.0,0.0,0.0,0.0,0.0,0.0,0.0,0.0,0.0,0.0,0.0,0.0,0.0,0.0,0.0,0.0,0.0,0.0,0.0,0.0,0.0,0.0,0.0,0.0,0.0,0.1111111111111111,0.05555555555555555,0.0,0.0,0.0,0.0,0.0,0.0,0.05555555555555555,0.05555555555555555,0.0,0.0,0.0,0.0,0.0,0.0,0.1111111111111111,0.16666666666666666,0.0,0.0,0.0,0.0,0.0,0.0,0.1111111111111111,0.16666666666666666,0.05555555555555555,0.0,0.0,0.0,0.0,0.0,0.0,0.0,0.1111111111111111
DVP_380_087429440d86,Data/InfographicCharts/0_real/00015467.jpeg,InfographicCharts,0,1200,1200,36,0.23007036079350074,0.23080763888888892,0.0064113233024691366,0.003375173611111111,0.008421971244989102,0.15712962962962962,0.03567129629629629,0.9040134047651112,0.0,0.411486706600311,0.25109314265348687,0.4582126161039446,0.2579230913284589,0.82125,0.86375,0.09288336165887963,0.08334010385094376,0.03797317468280833,0.46438479915186165,0.22559931792591562,0.06666666666666667,0.05555555555555555,0.18703332208576423,0.4421021564003,0.0,0.20627160000003641,0.08333333333333333,0.08333333333333333,0.05555555555555555,0.027777777777777776,0.1111111111111111,0.16666666666666666,0.05555555555555555,0.027777777777777776,0.05555555555555555,0.027777777777777776,0.05555555555555555,0.027777777777777776,0.08333333333333333,0.05555555555555555,0.027777777777777776,0.05555555555555555,0.0,0.027777777777777776,0.0,0.0,0.027777777777777776,0.0,0.0,0.0,0.0,0.05555555555555555,0.05555555555555555,0.027777777777777776,0.0,0.027777777777777776,0.027777777777777776,0.0,0.027777777777777776,0.08333333333333333,0.05555555555555555,0.027777777777777776,0.027777777777777776,0.0,0.027777777777777776,0.0,0.0,0.0,0.05555555555555555,0.027777777777777776,0.0,0.027777777777777776,0.0,0.0,0.027777777777777776,0.0,0.0,0.0,0.0,0.0,0.0,0.0,0.027777777777777776,0.0,0.027777777777777776,0.0,0.027777777777777776,0.027777777777777776,0.0,0.027777777777777776,0.027777777777777776,0.0,0.027777777777777776,0.027777777777777776,0.0,0.027777777777777776,0.027777777777777776,0.0,0.027777777777777776,0.027777777777777776,0.0,0.0,0.0,0.0,0.027777777777777776,0.0
DVP_381_0875edb01f77,Data/InfographicCharts/0_real/00047207.jpg,InfographicCharts,0,800,600,6,0.0942625,0.0942625,0.015710416666666668,0.012727083333333333,0.009312649607299382,0.24250000000000002,0.09222222222222222,0.9044314623015134,0.0,0.7062499999999999,0.17704239722921367,0.5058333333333334,0.2648676294134697,0.43000000000000005,0.6691666666666667,0.21264352503723724,0.1898866621025407,0.08510808799216628,0.4641562482855111,0.16779829809680902,0.13333333333333333,0.06666666666666667,30.04835045560469,42.460719685010844,0.3333333333333333,0.10985919999984617,0.0,0.16666666666666666,0.0,0.0,0.0,0.0,0.0,0.3333333333333333,0.0,0.0,0.16666666666666666,0.0,0.0,0.0,0.16666666666666666,0.16666666666666666,0.0,0.0,0.0,0.0,0.0,0.0,0.0,0.0,0.0,0.0,0.0,0.16666666666666666,0.0,0.0,0.0,0.0,0.0,0.0,0.0,0.0,0.0,0.0,0.16666666666666666,0.16666666666666666,0.0,0.0,0.0,0.0,0.0,0.0,0.0,0.0,0.0,0.0,0.0,0.0,0.0,0.0,0.0,0.0,0.0,0.0,0.0,0.0,0.16666666666666666,0.0,0.0,0.0,0.0,0.0,0.0,0.0,0.16666666666666666,0.0,0.0,0.16666666666666666,0.0,0.0,0.0,0.0,0.0,0.0,0.0,0.0
DVP_382_0884e94fc99d,Data/CommercialPosters/0_real/5f562d93a637ee11e371a994_preview.jpg,CommercialPosters,0,576,1024,6,0.075238687020761,0.07828945583767362,0.01304824263961227,0.010870191786024306,0.00869563514935811,0.2934027777777778,0.040852864583333336,0.9170597175060481,0.0,0.5066550925925927,0.0016368212527466354,0.6991373697916666,0.1133630975739648,0.00434027777777779,0.33984375,0.055945782866366756,0.04597225520864931,0.03585725676924717,0.1516169598028508,0.08866559694180837,0.0,1.0,0.22333463014995183,0.49939141474506643,0.0,0.1243226999995386,0.0,0.0,0.0,0.0,0.0,0.0,0.0,0.0,0.0,0.0,0.6666666666666666,0.0,0.0,0.0,0.3333333333333333,0.0,0.0,0.0,0.0,0.0,0.0,0.0,0.0,0.0,0.0,0.0,0.0,0.0,0.0,0.0,0.0,0.0,0.0,0.0,0.0,0.0,0.0,0.0,0.0,0.0,0.0,0.0,0.0,0.0,0.0,0.0,0.0,0.0,0.0,0.0,0.0,0.0,0.3333333333333333,0.0,0.0,0.0,0.0,0.0,0.0,0.0,0.3333333333333333,0.0,0.0,0.0,0.0,0.0,0.0,0.0,0.16666666666666666,0.0,0.0,0.0,0.0,0.0,0.0,0.0,0.16666666666666666,0.0,0.0,0.0
DVP_383_088dcdc974ae,Data/Tables/0_real/PMC4531468_table_1.jpg,Tables,0,642,283,54,0.3178348677859846,0.32198958642933406,0.005962770119061742,0.003753728960954614,0.0070376373515441265,0.12391831083419869,0.0514330585001963,0.8722059424545314,0.0,0.5636673572557155,0.24998970540465276,0.5215246504530722,0.21928469634979766,0.7690616444822053,0.9098939929328621,0.058338494546616736,0.04950255434010488,0.029566127073709696,0.4269757579788397,0.2074266564745862,0.05241090146750524,0.12508735150244585,7.9905166038417725,24.016103171382394,0.12962962962962962,0.1539468000009947,0.0,0.018518518518518517,0.037037037037037035,0.018518518518518517,0.07407407407407407,0.037037037037037035,0.2222222222222222,0.1111111111111111,0.09259259259259259,0.0,0.14814814814814814,0.07407407407407407,0.037037037037037035,0.0,0.09259259259259259,0.037037037037037035,0.0,0.0,0.018518518518518517,0.0,0.0,0.0,0.0,0.0,0.0,0.0,0.0,0.0,0.018518518518518517,0.018518518518518517,0.0,0.018518518518518517,0.0,0.05555555555555555,0.0,0.0,0.05555555555555555,0.05555555555555555,0.05555555555555555,0.0,0.0,0.018518518518518517,0.037037037037037035,0.0,0.05555555555555555,0.05555555555555555,0.05555555555555555,0.0,0.0,0.037037037037037035,0.0,0.0,0.018518518518518517,0.018518518518518517,0.018518518518518517,0.0,0.018518518518518517,0.037037037037037035,0.0,0.0,0.05555555555555555,0.05555555555555555,0.05555555555555555,0.0,0.018518518518518517,0.018518518518518517,0.0,0.0,0.037037037037037035,0.037037037037037035,0.037037037037037035,0.0,0.0,0.0,0.0,0.0,0.018518518518518517,0.0,0.0,0.0
DVP_384_089134d57463,Data/CommercialPosters/1_fake/commercial_poster_0044.png,CommercialPosters,1,1448,1086,21,0.1491241474426894,0.15887761616963259,0.007565600769982504,0.001869601050028998,0.01325076874181214,0.12795974743488556,0.043628869595720425,0.8614021600921817,0.09523809523809523,0.7592053717537326,0.10294983184145162,0.7014150786852028,0.1932733862010749,0.31647799114520847,0.6823204419889503,0.048717774033484484,0.028392714172198564,0.039930127808338926,0.2763953248047979,0.15590859750077155,0.08095238095238096,0.1761904761904762,4.650463100711922,19.2464235126335,0.047619047619047616,0.15086110000083863,0.0,0.0,0.047619047619047616,0.0,0.0,0.0,0.09523809523809523,0.047619047619047616,0.0,0.0,0.19047619047619047,0.047619047619047616,0.0,0.0,0.3333333333333333,0.23809523809523808,0.0,0.0,0.0,0.0,0.0,0.0,0.0,0.0,0.0,0.0,0.0,0.0,0.0,0.047619047619047616,0.0,0.0,0.0,0.0,0.0,0.0,0.047619047619047616,0.0,0.047619047619047616,0.0,0.0,0.0,0.0,0.0,0.0,0.047619047619047616,0.0,0.0,0.0,0.0,0.0,0.0,0.0,0.09523809523809523,0.0,0.0,0.0,0.0,0.0,0.0,0.047619047619047616,0.047619047619047616,0.0,0.047619047619047616,0.0,0.0,0.0,0.0,0.09523809523809523,0.14285714285714285,0.0,0.14285714285714285,0.0,0.0,0.0,0.0,0.0,0.09523809523809523,0.047619047619047616,0.047619047619047616
DVP_385_08a8e5848233,Data/CommercialPosters/0_real/5d68d8d3e79a2a634e979e0e_preview.jpg,CommercialPosters,0,1024,576,6,0.19041612413194445,0.19191148546006942,0.031985247576678234,0.02806854248046875,0.023556319365420814,0.18798828125,0.14872685185185183,0.9201725094954821,0.0,0.7442220052083334,0.1235050504821224,0.4835069444444445,0.19314122320721813,0.31982421875,0.47135416666666674,0.155989977340214,0.19748360024615286,0.06588472059364585,0.32921169699756253,0.13325362881271977,0.2,0.13333333333333333,15.0,33.54101966249684,0.16666666666666666,0.11679039999944507,0.0,0.0,0.0,0.3333333333333333,0.0,0.0,0.0,0.0,0.0,0.0,0.3333333333333333,0.3333333333333333,0.0,0.0,0.0,0.0,0.0,0.0,0.0,0.0,0.0,0.0,0.0,0.0,0.0,0.0,0.0,0.0,0.0,0.0,0.3333333333333333,0.0,0.0,0.0,0.0,0.0,0.0,0.0,0.0,0.0,0.0,0.0,0.0,0.0,0.0,0.0,0.0,0.0,0.0,0.0,0.0,0.0,0.16666666666666666,0.0,0.16666666666666666,0.0,0.0,0.0,0.0,0.0,0.16666666666666666,0.0,0.16666666666666666,0.0,0.0,0.0,0.0,0.0,0.0,0.0,0.0,0.0,0.0,0.0,0.0,0.0,0.0,0.0,0.0,0.0
DVP_386_08ad1f51ffec,Data/Receipts/1_fake/receipt_1081.png,Receipts,1,969,1624,56,0.28125651349469005,0.28125651349469005,0.0050224377409766085,0.002727406752174554,0.005302121507252976,0.2154098481497862,0.02270628078817734,0.9109469228679582,0.0,0.5489501727716641,0.209690266779544,0.5308216006671758,0.19271518325625592,0.7430340557275542,0.8208128078817734,0.033300874538766304,0.026421145445841267,0.01706974221300692,0.3654585610503602,0.17778572345570148,0.031818181818181815,0.15584415584415584,9.77410034381189,27.833277990975947,0.10714285714285714,0.15168869999979506,0.0,0.07142857142857142,0.017857142857142856,0.0,0.10714285714285714,0.017857142857142856,0.14285714285714285,0.05357142857142857,0.05357142857142857,0.07142857142857142,0.17857142857142858,0.16071428571428573,0.0,0.125,0.0,0.0,0.0,0.0,0.0,0.017857142857142856,0.0,0.0,0.0,0.0,0.0,0.0,0.0,0.05357142857142857,0.017857142857142856,0.0,0.0,0.0,0.0,0.05357142857142857,0.017857142857142856,0.0,0.03571428571428571,0.0,0.0,0.0,0.017857142857142856,0.03571428571428571,0.0,0.0,0.05357142857142857,0.05357142857142857,0.05357142857142857,0.0,0.0,0.05357142857142857,0.017857142857142856,0.0,0.07142857142857142,0.07142857142857142,0.07142857142857142,0.0,0.0,0.0,0.0,0.05357142857142857,0.03571428571428571,0.0,0.08928571428571429,0.0,0.0,0.0,0.0,0.07142857142857142,0.0,0.0,0.0,0.0,0.0,0.0,0.0,0.05357142857142857,0.0,0.0,0.0,0.0
DVP_387_08b4afdf79c5,Data/CommercialPosters/0_real/5df3adee9fea0cc3742099ca_preview.jpg,CommercialPosters,0,940,788,4,0.22400445413102585,0.24080556755589158,0.060201391888972895,0.06554096014688411,0.03541465958233588,0.33005319148936174,0.20653553299492386,0.8476020354774243,0.25,0.47140813369979484,0.050099061575477236,0.5730213930331486,0.16924209577020893,0.12593475036217505,0.45303014686555376,0.15841538049999923,0.15020311568033845,0.017089411049794615,0.2642049984791542,0.11519487828223775,0.0,0.5,5.994959323259945,8.06729961222758,0.5,0.15999999999985448,0.0,0.0,0.0,0.0,0.0,0.25,0.25,0.0,0.0,0.25,0.0,0.0,0.0,0.25,0.0,0.0,0.0,0.0,0.0,0.0,0.0,0.0,0.0,0.0,0.0,0.0,0.0,0.0,0.0,0.0,0.0,0.0,0.0,0.0,0.0,0.0,0.25,0.0,0.0,0.0,0.0,0.0,0.0,0.25,0.0,0.0,0.0,0.0,0.0,0.0,0.0,0.0,0.0,0.0,0.0,0.0,0.0,0.0,0.0,0.25,0.0,0.0,0.0,0.0,0.0,0.0,0.0,0.25,0.0,0.0,0.0,0.0,0.0,0.0,0.0,0.0,0.0,0.0,0.0,0.0
DVP_388_08bc05fd6276,Data/InfographicCharts/0_real/00008000.jpeg,InfographicCharts,0,1200,1200,46,0.20608460107507204,0.20978680555555557,0.004560582729468599,0.0036743055555555557,0.004576501356018862,0.1411231884057971,0.03293478260869565,0.8967920653881728,0.021739130434782608,0.41236351258073056,0.2771246408892369,0.46854623630956593,0.2654148930357641,0.9129166666666667,0.8647942386831275,0.06955924715728438,0.06273531920716414,0.04217032667446352,0.4951202883371347,0.2364028412366829,0.051207729468599035,0.05603864734299517,2.172388461820511,13.157895226291881,0.021739130434782608,0.20630629999868688,0.08695652173913043,0.10869565217391304,0.043478260869565216,0.021739130434782608,0.06521739130434782,0.043478260869565216,0.06521739130434782,0.13043478260869565,0.10869565217391304,0.043478260869565216,0.021739130434782608,0.0,0.10869565217391304,0.043478260869565216,0.043478260869565216,0.06521739130434782,0.043478260869565216,0.0,0.021739130434782608,0.0,0.0,0.021739130434782608,0.0,0.0,0.0,0.043478260869565216,0.043478260869565216,0.043478260869565216,0.021739130434782608,0.0,0.0,0.021739130434782608,0.043478260869565216,0.0,0.0,0.0,0.0,0.0,0.10869565217391304,0.0,0.021739130434782608,0.0,0.021739130434782608,0.021739130434782608,0.06521739130434782,0.0,0.021739130434782608,0.0,0.021739130434782608,0.043478260869565216,0.043478260869565216,0.0,0.021739130434782608,0.0,0.0,0.0,0.021739130434782608,0.021739130434782608,0.0,0.0,0.0,0.0,0.0,0.0,0.021739130434782608,0.043478260869565216,0.021739130434782608,0.021739130434782608,0.021739130434782608,0.021739130434782608,0.021739130434782608,0.021739130434782608,0.021739130434782608,0.021739130434782608,0.0,0.0,0.0,0.0,0.021739130434782608,0.0
DVP_389_08c3bf96b2a8,Data/Tables/1_fake/table_0784.png,Tables,1,1448,1086,45,0.16062830041818016,0.16062830041818016,0.0035695177870706703,0.0015293845324216803,0.005376001375143432,0.11683548189073052,0.03214651115203601,0.9241012143126426,0.0,0.4943483388925377,0.26228988838925377,0.5141078824320077,0.16200290623823413,0.8142265193370166,0.6611418047882136,0.06979886928877745,0.06676231971138472,0.021678787933539233,0.396484003202187,0.19287905980462525,0.09393939393939393,0.11212121212121212,0.11808046388249807,0.5831043943611355,0.0,0.15485129999979108,0.022222222222222223,0.022222222222222223,0.0,0.0,0.044444444444444446,0.15555555555555556,0.1111111111111111,0.06666666666666667,0.08888888888888889,0.17777777777777778,0.17777777777777778,0.08888888888888889,0.022222222222222223,0.022222222222222223,0.0,0.0,0.0,0.0,0.0,0.0,0.0,0.0,0.0,0.0,0.0,0.022222222222222223,0.0,0.022222222222222223,0.0,0.0,0.0,0.0,0.022222222222222223,0.0,0.044444444444444446,0.06666666666666667,0.022222222222222223,0.044444444444444446,0.0,0.044444444444444446,0.022222222222222223,0.0,0.022222222222222223,0.022222222222222223,0.022222222222222223,0.022222222222222223,0.0,0.022222222222222223,0.044444444444444446,0.0,0.044444444444444446,0.044444444444444446,0.044444444444444446,0.044444444444444446,0.0,0.044444444444444446,0.022222222222222223,0.022222222222222223,0.044444444444444446,0.044444444444444446,0.044444444444444446,0.044444444444444446,0.0,0.044444444444444446,0.0,0.022222222222222223,0.0,0.022222222222222223,0.0,0.0,0.0,0.0,0.0,0.0,0.0,0.0,0.0,0.0,0.0,0.0
DVP_390_08cbc19b9252,Data/AcademicPosters/0_real/NeurIPS_2022_53028_Recursive Reinforcement Learning.png,AcademicPosters,0,2500,1666,125,0.2830353599499635,0.2873554621848739,0.0022988436974789913,0.0006612244897959184,0.0035522779185054748,0.1119104,0.018175270108043217,0.836388148354006,0.128,0.4578842242464246,0.27292958769040565,0.6318940333650117,0.26436361571997874,0.9265056647232419,0.9552917114445288,0.033283014520782084,0.027904634510639213,0.029142219396259956,0.48254131244563436,0.2413295102048967,0.05883870967741935,0.052258064516129035,1.2050903449553894,8.277449385274068,0.048,0.1653479000015068,0.032,0.024,0.016,0.016,0.136,0.072,0.08,0.016,0.08,0.024,0.072,0.008,0.088,0.048,0.168,0.12,0.008,0.0,0.0,0.024,0.0,0.0,0.0,0.008,0.0,0.024,0.0,0.0,0.008,0.008,0.008,0.0,0.032,0.008,0.0,0.0,0.008,0.024,0.008,0.0,0.056,0.04,0.016,0.056,0.048,0.0,0.008,0.0,0.024,0.024,0.0,0.008,0.032,0.016,0.0,0.0,0.016,0.016,0.0,0.016,0.0,0.024,0.008,0.0,0.008,0.024,0.008,0.008,0.024,0.032,0.024,0.008,0.016,0.04,0.016,0.016,0.032,0.08,0.04,0.048
DVP_391_08cfdc2d7caf,Data/AcademicPosters/0_real/ICLR_2023_11070_Symmetries_ Flat Minima_ and the Conserved Quantities of Gra.png,AcademicPosters,0,3456,2448,203,0.3104211374097383,0.3230875237344166,0.0015915641563271756,0.0008309409797869766,0.0017415365323107705,0.11219012269658822,0.01537396567822531,0.812991252446871,0.2857142857142857,0.5532848606822555,0.27259145580535066,0.5360280320385156,0.24475625614955662,0.9192708333333334,0.9172794117647058,0.0251117413754519,0.018410228806496797,0.018914965332223897,0.46716233844156824,0.22696174110169556,0.0470662829829781,0.08052480124859776,3.679482526359311,16.561621728619716,0.06896551724137931,0.17526750000070024,0.04926108374384237,0.029556650246305417,0.03940886699507389,0.059113300492610835,0.054187192118226604,0.03940886699507389,0.07881773399014778,0.07881773399014778,0.06896551724137931,0.03940886699507389,0.09359605911330049,0.14285714285714285,0.06896551724137931,0.054187192118226604,0.04433497536945813,0.059113300492610835,0.009852216748768473,0.0,0.0,0.014778325123152709,0.0049261083743842365,0.0,0.0,0.014778325123152709,0.0,0.03940886699507389,0.0049261083743842365,0.009852216748768473,0.034482758620689655,0.0,0.024630541871921183,0.019704433497536946,0.0,0.024630541871921183,0.0,0.019704433497536946,0.034482758620689655,0.0,0.0049261083743842365,0.019704433497536946,0.0,0.029556650246305417,0.0,0.019704433497536946,0.029556650246305417,0.014778325123152709,0.03940886699507389,0.014778325123152709,0.0049261083743842365,0.024630541871921183,0.0,0.014778325123152709,0.009852216748768473,0.024630541871921183,0.04433497536945813,0.029556650246305417,0.009852216748768473,0.029556650246305417,0.009852216748768473,0.014778325123152709,0.024630541871921183,0.034482758620689655,0.03940886699507389,0.029556650246305417,0.0049261083743842365,0.034482758620689655,0.0049261083743842365,0.03940886699507389,0.024630541871921183,0.0,0.034482758620689655,0.0049261083743842365,0.009852216748768473,0.019704433497536946,0.0,0.009852216748768473,0.014778325123152709,0.0049261083743842365,0.019704433497536946,0.0
DVP_392_08ddbd7a6855,Data/InfographicCharts/1_fake/infographic_chart_0112.png,InfographicCharts,1,1402,1122,26,0.1294569636958661,0.12945696369586612,0.004979113988302543,0.0017892061506226144,0.008895738182415984,0.14580818610775814,0.03167420814479638,0.9047578728652201,0.0,0.3675725596075608,0.2954811998516328,0.5817211080415304,0.27691721338956765,0.858416547788873,0.891711229946524,0.10279207350402089,0.09041310974523023,0.039667595625643065,0.5291524384593,0.24718746843228293,0.052307692307692305,0.12923076923076923,3.806678203901079,17.38698147960886,0.038461538461538464,0.17552769999929296,0.07692307692307693,0.0,0.07692307692307693,0.0,0.11538461538461539,0.038461538461538464,0.07692307692307693,0.038461538461538464,0.15384615384615385,0.0,0.0,0.0,0.11538461538461539,0.07692307692307693,0.11538461538461539,0.11538461538461539,0.0,0.0,0.0,0.0,0.07692307692307693,0.0,0.0,0.0,0.07692307692307693,0.0,0.0,0.0,0.0,0.0,0.0,0.0,0.038461538461538464,0.0,0.038461538461538464,0.0,0.038461538461538464,0.0,0.0,0.0,0.07692307692307693,0.0,0.0,0.0,0.0,0.038461538461538464,0.038461538461538464,0.0,0.038461538461538464,0.038461538461538464,0.0,0.0,0.0,0.0,0.0,0.0,0.07692307692307693,0.0,0.0,0.0,0.0,0.0,0.0,0.0,0.038461538461538464,0.038461538461538464,0.038461538461538464,0.0,0.07692307692307693,0.038461538461538464,0.038461538461538464,0.0,0.0,0.038461538461538464,0.038461538461538464,0.0,0.0,0.0,0.038461538461538464,0.038461538461538464
DVP_393_08e51fce38ce,Data/Receipts/1_fake/receipt_0032.png,Receipts,1,1023,1537,45,0.17052998980507533,0.17058341299111965,0.0037907425109137698,0.0024879940929220003,0.003930467403552626,0.15112414467253174,0.023494542037157527,0.9052511224283941,0.022222222222222223,0.5059958435597257,0.22299081182195357,0.5460714142989294,0.21129409446289565,0.6652003910068427,0.8627195836044241,0.04495348194251598,0.03560654406501807,0.024488849193467842,0.39809999059052315,0.1858659203756669,0.03434343434343434,0.09595959595959595,8.250449965715736,25.642598368639018,0.08888888888888889,0.1394837000007101,0.0,0.1111111111111111,0.0,0.0,0.06666666666666667,0.044444444444444446,0.08888888888888889,0.06666666666666667,0.06666666666666667,0.022222222222222223,0.13333333333333333,0.13333333333333333,0.06666666666666667,0.15555555555555556,0.022222222222222223,0.022222222222222223,0.0,0.0,0.0,0.022222222222222223,0.0,0.0,0.0,0.0,0.0,0.0,0.0,0.08888888888888889,0.0,0.0,0.0,0.0,0.0,0.022222222222222223,0.022222222222222223,0.0,0.0,0.044444444444444446,0.022222222222222223,0.0,0.0,0.044444444444444446,0.0,0.022222222222222223,0.0,0.044444444444444446,0.044444444444444446,0.0,0.0,0.044444444444444446,0.022222222222222223,0.0,0.022222222222222223,0.06666666666666667,0.08888888888888889,0.0,0.0,0.022222222222222223,0.0,0.0,0.044444444444444446,0.0,0.044444444444444446,0.0,0.0,0.06666666666666667,0.06666666666666667,0.044444444444444446,0.022222222222222223,0.0,0.022222222222222223,0.0,0.0,0.0,0.0,0.044444444444444446,0.0,0.0,0.0,0.0
DVP_394_08f67efff123,Data/Receipts/0_real/X51005605335.jpg,Receipts,0,741,1733,46,0.312650050266596,0.3129584247359934,0.0068034440159998565,0.0054323744912015935,0.005119430881084984,0.3254415302470222,0.020835946712160363,0.8970443310565946,0.0,0.48695971787487674,0.2534526778622371,0.5386636089105258,0.22122234177229919,0.7759784075573549,0.8375649163300635,0.040189503316327306,0.030304380811335047,0.021091932721844585,0.43495340243878383,0.20542838508668002,0.021256038647342997,0.13140096618357489,2.1480090769181923,13.105589751297774,0.021739130434782608,0.10294109999995271,0.0,0.15217391304347827,0.0,0.0,0.10869565217391304,0.043478260869565216,0.043478260869565216,0.06521739130434782,0.15217391304347827,0.043478260869565216,0.043478260869565216,0.17391304347826086,0.021739130434782608,0.13043478260869565,0.0,0.021739130434782608,0.0,0.0,0.0,0.043478260869565216,0.0,0.0,0.0,0.0,0.0,0.0,0.0,0.10869565217391304,0.0,0.0,0.0,0.0,0.021739130434782608,0.021739130434782608,0.0,0.021739130434782608,0.0,0.043478260869565216,0.0,0.0,0.0,0.06521739130434782,0.021739130434782608,0.0,0.0,0.0,0.06521739130434782,0.0,0.021739130434782608,0.043478260869565216,0.021739130434782608,0.0,0.0,0.0,0.10869565217391304,0.0,0.043478260869565216,0.043478260869565216,0.0,0.021739130434782608,0.021739130434782608,0.021739130434782608,0.06521739130434782,0.0,0.0,0.021739130434782608,0.0,0.06521739130434782,0.0,0.0,0.021739130434782608,0.0,0.0,0.0,0.0,0.06521739130434782,0.0,0.0,0.0,0.0
DVP_395_08f821ff55d2,Data/CommercialPosters/0_real/5da041f8abc8ea6d1cb5b361_preview.jpg,CommercialPosters,0,724,1024,16,0.13615223584254144,0.13615223584254144,0.00850951474015884,0.0034496665659530384,0.01270722248496768,0.2121029005524862,0.03985595703125,0.8538113233404356,0.1875,0.5155818370165746,0.18777562219838004,0.711212158203125,0.2566138039397016,0.6015193370165747,0.8671875,0.057663172202245414,0.03890775057565719,0.04630076279154402,0.3937982140069247,0.24622144733754092,0.14166666666666666,0.14166666666666666,5.735782715140207,21.790783130143062,0.0625,0.1444522000001598,0.0,0.0,0.125,0.0,0.0,0.0,0.0625,0.0,0.0,0.0,0.0,0.0,0.1875,0.375,0.1875,0.0625,0.0,0.0,0.0,0.0,0.0,0.0625,0.0,0.0,0.0,0.0,0.0,0.0,0.0625,0.0,0.0,0.0,0.0,0.0,0.0,0.0,0.0,0.0625,0.0,0.0,0.0,0.0,0.0,0.0,0.0,0.0,0.0,0.0,0.0,0.0,0.0,0.0,0.0,0.0,0.0,0.0,0.0,0.0,0.0,0.0,0.0,0.0,0.0,0.0,0.0,0.1875,0.0,0.3125,0.0,0.125,0.0625,0.0,0.0,0.0,0.0,0.0625,0.0,0.0625,0.0,0.0
DVP_396_0900981544d1,Data/AcademicPosters/0_real/NeurIPS_2023_79866_Simple Data Sharing for Multi-Tasked Goal-Oriented Problems.png,AcademicPosters,0,1920,2880,149,0.3771977609651232,0.385968605324074,0.0025903933243226446,0.0006022135416666667,0.003657794569983901,0.18296630313199108,0.012369500372856076,0.8431916954269434,0.087248322147651,0.5446680493352707,0.2179755739675447,0.671206710475571,0.27853744013957615,0.88671875,0.9739583333333334,0.026073254256209905,0.010445922458401938,0.030723048733199317,0.4255152119897405,0.26612066780210464,0.07119535643025576,0.08479956466533647,0.2065698120642155,1.084407855875785,0.026845637583892617,0.15877539999928558,0.03355704697986577,0.06040268456375839,0.040268456375838924,0.006711409395973154,0.013422818791946308,0.040268456375838924,0.04697986577181208,0.0,0.0738255033557047,0.026845637583892617,0.006711409395973154,0.06040268456375839,0.053691275167785234,0.006711409395973154,0.4563758389261745,0.0738255033557047,0.006711409395973154,0.006711409395973154,0.026845637583892617,0.006711409395973154,0.006711409395973154,0.013422818791946308,0.0,0.006711409395973154,0.006711409395973154,0.013422818791946308,0.006711409395973154,0.020134228187919462,0.0,0.020134228187919462,0.0,0.0,0.0,0.0,0.020134228187919462,0.020134228187919462,0.0,0.006711409395973154,0.0,0.0,0.006711409395973154,0.006711409395973154,0.0,0.0,0.020134228187919462,0.020134228187919462,0.0,0.0,0.0,0.026845637583892617,0.006711409395973154,0.013422818791946308,0.0,0.006711409395973154,0.03355704697986577,0.0,0.026845637583892617,0.020134228187919462,0.006711409395973154,0.0,0.0,0.0,0.026845637583892617,0.0,0.0,0.013422818791946308,0.0,0.0,0.087248322147651,0.21476510067114093,0.03355704697986577,0.0,0.0,0.040268456375838924,0.0,0.006711409395973154,0.04697986577181208,0.10738255033557047,0.040268456375838924,0.0
DVP_397_09011f0dc9e9,Data/InfographicCharts/0_real/00036657.jpg,InfographicCharts,0,642,426,36,0.18200898015298436,0.18244043701461105,0.005067789917072529,0.002387638395272988,0.007982333028463087,0.13097092419522324,0.03951486697965572,0.8897289890297707,0.05555555555555555,0.46433348935098706,0.303003926920852,0.6348992733605535,0.26702410692797324,0.9104361370716512,0.9248826291079812,0.08222316720989593,0.07864235415936877,0.04508390540635182,0.5261419488119085,0.24232604865842772,0.06666666666666667,0.06349206349206349,0.7795636284324741,3.3961314421110482,0.05555555555555555,0.12985440000011295,0.027777777777777776,0.027777777777777776,0.027777777777777776,0.0,0.08333333333333333,0.027777777777777776,0.05555555555555555,0.05555555555555555,0.08333333333333333,0.08333333333333333,0.05555555555555555,0.05555555555555555,0.1388888888888889,0.05555555555555555,0.08333333333333333,0.1388888888888889,0.0,0.027777777777777776,0.0,0.027777777777777776,0.0,0.0,0.0,0.0,0.0,0.0,0.0,0.0,0.027777777777777776,0.0,0.0,0.0,0.027777777777777776,0.0,0.0,0.0,0.05555555555555555,0.0,0.0,0.027777777777777776,0.027777777777777776,0.027777777777777776,0.027777777777777776,0.0,0.0,0.0,0.0,0.027777777777777776,0.027777777777777776,0.027777777777777776,0.0,0.05555555555555555,0.0,0.0,0.05555555555555555,0.0,0.027777777777777776,0.0,0.027777777777777776,0.0,0.05555555555555555,0.0,0.0,0.0,0.027777777777777776,0.0,0.0,0.0,0.0,0.027777777777777776,0.0,0.05555555555555555,0.027777777777777776,0.08333333333333333,0.027777777777777776,0.027777777777777776,0.027777777777777776,0.027777777777777776,0.05555555555555555,0.027777777777777776
DVP_398_09093b1d690f,Data/Receipts/1_fake/receipt_0080.png,Receipts,1,1023,1537,57,0.19949585048122206,0.19949585048122206,0.0034999272014249487,0.00211466778092169,0.0032510083058597218,0.1621477937267411,0.02118503806686528,0.9010761206003322,0.017543859649122806,0.5075444023325221,0.23708411250486325,0.5224259897066025,0.19770496564463008,0.7468230694037146,0.8405985686402082,0.04062289060223084,0.031072413514076105,0.0178497270101563,0.3982616667084729,0.18810459251380693,0.041353383458646614,0.08458646616541353,6.555473197114121,22.985289673280203,0.07017543859649122,0.13926659999924595,0.0,0.07017543859649122,0.017543859649122806,0.0,0.08771929824561403,0.10526315789473684,0.08771929824561403,0.08771929824561403,0.07017543859649122,0.05263157894736842,0.10526315789473684,0.10526315789473684,0.05263157894736842,0.12280701754385964,0.017543859649122806,0.017543859649122806,0.0,0.0,0.0,0.017543859649122806,0.0,0.0,0.0,0.0,0.0,0.0,0.0,0.05263157894736842,0.017543859649122806,0.0,0.0,0.0,0.0,0.03508771929824561,0.017543859649122806,0.05263157894736842,0.0,0.017543859649122806,0.0,0.017543859649122806,0.0,0.05263157894736842,0.017543859649122806,0.017543859649122806,0.03508771929824561,0.03508771929824561,0.05263157894736842,0.017543859649122806,0.0,0.05263157894736842,0.0,0.017543859649122806,0.05263157894736842,0.05263157894736842,0.07017543859649122,0.0,0.0,0.017543859649122806,0.0,0.03508771929824561,0.0,0.0,0.03508771929824561,0.0,0.0,0.05263157894736842,0.05263157894736842,0.05263157894736842,0.0,0.0,0.017543859649122806,0.0,0.0,0.0,0.0,0.017543859649122806,0.017543859649122806,0.0,0.0,0.0
DVP_399_091793ca9a04,Data/InfographicCharts/1_fake/infographic_chart_0781.png,InfographicCharts,1,1402,1122,49,0.17361179979708133,0.1736448567236517,0.0035437725861969735,0.0006865669364620443,0.007327425430302741,0.11636437742001224,0.03286769253155807,0.8636179282041773,0.10204081632653061,0.4070860869312062,0.2692533015451047,0.5400796682309287,0.22411608303729216,0.9226105563480742,0.9260249554367201,0.08104897538826156,0.08293823203163465,0.03805901609624378,0.45033382922079657,0.21854911810629907,0.04846938775510204,0.0782312925170068,12.87671856611215,31.49388971545511,0.14285714285714285,0.17818259999876318,0.02040816326530612,0.08163265306122448,0.02040816326530612,0.0,0.08163265306122448,0.04081632653061224,0.08163265306122448,0.08163265306122448,0.2653061224489796,0.10204081632653061,0.061224489795918366,0.04081632653061224,0.0,0.08163265306122448,0.04081632653061224,0.0,0.0,0.0,0.02040816326530612,0.02040816326530612,0.0,0.0,0.0,0.0,0.0,0.02040816326530612,0.02040816326530612,0.02040816326530612,0.0,0.02040816326530612,0.0,0.0,0.04081632653061224,0.0,0.0,0.0,0.0,0.04081632653061224,0.02040816326530612,0.02040816326530612,0.04081632653061224,0.0,0.02040816326530612,0.02040816326530612,0.02040816326530612,0.02040816326530612,0.02040816326530612,0.02040816326530612,0.04081632653061224,0.10204081632653061,0.04081632653061224,0.02040816326530612,0.02040816326530612,0.0,0.0,0.0,0.04081632653061224,0.08163265306122448,0.02040816326530612,0.02040816326530612,0.02040816326530612,0.02040816326530612,0.02040816326530612,0.02040816326530612,0.0,0.0,0.02040816326530612,0.0,0.04081632653061224,0.0,0.0,0.0,0.0,0.0,0.04081632653061224,0.02040816326530612,0.0,0.0,0.0,0.0
DVP_400_091833b1d8e6,Data/Receipts/1_fake/receipt_0904.png,Receipts,1,954,1648,50,0.20622894659176488,0.20622894659176488,0.0041245789318352976,0.0024577150882334983,0.004038162412679361,0.20448637316561846,0.019757281553398055,0.9131343168435128,0.0,0.514288433742174,0.2451250461310954,0.4730220646641252,0.1877300116729703,0.7248427672955975,0.850876713342157,0.03914195350492087,0.028274500579171257,0.022404502010763643,0.39789588102842366,0.19033531515275512,0.036734693877551024,0.1036734693877551,9.084590617248228,27.024822837291282,0.1,0.1256492000011349,0.0,0.04,0.06,0.0,0.18,0.1,0.14,0.14,0.04,0.1,0.04,0.08,0.0,0.06,0.02,0.0,0.0,0.0,0.0,0.0,0.04,0.0,0.0,0.0,0.0,0.0,0.0,0.04,0.02,0.0,0.0,0.0,0.0,0.08,0.0,0.0,0.0,0.04,0.04,0.0,0.04,0.06,0.08,0.02,0.0,0.1,0.1,0.0,0.0,0.0,0.0,0.04,0.02,0.0,0.06,0.0,0.0,0.04,0.04,0.02,0.0,0.02,0.02,0.0,0.0,0.0,0.0,0.06,0.0,0.0,0.0,0.0,0.0,0.0,0.0,0.0,0.02,0.0,0.0,0.0
DVP_401_091c23ff0d49,Data/CommercialPosters/1_fake/commercial_poster_0556.png,CommercialPosters,1,1086,1448,37,0.1442154883558424,0.14665970971582062,0.003963775938265422,0.0014689722535942127,0.008668395045342213,0.13946543228311184,0.0178998058832313,0.8869143410976882,0.08108108108108109,0.5254977620403428,0.23155139429560853,0.698190667187743,0.28916008189310927,0.7601289134438306,0.8786279907590309,0.0322682651022185,0.01625538305720196,0.021068276946478365,0.47140493645565285,0.24466396330013596,0.12312312312312312,0.11411411411411411,0.08604888565947066,0.37733429221166714,0.0,0.15478059999986726,0.0,0.0,0.08108108108108109,0.0,0.0,0.13513513513513514,0.10810810810810811,0.0,0.0,0.0,0.0,0.08108108108108109,0.16216216216216217,0.13513513513513514,0.16216216216216217,0.13513513513513514,0.0,0.0,0.0,0.0,0.02702702702702703,0.0,0.0,0.0,0.0,0.0,0.0,0.0,0.05405405405405406,0.0,0.0,0.0,0.0,0.0,0.02702702702702703,0.10810810810810811,0.08108108108108109,0.02702702702702703,0.0,0.0,0.0,0.0,0.0,0.0,0.0,0.0,0.0,0.0,0.0,0.0,0.0,0.0,0.0,0.0,0.0,0.0,0.0,0.0,0.0,0.0,0.0,0.0,0.08108108108108109,0.0,0.0,0.02702702702702703,0.0,0.02702702702702703,0.02702702702702703,0.0,0.02702702702702703,0.0,0.02702702702702703,0.10810810810810811,0.0,0.10810810810810811,0.08108108108108109,0.05405405405405406,0.10810810810810811,0.0
DVP_402_092037b6ca2d,Data/UIScreenshots/0_real/68319.jpg,UIScreenshots,0,1080,1920,11,0.05084153163580247,0.05084153163580247,0.004621957421436588,0.004166666666666667,0.0035922433195610475,0.18552188552188553,0.023295454545454543,0.8757438574082446,0.09090909090909091,0.2920237932847402,0.24402694998730448,0.19573824692974773,0.17790269700563138,0.8986111111111111,0.49010416666666673,0.13969844484535074,0.11388888888888893,0.1023683922234754,0.38599925971255233,0.22724726561550984,0.10909090909090909,0.03636363636363636,8.277262643133405,25.843777312132154,0.09090909090909091,0.11982010000065202,0.18181818181818182,0.2727272727272727,0.09090909090909091,0.09090909090909091,0.2727272727272727,0.0,0.0,0.0,0.0,0.09090909090909091,0.0,0.0,0.0,0.0,0.0,0.0,0.09090909090909091,0.0,0.09090909090909091,0.09090909090909091,0.09090909090909091,0.0,0.0,0.09090909090909091,0.0,0.09090909090909091,0.09090909090909091,0.0,0.0,0.0,0.0,0.0,0.09090909090909091,0.0,0.0,0.0,0.0,0.0,0.0,0.0,0.09090909090909091,0.09090909090909091,0.0,0.0,0.0,0.0,0.0,0.0,0.0,0.0,0.09090909090909091,0.0,0.0,0.0,0.0,0.0,0.0,0.0,0.0,0.0,0.0,0.0,0.0,0.0,0.0,0.0,0.0,0.0,0.0,0.0,0.0,0.0,0.0,0.0,0.0,0.0,0.0,0.0,0.0,0.0
DVP_403_092bacb8b31c,Data/AcademicPosters/1_fake/academic_poster_0294.png,AcademicPosters,1,1402,1122,211,0.23894974496747992,0.24199768092945906,0.0011469084404239767,0.000667495632671432,0.0018363536955375544,0.07872301586765013,0.014530586038810179,0.8472022125367666,0.08530805687203792,0.41998973827181857,0.25707783831848047,0.6080405729906962,0.25012930026428415,0.9079885877318118,0.953894933103858,0.022967512134524973,0.016820678519122445,0.016889402754111695,0.45553650548064983,0.2258741440380768,0.05154592642744302,0.0653577070638682,3.295956616481691,15.386368855701267,0.061611374407582936,0.2171424999996816,0.018957345971563982,0.037914691943127965,0.0,0.04739336492890995,0.06635071090047394,0.02843601895734597,0.052132701421800945,0.023696682464454975,0.0947867298578199,0.11374407582938388,0.0947867298578199,0.052132701421800945,0.11848341232227488,0.13270142180094788,0.09004739336492891,0.02843601895734597,0.004739336492890996,0.0,0.004739336492890996,0.009478672985781991,0.0,0.0,0.023696682464454975,0.0,0.0,0.014218009478672985,0.0,0.023696682464454975,0.0,0.0,0.023696682464454975,0.0,0.014218009478672985,0.023696682464454975,0.014218009478672985,0.0,0.02843601895734597,0.0,0.018957345971563982,0.0,0.014218009478672985,0.014218009478672985,0.004739336492890996,0.009478672985781991,0.023696682464454975,0.0,0.004739336492890996,0.0,0.061611374407582936,0.009478672985781991,0.037914691943127965,0.014218009478672985,0.03317535545023697,0.009478672985781991,0.03317535545023697,0.009478672985781991,0.018957345971563982,0.004739336492890996,0.023696682464454975,0.037914691943127965,0.04739336492890995,0.004739336492890996,0.009478672985781991,0.0,0.04265402843601896,0.018957345971563982,0.023696682464454975,0.04739336492890995,0.04739336492890995,0.004739336492890996,0.018957345971563982,0.0,0.037914691943127965,0.018957345971563982,0.023696682464454975,0.037914691943127965,0.014218009478672985,0.023696682464454975,0.009478672985781991,0.0
DVP_404_092e70a3e049,Data/CommercialPosters/0_real/5d08e2718cba87f943c92ae6_preview.jpg,CommercialPosters,0,1024,1024,18,0.16213607788085938,0.1638479232788086,0.009102662404378256,0.0026650428771972656,0.015089561961716992,0.11995442708333333,0.053276909722222224,0.8808333365052105,0.1111111111111111,0.2931586371527778,0.08476992186748879,0.5308159722222222,0.26518771455202966,0.3056640625,0.796875,0.07828089671576349,0.07145608644502624,0.04594849836670218,0.34819218358812426,0.20712800043582572,0.0784313725490196,0.11764705882352941,14.87380043709927,33.21794385711692,0.16666666666666666,0.21584040000016103,0.16666666666666666,0.05555555555555555,0.0,0.0,0.0,0.1111111111111111,0.0,0.0,0.16666666666666666,0.2777777777777778,0.0,0.0,0.05555555555555555,0.16666666666666666,0.0,0.0,0.0,0.1111111111111111,0.05555555555555555,0.0,0.0,0.0,0.0,0.0,0.0,0.05555555555555555,0.0,0.0,0.0,0.0,0.0,0.0,0.0,0.0,0.05555555555555555,0.0,0.0,0.0,0.0,0.0,0.0,0.0,0.05555555555555555,0.0,0.0,0.0,0.0,0.0,0.0,0.05555555555555555,0.05555555555555555,0.05555555555555555,0.0,0.0,0.0,0.0,0.0,0.1111111111111111,0.16666666666666666,0.0,0.0,0.0,0.0,0.0,0.0,0.0,0.0,0.1111111111111111,0.0,0.0,0.0,0.0,0.0,0.05555555555555555,0.05555555555555555,0.0,0.0,0.0,0.0,0.0
DVP_405_0933b90fd08d,Data/AcademicPosters/1_fake/academic_poster_0225.png,AcademicPosters,1,1024,1536,232,0.23553298087609373,0.2366466522216797,0.001020028673369309,0.0006306966145833334,0.0018784837278520048,0.08470416891163793,0.010991940553160919,0.8525919968454738,0.10344827586206896,0.456456466221541,0.2644113478585919,0.6123047045027512,0.23166482154471338,0.88525390625,0.9554036458333334,0.02302338981017515,0.015625,0.017261885447823776,0.4481352466245913,0.21773533283527843,0.058105687416032246,0.05034333482609345,0.6784078752368178,6.0111602709276255,0.01293103448275862,0.19517739999901096,0.01293103448275862,0.03017241379310345,0.004310344827586207,0.017241379310344827,0.0603448275862069,0.08620689655172414,0.05603448275862069,0.04310344827586207,0.09482758620689655,0.11637931034482758,0.07758620689655173,0.05172413793103448,0.09913793103448276,0.09482758620689655,0.07327586206896551,0.08189655172413793,0.0,0.0,0.0,0.01293103448275862,0.0,0.0,0.0,0.0,0.0,0.01293103448275862,0.017241379310344827,0.0,0.0,0.004310344827586207,0.004310344827586207,0.01293103448275862,0.0,0.017241379310344827,0.02586206896551724,0.01293103448275862,0.021551724137931036,0.004310344827586207,0.0,0.017241379310344827,0.021551724137931036,0.021551724137931036,0.02586206896551724,0.021551724137931036,0.008620689655172414,0.021551724137931036,0.017241379310344827,0.008620689655172414,0.03017241379310345,0.02586206896551724,0.0603448275862069,0.03017241379310345,0.017241379310344827,0.008620689655172414,0.02586206896551724,0.0,0.01293103448275862,0.02586206896551724,0.0,0.02586206896551724,0.021551724137931036,0.03017241379310345,0.004310344827586207,0.021551724137931036,0.021551724137931036,0.03017241379310345,0.017241379310344827,0.021551724137931036,0.02586206896551724,0.02586206896551724,0.034482758620689655,0.01293103448275862,0.03017241379310345,0.017241379310344827,0.034482758620689655,0.021551724137931036,0.017241379310344827,0.004310344827586207,0.021551724137931036,0.01293103448275862
DVP_406_0933f7601889,Data/Receipts/0_real/X51005663298.jpg,Receipts,0,934,2732,65,0.24568536409115893,0.24788708494141917,0.003813647460637218,0.002931392866212484,0.0024880310408152105,0.23460714873991106,0.01698389458272328,0.9002086758206234,0.0,0.5025939110057306,0.22884625785418847,0.5744251742151033,0.21235823824539787,0.721627408993576,0.8288799414348462,0.039178181097295,0.03274406310964347,0.024489708277788326,0.4020476159506832,0.19062216266445517,0.055288461538461536,0.07692307692307693,0.4001946485515344,1.3755543207650307,0.046153846153846156,0.08938020000096003,0.0,0.09230769230769231,0.0,0.0,0.046153846153846156,0.13846153846153847,0.03076923076923077,0.015384615384615385,0.07692307692307693,0.1076923076923077,0.07692307692307693,0.18461538461538463,0.06153846153846154,0.06153846153846154,0.046153846153846156,0.06153846153846154,0.0,0.0,0.0,0.0,0.0,0.0,0.0,0.0,0.0,0.0,0.0,0.09230769230769231,0.0,0.0,0.0,0.0,0.0,0.015384615384615385,0.03076923076923077,0.03076923076923077,0.0,0.015384615384615385,0.0,0.0,0.0,0.03076923076923077,0.046153846153846156,0.03076923076923077,0.015384615384615385,0.0,0.015384615384615385,0.0,0.0,0.015384615384615385,0.046153846153846156,0.046153846153846156,0.046153846153846156,0.015384615384615385,0.1076923076923077,0.0,0.0,0.06153846153846154,0.015384615384615385,0.0,0.015384615384615385,0.0,0.07692307692307693,0.0,0.0,0.06153846153846154,0.03076923076923077,0.0,0.015384615384615385,0.015384615384615385,0.06153846153846154,0.0,0.0,0.0,0.0,0.03076923076923077,0.015384615384615385,0.0,0.0,0.0
DVP_407_0935fff55cb4,Data/UIScreenshots/1_fake/ui_0751.png,UIScreenshots,1,941,1672,41,0.10308564135679746,0.10308564135679746,0.002514283935531645,0.0016194723113454586,0.002252666700119311,0.12516523677457816,0.021501925545571246,0.8878952353628181,0.0,0.3646322298369379,0.256708463958567,0.5587440201021521,0.2520782904281328,0.7904011006625304,0.9339114832535885,0.059621275856678084,0.037316884040994,0.051383431585602934,0.4613675013557558,0.22912346810765014,0.02926829268292683,0.17804878048780487,5.2582290567444625,19.620874576660405,0.0975609756097561,0.12540090000038617,0.0975609756097561,0.0,0.0,0.024390243902439025,0.0975609756097561,0.0975609756097561,0.0975609756097561,0.024390243902439025,0.14634146341463414,0.12195121951219512,0.04878048780487805,0.0,0.07317073170731707,0.07317073170731707,0.04878048780487805,0.04878048780487805,0.024390243902439025,0.024390243902439025,0.0,0.0,0.0,0.0,0.0,0.0,0.04878048780487805,0.0,0.0,0.0,0.0,0.0,0.024390243902439025,0.0,0.07317073170731707,0.0,0.0,0.024390243902439025,0.04878048780487805,0.0,0.0,0.0,0.024390243902439025,0.0,0.04878048780487805,0.024390243902439025,0.024390243902439025,0.024390243902439025,0.024390243902439025,0.0,0.0975609756097561,0.0,0.0,0.04878048780487805,0.0,0.0,0.0,0.0,0.04878048780487805,0.0,0.07317073170731707,0.0,0.024390243902439025,0.024390243902439025,0.0,0.0,0.04878048780487805,0.0,0.0,0.04878048780487805,0.0,0.0,0.0,0.0,0.024390243902439025,0.0,0.024390243902439025,0.0,0.0,0.04878048780487805,0.0,0.04878048780487805
DVP_408_093b8b226594,Data/Receipts/1_fake/receipt_0310.png,Receipts,1,964,1631,60,0.16905565406758574,0.169119255808747,0.002818654263479117,0.002275193285691389,0.0017840438343153797,0.13884854771784233,0.020406703453913762,0.9093049761096305,0.0,0.48058754564628364,0.20056955579332114,0.4446673380104928,0.21526935714645057,0.675311203319502,0.8157572041692214,0.04301064374326206,0.03366785371427547,0.028693816340278084,0.37724747878502773,0.18373069762586855,0.0327683615819209,0.07175141242937853,3.2717798347380325,16.234825035868152,0.05,0.13152360000094632,0.0,0.1,0.13333333333333333,0.0,0.15,0.11666666666666667,0.06666666666666667,0.016666666666666666,0.016666666666666666,0.05,0.15,0.1,0.0,0.08333333333333333,0.016666666666666666,0.0,0.0,0.0,0.016666666666666666,0.0,0.016666666666666666,0.016666666666666666,0.0,0.0,0.0,0.0,0.016666666666666666,0.06666666666666667,0.05,0.05,0.0,0.0,0.0,0.08333333333333333,0.05,0.016666666666666666,0.03333333333333333,0.0,0.0,0.0,0.0,0.06666666666666667,0.03333333333333333,0.016666666666666666,0.016666666666666666,0.016666666666666666,0.016666666666666666,0.0,0.0,0.016666666666666666,0.05,0.0,0.05,0.05,0.05,0.0,0.0,0.0,0.0,0.0,0.05,0.0,0.05,0.0,0.0,0.0,0.0,0.05,0.0,0.0,0.0,0.0,0.0,0.0,0.0,0.03333333333333333,0.0,0.016666666666666666,0.0,0.0
DVP_409_093d175c5814,Data/AcademicPosters/0_real/ICML_2022_16171_On the Finite-Time Performance of the Knowledge Gradient Alg.png,AcademicPosters,0,3456,2304,221,0.3266378837131894,0.3311185483579282,0.0014982739744702634,0.0007835356786908436,0.0016230258429598956,0.08841597536450478,0.01871818438914027,0.7936339432651517,0.34841628959276016,0.5273876729467639,0.2603805436780755,0.49920292592338744,0.24583591422011855,0.908275462962963,0.8946308700929796,0.02836542619835763,0.02560763888888884,0.014552796303656359,0.45623765597358307,0.22244012061214177,0.051871657754010696,0.05586178527354998,6.82906951285836,22.65230764953043,0.14027149321266968,0.17704779999985476,0.04524886877828054,0.03619909502262444,0.04072398190045249,0.058823529411764705,0.058823529411764705,0.09502262443438914,0.10407239819004525,0.11312217194570136,0.05429864253393665,0.03619909502262444,0.08144796380090498,0.07692307692307693,0.049773755656108594,0.07239819004524888,0.04524886877828054,0.03167420814479638,0.004524886877828055,0.013574660633484163,0.0,0.013574660633484163,0.013574660633484163,0.004524886877828055,0.0,0.013574660633484163,0.00904977375565611,0.01809954751131222,0.004524886877828055,0.01809954751131222,0.013574660633484163,0.00904977375565611,0.03619909502262444,0.00904977375565611,0.013574660633484163,0.01809954751131222,0.00904977375565611,0.03167420814479638,0.03167420814479638,0.01809954751131222,0.03619909502262444,0.013574660633484163,0.004524886877828055,0.02262443438914027,0.004524886877828055,0.049773755656108594,0.03167420814479638,0.02262443438914027,0.03167420814479638,0.03167420814479638,0.00904977375565611,0.013574660633484163,0.0,0.01809954751131222,0.04072398190045249,0.004524886877828055,0.03619909502262444,0.013574660633484163,0.00904977375565611,0.02262443438914027,0.0,0.01809954751131222,0.03167420814479638,0.004524886877828055,0.027149321266968326,0.0,0.01809954751131222,0.013574660633484163,0.00904977375565611,0.00904977375565611,0.02262443438914027,0.00904977375565611,0.013574660633484163,0.0,0.01809954751131222,0.0,0.0,0.05429864253393665,0.004524886877828055,0.00904977375565611,0.01809954751131222,0.0
DVP_410_094c3c75b377,Data/AcademicPosters/0_real/ICML_2023_24360_Target-based Surrogates for Stochastic Optimization.png,AcademicPosters,0,3568,2523,169,0.4538003086658434,0.461612581292468,0.0027314353922631243,0.002659279027565234,0.0027953850321706616,0.14744805901239152,0.01871070178030756,0.8207882908015126,0.21301775147928995,0.5006440144971358,0.2763353694003213,0.5043310648476786,0.23729345997407636,0.9311939461883408,0.9120141118293223,0.02968770242198735,0.02330132061417278,0.019762441123285956,0.4654976108363217,0.22412098797095442,0.04628064243448859,0.08523527754296985,2.6811249497963483,13.965972883217985,0.04142011834319527,0.19884899999851768,0.03550295857988166,0.05325443786982249,0.04142011834319527,0.03550295857988166,0.07100591715976332,0.08875739644970414,0.11834319526627218,0.07100591715976332,0.07100591715976332,0.0650887573964497,0.08284023668639054,0.07100591715976332,0.05917159763313609,0.01775147928994083,0.0650887573964497,0.05325443786982249,0.0,0.0,0.0,0.01775147928994083,0.0,0.0,0.0,0.005917159763313609,0.005917159763313609,0.029585798816568046,0.023668639053254437,0.011834319526627219,0.029585798816568046,0.011834319526627219,0.029585798816568046,0.0,0.011834319526627219,0.029585798816568046,0.04142011834319527,0.011834319526627219,0.05917159763313609,0.005917159763313609,0.03550295857988166,0.0,0.01775147928994083,0.011834319526627219,0.023668639053254437,0.011834319526627219,0.029585798816568046,0.023668639053254437,0.03550295857988166,0.0,0.005917159763313609,0.023668639053254437,0.01775147928994083,0.011834319526627219,0.029585798816568046,0.011834319526627219,0.04142011834319527,0.0,0.011834319526627219,0.029585798816568046,0.01775147928994083,0.01775147928994083,0.023668639053254437,0.01775147928994083,0.01775147928994083,0.011834319526627219,0.023668639053254437,0.011834319526627219,0.005917159763313609,0.0,0.01775147928994083,0.023668639053254437,0.029585798816568046,0.023668639053254437,0.005917159763313609,0.01775147928994083,0.005917159763313609,0.005917159763313609,0.005917159763313609,0.01775147928994083,0.0,0.0
DVP_411_094dfc13302c,Data/AcademicPosters/1_fake/academic_poster_0198.png,AcademicPosters,1,1024,1536,151,0.212018854388719,0.21498775482177732,0.0014237599657071346,0.000812530517578125,0.0021203792816047525,0.1015560326986755,0.013736548013245033,0.8579370620307402,0.09271523178807947,0.47238679092500235,0.2672654730818916,0.6072309512642489,0.2502936364884207,0.90283203125,0.9591507523148147,0.027905766513909698,0.01825530585001292,0.026791668835615116,0.4644651823629718,0.23284173310787412,0.07152317880794702,0.0471523178807947,5.119802764882434,20.25039997760757,0.0728476821192053,0.18978880000031495,0.06622516556291391,0.013245033112582781,0.046357615894039736,0.019867549668874173,0.019867549668874173,0.039735099337748346,0.046357615894039736,0.046357615894039736,0.09271523178807947,0.1390728476821192,0.052980132450331126,0.0728476821192053,0.09933774834437085,0.0728476821192053,0.09271523178807947,0.07947019867549669,0.013245033112582781,0.006622516556291391,0.006622516556291391,0.006622516556291391,0.013245033112582781,0.0,0.0,0.006622516556291391,0.006622516556291391,0.039735099337748346,0.0,0.0,0.019867549668874173,0.013245033112582781,0.013245033112582781,0.0,0.013245033112582781,0.006622516556291391,0.013245033112582781,0.019867549668874173,0.013245033112582781,0.026490066225165563,0.0,0.013245033112582781,0.0,0.0,0.0,0.006622516556291391,0.0,0.006622516556291391,0.026490066225165563,0.006622516556291391,0.013245033112582781,0.019867549668874173,0.046357615894039736,0.006622516556291391,0.006622516556291391,0.006622516556291391,0.006622516556291391,0.006622516556291391,0.026490066225165563,0.033112582781456956,0.059602649006622516,0.026490066225165563,0.033112582781456956,0.006622516556291391,0.046357615894039736,0.013245033112582781,0.013245033112582781,0.033112582781456956,0.019867549668874173,0.013245033112582781,0.026490066225165563,0.046357615894039736,0.039735099337748346,0.026490066225165563,0.013245033112582781,0.039735099337748346,0.019867549668874173,0.019867549668874173,0.0,0.019867549668874173,0.013245033112582781,0.0
DVP_412_09531beef8fb,Data/Tables/0_real/PMC4506362_table_1.jpg,Tables,0,670,390,77,0.3319460390355913,0.3366685801760429,0.004372319223065492,0.0033218522770761577,0.0054157587139034334,0.1193836014731537,0.038827838827838815,0.893487625825853,0.012987012987012988,0.5088981732177507,0.2725636519103253,0.5220362914160306,0.25080556881465155,0.810554444273478,0.8961538461538462,0.047130037544290404,0.04547568703896627,0.008996610184637589,0.47862120714578393,0.22118063616165268,0.04784688995215311,0.15652768284347232,0.7852675667414867,1.6813123412226834,0.012987012987012988,0.13564519999999902,0.03896103896103896,0.03896103896103896,0.06493506493506493,0.03896103896103896,0.07792207792207792,0.06493506493506493,0.11688311688311688,0.05194805194805195,0.07792207792207792,0.05194805194805195,0.1038961038961039,0.05194805194805195,0.03896103896103896,0.03896103896103896,0.1038961038961039,0.03896103896103896,0.012987012987012988,0.0,0.0,0.025974025974025976,0.012987012987012988,0.012987012987012988,0.0,0.012987012987012988,0.025974025974025976,0.0,0.0,0.012987012987012988,0.012987012987012988,0.025974025974025976,0.0,0.025974025974025976,0.03896103896103896,0.0,0.0,0.025974025974025976,0.025974025974025976,0.012987012987012988,0.0,0.012987012987012988,0.03896103896103896,0.0,0.0,0.03896103896103896,0.03896103896103896,0.03896103896103896,0.0,0.03896103896103896,0.025974025974025976,0.012987012987012988,0.0,0.025974025974025976,0.025974025974025976,0.025974025974025976,0.0,0.025974025974025976,0.03896103896103896,0.0,0.0,0.025974025974025976,0.025974025974025976,0.025974025974025976,0.0,0.025974025974025976,0.012987012987012988,0.012987012987012988,0.0,0.025974025974025976,0.025974025974025976,0.025974025974025976,0.0,0.025974025974025976,0.0,0.012987012987012988,0.0,0.012987012987012988,0.03896103896103896,0.012987012987012988,0.0,0.012987012987012988
DVP_413_09572fccb482,Data/CommercialPosters/1_fake/commercial_poster_0958.png,CommercialPosters,1,1448,1086,26,0.15970851435646716,0.1693531053183155,0.006513580973781365,0.0012171484386923476,0.015877196272605424,0.11155971100722481,0.0331137554894461,0.8808260548633418,0.038461538461538464,0.7072444978513306,0.16566366623462814,0.6471084066128749,0.2385491625974566,0.7610497237569062,0.8655616942909761,0.07224811813134985,0.039943260506486486,0.08272550116903145,0.3667699502421876,0.2023070004590425,0.08923076923076922,0.10153846153846154,4.449929437813092,17.704395496677613,0.07692307692307693,0.1599194999998872,0.0,0.0,0.07692307692307693,0.0,0.038461538461538464,0.0,0.15384615384615385,0.07692307692307693,0.0,0.0,0.15384615384615385,0.15384615384615385,0.0,0.0,0.19230769230769232,0.15384615384615385,0.0,0.0,0.0,0.0,0.0,0.038461538461538464,0.0,0.0,0.0,0.0,0.0,0.0,0.0,0.038461538461538464,0.0,0.0,0.0,0.038461538461538464,0.0,0.0,0.0,0.038461538461538464,0.0,0.0,0.0,0.0,0.0,0.0,0.038461538461538464,0.07692307692307693,0.07692307692307693,0.0,0.0,0.0,0.0,0.0,0.0,0.0,0.0,0.0,0.0,0.0,0.0,0.0,0.07692307692307693,0.07692307692307693,0.07692307692307693,0.07692307692307693,0.0,0.0,0.0,0.0,0.0,0.07692307692307693,0.0,0.0,0.0,0.0,0.0,0.0,0.07692307692307693,0.038461538461538464,0.038461538461538464,0.11538461538461539
DVP_414_095d86225e40,Data/CommercialPosters/1_fake/commercial_poster_0590.png,CommercialPosters,1,1086,1448,17,0.08389389568897979,0.08392569162520476,0.004936805389717927,0.0025773785903971187,0.0060203151143884154,0.20219911168887444,0.020149496262593436,0.8912556684766189,0.058823529411764705,0.3108634941939208,0.18105766273759935,0.8419631424897276,0.11027658245981377,0.7427825320517176,0.33598066298342544,0.07329319609044373,0.023480662983425393,0.09397881629911525,0.26253718339454896,0.16302662763999937,0.17647058823529413,0.14705882352941177,0.09689297096732934,0.32011444657990656,0.0,0.15920569999980216,0.0,0.0,0.0,0.0,0.0,0.0,0.0,0.0,0.11764705882352941,0.11764705882352941,0.058823529411764705,0.0,0.35294117647058826,0.29411764705882354,0.0,0.058823529411764705,0.0,0.0,0.0,0.0,0.0,0.0,0.0,0.0,0.0,0.0,0.0,0.0,0.0,0.0,0.0,0.0,0.0,0.0,0.0,0.0,0.0,0.0,0.0,0.0,0.0,0.0,0.0,0.0,0.0,0.0,0.0,0.0,0.0,0.0,0.058823529411764705,0.0,0.0,0.0,0.0,0.0,0.0,0.11764705882352941,0.058823529411764705,0.0,0.058823529411764705,0.0,0.0,0.0,0.0,0.23529411764705882,0.0,0.0,0.0,0.0,0.0,0.0,0.11764705882352941,0.0,0.17647058823529413,0.11764705882352941,0.0,0.0,0.058823529411764705,0.0
DVP_415_0961007bdcba,Data/CommercialPosters/1_fake/commercial_poster_0987.png,CommercialPosters,1,1448,1086,32,0.11180337817055772,0.11199069269354822,0.003499709146673382,0.001814912039722027,0.005919408667456862,0.10145459254143646,0.027624309392265192,0.8791850260264165,0.0625,0.7289336045027992,0.10997388725692142,0.5978868290740419,0.19564300808329077,0.3159530386740331,0.7776243093922652,0.04209779563731833,0.034218867072307646,0.024816759224303164,0.28458188840378446,0.1516698379382133,0.04233870967741935,0.1774193548387097,0.5167609348592901,1.2450716836993432,0.03125,0.15572419999989506,0.0,0.0,0.03125,0.0,0.0,0.0,0.3125,0.0,0.0,0.0,0.21875,0.1875,0.0,0.0,0.125,0.125,0.0,0.0,0.0,0.0,0.0,0.0,0.0,0.0,0.0,0.0,0.0,0.0,0.0,0.03125,0.0,0.0,0.0,0.0,0.0,0.0,0.03125,0.09375,0.0,0.0,0.0,0.0,0.0,0.0,0.0625,0.125,0.0,0.0,0.0,0.0,0.0,0.0,0.03125,0.0625,0.0,0.0625,0.0,0.0,0.0,0.0,0.0,0.125,0.03125,0.09375,0.0,0.0,0.0,0.0,0.0,0.0625,0.03125,0.0625,0.0,0.0,0.0,0.0,0.0625,0.0,0.03125,0.0
DVP_416_096b5a876238,Data/CommercialPosters/0_real/5e317aaf9fea0cc374372ea1_preview.jpg,CommercialPosters,0,724,1024,17,0.07156468579548517,0.07163166868093923,0.004213627569467014,0.0021446607389502765,0.005209753347564965,0.1834579135521612,0.0224609375,0.8762283668868077,0.058823529411764705,0.5370932875179545,0.21484865628156413,0.7597512628081816,0.16328566426158703,0.6243093922651934,0.5435992603424891,0.040955550616940554,0.028645888826949566,0.03451231642523056,0.3421480064960007,0.19411804997710327,0.08088235294117647,0.07352941176470588,3.0024580602359845,7.714580192615448,0.11764705882352941,0.1417965999989974,0.0,0.0,0.0,0.0,0.0,0.11764705882352941,0.0,0.0,0.0,0.058823529411764705,0.23529411764705882,0.0,0.17647058823529413,0.0,0.23529411764705882,0.17647058823529413,0.0,0.0,0.0,0.0,0.0,0.0,0.0,0.0,0.0,0.0,0.0,0.0,0.0,0.0,0.0,0.0,0.0,0.0,0.058823529411764705,0.0,0.0,0.0,0.0,0.0,0.0,0.0,0.058823529411764705,0.0,0.0,0.0,0.0,0.0,0.0,0.0,0.0,0.0,0.0,0.0,0.0,0.0,0.0,0.0,0.058823529411764705,0.0,0.0,0.23529411764705882,0.0,0.0,0.0,0.11764705882352941,0.0,0.0,0.11764705882352941,0.0,0.058823529411764705,0.0,0.0,0.058823529411764705,0.0,0.0,0.11764705882352941,0.0,0.11764705882352941,0.0
DVP_417_096d2ae396fe,Data/Receipts/1_fake/receipt_0779.png,Receipts,1,1023,1537,65,0.21367918963386673,0.21379036868994264,0.0032890825952298867,0.001862815618141242,0.0034117180944493093,0.1619821039175878,0.019438466543216053,0.9131085022716365,0.015384615384615385,0.5173314895995539,0.232260597035054,0.4824355926473071,0.1845225180857347,0.7023460410557185,0.8529603122966819,0.03443877963196784,0.026139211076007626,0.015258943339362195,0.3804663854523392,0.1843426620227537,0.038461538461538464,0.09807692307692308,7.13925124541282,23.995444248705986,0.09230769230769231,0.14670830000068236,0.015384615384615385,0.07692307692307693,0.015384615384615385,0.0,0.12307692307692308,0.07692307692307693,0.2153846153846154,0.09230769230769231,0.07692307692307693,0.046153846153846156,0.12307692307692308,0.07692307692307693,0.0,0.06153846153846154,0.0,0.0,0.0,0.0,0.0,0.03076923076923077,0.0,0.0,0.0,0.0,0.0,0.015384615384615385,0.0,0.046153846153846156,0.0,0.015384615384615385,0.0,0.0,0.0,0.046153846153846156,0.0,0.0,0.015384615384615385,0.046153846153846156,0.015384615384615385,0.0,0.0,0.07692307692307693,0.07692307692307693,0.0,0.07692307692307693,0.07692307692307693,0.07692307692307693,0.0,0.0,0.015384615384615385,0.015384615384615385,0.0,0.03076923076923077,0.03076923076923077,0.046153846153846156,0.0,0.0,0.06153846153846154,0.03076923076923077,0.0,0.03076923076923077,0.03076923076923077,0.03076923076923077,0.0,0.0,0.0,0.0,0.046153846153846156,0.0,0.0,0.0,0.0,0.0,0.0,0.0,0.015384615384615385,0.0,0.0,0.0,0.0
DVP_418_097299734482,Data/UIScreenshots/0_real/32214.jpg,UIScreenshots,0,540,960,9,0.031028163580246914,0.03102816358024691,0.0034475737311385458,0.0032291666666666666,0.0026222587287767773,0.13333333333333336,0.022569444444444444,0.8435241006641836,0.2222222222222222,0.565843621399177,0.28783125368576057,0.25457175925925923,0.33510378510137145,0.7759259259259259,0.8598958333333333,0.15515014451493592,0.08689179743684416,0.1635844467301141,0.5911711859853614,0.29930707974039367,0.16666666666666666,0.027777777777777776,10.149180447393086,28.34010669342896,0.1111111111111111,0.12177800000063144,0.2222222222222222,0.1111111111111111,0.1111111111111111,0.3333333333333333,0.0,0.0,0.0,0.0,0.0,0.0,0.0,0.0,0.0,0.1111111111111111,0.1111111111111111,0.0,0.0,0.2222222222222222,0.0,0.0,0.0,0.0,0.1111111111111111,0.1111111111111111,0.0,0.0,0.0,0.1111111111111111,0.1111111111111111,0.0,0.0,0.1111111111111111,0.0,0.0,0.0,0.0,0.0,0.0,0.0,0.0,0.0,0.0,0.0,0.0,0.0,0.0,0.0,0.0,0.0,0.0,0.0,0.0,0.0,0.0,0.0,0.0,0.0,0.0,0.0,0.0,0.0,0.0,0.0,0.0,0.0,0.0,0.1111111111111111,0.0,0.0,0.0,0.0,0.0,0.0,0.0,0.0,0.0,0.0,0.1111111111111111,0.0,0.0
DVP_419_097a5f6cbe89,Data/InfographicCharts/0_real/00016541.jpeg,InfographicCharts,0,1200,1200,48,0.7399383351280181,0.7840555555555555,0.01633449074074074,0.0018746527777777776,0.08168909784751836,0.12940972222222222,0.045381944444444454,0.8858516991529045,0.041666666666666664,0.463266178464718,0.24940334401719544,0.43882366541349277,0.27839581403612046,0.87125,0.8622889092274476,0.07580841072439087,0.08375103647783179,0.0291425221844081,0.4770668422077041,0.240342858732782,0.1125886524822695,0.03546099290780142,0.37603730966398885,0.9878035884121673,0.0,0.22900690000096802,0.041666666666666664,0.14583333333333334,0.08333333333333333,0.041666666666666664,0.08333333333333333,0.125,0.10416666666666667,0.0625,0.0,0.0,0.020833333333333332,0.0,0.10416666666666667,0.0625,0.041666666666666664,0.08333333333333333,0.0,0.0,0.020833333333333332,0.0,0.0,0.020833333333333332,0.0,0.0,0.020833333333333332,0.020833333333333332,0.08333333333333333,0.041666666666666664,0.041666666666666664,0.020833333333333332,0.041666666666666664,0.0,0.0,0.020833333333333332,0.041666666666666664,0.020833333333333332,0.041666666666666664,0.041666666666666664,0.041666666666666664,0.020833333333333332,0.020833333333333332,0.041666666666666664,0.020833333333333332,0.041666666666666664,0.020833333333333332,0.0,0.0,0.0,0.0,0.0,0.0,0.0,0.020833333333333332,0.0,0.0,0.0,0.0,0.0,0.0,0.0,0.0,0.0,0.0,0.0,0.020833333333333332,0.041666666666666664,0.020833333333333332,0.041666666666666664,0.020833333333333332,0.020833333333333332,0.041666666666666664,0.020833333333333332,0.020833333333333332,0.020833333333333332,0.0,0.0,0.0,0.0,0.020833333333333332,0.0
DVP_420_097f671d1491,Data/AcademicPosters/1_fake/academic_poster_0467.png,AcademicPosters,1,1402,1122,170,0.21193976389045122,0.2135439313839918,0.0012561407728470106,0.0005759533744764927,0.002357639538666782,0.08264244356801209,0.015277340882877218,0.8770083679971079,0.052941176470588235,0.5314157726921597,0.28548740557613134,0.5835845784487306,0.22610023752124842,0.9022824536376605,0.9327094474153298,0.025963711362891446,0.020944741532976874,0.01770165974790166,0.45623038598520493,0.2422232574458482,0.05360250609119387,0.053880960668290984,1.3624204158171707,9.801250008287418,0.029411764705882353,0.19289569999818923,0.058823529411764705,0.041176470588235294,0.023529411764705882,0.01764705882352941,0.07058823529411765,0.023529411764705882,0.0058823529411764705,0.0,0.058823529411764705,0.029411764705882353,0.20588235294117646,0.22941176470588234,0.07058823529411765,0.03529411764705882,0.08823529411764706,0.041176470588235294,0.0058823529411764705,0.0058823529411764705,0.01764705882352941,0.0,0.0,0.0,0.0,0.0,0.01764705882352941,0.029411764705882353,0.011764705882352941,0.011764705882352941,0.011764705882352941,0.011764705882352941,0.011764705882352941,0.0058823529411764705,0.011764705882352941,0.023529411764705882,0.0,0.0,0.0,0.0,0.0,0.0,0.023529411764705882,0.011764705882352941,0.01764705882352941,0.0058823529411764705,0.0058823529411764705,0.0,0.0,0.0,0.011764705882352941,0.029411764705882353,0.01764705882352941,0.0,0.058823529411764705,0.06470588235294118,0.07058823529411765,0.07058823529411765,0.011764705882352941,0.0058823529411764705,0.011764705882352941,0.0,0.029411764705882353,0.052941176470588235,0.058823529411764705,0.029411764705882353,0.011764705882352941,0.029411764705882353,0.011764705882352941,0.0,0.023529411764705882,0.029411764705882353,0.011764705882352941,0.0058823529411764705,0.023529411764705882,0.0058823529411764705,0.023529411764705882,0.0,0.023529411764705882,0.011764705882352941,0.01764705882352941,0.0058823529411764705
DVP_421_09874ff2b050,Data/CommercialPosters/1_fake/commercial_poster_0649.png,CommercialPosters,1,1448,1086,18,0.121160925190789,0.1219262868451309,0.006773682602507273,0.0017977422341605364,0.012499695975715736,0.11007519950890117,0.043226928586044606,0.8819626901601691,0.05555555555555555,0.4976506580908702,0.1858143701685166,0.8069984745451,0.20673535870809762,0.6440900596647894,0.9091635497277698,0.08718810849585405,0.03628320540518901,0.1367983086635321,0.32992584064724145,0.2340343825533241,0.1830065359477124,0.0457516339869281,2.164688600757933,5.028597859518294,0.1111111111111111,0.14741719999983616,0.0,0.05555555555555555,0.0,0.0,0.0,0.0,0.0,0.0,0.0,0.05555555555555555,0.1111111111111111,0.0,0.1111111111111111,0.3333333333333333,0.2222222222222222,0.1111111111111111,0.0,0.0,0.05555555555555555,0.0,0.0,0.0,0.0,0.0,0.0,0.0,0.0,0.0,0.0,0.0,0.0,0.0,0.0,0.0,0.0,0.0,0.0,0.0,0.0,0.0,0.0,0.0,0.0,0.0,0.0,0.0,0.0,0.0,0.0,0.0,0.0,0.0,0.05555555555555555,0.0,0.0,0.0,0.0,0.0,0.0,0.05555555555555555,0.05555555555555555,0.0,0.0,0.0,0.0,0.0,0.05555555555555555,0.16666666666666666,0.05555555555555555,0.05555555555555555,0.0,0.0,0.0,0.1111111111111111,0.0,0.1111111111111111,0.0,0.1111111111111111,0.1111111111111111,0.0
DVP_422_09878aa1c689,Data/AcademicPosters/0_real/NeurIPS_2022_53594_Quantum Algorithms for Sampling Log-Concave Distributions an.png,AcademicPosters,0,1161,870,181,0.4715649704722488,0.49830110784401077,0.0027530447947182917,0.002281030027621848,0.0026592813369130264,0.16012582028257216,0.017711310090810947,0.8252045606478157,0.17679558011049723,0.5029056393276901,0.23684877572866275,0.5905903182039757,0.24568774466417762,0.8755383290267011,0.9186691625026427,0.023797056436714637,0.01781774923887121,0.013876489514136567,0.43235666428438546,0.21744271343817428,0.049478207489257214,0.08600368324125231,1.271614757627643,7.637556345982896,0.049723756906077346,0.17569219999859342,0.03314917127071823,0.03867403314917127,0.0055248618784530384,0.027624309392265192,0.08287292817679558,0.06629834254143646,0.04419889502762431,0.055248618784530384,0.06077348066298342,0.11049723756906077,0.13259668508287292,0.04419889502762431,0.049723756906077346,0.06629834254143646,0.11602209944751381,0.06629834254143646,0.011049723756906077,0.0,0.0,0.011049723756906077,0.0055248618784530384,0.0,0.0,0.011049723756906077,0.011049723756906077,0.011049723756906077,0.0,0.027624309392265192,0.0,0.0,0.011049723756906077,0.0055248618784530384,0.0,0.03867403314917127,0.0,0.03314917127071823,0.0,0.022099447513812154,0.022099447513812154,0.0,0.0,0.04419889502762431,0.0,0.03314917127071823,0.0,0.022099447513812154,0.03314917127071823,0.0,0.0,0.027624309392265192,0.0,0.03867403314917127,0.0,0.03314917127071823,0.022099447513812154,0.0,0.0055248618784530384,0.027624309392265192,0.0,0.0718232044198895,0.07734806629834254,0.022099447513812154,0.022099447513812154,0.0,0.016574585635359115,0.016574585635359115,0.0,0.03867403314917127,0.04419889502762431,0.0055248618784530384,0.027624309392265192,0.0,0.016574585635359115,0.0,0.0,0.027624309392265192,0.055248618784530384,0.011049723756906077,0.03867403314917127,0.0
DVP_423_098d896b0629,Data/UIScreenshots/1_fake/ui_0590.png,UIScreenshots,1,941,1672,17,0.09023823022438716,0.09023823022438718,0.005308131189669834,0.0032255973234215866,0.0041922190157862,0.253109958117147,0.02065156206023079,0.8975288969420678,0.0,0.4514392635064354,0.1736807260529443,0.5828262835425542,0.26588418430443295,0.7215727948990436,0.9434808612440191,0.12408551765833113,0.07163182902162069,0.11101974866384039,0.40641433293446383,0.22170611713402685,0.029411764705882353,0.10294117647058823,0.12075091087491951,0.36438704642274056,0.0,0.12112689999958093,0.058823529411764705,0.0,0.0,0.0,0.0,0.17647058823529413,0.11764705882352941,0.0,0.0,0.23529411764705882,0.11764705882352941,0.0,0.058823529411764705,0.11764705882352941,0.058823529411764705,0.058823529411764705,0.058823529411764705,0.0,0.0,0.0,0.0,0.0,0.0,0.0,0.0,0.0,0.0,0.0,0.0,0.0,0.0,0.0,0.0,0.0,0.058823529411764705,0.0,0.11764705882352941,0.0,0.0,0.0,0.0,0.0,0.058823529411764705,0.058823529411764705,0.0,0.0,0.0,0.0,0.0,0.0,0.11764705882352941,0.058823529411764705,0.0,0.058823529411764705,0.0,0.0,0.0,0.0,0.0,0.058823529411764705,0.058823529411764705,0.0,0.0,0.0,0.0,0.0,0.0,0.058823529411764705,0.058823529411764705,0.0,0.0,0.0,0.0,0.058823529411764705,0.0,0.058823529411764705,0.0,0.0,0.058823529411764705,0.0
DVP_424_098d92349b99,Data/UIScreenshots/0_real/38410.jpg,UIScreenshots,0,540,960,16,0.10200108848018231,0.10595582561728395,0.006622239101080247,0.004459876543209876,0.005599369692033787,0.17881944444444445,0.03815104166666667,0.8767819064263116,0.0,0.4445288464149219,0.2509976886270136,0.4644513722334926,0.3394774266833998,0.8925925925925926,0.8869791666666667,0.13773085895733994,0.12959771511790802,0.10247986182165926,0.5591026769524378,0.2601147647901126,0.08333333333333333,0.058333333333333334,7.223143880204875,22.22406480735394,0.125,0.12790660000064236,0.125,0.125,0.0,0.0625,0.0625,0.0625,0.0625,0.0625,0.0,0.0,0.0,0.0625,0.0625,0.125,0.1875,0.0,0.0625,0.0625,0.0625,0.0625,0.0,0.0,0.0,0.0625,0.0,0.0,0.0,0.0,0.0,0.0,0.0,0.0,0.0,0.0625,0.0625,0.0,0.0625,0.0,0.0,0.0,0.0,0.0,0.0,0.0,0.0,0.0,0.0625,0.0,0.0,0.0,0.0,0.0,0.0,0.0,0.0625,0.0,0.0,0.0,0.0,0.0,0.0,0.0,0.0,0.0,0.0,0.0,0.0,0.0625,0.0625,0.0,0.0,0.0,0.0,0.0625,0.0625,0.0,0.125,0.0,0.0,0.0
DVP_425_09940b5d09b5,Data/AcademicPosters/0_real/ICML_2024_35052_DoRA_ Weight-Decomposed Low-Rank Adaptation.png,AcademicPosters,0,3200,1600,122,0.22266929953877904,0.22468935546875,0.0018417160284323769,0.00077333984375,0.0028677483979647105,0.07926997950819671,0.021260245901639344,0.82174468720825,0.23770491803278687,0.49947269654804133,0.28211484258861574,0.5544024257440441,0.2623055551229847,0.8990625000000001,0.9584375,0.03894031723651399,0.03457568766054755,0.020330655845021344,0.4927734547205374,0.23751437074240198,0.04064489906516732,0.05175450480964639,4.931019454216389,19.519898136293826,0.09016393442622951,0.15047660000163887,0.04918032786885246,0.02459016393442623,0.03278688524590164,0.04918032786885246,0.07377049180327869,0.06557377049180328,0.04918032786885246,0.06557377049180328,0.10655737704918032,0.09836065573770492,0.07377049180327869,0.04918032786885246,0.04918032786885246,0.01639344262295082,0.06557377049180328,0.13114754098360656,0.00819672131147541,0.0,0.0,0.01639344262295082,0.0,0.0,0.0,0.02459016393442623,0.0,0.040983606557377046,0.0,0.00819672131147541,0.02459016393442623,0.00819672131147541,0.02459016393442623,0.0,0.00819672131147541,0.01639344262295082,0.0,0.02459016393442623,0.00819672131147541,0.03278688524590164,0.03278688524590164,0.0,0.03278688524590164,0.01639344262295082,0.02459016393442623,0.01639344262295082,0.00819672131147541,0.0,0.03278688524590164,0.0,0.040983606557377046,0.00819672131147541,0.02459016393442623,0.02459016393442623,0.00819672131147541,0.02459016393442623,0.01639344262295082,0.0,0.03278688524590164,0.02459016393442623,0.040983606557377046,0.00819672131147541,0.00819672131147541,0.03278688524590164,0.03278688524590164,0.0,0.00819672131147541,0.01639344262295082,0.0,0.00819672131147541,0.00819672131147541,0.01639344262295082,0.040983606557377046,0.00819672131147541,0.0,0.02459016393442623,0.0,0.00819672131147541,0.00819672131147541,0.03278688524590164,0.06557377049180328,0.01639344262295082
DVP_426_0996fb0186cc,Data/InfographicCharts/1_fake/infographic_chart_0395.png,InfographicCharts,1,1693,929,54,0.1839541275828985,0.1839541275828985,0.003406557918201824,0.0018597441373552977,0.007146370054420628,0.10299490275863578,0.03137583223697324,0.8894165851468228,0.05555555555555555,0.4004120997155652,0.31680590553486115,0.5852376433942362,0.23984424862152584,0.8759598346131128,0.8934337997847147,0.05983270459012457,0.05899874452887996,0.02118404154347917,0.5096493998837138,0.248994257279784,0.04891684136967156,0.08735150244584207,3.7163131486355296,17.112507959463773,0.09259259259259259,0.11876200000006065,0.037037037037037035,0.05555555555555555,0.018518518518518517,0.0,0.12962962962962962,0.09259259259259259,0.0,0.037037037037037035,0.12962962962962962,0.018518518518518517,0.037037037037037035,0.14814814814814814,0.12962962962962962,0.05555555555555555,0.09259259259259259,0.018518518518518517,0.0,0.0,0.018518518518518517,0.018518518518518517,0.0,0.0,0.0,0.0,0.018518518518518517,0.018518518518518517,0.018518518518518517,0.0,0.0,0.018518518518518517,0.0,0.0,0.018518518518518517,0.018518518518518517,0.037037037037037035,0.0,0.0,0.0,0.018518518518518517,0.0,0.07407407407407407,0.018518518518518517,0.037037037037037035,0.018518518518518517,0.0,0.0,0.0,0.018518518518518517,0.05555555555555555,0.018518518518518517,0.0,0.018518518518518517,0.0,0.0,0.018518518518518517,0.05555555555555555,0.018518518518518517,0.037037037037037035,0.0,0.0,0.0,0.037037037037037035,0.0,0.07407407407407407,0.05555555555555555,0.018518518518518517,0.0,0.0,0.0,0.037037037037037035,0.0,0.0,0.018518518518518517,0.037037037037037035,0.037037037037037035,0.018518518518518517,0.018518518518518517,0.037037037037037035,0.018518518518518517,0.0
DVP_427_0999400278d0,Data/AcademicPosters/0_real/ICLR_2023_13475_Widespread increases in wildfire risk to forest carbon offse.png,AcademicPosters,0,2500,1875,102,0.24157476486842847,0.24425151999999997,0.002394622745098039,0.0015016533333333335,0.0047691726680843625,0.11850196078431371,0.017573856209150328,0.8755720403867274,0.08823529411764706,0.6058417943092782,0.24117325782681046,0.5836601346033428,0.2297703872690669,0.8704,0.8685333333333333,0.02421313331140698,0.018164874142164614,0.014649156360256528,0.4227760404509873,0.21301542029479603,0.07241312366530771,0.09066200737720831,2.8966395642986695,15.262444862975181,0.049019607843137254,0.16299920000165002,0.0,0.049019607843137254,0.00980392156862745,0.0196078431372549,0.049019607843137254,0.11764705882352941,0.029411764705882353,0.12745098039215685,0.029411764705882353,0.10784313725490197,0.08823529411764706,0.0784313725490196,0.0,0.049019607843137254,0.10784313725490197,0.13725490196078433,0.0,0.0,0.0,0.00980392156862745,0.00980392156862745,0.0,0.0,0.0,0.0,0.0,0.0,0.0392156862745098,0.0,0.0,0.00980392156862745,0.00980392156862745,0.0392156862745098,0.0,0.0392156862745098,0.0392156862745098,0.0,0.029411764705882353,0.0,0.0392156862745098,0.00980392156862745,0.0,0.0392156862745098,0.0,0.0,0.0,0.08823529411764706,0.0,0.0,0.0,0.0196078431372549,0.0196078431372549,0.00980392156862745,0.029411764705882353,0.0392156862745098,0.00980392156862745,0.0,0.029411764705882353,0.029411764705882353,0.0392156862745098,0.0,0.049019607843137254,0.029411764705882353,0.0,0.0,0.0,0.00980392156862745,0.029411764705882353,0.00980392156862745,0.06862745098039216,0.0392156862745098,0.0196078431372549,0.0,0.0,0.0,0.00980392156862745,0.0196078431372549,0.00980392156862745,0.029411764705882353,0.049019607843137254
DVP_428_099c390a19b1,Data/Tables/1_fake/table_0471.png,Tables,1,1342,1172,128,0.3048013537253711,0.30841467322472194,0.00240948963456814,0.001990686815562326,0.0025546531655364405,0.09395375372578242,0.026350522610921502,0.9022082857715312,0.046875,0.5343169928344056,0.2954807603025881,0.5203963110774434,0.24794991192947538,0.871833084947839,0.9304607508532423,0.031134617408053115,0.02734627438115126,0.012205664834023177,0.49394045981146717,0.23652065015127235,0.02891240157480315,0.16363188976377951,0.5246443066710894,1.8031710775287542,0.015625,0.20771199999944656,0.046875,0.0390625,0.03125,0.0546875,0.0625,0.0546875,0.0546875,0.109375,0.0703125,0.0625,0.0625,0.1328125,0.046875,0.046875,0.0390625,0.0859375,0.0078125,0.0078125,0.0,0.0234375,0.015625,0.0,0.015625,0.0078125,0.03125,0.0,0.0,0.015625,0.015625,0.0,0.015625,0.015625,0.0234375,0.0078125,0.0,0.0234375,0.0234375,0.0,0.0234375,0.0234375,0.03125,0.0,0.0,0.03125,0.03125,0.0,0.03125,0.03125,0.0390625,0.0,0.0,0.03125,0.03125,0.0,0.03125,0.0390625,0.0078125,0.0234375,0.0,0.03125,0.03125,0.0,0.03125,0.03125,0.0234375,0.0078125,0.0,0.0234375,0.0234375,0.0,0.0234375,0.03125,0.0078125,0.0078125,0.0,0.0234375,0.015625,0.0,0.015625,0.015625
DVP_429_09a373bf6892,Data/UIScreenshots/0_real/228.jpg,UIScreenshots,0,1080,1920,17,0.08044463734567901,0.08044463734567901,0.004732037490922295,0.004309413580246914,0.0031965837045392314,0.2049019607843137,0.025306372549019605,0.8683676477751355,0.058823529411764705,0.14175321440805796,0.08212567592848723,0.4226109095023265,0.25210407255588146,0.27037037037037037,0.7828072821797207,0.08366997384348678,0.07835571215224926,0.027960668250017088,0.3377620007035812,0.18790063126132572,0.007352941176470588,0.15441176470588236,2.621591852144819,9.288601420895638,0.058823529411764705,0.12080489999971178,0.23529411764705882,0.058823529411764705,0.0,0.0,0.29411764705882354,0.0,0.0,0.0,0.17647058823529413,0.11764705882352941,0.0,0.0,0.11764705882352941,0.0,0.0,0.0,0.058823529411764705,0.058823529411764705,0.058823529411764705,0.0,0.0,0.0,0.0,0.0,0.11764705882352941,0.0,0.0,0.0,0.0,0.0,0.0,0.0,0.11764705882352941,0.0,0.0,0.0,0.0,0.0,0.0,0.0,0.058823529411764705,0.11764705882352941,0.0,0.0,0.0,0.0,0.0,0.0,0.058823529411764705,0.058823529411764705,0.058823529411764705,0.0,0.0,0.0,0.0,0.0,0.0,0.058823529411764705,0.058823529411764705,0.0,0.0,0.0,0.0,0.0,0.058823529411764705,0.058823529411764705,0.0,0.0,0.0,0.0,0.0,0.0,0.0,0.0,0.0,0.0,0.0,0.0,0.0,0.0
DVP_430_09b56a4a580e,Data/InfographicCharts/0_real/00057135.jpg,InfographicCharts,0,574,403,26,0.1675412767273758,0.16939806849326913,0.006515310326664197,0.005269710619828637,0.004509336576927294,0.1507638702760654,0.04380606986066044,0.8977768678955022,0.0,0.36244935776417153,0.24437289714923266,0.49036142670691263,0.2727282903548083,0.6807847391142375,0.9007444168734492,0.0794086178816,0.08696092850328406,0.03521086128322007,0.47406807525003547,0.23277678820779363,0.03076923076923077,0.20615384615384616,0.47934281853360805,1.2123562750233385,0.038461538461538464,0.08465740000065125,0.07692307692307693,0.038461538461538464,0.0,0.11538461538461539,0.19230769230769232,0.0,0.11538461538461539,0.0,0.11538461538461539,0.0,0.11538461538461539,0.0,0.11538461538461539,0.11538461538461539,0.0,0.0,0.0,0.0,0.038461538461538464,0.0,0.0,0.0,0.07692307692307693,0.0,0.0,0.07692307692307693,0.0,0.0,0.0,0.0,0.038461538461538464,0.0,0.0,0.11538461538461539,0.0,0.0,0.0,0.07692307692307693,0.0,0.0,0.0,0.07692307692307693,0.0,0.0,0.038461538461538464,0.0,0.0,0.0,0.0,0.038461538461538464,0.0,0.0,0.038461538461538464,0.0,0.0,0.0,0.0,0.07692307692307693,0.0,0.0,0.07692307692307693,0.0,0.0,0.0,0.0,0.07692307692307693,0.0,0.038461538461538464,0.0,0.0,0.0,0.0,0.0,0.038461538461538464,0.038461538461538464,0.038461538461538464,0.0,0.0,0.0,0.0
DVP_431_09c41522f3ba,Data/CommercialPosters/1_fake/commercial_poster_0447.png,CommercialPosters,1,1086,1448,19,0.2933578388625517,0.29973647528056735,0.015775603962135124,0.0018727806436514961,0.03874031728983209,0.1606087040806436,0.0555394009886595,0.8251890746668373,0.05263157894736842,0.4927007285015992,0.14942349939983907,0.7096201012840438,0.17499870106012808,0.5953038674033149,0.5929775671835504,0.0748705707776014,0.061250699849179704,0.042992548966303085,0.290561466535195,0.1654129280353802,0.13450292397660818,0.07602339181286549,13.027670349834905,20.30687606193267,1.0,0.15587460000097053,0.0,0.0,0.0,0.0,0.0,0.15789473684210525,0.0,0.0,0.0,0.10526315789473684,0.05263157894736842,0.05263157894736842,0.0,0.42105263157894735,0.15789473684210525,0.05263157894736842,0.0,0.0,0.0,0.0,0.0,0.0,0.0,0.0,0.0,0.0,0.0,0.0,0.0,0.0,0.0,0.0,0.0,0.0,0.10526315789473684,0.0,0.0,0.0,0.0,0.0,0.0,0.0,0.0,0.05263157894736842,0.0,0.0,0.0,0.0,0.0,0.0,0.0,0.05263157894736842,0.05263157894736842,0.0,0.0,0.0,0.0,0.0,0.0,0.05263157894736842,0.0,0.0,0.05263157894736842,0.0,0.0,0.0,0.15789473684210525,0.2631578947368421,0.15789473684210525,0.0,0.05263157894736842,0.0,0.0,0.0,0.0,0.0,0.0,0.0,0.0,0.0
DVP_432_09c519a7a772,Data/Tables/1_fake/table_0544.png,Tables,1,1313,1198,138,0.3575433755344828,0.3598854780816466,0.002607865783200338,0.0019173870642489959,0.0022439748609526466,0.11268585052485182,0.024273547700273405,0.9086511909902255,0.0,0.5302162541107582,0.2915921255179962,0.48592811251285917,0.2674896769421263,0.8903274942878903,0.9438685688268327,0.02979636044017219,0.025088020659286295,0.011467586272096526,0.507722238480361,0.24011936529325026,0.02581191156246694,0.1435523114355231,0.2055713767884525,0.6564198643618402,0.0,0.20552820000011707,0.050724637681159424,0.057971014492753624,0.050724637681159424,0.08695652173913043,0.07246376811594203,0.06521739130434782,0.06521739130434782,0.13043478260869565,0.07971014492753623,0.014492753623188406,0.036231884057971016,0.06521739130434782,0.050724637681159424,0.050724637681159424,0.043478260869565216,0.07971014492753623,0.014492753623188406,0.0,0.007246376811594203,0.014492753623188406,0.014492753623188406,0.0,0.014492753623188406,0.007246376811594203,0.028985507246376812,0.007246376811594203,0.0,0.036231884057971016,0.036231884057971016,0.0,0.036231884057971016,0.028985507246376812,0.014492753623188406,0.021739130434782608,0.0,0.028985507246376812,0.028985507246376812,0.0,0.028985507246376812,0.028985507246376812,0.014492753623188406,0.021739130434782608,0.0,0.036231884057971016,0.036231884057971016,0.0,0.036231884057971016,0.036231884057971016,0.0,0.036231884057971016,0.0,0.0,0.021739130434782608,0.0,0.021739130434782608,0.021739130434782608,0.028985507246376812,0.014492753623188406,0.0,0.014492753623188406,0.014492753623188406,0.0,0.014492753623188406,0.007246376811594203,0.028985507246376812,0.0,0.0,0.021739130434782608,0.021739130434782608,0.0,0.021739130434782608,0.014492753623188406,0.021739130434782608,0.0,0.007246376811594203,0.021739130434782608,0.021739130434782608,0.0,0.021739130434782608,0.021739130434782608
DVP_433_09c6571c87b0,Data/AcademicPosters/0_real/ICML_2023_25251_Patch-level Contrastive Learning via Positional Query for Vi.png,AcademicPosters,0,5120,2880,191,0.39757413384952806,0.4063192749023437,0.0021273260466091294,0.0007945421006944444,0.002723372601125503,0.10373445680628274,0.020109802210587547,0.8603253954751531,0.07853403141361257,0.6416018414362876,0.27634566305190034,0.5079973974491514,0.19227094350731058,0.85166015625,0.9366319444444444,0.023939871749386027,0.0175349941589285,0.016244215516975732,0.408609213429373,0.2467824822468876,0.06674014880132267,0.10278313585009645,0.8759511411387425,6.700000557509935,0.04712041884816754,0.1617737999986275,0.03664921465968586,0.005235602094240838,0.031413612565445025,0.005235602094240838,0.05759162303664921,0.005235602094240838,0.11518324607329843,0.2356020942408377,0.05235602094240838,0.031413612565445025,0.09424083769633508,0.2356020942408377,0.05759162303664921,0.010471204188481676,0.02617801047120419,0.0,0.015706806282722512,0.005235602094240838,0.0,0.0,0.015706806282722512,0.0,0.0,0.0,0.0,0.015706806282722512,0.0,0.005235602094240838,0.010471204188481676,0.005235602094240838,0.005235602094240838,0.0,0.0,0.02617801047120419,0.0,0.005235602094240838,0.02617801047120419,0.020942408376963352,0.04712041884816754,0.031413612565445025,0.0,0.031413612565445025,0.0,0.0,0.02617801047120419,0.041884816753926704,0.07853403141361257,0.07853403141361257,0.005235602094240838,0.015706806282722512,0.0,0.010471204188481676,0.020942408376963352,0.041884816753926704,0.07853403141361257,0.06806282722513089,0.0,0.031413612565445025,0.0,0.020942408376963352,0.010471204188481676,0.020942408376963352,0.04712041884816754,0.041884816753926704,0.0,0.031413612565445025,0.0,0.005235602094240838,0.010471204188481676,0.0,0.0,0.0,0.0,0.02617801047120419,0.0,0.005235602094240838,0.010471204188481676,0.005235602094240838,0.0,0.0
DVP_434_09c8e2199746,Data/AcademicPosters/0_real/NeurIPS_2023_79000_DPZero_ Dimension-Independent and Differentially Private Zer.png,AcademicPosters,0,1683,2383,145,0.3234632177264373,0.3286722972610756,0.0022667054983522457,0.0014795831734441,0.0025678571833703473,0.1596779150531686,0.014386386328447189,0.8400412847858274,0.15172413793103448,0.4686436784370511,0.26012494884508375,0.5571845004453463,0.24482331554293607,0.8683897801544861,0.9244649601342846,0.03256928502329507,0.026452283071320692,0.023436930987586008,0.4540774243816457,0.2253726967145992,0.051628352490421456,0.06503831417624521,4.9149472879294684,19.450667533017644,0.10344827586206896,0.22532089999913296,0.05517241379310345,0.006896551724137931,0.06896551724137931,0.027586206896551724,0.1103448275862069,0.006896551724137931,0.07586206896551724,0.013793103448275862,0.09655172413793103,0.07586206896551724,0.15862068965517243,0.09655172413793103,0.0896551724137931,0.034482758620689655,0.06896551724137931,0.013793103448275862,0.013793103448275862,0.0,0.0,0.0,0.027586206896551724,0.0,0.0,0.027586206896551724,0.006896551724137931,0.034482758620689655,0.0,0.006896551724137931,0.034482758620689655,0.006896551724137931,0.0,0.0,0.013793103448275862,0.034482758620689655,0.0,0.006896551724137931,0.013793103448275862,0.006896551724137931,0.006896551724137931,0.0,0.013793103448275862,0.04827586206896552,0.0,0.0,0.020689655172413793,0.034482758620689655,0.006896551724137931,0.0,0.013793103448275862,0.041379310344827586,0.0,0.020689655172413793,0.04827586206896552,0.013793103448275862,0.013793103448275862,0.0,0.0,0.041379310344827586,0.013793103448275862,0.041379310344827586,0.041379310344827586,0.05517241379310345,0.04827586206896552,0.034482758620689655,0.013793103448275862,0.041379310344827586,0.0,0.020689655172413793,0.020689655172413793,0.027586206896551724,0.006896551724137931,0.0,0.006896551724137931,0.027586206896551724,0.0,0.013793103448275862,0.006896551724137931,0.013793103448275862,0.006896551724137931,0.0
DVP_435_09c9cd245e0f,Data/AcademicPosters/1_fake/academic_poster_0080.png,AcademicPosters,1,1402,1122,193,0.18267748607276463,0.1838445078459344,0.000952562216818313,0.0005835818959927377,0.001388012350338348,0.06264551750644896,0.015470154147386698,0.8599340073644998,0.07772020725388601,0.5194905493944033,0.28639715777306096,0.5765833124485774,0.26922859987640374,0.9354493580599144,0.9336007130124777,0.024230659907448823,0.019620811959973523,0.01394222311341079,0.5008991215118971,0.2443854819611005,0.04674006908462867,0.04522884283246978,2.9561686923833466,14.807647602542017,0.06217616580310881,0.19866390000061074,0.02072538860103627,0.025906735751295335,0.025906735751295335,0.04145077720207254,0.06735751295336788,0.06735751295336788,0.07772020725388601,0.10362694300518134,0.05699481865284974,0.025906735751295335,0.07772020725388601,0.08808290155440414,0.08808290155440414,0.12953367875647667,0.07253886010362694,0.031088082901554404,0.0,0.0,0.015544041450777202,0.0,0.0051813471502590676,0.010362694300518135,0.010362694300518135,0.015544041450777202,0.010362694300518135,0.010362694300518135,0.0,0.010362694300518135,0.0,0.010362694300518135,0.010362694300518135,0.0051813471502590676,0.02072538860103627,0.015544041450777202,0.015544041450777202,0.02072538860103627,0.02072538860103627,0.02072538860103627,0.0,0.0051813471502590676,0.02072538860103627,0.010362694300518135,0.0051813471502590676,0.025906735751295335,0.02072538860103627,0.015544041450777202,0.05181347150259067,0.046632124352331605,0.010362694300518135,0.0051813471502590676,0.015544041450777202,0.010362694300518135,0.0,0.025906735751295335,0.04145077720207254,0.04145077720207254,0.02072538860103627,0.02072538860103627,0.0,0.0,0.031088082901554404,0.02072538860103627,0.0,0.0051813471502590676,0.015544041450777202,0.0051813471502590676,0.015544041450777202,0.025906735751295335,0.02072538860103627,0.02072538860103627,0.0,0.010362694300518135,0.02072538860103627,0.046632124352331605,0.046632124352331605,0.04145077720207254,0.010362694300518135,0.02072538860103627,0.02072538860103627,0.0
DVP_436_09d109c1c88e,Data/Tables/1_fake/table_0685.png,Tables,1,1388,1133,69,0.22769336717953154,0.228005588183675,0.0033044288142561593,0.002541008416613464,0.0036799361055318424,0.11744559996658732,0.031108893920206708,0.9053871574678589,0.0,0.480423757457846,0.2746054000235502,0.4578228991473973,0.24486666141215693,0.8728386167146974,0.9223273249900311,0.07337693782282546,0.05446014536615435,0.0411063155773274,0.4727569450186497,0.22631370313963894,0.056692242114237,0.09761295822676896,0.3108015684800396,0.7901654131959698,0.0,0.18015589999959047,0.014492753623188406,0.057971014492753624,0.10144927536231885,0.08695652173913043,0.07246376811594203,0.08695652173913043,0.057971014492753624,0.057971014492753624,0.07246376811594203,0.08695652173913043,0.057971014492753624,0.057971014492753624,0.07246376811594203,0.057971014492753624,0.028985507246376812,0.028985507246376812,0.014492753623188406,0.0,0.028985507246376812,0.0,0.014492753623188406,0.0,0.0,0.014492753623188406,0.0,0.0,0.0,0.028985507246376812,0.043478260869565216,0.043478260869565216,0.043478260869565216,0.028985507246376812,0.014492753623188406,0.014492753623188406,0.028985507246376812,0.014492753623188406,0.014492753623188406,0.014492753623188406,0.014492753623188406,0.014492753623188406,0.028985507246376812,0.014492753623188406,0.028985507246376812,0.014492753623188406,0.014492753623188406,0.014492753623188406,0.014492753623188406,0.014492753623188406,0.014492753623188406,0.014492753623188406,0.028985507246376812,0.014492753623188406,0.014492753623188406,0.014492753623188406,0.014492753623188406,0.014492753623188406,0.028985507246376812,0.014492753623188406,0.028985507246376812,0.014492753623188406,0.014492753623188406,0.014492753623188406,0.014492753623188406,0.014492753623188406,0.028985507246376812,0.028985507246376812,0.0,0.028985507246376812,0.014492753623188406,0.014492753623188406,0.014492753623188406,0.014492753623188406,0.0,0.014492753623188406,0.028985507246376812,0.0,0.0,0.0,0.0,0.0
DVP_437_09d3c7f188b6,Data/CommercialPosters/0_real/5e25540b9fea0cc374510bd5_preview.jpg,CommercialPosters,0,940,788,6,0.16870693829541397,0.17251728048385354,0.028752880080642255,0.011104060913705582,0.029599136750578604,0.27606382978723404,0.08840947546531303,0.9244008491519754,0.0,0.4981382978723405,0.001911689596883671,0.562605752961083,0.2483588421464025,0.005851063829787229,0.7290609137055838,0.13211830931691684,0.14087404417190422,0.05451399458778831,0.33445094874484743,0.19023251182243023,0.0,1.0,0.19397251429158047,0.33746477870356395,0.0,0.16360419999909936,0.0,0.16666666666666666,0.0,0.0,0.0,0.16666666666666666,0.0,0.0,0.0,0.3333333333333333,0.0,0.0,0.0,0.16666666666666666,0.16666666666666666,0.0,0.0,0.0,0.0,0.0,0.0,0.0,0.0,0.0,0.0,0.0,0.0,0.16666666666666666,0.0,0.0,0.0,0.0,0.0,0.0,0.0,0.16666666666666666,0.0,0.0,0.0,0.0,0.0,0.0,0.0,0.0,0.0,0.0,0.0,0.0,0.0,0.0,0.0,0.16666666666666666,0.0,0.0,0.0,0.0,0.0,0.0,0.0,0.16666666666666666,0.0,0.0,0.0,0.0,0.0,0.0,0.0,0.0,0.16666666666666666,0.0,0.0,0.0,0.0,0.0,0.0,0.16666666666666666,0.0,0.0,0.0,0.0
DVP_438_09d4c45d9f86,Data/Receipts/0_real/X51005255805.jpg,Receipts,0,873,1656,46,0.25452621998265096,0.2585654719413871,0.005620988520464937,0.004126409017713366,0.004553482205148739,0.2319089596095423,0.026005566057550937,0.8667121845220519,0.021739130434782608,0.45053289516531536,0.19685574531793096,0.44535793813250907,0.19883391864153743,0.6179839633447881,0.7848665192169644,0.04335850910119791,0.04651169188474856,0.0198953020985951,0.3621507470211519,0.17000143220360842,0.03671497584541063,0.11884057971014493,3.2345417179262954,13.381292600655293,0.021739130434782608,0.11395999999876949,0.0,0.15217391304347827,0.0,0.0,0.13043478260869565,0.10869565217391304,0.17391304347826086,0.021739130434782608,0.13043478260869565,0.043478260869565216,0.17391304347826086,0.0,0.021739130434782608,0.043478260869565216,0.0,0.0,0.0,0.0,0.0,0.08695652173913043,0.0,0.0,0.0,0.0,0.0,0.0,0.0,0.06521739130434782,0.0,0.0,0.0,0.0,0.0,0.043478260869565216,0.0,0.08695652173913043,0.043478260869565216,0.043478260869565216,0.0,0.0,0.0,0.08695652173913043,0.021739130434782608,0.0,0.021739130434782608,0.06521739130434782,0.021739130434782608,0.0,0.0,0.10869565217391304,0.0,0.0,0.043478260869565216,0.08695652173913043,0.0,0.0,0.0,0.021739130434782608,0.0,0.043478260869565216,0.0,0.043478260869565216,0.0,0.0,0.0,0.021739130434782608,0.043478260869565216,0.0,0.0,0.0,0.0,0.0,0.0,0.0,0.0,0.0,0.0,0.0,0.0,0.0
DVP_439_09da3c093f0c,Data/UIScreenshots/0_real/32936.jpg,UIScreenshots,0,1080,1920,26,0.1401538387345679,0.1401538387345679,0.005390532259021843,0.0030497685185185185,0.004987429445479735,0.19722222222222222,0.028285256410256407,0.8747434407293521,0.038461538461538464,0.2367703812969978,0.19848244324898118,0.4286053689751519,0.2875454073809124,0.8731481481481481,0.8583333333333333,0.10876704966729625,0.08271697336145174,0.07159712671560822,0.44382100028351523,0.2386302876877432,0.052307692307692305,0.1723076923076923,31.21532293323978,42.8619143726986,0.34615384615384615,0.12720300000000861,0.23076923076923078,0.038461538461538464,0.038461538461538464,0.038461538461538464,0.15384615384615385,0.07692307692307693,0.0,0.0,0.11538461538461539,0.11538461538461539,0.0,0.0,0.07692307692307693,0.11538461538461539,0.0,0.0,0.038461538461538464,0.07692307692307693,0.0,0.0,0.038461538461538464,0.0,0.0,0.038461538461538464,0.07692307692307693,0.038461538461538464,0.0,0.038461538461538464,0.0,0.0,0.0,0.0,0.038461538461538464,0.0,0.038461538461538464,0.0,0.0,0.0,0.0,0.0,0.07692307692307693,0.038461538461538464,0.038461538461538464,0.0,0.0,0.0,0.0,0.0,0.038461538461538464,0.0,0.038461538461538464,0.0,0.0,0.0,0.0,0.0,0.07692307692307693,0.0,0.07692307692307693,0.0,0.0,0.0,0.0,0.0,0.07692307692307693,0.0,0.07692307692307693,0.038461538461538464,0.0,0.0,0.0,0.0,0.0,0.0,0.0,0.0,0.0,0.0,0.0,0.0
DVP_440_09dd80be3307,Data/Tables/1_fake/table_0492.png,Tables,1,1316,1195,135,0.2544182597588558,0.25474590174358713,0.001887006679582127,0.0010701886024595897,0.0030667993295478936,0.08056962737813801,0.02390206105687277,0.9157731809433932,0.007407407407407408,0.5145204907460387,0.29180461237348015,0.4775218602545543,0.2262810358457506,0.8905775075987842,0.9029288702928869,0.055140410963093835,0.06569037656903759,0.016659104067647267,0.4732378499298913,0.22536001275808235,0.05948037589828634,0.07915975677169707,6.20749910853222,22.500127410304284,0.06666666666666667,0.20482179999999062,0.037037037037037035,0.05185185185185185,0.06666666666666667,0.06666666666666667,0.08148148148148149,0.06666666666666667,0.08888888888888889,0.08888888888888889,0.07407407407407407,0.07407407407407407,0.05925925925925926,0.06666666666666667,0.044444444444444446,0.05185185185185185,0.037037037037037035,0.044444444444444446,0.0,0.007407407407407408,0.0,0.014814814814814815,0.0,0.007407407407407408,0.0,0.0,0.014814814814814815,0.014814814814814815,0.014814814814814815,0.022222222222222223,0.014814814814814815,0.044444444444444446,0.022222222222222223,0.044444444444444446,0.022222222222222223,0.022222222222222223,0.014814814814814815,0.022222222222222223,0.007407407407407408,0.02962962962962963,0.014814814814814815,0.02962962962962963,0.014814814814814815,0.022222222222222223,0.014814814814814815,0.014814814814814815,0.022222222222222223,0.02962962962962963,0.014814814814814815,0.02962962962962963,0.02962962962962963,0.014814814814814815,0.014814814814814815,0.037037037037037035,0.007407407407407408,0.02962962962962963,0.014814814814814815,0.02962962962962963,0.007407407407407408,0.022222222222222223,0.007407407407407408,0.014814814814814815,0.007407407407407408,0.014814814814814815,0.007407407407407408,0.014814814814814815,0.02962962962962963,0.014814814814814815,0.014814814814814815,0.022222222222222223,0.007407407407407408,0.02962962962962963,0.014814814814814815,0.02962962962962963,0.0,0.0,0.007407407407407408,0.007407407407407408,0.0,0.0,0.0,0.0
DVP_441_09e69ca7e8a4,Data/InfographicCharts/1_fake/infographic_chart_0277.png,InfographicCharts,1,1254,1254,66,0.184124847898983,0.1845354832637633,0.00279599217066308,0.0008805951735944181,0.005710517874170225,0.10793340099560195,0.02502295684113866,0.8753437468951969,0.0,0.5173560709700323,0.19310995663713396,0.540548520725999,0.19625373744262112,0.8219770964520199,0.907097288676236,0.045801671777097534,0.036802455718769084,0.030893615570479968,0.35028724614081314,0.17676350705360447,0.05687645687645688,0.07459207459207459,1.462274626355367,2.6286244107181185,0.15151515151515152,0.20952659999966272,0.0,0.0,0.06060606060606061,0.0,0.015151515151515152,0.16666666666666666,0.16666666666666666,0.015151515151515152,0.030303030303030304,0.16666666666666666,0.15151515151515152,0.07575757575757576,0.030303030303030304,0.030303030303030304,0.07575757575757576,0.015151515151515152,0.0,0.0,0.0,0.0,0.030303030303030304,0.0,0.0,0.0,0.0,0.0,0.0,0.0,0.030303030303030304,0.0,0.0,0.0,0.0,0.0,0.015151515151515152,0.045454545454545456,0.045454545454545456,0.015151515151515152,0.0,0.0,0.0,0.015151515151515152,0.06060606060606061,0.045454545454545456,0.045454545454545456,0.06060606060606061,0.015151515151515152,0.0,0.0,0.030303030303030304,0.045454545454545456,0.06060606060606061,0.045454545454545456,0.015151515151515152,0.0,0.030303030303030304,0.0,0.0,0.030303030303030304,0.030303030303030304,0.06060606060606061,0.030303030303030304,0.0,0.045454545454545456,0.0,0.015151515151515152,0.0,0.0,0.045454545454545456,0.030303030303030304,0.0,0.015151515151515152,0.015151515151515152,0.0,0.0,0.030303030303030304,0.0,0.0,0.0,0.0
DVP_442_09ecd4810526,Data/CommercialPosters/0_real/5f560883a637ee11e31317e1_preview.jpg,CommercialPosters,0,576,1024,4,0.0774383544921875,0.07781812879774305,0.019454532199435763,0.023852878146701388,0.009862855742999726,0.32421875,0.053466796875,0.9725483709059273,0.0,0.5045572916666667,0.0011276372445110198,0.3028564453125,0.08562577671896052,0.0026041666666667407,0.23193359375,0.07410494555061423,0.064697265625,0.016436743080880376,0.12672031554724883,0.059133314126249135,0.0,1.0,0.0,0.0,0.0,0.12113099999987753,0.0,0.0,0.25,0.0,0.0,0.0,0.75,0.0,0.0,0.0,0.0,0.0,0.0,0.0,0.0,0.0,0.0,0.0,0.0,0.0,0.0,0.0,0.0,0.0,0.0,0.0,0.0,0.0,0.25,0.0,0.0,0.0,0.0,0.0,0.0,0.0,0.5,0.0,0.0,0.0,0.0,0.0,0.0,0.0,0.25,0.0,0.0,0.0,0.0,0.0,0.0,0.0,0.0,0.0,0.0,0.0,0.0,0.0,0.0,0.0,0.0,0.0,0.0,0.0,0.0,0.0,0.0,0.0,0.0,0.0,0.0,0.0,0.0,0.0,0.0,0.0,0.0,0.0,0.0,0.0
DVP_443_0a031680e02e,Data/Tables/0_real/PMC3128849_table_0.jpg,Tables,0,602,432,67,0.23732235142118863,0.23770687215454658,0.0035478637635006955,0.004198966408268734,0.002848186677596699,0.12798135568007138,0.026983139856274183,0.8783296216454286,0.05970149253731343,0.4647691773689691,0.26115155238835364,0.498117053620785,0.2470885556268425,0.632890365448505,0.8368055555555555,0.03470304629932816,0.033575089447584826,0.005249591019549684,0.464080081294703,0.216915208294671,0.027589326096788783,0.3274536408864767,26.89788915144049,41.205515450114895,0.29850746268656714,0.12389509999957227,0.08955223880597014,0.05970149253731343,0.0,0.05970149253731343,0.1044776119402985,0.08955223880597014,0.0,0.1044776119402985,0.1044776119402985,0.05970149253731343,0.0,0.1044776119402985,0.07462686567164178,0.07462686567164178,0.0,0.07462686567164178,0.0,0.029850746268656716,0.0,0.014925373134328358,0.0,0.0,0.014925373134328358,0.0,0.0,0.05970149253731343,0.0,0.04477611940298507,0.0,0.0,0.04477611940298507,0.0,0.0,0.04477611940298507,0.0,0.05970149253731343,0.0,0.0,0.05970149253731343,0.0,0.0,0.05970149253731343,0.0,0.029850746268656716,0.0,0.0,0.04477611940298507,0.0,0.0,0.05970149253731343,0.0,0.014925373134328358,0.0,0.0,0.05970149253731343,0.0,0.0,0.04477611940298507,0.0,0.04477611940298507,0.0,0.0,0.04477611940298507,0.0,0.0,0.05970149253731343,0.0,0.05970149253731343,0.0,0.0,0.05970149253731343,0.0,0.0,0.014925373134328358,0.0,0.014925373134328358,0.0,0.0,0.014925373134328358,0.0
DVP_444_0a082498dc33,Data/CommercialPosters/1_fake/commercial_poster_0846.png,CommercialPosters,1,1448,1086,23,0.12119454301650928,0.12189671662444165,0.005299857244540941,0.003500096659646124,0.005099068976418112,0.1308551525342301,0.03763311714308591,0.847704108606654,0.17391304347826086,0.7024251851183252,0.06623397190395733,0.49581360380692274,0.21083404723771212,0.25138121546961323,0.7483811183143307,0.051169906318346024,0.04005541399385861,0.027427494346031932,0.27478648755077595,0.1631197949520437,0.043478260869565216,0.22924901185770752,0.6241661567817971,1.2820601353136192,0.043478260869565216,0.15012120000028517,0.0,0.0,0.08695652173913043,0.08695652173913043,0.0,0.0,0.34782608695652173,0.043478260869565216,0.0,0.0,0.30434782608695654,0.0,0.0,0.0,0.08695652173913043,0.043478260869565216,0.0,0.0,0.0,0.0,0.0,0.0,0.0,0.0,0.0,0.0,0.0,0.0,0.08695652173913043,0.0,0.08695652173913043,0.0,0.0,0.0,0.0,0.0,0.08695652173913043,0.13043478260869565,0.0,0.0,0.0,0.0,0.0,0.0,0.0,0.13043478260869565,0.043478260869565216,0.0,0.0,0.0,0.0,0.0,0.0,0.13043478260869565,0.0,0.0,0.0,0.0,0.0,0.0,0.043478260869565216,0.13043478260869565,0.0,0.0,0.0,0.0,0.0,0.0,0.0,0.043478260869565216,0.043478260869565216,0.0,0.0,0.0,0.0,0.0,0.0,0.043478260869565216,0.0,0.0
DVP_445_0a1183b1adc0,Data/AcademicPosters/0_real/ICML_2023_25086_Enabling First-Order Gradient-Based Learning for Equilibrium.png,AcademicPosters,0,1280,720,138,0.3951220768940338,0.4118429904513889,0.002984369496024557,0.0007400173611111111,0.007038129723054241,0.08588654891304347,0.02640901771336554,0.853227926958548,0.11594202898550725,0.6601440968680781,0.29291711611899235,0.6234895605319657,0.19228364796316347,0.88203125,0.9138947842992733,0.030145351528940434,0.021885594238580615,0.02261587978817758,0.42415567134030724,0.25967509664020766,0.06146196974505448,0.09573680313128108,2.543476936437374,13.378622416997649,0.050724637681159424,0.13736449999851175,0.014492753623188406,0.021739130434782608,0.0,0.014492753623188406,0.057971014492753624,0.007246376811594203,0.021739130434782608,0.07246376811594203,0.057971014492753624,0.036231884057971016,0.043478260869565216,0.391304347826087,0.050724637681159424,0.043478260869565216,0.036231884057971016,0.13043478260869565,0.0,0.0,0.007246376811594203,0.007246376811594203,0.0,0.0,0.0,0.007246376811594203,0.0,0.014492753623188406,0.0,0.007246376811594203,0.0,0.0,0.007246376811594203,0.0,0.007246376811594203,0.021739130434782608,0.0,0.0,0.014492753623188406,0.0,0.036231884057971016,0.0,0.0,0.028985507246376812,0.0,0.007246376811594203,0.0,0.007246376811594203,0.036231884057971016,0.0,0.014492753623188406,0.014492753623188406,0.007246376811594203,0.014492753623188406,0.014492753623188406,0.007246376811594203,0.07246376811594203,0.07971014492753623,0.014492753623188406,0.014492753623188406,0.014492753623188406,0.0,0.0,0.021739130434782608,0.12318840579710146,0.11594202898550725,0.0,0.036231884057971016,0.014492753623188406,0.021739130434782608,0.021739130434782608,0.007246376811594203,0.07971014492753623,0.014492753623188406,0.0,0.014492753623188406,0.0,0.007246376811594203,0.007246376811594203,0.0,0.021739130434782608,0.014492753623188406
DVP_446_0a11d42a2c68,Data/Receipts/1_fake/receipt_0986.png,Receipts,1,978,1609,68,0.23696055330567264,0.23718004933903233,0.003487941902044593,0.002502221019037851,0.003276210387876121,0.17687657885239982,0.019613936314115458,0.9126358922544778,0.0,0.4857592967044409,0.2698852987053532,0.4978797492397356,0.22381505918307543,0.7868098159509201,0.9174930196747771,0.04264617156312512,0.04599414041433871,0.013995009991100963,0.4510344397857167,0.21470918513814385,0.03906935908691835,0.08384547848990342,7.984137168218293,25.53085612256939,0.08823529411764706,0.13290869999946153,0.0,0.04411764705882353,0.04411764705882353,0.0,0.10294117647058823,0.07352941176470588,0.16176470588235295,0.10294117647058823,0.10294117647058823,0.029411764705882353,0.08823529411764706,0.07352941176470588,0.07352941176470588,0.07352941176470588,0.0,0.029411764705882353,0.0,0.0,0.0,0.014705882352941176,0.029411764705882353,0.0,0.0,0.0,0.0,0.0,0.0,0.029411764705882353,0.014705882352941176,0.0,0.0,0.0,0.014705882352941176,0.04411764705882353,0.04411764705882353,0.0,0.014705882352941176,0.058823529411764705,0.058823529411764705,0.0,0.0,0.04411764705882353,0.029411764705882353,0.0,0.04411764705882353,0.04411764705882353,0.04411764705882353,0.0,0.0,0.04411764705882353,0.029411764705882353,0.0,0.029411764705882353,0.029411764705882353,0.0,0.029411764705882353,0.0,0.058823529411764705,0.0,0.0,0.014705882352941176,0.014705882352941176,0.014705882352941176,0.029411764705882353,0.029411764705882353,0.04411764705882353,0.014705882352941176,0.014705882352941176,0.0,0.0,0.029411764705882353,0.0,0.0,0.0,0.0,0.04411764705882353,0.0,0.0,0.0,0.0
DVP_447_0a12341e06e8,Data/InfographicCharts/1_fake/infographic_chart_0162.png,InfographicCharts,1,1536,1024,83,0.1720701066846194,0.1721951166788737,0.00207463995998643,0.000885009765625,0.00441576129289438,0.07437562751004016,0.026002447289156627,0.8550199959162856,0.0963855421686747,0.47380626130934395,0.29918092127254864,0.5773241971534343,0.23024235470840745,0.9128629429133859,0.8945359036566494,0.05094343812766765,0.041753360838905636,0.023489470596611415,0.480945489132261,0.2391842048018831,0.0502497796062298,0.06435498089920658,11.271076819385117,29.203239483859473,0.14457831325301204,0.14350070000000414,0.024096385542168676,0.024096385542168676,0.0,0.04819277108433735,0.08433734939759036,0.012048192771084338,0.03614457831325301,0.10843373493975904,0.10843373493975904,0.1566265060240964,0.07228915662650602,0.07228915662650602,0.04819277108433735,0.08433734939759036,0.07228915662650602,0.04819277108433735,0.0,0.0,0.024096385542168676,0.0,0.0,0.0,0.03614457831325301,0.0,0.0,0.024096385542168676,0.0,0.0,0.0,0.0,0.012048192771084338,0.0,0.04819277108433735,0.0,0.0,0.0,0.0,0.012048192771084338,0.03614457831325301,0.012048192771084338,0.03614457831325301,0.0,0.0,0.012048192771084338,0.012048192771084338,0.012048192771084338,0.04819277108433735,0.012048192771084338,0.03614457831325301,0.0,0.024096385542168676,0.012048192771084338,0.024096385542168676,0.012048192771084338,0.03614457831325301,0.024096385542168676,0.04819277108433735,0.024096385542168676,0.07228915662650602,0.04819277108433735,0.012048192771084338,0.024096385542168676,0.012048192771084338,0.0,0.012048192771084338,0.024096385542168676,0.03614457831325301,0.024096385542168676,0.012048192771084338,0.024096385542168676,0.03614457831325301,0.012048192771084338,0.0,0.012048192771084338,0.024096385542168676,0.0,0.012048192771084338,0.024096385542168676,0.0,0.0
DVP_448_0a12b2e81fd7,Data/Receipts/0_real/X51005442383.jpg,Receipts,0,1080,1528,58,0.0643408138105191,0.06810585127011828,0.0011742388150020394,0.0009268348846228427,0.0008828078209295752,0.0813537675606641,0.015199043148582777,0.8494242557996908,0.017241379310344827,0.48260169890312155,0.10195331981297188,0.4211068523044378,0.10557283151034473,0.4022883841484209,0.47178932510398697,0.023126290183406752,0.018830911468736014,0.01975635561141091,0.18691085107000324,0.094341566443532,0.08892921960072596,0.14882032667876588,3.2050375284770407,13.353045328117597,0.10344827586206896,0.14805539999906614,0.0,0.05172413793103448,0.0,0.0,0.0,0.5,0.1896551724137931,0.0,0.0,0.13793103448275862,0.1206896551724138,0.0,0.0,0.0,0.0,0.0,0.0,0.0,0.0,0.0,0.0,0.0,0.0,0.0,0.0,0.0,0.0,0.05172413793103448,0.0,0.0,0.0,0.0,0.0,0.0,0.06896551724137931,0.13793103448275862,0.08620689655172414,0.0,0.0,0.0,0.0,0.0,0.10344827586206896,0.1896551724137931,0.034482758620689655,0.06896551724137931,0.0,0.0,0.0,0.0,0.0,0.13793103448275862,0.05172413793103448,0.05172413793103448,0.0,0.0,0.0,0.0,0.0,0.0,0.0,0.017241379310344827,0.0,0.0,0.0,0.0,0.0,0.0,0.0,0.0,0.0,0.0,0.0,0.0,0.0,0.0,0.0,0.0,0.0,0.0
DVP_449_0a12f1a9ed0e,Data/Receipts/0_real/X51005663317.jpg,Receipts,0,935,1695,43,0.2295389080813339,0.22953890808133387,0.0053381141414263695,0.00429574243212973,0.004125989538430276,0.22701156572565598,0.024325993002675447,0.9094943922623088,0.023255813953488372,0.4162304314249911,0.20487227704142547,0.5623961497208895,0.21304274172982346,0.7379679144385026,0.8032448377581121,0.048881416862694045,0.04585242389211886,0.019420572291841093,0.38309758296882207,0.17920924822809065,0.029900332225913623,0.1184939091915836,0.20198269547650788,0.6173222084989723,0.0,0.12343549999968673,0.0,0.11627906976744186,0.0,0.0,0.06976744186046512,0.16279069767441862,0.0,0.0,0.09302325581395349,0.11627906976744186,0.13953488372093023,0.046511627906976744,0.06976744186046512,0.09302325581395349,0.06976744186046512,0.023255813953488372,0.0,0.0,0.0,0.0,0.0,0.0,0.0,0.0,0.0,0.0,0.0,0.11627906976744186,0.0,0.0,0.0,0.0,0.0,0.0,0.0,0.09302325581395349,0.0,0.0,0.0,0.0,0.046511627906976744,0.023255813953488372,0.023255813953488372,0.046511627906976744,0.0,0.0,0.0,0.0,0.046511627906976744,0.0,0.046511627906976744,0.023255813953488372,0.0,0.06976744186046512,0.046511627906976744,0.0,0.0,0.046511627906976744,0.046511627906976744,0.0,0.0,0.06976744186046512,0.0,0.0,0.023255813953488372,0.046511627906976744,0.0,0.023255813953488372,0.023255813953488372,0.046511627906976744,0.023255813953488372,0.0,0.0,0.0,0.0,0.06976744186046512,0.0,0.0,0.0,0.0
DVP_450_0a16dab1f383,Data/AcademicPosters/0_real/ICML_2022_17475_Reducing Variance in Temporal-Difference Value Estimation vi.png,AcademicPosters,0,5120,2880,96,0.3422647070892319,0.3436859130859375,0.0035800615946451823,0.0010183037651909721,0.0041723747215000224,0.12271321614583335,0.0249095775462963,0.832072804461441,0.125,0.6024472816682029,0.29500502593766814,0.5244393395305701,0.26557788952500405,0.8869140624999999,0.9293402777777777,0.04470982438269993,0.04110632899571668,0.025043480354035644,0.5081654803828843,0.24536513570231908,0.03859649122807018,0.0905701754385965,4.6018816825392586,18.775827842565253,0.07291666666666667,0.13289150000127847,0.041666666666666664,0.041666666666666664,0.020833333333333332,0.08333333333333333,0.052083333333333336,0.0625,0.052083333333333336,0.125,0.052083333333333336,0.041666666666666664,0.052083333333333336,0.09375,0.0625,0.052083333333333336,0.052083333333333336,0.11458333333333333,0.010416666666666666,0.0,0.0,0.020833333333333332,0.0,0.0,0.010416666666666666,0.020833333333333332,0.010416666666666666,0.020833333333333332,0.0,0.020833333333333332,0.010416666666666666,0.010416666666666666,0.020833333333333332,0.03125,0.0,0.03125,0.0,0.041666666666666664,0.0,0.0,0.010416666666666666,0.0625,0.0,0.020833333333333332,0.010416666666666666,0.010416666666666666,0.03125,0.020833333333333332,0.020833333333333332,0.03125,0.010416666666666666,0.020833333333333332,0.0,0.020833333333333332,0.020833333333333332,0.020833333333333332,0.0,0.03125,0.0,0.020833333333333332,0.0,0.020833333333333332,0.0,0.010416666666666666,0.041666666666666664,0.020833333333333332,0.0,0.03125,0.0,0.03125,0.010416666666666666,0.020833333333333332,0.03125,0.041666666666666664,0.020833333333333332,0.010416666666666666,0.0,0.020833333333333332,0.0,0.020833333333333332,0.041666666666666664,0.0
DVP_451_0a1bf30491cb,Data/Receipts/1_fake/receipt_0576.png,Receipts,1,1024,1536,72,0.19360224405924478,0.19396464029947916,0.002693953337492766,0.0019419987996419272,0.0020525634963612037,0.1502956814236111,0.017876519097222224,0.9001950120569584,0.013888888888888888,0.4704522026909722,0.2646035518712627,0.4702284071180556,0.2145904104848258,0.78662109375,0.9072265625,0.03982249701589001,0.04102724909687501,0.016837630171170067,0.43785014792968735,0.2090091544475685,0.03873239436619718,0.0825508607198748,6.490927133402263,22.950543101521852,0.08333333333333333,0.1488202000000456,0.013888888888888888,0.08333333333333333,0.06944444444444445,0.013888888888888888,0.09722222222222222,0.05555555555555555,0.16666666666666666,0.05555555555555555,0.1111111111111111,0.041666666666666664,0.05555555555555555,0.09722222222222222,0.05555555555555555,0.08333333333333333,0.0,0.0,0.0,0.0,0.0,0.0,0.027777777777777776,0.0,0.0,0.0,0.013888888888888888,0.0,0.027777777777777776,0.05555555555555555,0.027777777777777776,0.013888888888888888,0.013888888888888888,0.0,0.027777777777777776,0.013888888888888888,0.027777777777777776,0.0,0.041666666666666664,0.041666666666666664,0.0,0.013888888888888888,0.0,0.05555555555555555,0.027777777777777776,0.0,0.041666666666666664,0.041666666666666664,0.0,0.041666666666666664,0.0,0.05555555555555555,0.013888888888888888,0.0,0.027777777777777776,0.027777777777777776,0.0,0.041666666666666664,0.0,0.05555555555555555,0.0,0.027777777777777776,0.0,0.0,0.027777777777777776,0.027777777777777776,0.013888888888888888,0.041666666666666664,0.013888888888888888,0.041666666666666664,0.0,0.0,0.0,0.0,0.0,0.0,0.0,0.027777777777777776,0.0,0.0,0.0,0.0
DVP_452_0a26175758eb,Data/AcademicPosters/1_fake/academic_poster_0831.png,AcademicPosters,1,1333,1180,165,0.2174500995040638,0.21784747034216181,0.001320287699043405,0.0007126781695423856,0.0022051807154420434,0.088267521425811,0.014761171032357473,0.8556956969743255,0.10909090909090909,0.5172486561895313,0.29072404585093137,0.5607609371063023,0.23544265583820895,0.9189797449362341,0.9411016949152543,0.028950176130891882,0.022389090699155064,0.01651074130174368,0.4784912915391541,0.22947824862414445,0.04767184035476718,0.057354028085735406,2.890293970483205,13.859805543813232,0.09090909090909091,0.2411618999994971,0.024242424242424242,0.05454545454545454,0.030303030303030304,0.01818181818181818,0.07878787878787878,0.048484848484848485,0.04242424242424243,0.09696969696969697,0.09090909090909091,0.04242424242424243,0.10303030303030303,0.10909090909090909,0.05454545454545454,0.048484848484848485,0.07878787878787878,0.07878787878787878,0.0,0.0,0.0,0.01818181818181818,0.0,0.0,0.0,0.0,0.006060606060606061,0.01818181818181818,0.030303030303030304,0.006060606060606061,0.024242424242424242,0.006060606060606061,0.006060606060606061,0.012121212121212121,0.012121212121212121,0.01818181818181818,0.030303030303030304,0.0,0.006060606060606061,0.012121212121212121,0.030303030303030304,0.03636363636363636,0.03636363636363636,0.012121212121212121,0.006060606060606061,0.012121212121212121,0.012121212121212121,0.012121212121212121,0.01818181818181818,0.012121212121212121,0.03636363636363636,0.024242424242424242,0.0,0.024242424242424242,0.012121212121212121,0.024242424242424242,0.030303030303030304,0.01818181818181818,0.01818181818181818,0.012121212121212121,0.01818181818181818,0.0,0.024242424242424242,0.04242424242424243,0.04242424242424243,0.01818181818181818,0.012121212121212121,0.030303030303030304,0.024242424242424242,0.0,0.048484848484848485,0.01818181818181818,0.03636363636363636,0.024242424242424242,0.012121212121212121,0.0,0.024242424242424242,0.0,0.0,0.012121212121212121,0.012121212121212121,0.006060606060606061
DVP_453_0a277dbe7397,Data/InfographicCharts/0_real/00005463.jpeg,InfographicCharts,0,1200,1400,29,0.2700222570585083,0.27130505952380957,0.009355346880131364,0.004433035714285714,0.012211271789407584,0.2643103448275862,0.03270935960591132,0.8979686095697512,0.034482758620689655,0.43841157549872434,0.2433029243536935,0.5511932044446302,0.2512662451586408,0.8825000000000001,0.8839285714285714,0.07192778523003723,0.05709931376691896,0.05178447944525497,0.4519951704009483,0.22158604468359866,0.034482758620689655,0.059113300492610835,0.4148865032213281,1.3044881908384443,0.034482758620689655,0.18252820000088832,0.0,0.034482758620689655,0.10344827586206896,0.0,0.0,0.1724137931034483,0.10344827586206896,0.0,0.1724137931034483,0.034482758620689655,0.06896551724137931,0.06896551724137931,0.13793103448275862,0.034482758620689655,0.034482758620689655,0.034482758620689655,0.0,0.0,0.0,0.034482758620689655,0.0,0.0,0.0,0.0,0.0,0.0,0.0,0.0,0.10344827586206896,0.0,0.0,0.0,0.0,0.0,0.0,0.06896551724137931,0.034482758620689655,0.034482758620689655,0.0,0.0,0.0,0.0,0.06896551724137931,0.034482758620689655,0.0,0.034482758620689655,0.0,0.0,0.0,0.034482758620689655,0.0,0.034482758620689655,0.0,0.0,0.0,0.034482758620689655,0.0,0.13793103448275862,0.0,0.0,0.034482758620689655,0.034482758620689655,0.0,0.034482758620689655,0.0,0.06896551724137931,0.034482758620689655,0.0,0.034482758620689655,0.0,0.0,0.0,0.034482758620689655,0.034482758620689655,0.0,0.0,0.0,0.0,0.034482758620689655,0.0
DVP_454_0a2a001f89a0,Data/Tables/1_fake/table_0502.png,Tables,1,1350,1165,89,0.30562979797314116,0.3057761882053727,0.003435687507925536,0.0025445875059608965,0.00450273050528929,0.13053682896379523,0.027805372040314413,0.9169407291377594,0.0,0.5335132621217337,0.26381769579022746,0.4456137210774365,0.2209960874131646,0.8466666666666667,0.9214592274678112,0.04228186911943706,0.03004291845493562,0.02523305333572071,0.4420555825703413,0.21013508268517997,0.04979570990806946,0.13585291113381,0.22734107384180063,0.8788553340137994,0.011235955056179775,0.18862129999979516,0.033707865168539325,0.07865168539325842,0.033707865168539325,0.07865168539325842,0.0449438202247191,0.1348314606741573,0.06741573033707865,0.1348314606741573,0.056179775280898875,0.11235955056179775,0.056179775280898875,0.11235955056179775,0.011235955056179775,0.0449438202247191,0.0,0.0,0.011235955056179775,0.0,0.02247191011235955,0.033707865168539325,0.02247191011235955,0.0,0.02247191011235955,0.02247191011235955,0.02247191011235955,0.0,0.011235955056179775,0.011235955056179775,0.011235955056179775,0.0,0.02247191011235955,0.011235955056179775,0.011235955056179775,0.0,0.033707865168539325,0.033707865168539325,0.033707865168539325,0.0,0.033707865168539325,0.033707865168539325,0.033707865168539325,0.0,0.033707865168539325,0.033707865168539325,0.033707865168539325,0.0,0.033707865168539325,0.033707865168539325,0.02247191011235955,0.0,0.02247191011235955,0.02247191011235955,0.02247191011235955,0.0,0.02247191011235955,0.02247191011235955,0.02247191011235955,0.011235955056179775,0.033707865168539325,0.033707865168539325,0.033707865168539325,0.0,0.033707865168539325,0.033707865168539325,0.0,0.0,0.011235955056179775,0.011235955056179775,0.0,0.0,0.0,0.0,0.0,0.011235955056179775,0.0,0.02247191011235955,0.0,0.0,0.0,0.0
DVP_455_0a2bf208d3da,Data/Tables/0_real/PMC4936747_table_1.jpg,Tables,0,702,419,77,0.25032534853851274,0.2529407964968824,0.0032849454090504208,0.002260843549626366,0.005089992056000638,0.09483109483109485,0.03728729504385829,0.9076908843452175,0.012987012987012988,0.5251852528068688,0.2725674217679965,0.5087360697764655,0.2512367642531757,0.8433048433048433,0.9284009546539379,0.041583891338276474,0.03699969620693901,0.01570214160103319,0.47889917537470955,0.22157962746783408,0.032809295967190705,0.20642515379357484,0.12608334241215674,0.7740441425503864,0.012987012987012988,0.135590099998808,0.03896103896103896,0.03896103896103896,0.06493506493506493,0.03896103896103896,0.07792207792207792,0.07792207792207792,0.09090909090909091,0.06493506493506493,0.06493506493506493,0.06493506493506493,0.09090909090909091,0.06493506493506493,0.03896103896103896,0.06493506493506493,0.06493506493506493,0.05194805194805195,0.0,0.012987012987012988,0.0,0.0,0.012987012987012988,0.012987012987012988,0.0,0.0,0.0,0.025974025974025976,0.0,0.03896103896103896,0.0,0.03896103896103896,0.0,0.03896103896103896,0.012987012987012988,0.03896103896103896,0.0,0.03896103896103896,0.0,0.05194805194805195,0.0,0.025974025974025976,0.025974025974025976,0.0,0.0,0.03896103896103896,0.0,0.03896103896103896,0.0,0.03896103896103896,0.012987012987012988,0.012987012987012988,0.0,0.025974025974025976,0.0,0.03896103896103896,0.0,0.025974025974025976,0.0,0.03896103896103896,0.0,0.03896103896103896,0.0,0.05194805194805195,0.0,0.03896103896103896,0.0,0.025974025974025976,0.0,0.03896103896103896,0.0,0.03896103896103896,0.0,0.03896103896103896,0.0,0.012987012987012988,0.0,0.025974025974025976,0.012987012987012988,0.012987012987012988,0.0,0.012987012987012988
DVP_456_0a2e0434ae64,Data/Tables/1_fake/table_0096.png,Tables,1,1402,1122,74,0.2666019878862198,0.2666476589338887,0.0036033467423498473,0.0031372294735557303,0.0038034447108891674,0.1232023749855419,0.030038059449824153,0.9207505946371252,0.0,0.49840960903688464,0.2767136353788329,0.49186870274460615,0.23810493284257697,0.8569900142653353,0.9115385638651662,0.060343017793995625,0.06149784324316335,0.02010805357727955,0.4710845972849623,0.2196797023266799,0.061088485746019994,0.12550907071455017,0.25341758832728417,0.7065622831078316,0.0,0.17052650000005087,0.02702702702702703,0.05405405405405406,0.05405405405405406,0.04054054054054054,0.08108108108108109,0.06756756756756757,0.10810810810810811,0.05405405405405406,0.08108108108108109,0.08108108108108109,0.10810810810810811,0.05405405405405406,0.05405405405405406,0.05405405405405406,0.05405405405405406,0.02702702702702703,0.0,0.0,0.013513513513513514,0.013513513513513514,0.0,0.0,0.0,0.0,0.013513513513513514,0.013513513513513514,0.0,0.02702702702702703,0.02702702702702703,0.02702702702702703,0.0,0.04054054054054054,0.02702702702702703,0.013513513513513514,0.013513513513513514,0.02702702702702703,0.02702702702702703,0.02702702702702703,0.0,0.02702702702702703,0.013513513513513514,0.02702702702702703,0.0,0.02702702702702703,0.02702702702702703,0.02702702702702703,0.0,0.02702702702702703,0.013513513513513514,0.013513513513513514,0.013513513513513514,0.02702702702702703,0.02702702702702703,0.02702702702702703,0.0,0.02702702702702703,0.04054054054054054,0.013513513513513514,0.013513513513513514,0.02702702702702703,0.02702702702702703,0.02702702702702703,0.0,0.02702702702702703,0.02702702702702703,0.02702702702702703,0.0,0.02702702702702703,0.02702702702702703,0.02702702702702703,0.0,0.02702702702702703,0.0,0.0,0.02702702702702703,0.0,0.0,0.0,0.0,0.0
DVP_457_0a2f5b07486a,Data/Receipts/0_real/X51007339165.jpg,Receipts,0,619,1607,58,0.3019483833450861,0.30407958718570716,0.005242751503201848,0.0031063612044639113,0.004541814287728218,0.3021837223553005,0.017531060232173892,0.871925005733062,0.017241379310344827,0.49681624854296136,0.23824956187812274,0.49314120711188814,0.22715419777373314,0.8226425475952363,0.8648165736889412,0.044151844416682844,0.040218450199786426,0.023260401706733217,0.42457420341272756,0.2006556347154151,0.0411373260738052,0.06957047791893527,0.5284523428726475,1.4228049651271863,0.017241379310344827,0.1343336999998428,0.05172413793103448,0.08620689655172414,0.0,0.017241379310344827,0.06896551724137931,0.1206896551724138,0.05172413793103448,0.15517241379310345,0.08620689655172414,0.08620689655172414,0.05172413793103448,0.06896551724137931,0.0,0.017241379310344827,0.13793103448275862,0.0,0.0,0.0,0.0,0.034482758620689655,0.0,0.0,0.0,0.0,0.0,0.05172413793103448,0.034482758620689655,0.017241379310344827,0.0,0.0,0.017241379310344827,0.0,0.0,0.05172413793103448,0.017241379310344827,0.017241379310344827,0.0,0.05172413793103448,0.017241379310344827,0.017241379310344827,0.0,0.017241379310344827,0.017241379310344827,0.06896551724137931,0.0,0.0,0.10344827586206896,0.017241379310344827,0.017241379310344827,0.017241379310344827,0.0,0.034482758620689655,0.034482758620689655,0.0,0.05172413793103448,0.017241379310344827,0.017241379310344827,0.034482758620689655,0.05172413793103448,0.0,0.017241379310344827,0.0,0.0,0.0,0.0,0.0,0.0,0.0,0.06896551724137931,0.0,0.0,0.0,0.0,0.0,0.0,0.017241379310344827,0.06896551724137931,0.0,0.0,0.0
DVP_458_0a395d20b5b8,Data/Receipts/0_real/X51005663311.jpg,Receipts,0,936,1698,42,0.22775009760127427,0.22816152487088884,0.005432417258830686,0.004162765646864587,0.004195979050929966,0.23183760683760685,0.024678893936844463,0.9122239884793288,0.0,0.42162682576199695,0.19619848840730447,0.5571405496168234,0.21154479471499088,0.7377136752136751,0.8025577957920507,0.047736695544789244,0.04415082050399699,0.019886565794919004,0.3741958455933504,0.1747234878043058,0.0313588850174216,0.13356562137049943,0.6622847538906236,2.7832631765721767,0.023809523809523808,0.12397640000017418,0.0,0.11904761904761904,0.0,0.0,0.07142857142857142,0.16666666666666666,0.0,0.0,0.09523809523809523,0.11904761904761904,0.14285714285714285,0.047619047619047616,0.07142857142857142,0.09523809523809523,0.047619047619047616,0.023809523809523808,0.0,0.0,0.0,0.0,0.0,0.0,0.0,0.0,0.0,0.0,0.0,0.11904761904761904,0.0,0.0,0.0,0.0,0.0,0.0,0.0,0.09523809523809523,0.0,0.0,0.0,0.0,0.023809523809523808,0.047619047619047616,0.023809523809523808,0.047619047619047616,0.0,0.0,0.0,0.0,0.0,0.047619047619047616,0.047619047619047616,0.023809523809523808,0.0,0.07142857142857142,0.047619047619047616,0.0,0.0,0.047619047619047616,0.047619047619047616,0.0,0.0,0.07142857142857142,0.0,0.0,0.023809523809523808,0.047619047619047616,0.0,0.023809523809523808,0.023809523809523808,0.023809523809523808,0.023809523809523808,0.0,0.0,0.0,0.0,0.07142857142857142,0.0,0.0,0.0,0.0
DVP_459_0a3f8c2f36be,Data/UIScreenshots/1_fake/ui_0418.png,UIScreenshots,1,941,1672,47,0.11209430210303448,0.11213669922560242,0.0023858872175660088,0.0019169264093476857,0.001828425731707137,0.15072240938793044,0.01667006006311717,0.8399950932052866,0.14893617021276595,0.4724883401076556,0.28494089062269523,0.5209784663183251,0.2810115493533264,0.8198724760892667,0.9629186602870814,0.06815135793000522,0.05862207327362212,0.03863452909787452,0.514061481033586,0.2510414785048692,0.04717853839037928,0.08788159111933395,15.935895438850638,34.81989601838495,0.2127659574468085,0.1331582000002527,0.0425531914893617,0.0851063829787234,0.0,0.0425531914893617,0.10638297872340426,0.0851063829787234,0.0425531914893617,0.0851063829787234,0.0425531914893617,0.1276595744680851,0.0,0.06382978723404255,0.0425531914893617,0.1276595744680851,0.02127659574468085,0.0851063829787234,0.02127659574468085,0.02127659574468085,0.02127659574468085,0.0,0.0,0.0,0.02127659574468085,0.0,0.0,0.0,0.02127659574468085,0.0425531914893617,0.0,0.0,0.0,0.02127659574468085,0.0,0.06382978723404255,0.0,0.0425531914893617,0.0,0.0425531914893617,0.02127659574468085,0.02127659574468085,0.0,0.0425531914893617,0.0425531914893617,0.0,0.0,0.0,0.0,0.0425531914893617,0.0,0.0,0.10638297872340426,0.0,0.0,0.0,0.0,0.0425531914893617,0.0,0.0425531914893617,0.02127659574468085,0.0,0.0,0.0,0.0,0.02127659574468085,0.0,0.0,0.0851063829787234,0.0,0.0,0.0,0.0,0.0425531914893617,0.0,0.0425531914893617,0.0,0.0425531914893617,0.02127659574468085,0.0,0.02127659574468085,0.02127659574468085
DVP_460_0a4814ed58cc,Data/AcademicPosters/1_fake/academic_poster_0716.png,AcademicPosters,1,1402,1122,129,0.18747547272486134,0.1876826077337951,0.0014549039359208922,0.0009154225819493924,0.00289067497819336,0.08371208351303232,0.015572966325360305,0.866633319996881,0.10852713178294573,0.482084354316559,0.2777870510442126,0.505098689357429,0.28279323792390393,0.8997860199714693,0.9213390590395938,0.0315762514840398,0.028576188577561373,0.01802535416044289,0.5044455824145739,0.24953006356837482,0.04699612403100775,0.06237887596899225,2.911596731577507,15.631101786063159,0.031007751937984496,0.18431049999890092,0.046511627906976744,0.03875968992248062,0.08527131782945736,0.13953488372093023,0.06976744186046512,0.031007751937984496,0.031007751937984496,0.05426356589147287,0.07751937984496124,0.06976744186046512,0.06201550387596899,0.007751937984496124,0.10077519379844961,0.06976744186046512,0.05426356589147287,0.06201550387596899,0.0,0.007751937984496124,0.015503875968992248,0.0,0.0,0.015503875968992248,0.031007751937984496,0.015503875968992248,0.0,0.03875968992248062,0.007751937984496124,0.015503875968992248,0.03875968992248062,0.031007751937984496,0.06201550387596899,0.031007751937984496,0.0,0.03875968992248062,0.007751937984496124,0.0,0.0,0.0,0.031007751937984496,0.0,0.031007751937984496,0.0,0.007751937984496124,0.015503875968992248,0.023255813953488372,0.007751937984496124,0.015503875968992248,0.007751937984496124,0.031007751937984496,0.015503875968992248,0.007751937984496124,0.015503875968992248,0.046511627906976744,0.0,0.0,0.0,0.031007751937984496,0.0,0.023255813953488372,0.023255813953488372,0.015503875968992248,0.0,0.007751937984496124,0.0,0.046511627906976744,0.023255813953488372,0.031007751937984496,0.0,0.031007751937984496,0.0,0.031007751937984496,0.0,0.023255813953488372,0.007751937984496124,0.007751937984496124,0.031007751937984496,0.015503875968992248,0.007751937984496124,0.031007751937984496,0.0
DVP_461_0a483db6bc65,Data/InfographicCharts/1_fake/infographic_chart_0847.png,InfographicCharts,1,1536,1024,51,0.17240859763341745,0.17272154490152997,0.003386696958853529,0.0012003580729166667,0.006796633497797114,0.09937959558823531,0.035443474264705885,0.8711726620622356,0.0196078431372549,0.46752544571888577,0.297583629396853,0.5841287313511413,0.25981139102804957,0.9015260303454035,0.88134765625,0.06744200302199639,0.0649446695347607,0.033706459413621964,0.5066551832126582,0.2483118908254946,0.05725490196078432,0.05411764705882353,19.702255151491755,38.782169914458514,0.23529411764705882,0.1373079000004509,0.0196078431372549,0.0392156862745098,0.0196078431372549,0.0784313725490196,0.0784313725490196,0.0196078431372549,0.058823529411764705,0.0392156862745098,0.17647058823529413,0.058823529411764705,0.058823529411764705,0.0392156862745098,0.058823529411764705,0.09803921568627451,0.0784313725490196,0.0784313725490196,0.0,0.0,0.0,0.0196078431372549,0.0,0.0,0.0,0.0196078431372549,0.0,0.0196078431372549,0.0196078431372549,0.0,0.0196078431372549,0.0,0.0,0.058823529411764705,0.0392156862745098,0.0,0.0,0.0,0.0,0.0196078431372549,0.0196078431372549,0.0196078431372549,0.0392156862745098,0.0,0.0,0.0196078431372549,0.0196078431372549,0.0196078431372549,0.0,0.0,0.058823529411764705,0.0392156862745098,0.0196078431372549,0.0,0.0,0.0,0.0,0.0,0.0196078431372549,0.058823529411764705,0.0196078431372549,0.0196078431372549,0.0196078431372549,0.0392156862745098,0.0196078431372549,0.0196078431372549,0.0,0.0392156862745098,0.0196078431372549,0.0392156862745098,0.0196078431372549,0.0392156862745098,0.0392156862745098,0.0,0.0,0.0196078431372549,0.0196078431372549,0.0196078431372549,0.0,0.0196078431372549,0.0392156862745098,0.0
DVP_462_0a4bf8241ac8,Data/AcademicPosters/0_real/NeurIPS_2023_71508_Fast Asymptotically Optimal Algorithms for Non-Parametric St.png,AcademicPosters,0,4075,2880,163,0.30426835084909365,0.3094961656441718,0.0018987494824795816,0.0008970688479890934,0.0024531684773991505,0.10168993940306371,0.017744546693933196,0.8217572694089187,0.19631901840490798,0.48515955558072527,0.28033310152868113,0.6558915721425335,0.26333785547267735,0.9083435582822086,0.9411458333333333,0.03055295027035781,0.021586790743788952,0.020946225113525997,0.487621649775197,0.24478238035080765,0.07240778610921761,0.05794137695978187,5.499108247494826,20.801803240435927,0.08588957055214724,0.17144480000024487,0.024539877300613498,0.024539877300613498,0.018404907975460124,0.03680981595092025,0.09815950920245399,0.06134969325153374,0.006134969325153374,0.049079754601226995,0.06134969325153374,0.04294478527607362,0.024539877300613498,0.03067484662576687,0.12269938650306748,0.1165644171779141,0.12269938650306748,0.15950920245398773,0.006134969325153374,0.0,0.006134969325153374,0.0,0.018404907975460124,0.0,0.0,0.0,0.012269938650306749,0.006134969325153374,0.0,0.018404907975460124,0.0,0.0,0.018404907975460124,0.018404907975460124,0.04294478527607362,0.018404907975460124,0.0,0.024539877300613498,0.0,0.0,0.03067484662576687,0.0,0.0,0.03680981595092025,0.0,0.03680981595092025,0.0,0.006134969325153374,0.018404907975460124,0.0,0.018404907975460124,0.006134969325153374,0.0,0.024539877300613498,0.006134969325153374,0.012269938650306749,0.012269938650306749,0.0,0.018404907975460124,0.018404907975460124,0.0,0.018404907975460124,0.006134969325153374,0.0,0.012269938650306749,0.006134969325153374,0.024539877300613498,0.049079754601226995,0.018404907975460124,0.05521472392638037,0.049079754601226995,0.018404907975460124,0.006134969325153374,0.006134969325153374,0.012269938650306749,0.03680981595092025,0.018404907975460124,0.024539877300613498,0.024539877300613498,0.03067484662576687,0.09202453987730061,0.05521472392638037
DVP_463_0a4f6462c509,Data/Receipts/1_fake/receipt_0427.png,Receipts,1,1023,1537,52,0.23304497532675592,0.23304497532675594,0.0044816341408991526,0.002717586594850641,0.003737286098842628,0.17506955410181216,0.025286522196086278,0.9034489146661252,0.0,0.5165527041515894,0.24327094140160566,0.5022216407997455,0.18735740414222482,0.7080330318407702,0.8495330743302262,0.039173967255828515,0.029936097647904544,0.016333067686031117,0.39483500755764434,0.19070869532792714,0.038461538461538464,0.12669683257918551,10.708146011537927,28.70827189172867,0.11538461538461539,0.17697039999984554,0.0,0.057692307692307696,0.038461538461538464,0.0,0.11538461538461539,0.09615384615384616,0.11538461538461539,0.07692307692307693,0.057692307692307696,0.1346153846153846,0.057692307692307696,0.1346153846153846,0.0,0.09615384615384616,0.0,0.019230769230769232,0.0,0.0,0.0,0.0,0.038461538461538464,0.0,0.0,0.0,0.0,0.0,0.0,0.057692307692307696,0.0,0.0,0.0,0.0,0.0,0.038461538461538464,0.038461538461538464,0.0,0.0,0.057692307692307696,0.019230769230769232,0.0,0.0,0.07692307692307693,0.057692307692307696,0.0,0.0,0.057692307692307696,0.057692307692307696,0.0,0.0,0.057692307692307696,0.057692307692307696,0.019230769230769232,0.0,0.057692307692307696,0.07692307692307693,0.0,0.0,0.0,0.0,0.057692307692307696,0.0,0.0,0.057692307692307696,0.0,0.0,0.0,0.0,0.057692307692307696,0.0,0.0,0.019230769230769232,0.0,0.0,0.0,0.0,0.038461538461538464,0.0,0.0,0.0,0.0
DVP_464_0a59d0d29861,Data/AcademicPosters/1_fake/academic_poster_0397.png,AcademicPosters,1,1024,1536,182,0.24176841778153624,0.24498430887858072,0.001346067631200993,0.0007921854654947916,0.0020434774784031757,0.11306662087912088,0.011697287087912088,0.8454339345267745,0.1043956043956044,0.49548150555857207,0.2810983894415678,0.5506229915866403,0.2364558118504578,0.8935546875,0.9615885416666667,0.02552289262020313,0.018880208333333315,0.02094541304592244,0.4687177653401808,0.22726610126458327,0.04923805476291664,0.05269868253293668,3.7509024328501517,16.818492973671297,0.06043956043956044,0.14986270000008517,0.04395604395604396,0.027472527472527472,0.03296703296703297,0.027472527472527472,0.0989010989010989,0.04945054945054945,0.09340659340659341,0.04945054945054945,0.1043956043956044,0.038461538461538464,0.0989010989010989,0.0989010989010989,0.07692307692307693,0.016483516483516484,0.08241758241758242,0.06043956043956044,0.0,0.0,0.02197802197802198,0.0,0.0,0.0,0.005494505494505495,0.0,0.005494505494505495,0.038461538461538464,0.005494505494505495,0.0,0.01098901098901099,0.02197802197802198,0.02197802197802198,0.0,0.016483516483516484,0.016483516483516484,0.016483516483516484,0.01098901098901099,0.01098901098901099,0.027472527472527472,0.005494505494505495,0.01098901098901099,0.027472527472527472,0.038461538461538464,0.005494505494505495,0.016483516483516484,0.038461538461538464,0.016483516483516484,0.01098901098901099,0.02197802197802198,0.02197802197802198,0.03296703296703297,0.005494505494505495,0.016483516483516484,0.03296703296703297,0.02197802197802198,0.04945054945054945,0.01098901098901099,0.005494505494505495,0.04395604395604396,0.01098901098901099,0.005494505494505495,0.027472527472527472,0.016483516483516484,0.027472527472527472,0.01098901098901099,0.005494505494505495,0.027472527472527472,0.005494505494505495,0.005494505494505495,0.027472527472527472,0.02197802197802198,0.02197802197802198,0.02197802197802198,0.01098901098901099,0.03296703296703297,0.0,0.005494505494505495,0.0,0.03296703296703297,0.005494505494505495,0.01098901098901099
DVP_465_0a6eaae95691,Data/InfographicCharts/1_fake/infographic_chart_0725.png,InfographicCharts,1,1402,1122,71,0.17713612414716037,0.18091070561281186,0.0025480381072227024,0.001586732475378947,0.003202419214081246,0.08908802314600872,0.027717104767643292,0.8931521691280438,0.028169014084507043,0.48175876289065755,0.214871742928625,0.4923444408405135,0.23872736925877697,0.783166904422254,0.893048128342246,0.04495617603216151,0.037290299210167625,0.023915187453154955,0.41083140353727104,0.2012119522207059,0.0386317907444668,0.0647887323943662,0.8371886602176672,1.8644342313916913,0.056338028169014086,0.17434169999978621,0.014084507042253521,0.08450704225352113,0.04225352112676056,0.0,0.04225352112676056,0.2112676056338028,0.09859154929577464,0.028169014084507043,0.056338028169014086,0.1267605633802817,0.08450704225352113,0.056338028169014086,0.028169014084507043,0.04225352112676056,0.028169014084507043,0.056338028169014086,0.0,0.0,0.028169014084507043,0.028169014084507043,0.014084507042253521,0.028169014084507043,0.0,0.0,0.0,0.014084507042253521,0.0,0.028169014084507043,0.0,0.0,0.0,0.0,0.0,0.04225352112676056,0.056338028169014086,0.09859154929577464,0.0,0.014084507042253521,0.0,0.0,0.0,0.0,0.028169014084507043,0.028169014084507043,0.014084507042253521,0.07042253521126761,0.014084507042253521,0.014084507042253521,0.014084507042253521,0.014084507042253521,0.028169014084507043,0.0,0.04225352112676056,0.014084507042253521,0.014084507042253521,0.0,0.0,0.028169014084507043,0.04225352112676056,0.056338028169014086,0.0,0.028169014084507043,0.028169014084507043,0.014084507042253521,0.0,0.0,0.0,0.028169014084507043,0.028169014084507043,0.0,0.028169014084507043,0.0,0.0,0.028169014084507043,0.014084507042253521,0.0,0.0,0.0,0.028169014084507043,0.0
DVP_466_0a71e8e5e411,Data/InfographicCharts/0_real/00015697.jpeg,InfographicCharts,0,1200,1473,42,0.2511260521308455,0.2539870445802218,0.0060473105852433765,0.00391194274722788,0.006789031003577878,0.20138888888888887,0.029418420457116994,0.8912931531032083,0.023809523809523808,0.4187072829124227,0.2385967552235526,0.5479420052204441,0.22655710142221475,0.8654166666666666,0.8869606916828524,0.05946335366234846,0.059370948618147304,0.030895466798973627,0.4210363960402534,0.2110028986890528,0.03716608594657375,0.07317073170731707,0.3465090466133147,0.5828604951062937,0.0,0.16116909999982454,0.023809523809523808,0.07142857142857142,0.0,0.0,0.14285714285714285,0.047619047619047616,0.07142857142857142,0.047619047619047616,0.07142857142857142,0.14285714285714285,0.16666666666666666,0.023809523809523808,0.07142857142857142,0.07142857142857142,0.0,0.047619047619047616,0.0,0.0,0.023809523809523808,0.023809523809523808,0.0,0.0,0.0,0.0,0.0,0.023809523809523808,0.0,0.023809523809523808,0.0,0.0,0.0,0.0,0.0,0.07142857142857142,0.023809523809523808,0.0,0.0,0.0,0.023809523809523808,0.023809523809523808,0.0,0.07142857142857142,0.023809523809523808,0.0,0.07142857142857142,0.0,0.0,0.0,0.0,0.023809523809523808,0.07142857142857142,0.0,0.047619047619047616,0.07142857142857142,0.0,0.0,0.0,0.047619047619047616,0.047619047619047616,0.023809523809523808,0.023809523809523808,0.023809523809523808,0.023809523809523808,0.0,0.0,0.023809523809523808,0.047619047619047616,0.023809523809523808,0.0,0.0,0.023809523809523808,0.0,0.047619047619047616,0.0,0.0,0.0,0.0,0.0,0.023809523809523808,0.0
DVP_467_0a727f34c60f,Data/InfographicCharts/0_real/00025193.jpeg,InfographicCharts,0,1200,1200,24,0.24413366507431,0.2494809027777778,0.01039503761574074,0.003196875,0.014360449391513364,0.2521875,0.03763888888888889,0.8778741070392032,0.08333333333333333,0.47006377366779484,0.31420220213344147,0.5334205402593806,0.25158220080464283,0.8833333333333333,0.8600066202911589,0.08796283421176361,0.0727266776550272,0.04027935788503944,0.5274084549285863,0.24487135243460514,0.03260869565217391,0.05434782608695652,0.4986873854841871,1.139985291980211,0.0,0.19599099999868486,0.0,0.08333333333333333,0.041666666666666664,0.0,0.16666666666666666,0.0,0.0,0.16666666666666666,0.16666666666666666,0.0,0.0,0.16666666666666666,0.041666666666666664,0.125,0.0,0.041666666666666664,0.0,0.0,0.0,0.041666666666666664,0.0,0.0,0.0,0.0,0.0,0.0,0.0,0.041666666666666664,0.041666666666666664,0.0,0.0,0.0,0.0,0.08333333333333333,0.0,0.0,0.0,0.0,0.0,0.08333333333333333,0.0,0.08333333333333333,0.0,0.0,0.0,0.0,0.0,0.08333333333333333,0.0,0.08333333333333333,0.0,0.0,0.0,0.0,0.08333333333333333,0.0,0.041666666666666664,0.041666666666666664,0.0,0.0,0.0,0.0,0.08333333333333333,0.0,0.0,0.0,0.041666666666666664,0.041666666666666664,0.0,0.0,0.0,0.0,0.041666666666666664,0.0,0.041666666666666664,0.0,0.0,0.0,0.041666666666666664,0.0
DVP_468_0a795d87e371,Data/UIScreenshots/0_real/66150.jpg,UIScreenshots,0,540,960,10,0.05619598765432099,0.057243441358024685,0.005724344135802468,0.004976851851851852,0.0045130744465801,0.227037037037037,0.022916666666666665,0.8651238749701449,0.1,0.48986011687581055,0.18740844775211407,0.34875107024859986,0.2326754672756719,0.8092592592592592,0.7598958333333333,0.15463516667602287,0.1196118045918805,0.14128284495633217,0.3909118135567776,0.2134082091027383,0.06666666666666667,0.13333333333333333,0.04424296580394582,0.13272889741183747,0.0,0.11466860000109591,0.1,0.1,0.0,0.1,0.0,0.2,0.2,0.0,0.0,0.1,0.1,0.0,0.0,0.0,0.1,0.0,0.0,0.0,0.0,0.1,0.0,0.0,0.0,0.1,0.0,0.1,0.0,0.0,0.0,0.0,0.0,0.0,0.0,0.0,0.0,0.1,0.2,0.0,0.0,0.0,0.0,0.0,0.0,0.1,0.0,0.0,0.0,0.0,0.0,0.0,0.0,0.1,0.1,0.0,0.0,0.0,0.0,0.0,0.0,0.0,0.0,0.0,0.0,0.0,0.0,0.0,0.0,0.0,0.1,0.0,0.0,0.0,0.0,0.0,0.0,0.0,0.0,0.0,0.0,0.0
DVP_469_0a7dcbbbe9b1,Data/InfographicCharts/0_real/00049189.jpg,InfographicCharts,0,602,674,37,0.2795700779794355,0.2795700779794355,0.007555948053498257,0.002950106962942516,0.0087994144709481,0.2497081799407381,0.03219985564199213,0.9114653343622918,0.0,0.4952410882643442,0.23843044587635226,0.5505854519207635,0.238392523800242,0.7641196013289037,0.9005934718100891,0.06332636886946644,0.05456532519228825,0.02597893906217142,0.4365512551081422,0.20760228110432868,0.04054054054054054,0.08108108108108109,0.3003057284816068,1.1816645643803654,0.02702702702702703,0.10548430000017106,0.0,0.13513513513513514,0.0,0.0,0.05405405405405406,0.10810810810810811,0.05405405405405406,0.08108108108108109,0.05405405405405406,0.16216216216216217,0.0,0.10810810810810811,0.02702702702702703,0.16216216216216217,0.0,0.05405405405405406,0.0,0.0,0.0,0.05405405405405406,0.0,0.0,0.0,0.0,0.0,0.0,0.02702702702702703,0.05405405405405406,0.0,0.0,0.0,0.0,0.0,0.0,0.02702702702702703,0.02702702702702703,0.0,0.05405405405405406,0.02702702702702703,0.0,0.0,0.05405405405405406,0.0,0.05405405405405406,0.0,0.0,0.02702702702702703,0.02702702702702703,0.0,0.02702702702702703,0.0,0.02702702702702703,0.0,0.0,0.02702702702702703,0.0,0.0,0.02702702702702703,0.05405405405405406,0.08108108108108109,0.0,0.0,0.05405405405405406,0.02702702702702703,0.0,0.0,0.05405405405405406,0.05405405405405406,0.0,0.0,0.02702702702702703,0.02702702702702703,0.0,0.02702702702702703,0.05405405405405406,0.0,0.0,0.0,0.0,0.0
DVP_470_0a8058cd3bc6,Data/AcademicPosters/1_fake/academic_poster_0678.png,AcademicPosters,1,1402,1122,218,0.22313856573744903,0.22583252598147285,0.001035929018263637,0.0005927996928248669,0.0015379781963404408,0.06478948814930179,0.016562004284616263,0.8701043785017688,0.08256880733944955,0.5555208680382531,0.27926546090141985,0.5628593048976562,0.21866412841438776,0.912981455064194,0.9480735324432804,0.026066139920154302,0.022727272727272707,0.014855327160841649,0.44830287823112414,0.22757504975477397,0.05056441043419439,0.05183274848856382,3.628966725144007,17.022250816668016,0.05045871559633028,0.17929799999910756,0.022935779816513763,0.013761467889908258,0.03211009174311927,0.01834862385321101,0.03669724770642202,0.0045871559633027525,0.11926605504587157,0.06880733944954129,0.09174311926605505,0.05504587155963303,0.16972477064220184,0.13761467889908258,0.05504587155963303,0.04128440366972477,0.06880733944954129,0.06422018348623854,0.0,0.009174311926605505,0.009174311926605505,0.0,0.0,0.009174311926605505,0.009174311926605505,0.0,0.0045871559633027525,0.009174311926605505,0.0,0.0045871559633027525,0.01834862385321101,0.0045871559633027525,0.0045871559633027525,0.0045871559633027525,0.009174311926605505,0.013761467889908258,0.0,0.0045871559633027525,0.045871559633027525,0.027522935779816515,0.022935779816513763,0.01834862385321101,0.009174311926605505,0.0045871559633027525,0.0,0.0,0.022935779816513763,0.022935779816513763,0.013761467889908258,0.013761467889908258,0.022935779816513763,0.03669724770642202,0.013761467889908258,0.022935779816513763,0.05045871559633028,0.08256880733944955,0.05504587155963303,0.05504587155963303,0.03211009174311927,0.0,0.013761467889908258,0.0045871559633027525,0.027522935779816515,0.009174311926605505,0.009174311926605505,0.01834862385321101,0.03211009174311927,0.013761467889908258,0.027522935779816515,0.0,0.01834862385321101,0.013761467889908258,0.013761467889908258,0.01834862385321101,0.009174311926605505,0.0,0.013761467889908258,0.0,0.01834862385321101,0.01834862385321101,0.0,0.03211009174311927
DVP_471_0a8abc806a03,Data/UIScreenshots/1_fake/ui_0524.png,UIScreenshots,1,941,1672,44,0.10090660588678514,0.10091670522553121,0.0022935614823984367,0.0020114697791721115,0.0012575933652912265,0.11837020577721957,0.019899956502827318,0.8751654594383536,0.045454545454545456,0.35959944204880706,0.23188340210050146,0.5440794498855747,0.31007233891917263,0.844845908607864,0.9494617224880383,0.06562589137916651,0.04627330040433111,0.045007536707397267,0.48006753090638826,0.2762923826667959,0.035940803382663845,0.1427061310782241,2.7589921194760922,13.582299229388472,0.045454545454545456,0.12248410000029253,0.11363636363636363,0.045454545454545456,0.022727272727272728,0.045454545454545456,0.06818181818181818,0.13636363636363635,0.0,0.0,0.11363636363636363,0.11363636363636363,0.0,0.0,0.06818181818181818,0.13636363636363635,0.06818181818181818,0.06818181818181818,0.022727272727272728,0.022727272727272728,0.0,0.0,0.0,0.0,0.0,0.022727272727272728,0.022727272727272728,0.045454545454545456,0.022727272727272728,0.022727272727272728,0.0,0.022727272727272728,0.022727272727272728,0.0,0.0,0.022727272727272728,0.09090909090909091,0.0,0.0,0.0,0.0,0.0,0.0,0.045454545454545456,0.045454545454545456,0.0,0.0,0.0,0.0,0.0,0.022727272727272728,0.045454545454545456,0.06818181818181818,0.0,0.0,0.0,0.0,0.0,0.0,0.045454545454545456,0.045454545454545456,0.0,0.0,0.0,0.0,0.0,0.022727272727272728,0.022727272727272728,0.06818181818181818,0.0,0.0,0.0,0.0,0.0,0.022727272727272728,0.0,0.045454545454545456,0.022727272727272728,0.022727272727272728,0.045454545454545456,0.022727272727272728,0.045454545454545456
DVP_472_0a8ccd749081,Data/Receipts/1_fake/receipt_1078.png,Receipts,1,1023,1537,49,0.2494665631274442,0.2494665631274442,0.005091154349539677,0.004558778542450128,0.0036767861147347105,0.2257067049693778,0.02310358105506354,0.907607504223008,0.02040816326530612,0.45420252735272065,0.2517426144147917,0.48312449317575323,0.2314304637153183,0.7551319648093842,0.9141184124918672,0.04358363410370376,0.029964328908092027,0.020283629029004505,0.4419842581778319,0.20830503889508656,0.023809523809523808,0.10459183673469388,13.129338790217604,31.610938472758466,0.14285714285714285,0.13101360000109707,0.0,0.12244897959183673,0.04081632653061224,0.0,0.12244897959183673,0.12244897959183673,0.04081632653061224,0.08163265306122448,0.08163265306122448,0.10204081632653061,0.02040816326530612,0.12244897959183673,0.02040816326530612,0.12244897959183673,0.0,0.0,0.0,0.0,0.0,0.061224489795918366,0.0,0.0,0.0,0.0,0.0,0.0,0.02040816326530612,0.04081632653061224,0.0,0.04081632653061224,0.0,0.0,0.04081632653061224,0.04081632653061224,0.02040816326530612,0.02040816326530612,0.0,0.04081632653061224,0.04081632653061224,0.0,0.04081632653061224,0.0,0.061224489795918366,0.02040816326530612,0.0,0.0,0.04081632653061224,0.0,0.061224489795918366,0.02040816326530612,0.061224489795918366,0.0,0.0,0.0,0.061224489795918366,0.0,0.0,0.0,0.0,0.04081632653061224,0.02040816326530612,0.0,0.061224489795918366,0.0,0.0,0.0,0.02040816326530612,0.04081632653061224,0.0,0.0,0.0,0.0,0.0,0.02040816326530612,0.02040816326530612,0.04081632653061224,0.0,0.0,0.0,0.0
DVP_473_0a9f528519bc,Data/CommercialPosters/1_fake/commercial_poster_0076.png,CommercialPosters,1,1448,1086,25,0.1452486060661559,0.14524860606615592,0.0058099442426462365,0.0009513344118514901,0.02085308119355686,0.09370165745856354,0.02430939226519337,0.8361563563990095,0.2,0.4959340219393066,0.28463363151705995,0.43798115675127447,0.23402808484594742,0.9326657458563536,0.8273480662983426,0.0833816974383775,0.058358169756810255,0.0640789438112324,0.4693388962919184,0.2502146116022358,0.17333333333333334,0.056666666666666664,19.890661471616404,37.96785098864624,0.24,0.15468390000023646,0.0,0.04,0.08,0.0,0.16,0.2,0.2,0.16,0.0,0.0,0.0,0.0,0.04,0.04,0.04,0.04,0.0,0.0,0.0,0.04,0.04,0.0,0.0,0.0,0.0,0.0,0.0,0.0,0.04,0.0,0.0,0.0,0.12,0.0,0.08,0.04,0.04,0.04,0.04,0.08,0.04,0.0,0.0,0.08,0.08,0.04,0.0,0.04,0.0,0.0,0.0,0.0,0.0,0.0,0.0,0.0,0.0,0.0,0.0,0.0,0.0,0.0,0.0,0.0,0.0,0.0,0.0,0.0,0.0,0.0,0.0,0.0,0.0,0.04,0.0,0.04,0.0,0.04,0.04,0.0
DVP_474_0aa31d995e7c,Data/Receipts/1_fake/receipt_0398.png,Receipts,1,1023,1537,69,0.22349494483102056,0.22366666221473452,0.003241545829199051,0.0020326250309250287,0.0029165077846673697,0.15518438239335858,0.020650052332324406,0.8901326707811579,0.014492753623188406,0.5380889491852521,0.19549188749266252,0.4596190393510778,0.20946279975821686,0.6407624633431086,0.909889394925179,0.034921838508605835,0.027037665216433016,0.013828524988683593,0.3666336974604928,0.1793813814721271,0.032821824381926684,0.1155157715260017,9.432510087963488,27.16872410820266,0.10144927536231885,0.13484040000003006,0.014492753623188406,0.028985507246376812,0.10144927536231885,0.028985507246376812,0.028985507246376812,0.10144927536231885,0.2318840579710145,0.11594202898550725,0.028985507246376812,0.07246376811594203,0.07246376811594203,0.07246376811594203,0.0,0.10144927536231885,0.0,0.0,0.0,0.0,0.0,0.0,0.043478260869565216,0.0,0.0,0.0,0.0,0.014492753623188406,0.028985507246376812,0.0,0.028985507246376812,0.028985507246376812,0.028985507246376812,0.0,0.0,0.028985507246376812,0.028985507246376812,0.0,0.043478260869565216,0.043478260869565216,0.043478260869565216,0.0,0.0,0.0,0.07246376811594203,0.0,0.07246376811594203,0.07246376811594203,0.07246376811594203,0.0,0.0,0.0,0.014492753623188406,0.0,0.043478260869565216,0.014492753623188406,0.043478260869565216,0.0,0.0,0.028985507246376812,0.028985507246376812,0.028985507246376812,0.014492753623188406,0.0,0.028985507246376812,0.0,0.0,0.0,0.014492753623188406,0.057971014492753624,0.0,0.0,0.0,0.0,0.0,0.0,0.0,0.028985507246376812,0.0,0.0,0.0,0.0
DVP_475_0aa3e5b9d645,Data/Tables/0_real/PMC4632485_table_1.jpg,Tables,0,682,294,88,0.2756446530807081,0.2817468629680611,0.003201668897364331,0.0025659824046920824,0.0026528215153154887,0.0704812050119968,0.046768707482993194,0.8976877946870871,0.03409090909090909,0.4496568650842136,0.26120815825943056,0.48194776032114267,0.22656681351806757,0.8350439882697946,0.8214133199119987,0.06451492083539244,0.06124109485413098,0.021454634089703505,0.44371291453032957,0.212112828904742,0.06347962382445141,0.06792058516196448,0.3763977481000717,1.2852039096585888,0.03409090909090909,0.07644079999954556,0.022727272727272728,0.06818181818181818,0.06818181818181818,0.056818181818181816,0.07954545454545454,0.09090909090909091,0.06818181818181818,0.045454545454545456,0.10227272727272728,0.10227272727272728,0.07954545454545454,0.045454545454545456,0.07954545454545454,0.03409090909090909,0.03409090909090909,0.022727272727272728,0.0,0.0,0.011363636363636364,0.0,0.0,0.0,0.0,0.0,0.011363636363636364,0.011363636363636364,0.022727272727272728,0.03409090909090909,0.03409090909090909,0.03409090909090909,0.022727272727272728,0.03409090909090909,0.011363636363636364,0.022727272727272728,0.03409090909090909,0.011363636363636364,0.022727272727272728,0.011363636363636364,0.011363636363636364,0.022727272727272728,0.022727272727272728,0.022727272727272728,0.03409090909090909,0.011363636363636364,0.011363636363636364,0.022727272727272728,0.0,0.011363636363636364,0.022727272727272728,0.03409090909090909,0.045454545454545456,0.022727272727272728,0.022727272727272728,0.045454545454545456,0.0,0.022727272727272728,0.022727272727272728,0.022727272727272728,0.022727272727272728,0.011363636363636364,0.011363636363636364,0.0,0.011363636363636364,0.011363636363636364,0.03409090909090909,0.03409090909090909,0.011363636363636364,0.022727272727272728,0.022727272727272728,0.011363636363636364,0.011363636363636364,0.011363636363636364,0.011363636363636364,0.0,0.0,0.0,0.0,0.0,0.0,0.0
DVP_476_0aa5cd22c9ba,Data/InfographicCharts/1_fake/infographic_chart_0864.png,InfographicCharts,1,1378,1142,129,0.16784408927642028,0.16922574913768781,0.0013118275126952543,0.0005337820491638685,0.0034650008518860194,0.05934901722527874,0.02012652900528109,0.8631105933343033,0.046511627906976744,0.505420817354949,0.26620900640699807,0.5876294715305577,0.22100813184275356,0.874455732946299,0.9295096322241682,0.03728863706515555,0.028606499457134203,0.022423819929855905,0.4434853359033994,0.21122242551203468,0.07291666666666667,0.05511143410852713,4.078819394950348,16.02106638558065,0.13178294573643412,0.24309610000091197,0.007751937984496124,0.007751937984496124,0.046511627906976744,0.007751937984496124,0.08527131782945736,0.10077519379844961,0.05426356589147287,0.09302325581395349,0.06976744186046512,0.06976744186046512,0.046511627906976744,0.06976744186046512,0.07751937984496124,0.08527131782945736,0.06976744186046512,0.10852713178294573,0.0,0.0,0.0,0.0,0.015503875968992248,0.0,0.0,0.0,0.0,0.007751937984496124,0.007751937984496124,0.0,0.023255813953488372,0.007751937984496124,0.007751937984496124,0.0,0.007751937984496124,0.03875968992248062,0.0,0.023255813953488372,0.007751937984496124,0.0,0.031007751937984496,0.0,0.023255813953488372,0.015503875968992248,0.031007751937984496,0.046511627906976744,0.031007751937984496,0.015503875968992248,0.03875968992248062,0.023255813953488372,0.007751937984496124,0.015503875968992248,0.015503875968992248,0.015503875968992248,0.023255813953488372,0.0,0.023255813953488372,0.015503875968992248,0.0,0.046511627906976744,0.0,0.03875968992248062,0.015503875968992248,0.007751937984496124,0.031007751937984496,0.0,0.015503875968992248,0.03875968992248062,0.015503875968992248,0.046511627906976744,0.031007751937984496,0.015503875968992248,0.03875968992248062,0.031007751937984496,0.007751937984496124,0.015503875968992248,0.015503875968992248,0.007751937984496124,0.015503875968992248,0.007751937984496124,0.015503875968992248,0.023255813953488372
DVP_477_0aa813c4162b,Data/InfographicCharts/1_fake/infographic_chart_0171.png,InfographicCharts,1,1195,1316,38,0.150335978928051,0.1513522020577126,0.0039829526857292795,0.001519756838905775,0.009826725674857107,0.13878000440431623,0.024496080627099667,0.8947670545587885,0.02631578947368421,0.6147665322160139,0.2704441056970494,0.44943281618329295,0.2781399115629461,0.8261580161905964,0.9019756782122951,0.041762761743902574,0.032418881837817576,0.021505749849852467,0.48441860031069867,0.27290566659965193,0.03556187766714083,0.22759601706970128,0.42938961404838427,0.9874471162869979,0.0,0.22100869999849238,0.13157894736842105,0.13157894736842105,0.07894736842105263,0.02631578947368421,0.0,0.0,0.0,0.21052631578947367,0.0,0.0,0.0,0.21052631578947367,0.0,0.07894736842105263,0.0,0.13157894736842105,0.0,0.0,0.0,0.0,0.02631578947368421,0.0,0.0,0.0,0.05263157894736842,0.07894736842105263,0.05263157894736842,0.07894736842105263,0.05263157894736842,0.0,0.02631578947368421,0.0,0.0,0.0,0.0,0.0,0.0,0.0,0.10526315789473684,0.0,0.0,0.0,0.0,0.0,0.0,0.0,0.07894736842105263,0.02631578947368421,0.0,0.0,0.0,0.0,0.0,0.0,0.10526315789473684,0.0,0.0,0.0,0.0,0.0,0.0,0.0,0.10526315789473684,0.0,0.0,0.0,0.02631578947368421,0.0,0.0,0.0,0.10526315789473684,0.0,0.0,0.0,0.05263157894736842,0.0,0.0,0.0,0.02631578947368421,0.0
DVP_478_0aab58efff9b,Data/InfographicCharts/0_real/00016250.jpeg,InfographicCharts,0,960,684,54,0.29451599950580676,0.29498202972709553,0.005462630180131399,0.003845333820662768,0.007362110380042848,0.1797067901234568,0.02815681178254277,0.8646936585177204,0.12962962962962962,0.5791783705816171,0.2580038008517818,0.5050097206870644,0.23110570517301818,0.8786458333333333,0.9078947368421052,0.06268285817892773,0.045373172214875745,0.047834119680624426,0.4406779116278154,0.22423644580588184,0.0496156533892383,0.06079664570230608,0.11337902178683379,0.35494155322945947,0.0,0.16363619999901857,0.05555555555555555,0.037037037037037035,0.037037037037037035,0.0,0.07407407407407407,0.018518518518518517,0.12962962962962962,0.2037037037037037,0.037037037037037035,0.0,0.14814814814814814,0.12962962962962962,0.037037037037037035,0.07407407407407407,0.0,0.018518518518518517,0.0,0.0,0.018518518518518517,0.018518518518518517,0.0,0.0,0.0,0.0,0.0,0.05555555555555555,0.0,0.0,0.018518518518518517,0.018518518518518517,0.0,0.0,0.0,0.05555555555555555,0.0,0.018518518518518517,0.05555555555555555,0.0,0.037037037037037035,0.05555555555555555,0.0,0.018518518518518517,0.0,0.0,0.05555555555555555,0.018518518518518517,0.05555555555555555,0.05555555555555555,0.018518518518518517,0.0,0.0,0.0,0.05555555555555555,0.0,0.018518518518518517,0.018518518518518517,0.0,0.018518518518518517,0.0,0.0,0.07407407407407407,0.018518518518518517,0.09259259259259259,0.0,0.0,0.0,0.0,0.037037037037037035,0.0,0.0,0.0,0.0,0.018518518518518517,0.018518518518518517,0.018518518518518517,0.018518518518518517,0.0,0.0,0.0,0.018518518518518517
DVP_479_0aabe73c0880,Data/Receipts/1_fake/receipt_0716.png,Receipts,1,1023,1537,65,0.17933568055912905,0.17949300124463305,0.00276143078837897,0.0019365904941072319,0.0023282579914080657,0.14136401233175427,0.019258295380611582,0.9046877950378182,0.0,0.48119892835693934,0.19504812832958696,0.5199842159177229,0.21576514840243152,0.5620723362658846,0.8786537876055063,0.03731846327166832,0.035654294856037314,0.014259052273388167,0.37592081360836893,0.17471114523537423,0.03365384615384615,0.10625,7.203883131806464,24.05705643129823,0.07692307692307693,0.1676212000002124,0.0,0.07692307692307693,0.03076923076923077,0.0,0.12307692307692308,0.07692307692307693,0.12307692307692308,0.046153846153846156,0.06153846153846154,0.12307692307692308,0.07692307692307693,0.06153846153846154,0.03076923076923077,0.07692307692307693,0.09230769230769231,0.0,0.0,0.0,0.0,0.015384615384615385,0.03076923076923077,0.0,0.0,0.0,0.0,0.0,0.0,0.06153846153846154,0.0,0.0,0.0,0.0,0.0,0.07692307692307693,0.0,0.0,0.0,0.06153846153846154,0.015384615384615385,0.0,0.0,0.046153846153846156,0.03076923076923077,0.046153846153846156,0.046153846153846156,0.015384615384615385,0.03076923076923077,0.0,0.0,0.03076923076923077,0.046153846153846156,0.046153846153846156,0.046153846153846156,0.0,0.046153846153846156,0.0,0.0,0.03076923076923077,0.03076923076923077,0.0,0.0,0.03076923076923077,0.015384615384615385,0.0,0.0,0.03076923076923077,0.03076923076923077,0.015384615384615385,0.046153846153846156,0.046153846153846156,0.0,0.0,0.0,0.0,0.0,0.03076923076923077,0.0,0.0,0.0,0.0
DVP_480_0aae250404b5,Data/CommercialPosters/0_real/5c7fc3a785ea3c16f970957a_preview.jpg,CommercialPosters,0,1024,1024,6,0.06793428957462311,0.0696110725402832,0.011601845423380533,0.013983964920043945,0.006491477654749719,0.15380859375,0.06868489583333333,0.9196842677600753,0.0,0.42117230356903934,0.028009851772141523,0.5346283420835749,0.18495943074304602,0.08447265625,0.517578125,0.07211046057192645,0.08182900337940932,0.01406031446841079,0.2518941958598298,0.14330462955935241,0.0,0.26666666666666666,0.29831843470767677,0.6670602989476979,0.0,0.2113640999996278,0.0,0.0,0.0,0.0,0.0,0.3333333333333333,0.0,0.0,0.0,0.5,0.0,0.0,0.0,0.16666666666666666,0.0,0.0,0.0,0.0,0.0,0.0,0.0,0.0,0.0,0.0,0.0,0.0,0.0,0.0,0.0,0.0,0.0,0.0,0.0,0.0,0.0,0.3333333333333333,0.0,0.0,0.0,0.0,0.0,0.0,0.0,0.0,0.0,0.0,0.0,0.0,0.0,0.0,0.16666666666666666,0.16666666666666666,0.0,0.0,0.0,0.0,0.0,0.0,0.0,0.16666666666666666,0.0,0.0,0.0,0.0,0.0,0.0,0.0,0.16666666666666666,0.0,0.0,0.0,0.0,0.0,0.0,0.0,0.0,0.0,0.0,0.0,0.0
DVP_481_0aae88de0b01,Data/AcademicPosters/0_real/ICML_2024_34891_Graphon Mean Field Games with a Representative Player_ Analy.png,AcademicPosters,0,3923,2880,297,0.3081629335961862,0.31481704230039365,0.0010599900414154668,0.0002213619112357323,0.0014617523618280148,0.061314135492060544,0.017487373737373735,0.7980825995052844,0.2962962962962963,0.5952089108307089,0.2921839420987002,0.5833062777000821,0.23932560514567372,0.9687738975274025,0.9637152777777778,0.0252445408123885,0.019992939396766708,0.013656868681971693,0.478409116587212,0.2395515789168721,0.047092547092547093,0.061015561015561014,13.909482498947652,32.726657616566605,0.20875420875420875,0.24898820000089472,0.016835016835016835,0.013468013468013467,0.030303030303030304,0.04377104377104377,0.050505050505050504,0.04377104377104377,0.06060606060606061,0.12794612794612795,0.04713804713804714,0.04377104377104377,0.07407407407407407,0.1414141414141414,0.04713804713804714,0.04040404040404041,0.09764309764309764,0.12121212121212122,0.0,0.006734006734006734,0.0,0.0,0.013468013468013467,0.0,0.0,0.0,0.010101010101010102,0.0,0.013468013468013467,0.0,0.016835016835016835,0.0,0.02356902356902357,0.020202020202020204,0.026936026936026935,0.003367003367003367,0.016835016835016835,0.003367003367003367,0.030303030303030304,0.003367003367003367,0.030303030303030304,0.030303030303030304,0.020202020202020204,0.0,0.020202020202020204,0.003367003367003367,0.026936026936026935,0.0,0.030303030303030304,0.037037037037037035,0.030303030303030304,0.0,0.020202020202020204,0.003367003367003367,0.020202020202020204,0.010101010101010102,0.04377104377104377,0.03367003367003367,0.013468013468013467,0.003367003367003367,0.010101010101010102,0.010101010101010102,0.020202020202020204,0.02356902356902357,0.03367003367003367,0.030303030303030304,0.016835016835016835,0.010101010101010102,0.013468013468013467,0.016835016835016835,0.026936026936026935,0.026936026936026935,0.037037037037037035,0.030303030303030304,0.010101010101010102,0.010101010101010102,0.003367003367003367,0.006734006734006734,0.02356902356902357,0.020202020202020204,0.026936026936026935,0.026936026936026935
DVP_482_0aaf6a153d14,Data/AcademicPosters/1_fake/academic_poster_0368.png,AcademicPosters,1,1402,1122,214,0.23505940602566583,0.23661226259405335,0.0011056647784768849,0.0005708676934656628,0.002026719781854568,0.0717066407135334,0.014131140986556047,0.8537636436197726,0.1308411214953271,0.6125370161014527,0.27884672188165627,0.4995421873727757,0.2349856467595664,0.9076319543509273,0.9389483065953654,0.02584294715551736,0.021921414247722683,0.015484276468851229,0.46085043638685214,0.2341216607970404,0.05374928699925409,0.06309508139177746,4.206117772771355,18.149033303265764,0.0794392523364486,0.2216894000011962,0.02336448598130841,0.03271028037383177,0.02336448598130841,0.08411214953271028,0.0514018691588785,0.0794392523364486,0.07476635514018691,0.1542056074766355,0.04205607476635514,0.04205607476635514,0.06542056074766354,0.12149532710280374,0.028037383177570093,0.037383177570093455,0.0794392523364486,0.06074766355140187,0.004672897196261682,0.0,0.004672897196261682,0.009345794392523364,0.0,0.0,0.0,0.0,0.004672897196261682,0.014018691588785047,0.0,0.018691588785046728,0.004672897196261682,0.018691588785046728,0.04205607476635514,0.04205607476635514,0.018691588785046728,0.014018691588785047,0.018691588785046728,0.0514018691588785,0.018691588785046728,0.02336448598130841,0.056074766355140186,0.056074766355140186,0.004672897196261682,0.014018691588785047,0.0,0.009345794392523364,0.018691588785046728,0.014018691588785047,0.028037383177570093,0.014018691588785047,0.02336448598130841,0.0,0.009345794392523364,0.014018691588785047,0.0,0.02336448598130841,0.03271028037383177,0.03271028037383177,0.018691588785046728,0.0,0.004672897196261682,0.014018691588785047,0.0,0.04205607476635514,0.03271028037383177,0.02336448598130841,0.014018691588785047,0.004672897196261682,0.009345794392523364,0.014018691588785047,0.028037383177570093,0.02336448598130841,0.03271028037383177,0.014018691588785047,0.004672897196261682,0.004672897196261682,0.0,0.014018691588785047,0.018691588785046728,0.009345794392523364,0.014018691588785047,0.0
DVP_483_0ab23687bb20,Data/CommercialPosters/0_real/5de528309fea0cc374c7d666_preview.jpg,CommercialPosters,0,724,1024,8,0.06397968102555249,0.06447875302140885,0.008059844127676106,0.003463829419889503,0.006823347835204326,0.22841850828729282,0.032958984375,0.8910829909811803,0.0,0.24016203703703703,0.0016792119717453577,0.25149473339441875,0.12795371976062708,0.0055248618784530246,0.365234375,0.043004038991658146,0.04774681643728745,0.015861463484612603,0.16698033591671493,0.09770404171697125,0.03571428571428571,1.0,0.1389326892314937,0.25670677285205196,0.0,0.1449491000003036,0.5,0.0,0.0,0.0,0.5,0.0,0.0,0.0,0.0,0.0,0.0,0.0,0.0,0.0,0.0,0.0,0.0,0.25,0.0,0.0,0.0,0.0,0.0,0.0,0.0,0.25,0.0,0.0,0.0,0.0,0.0,0.0,0.0,0.25,0.0,0.0,0.0,0.0,0.0,0.0,0.0,0.25,0.0,0.0,0.0,0.0,0.0,0.0,0.0,0.0,0.0,0.0,0.0,0.0,0.0,0.0,0.0,0.0,0.0,0.0,0.0,0.0,0.0,0.0,0.0,0.0,0.0,0.0,0.0,0.0,0.0,0.0,0.0,0.0,0.0,0.0,0.0,0.0,0.0,0.0
DVP_484_0ab436e83341,Data/CommercialPosters/0_real/5b27a3d71eb1c99e2a6ba63f_preview.jpg,CommercialPosters,0,1024,768,6,0.0565331776936849,0.05653317769368489,0.009422196282280816,0.009320576985677082,0.00551137564752466,0.16145833333333334,0.05946180555555555,0.8922290030113067,0.0,0.23250702373402424,0.0420746892108383,0.4388041041975687,0.11992572178299109,0.13501720419793084,0.3333555380286494,0.08134959501160648,0.08723958333333337,0.02985334803212976,0.1773304922393084,0.08555580777380702,0.06666666666666667,0.2,0.7613711323953657,1.2756104064809537,0.0,0.1498120000014751,0.0,0.0,0.0,0.0,0.3333333333333333,0.3333333333333333,0.0,0.0,0.3333333333333333,0.0,0.0,0.0,0.0,0.0,0.0,0.0,0.0,0.0,0.0,0.0,0.0,0.0,0.0,0.0,0.0,0.0,0.0,0.0,0.0,0.0,0.0,0.0,0.0,0.16666666666666666,0.3333333333333333,0.0,0.0,0.0,0.0,0.0,0.0,0.16666666666666666,0.0,0.0,0.0,0.0,0.0,0.0,0.0,0.16666666666666666,0.0,0.0,0.0,0.0,0.0,0.0,0.0,0.16666666666666666,0.0,0.0,0.0,0.0,0.0,0.0,0.0,0.0,0.0,0.0,0.0,0.0,0.0,0.0,0.0,0.0,0.0,0.0,0.0,0.0,0.0,0.0
DVP_485_0ac25504a793,Data/Tables/1_fake/table_0060.png,Tables,1,1360,1156,109,0.2455001399348667,0.2455001399348667,0.0022522948617877676,0.001860497659271321,0.0025995095406734225,0.09603345925526173,0.023134186216310595,0.9282784165257285,0.0,0.5468822094446903,0.28674038147499614,0.48171897578508216,0.2414382669148477,0.8886029411764707,0.9331784059585948,0.048871518502710674,0.04757785467128023,0.015516434765740501,0.4803736960771059,0.22993077509572374,0.04841997961264016,0.11671763506625892,0.10252554943665922,0.517767600197706,0.0,0.20959039999979723,0.07339449541284404,0.03669724770642202,0.06422018348623854,0.06422018348623854,0.07339449541284404,0.027522935779816515,0.09174311926605505,0.09174311926605505,0.07339449541284404,0.027522935779816515,0.09174311926605505,0.09174311926605505,0.05504587155963303,0.027522935779816515,0.05504587155963303,0.05504587155963303,0.01834862385321101,0.01834862385321101,0.009174311926605505,0.009174311926605505,0.0,0.009174311926605505,0.009174311926605505,0.0,0.01834862385321101,0.01834862385321101,0.0,0.01834862385321101,0.027522935779816515,0.027522935779816515,0.027522935779816515,0.027522935779816515,0.01834862385321101,0.01834862385321101,0.0,0.009174311926605505,0.01834862385321101,0.01834862385321101,0.01834862385321101,0.01834862385321101,0.009174311926605505,0.027522935779816515,0.0,0.01834862385321101,0.027522935779816515,0.027522935779816515,0.027522935779816515,0.027522935779816515,0.01834862385321101,0.027522935779816515,0.0,0.01834862385321101,0.027522935779816515,0.027522935779816515,0.027522935779816515,0.027522935779816515,0.009174311926605505,0.01834862385321101,0.0,0.009174311926605505,0.01834862385321101,0.01834862385321101,0.01834862385321101,0.01834862385321101,0.01834862385321101,0.027522935779816515,0.0,0.01834862385321101,0.027522935779816515,0.027522935779816515,0.027522935779816515,0.027522935779816515,0.009174311926605505,0.0,0.0,0.009174311926605505,0.0,0.0,0.0,0.0
DVP_486_0ac6557b2c14,Data/AcademicPosters/1_fake/academic_poster_0007.png,AcademicPosters,1,1402,1122,205,0.23513497263496294,0.23724288703939622,0.0011572823758019327,0.0006293530250902073,0.0016069813379922828,0.07864722869767926,0.015012390765618885,0.8618497057193547,0.06829268292682927,0.47208257213286825,0.28256607400794487,0.5548888475726345,0.2365096669637657,0.9218972895863053,0.9590017825311943,0.025112132653650043,0.01883849834981108,0.018044680405858795,0.47189056923367534,0.22407875544411776,0.05437589670014347,0.05179340028694405,0.8400359581374766,6.438875336846461,0.02926829268292683,0.19510770000124467,0.024390243902439025,0.04390243902439024,0.014634146341463415,0.014634146341463415,0.06829268292682927,0.09268292682926829,0.08780487804878048,0.07804878048780488,0.12195121951219512,0.1073170731707317,0.014634146341463415,0.08780487804878048,0.03902439024390244,0.08292682926829269,0.06829268292682927,0.05365853658536585,0.0,0.0,0.0,0.01951219512195122,0.0,0.0,0.0,0.0,0.00975609756097561,0.014634146341463415,0.004878048780487805,0.01951219512195122,0.0,0.014634146341463415,0.004878048780487805,0.00975609756097561,0.00975609756097561,0.01951219512195122,0.02926829268292683,0.02926829268292683,0.024390243902439025,0.01951219512195122,0.0,0.024390243902439025,0.024390243902439025,0.014634146341463415,0.014634146341463415,0.01951219512195122,0.00975609756097561,0.03414634146341464,0.02926829268292683,0.024390243902439025,0.03414634146341464,0.03414634146341464,0.03414634146341464,0.024390243902439025,0.0,0.00975609756097561,0.03902439024390244,0.024390243902439025,0.03414634146341464,0.01951219512195122,0.01951219512195122,0.02926829268292683,0.004878048780487805,0.0,0.014634146341463415,0.00975609756097561,0.004878048780487805,0.00975609756097561,0.01951219512195122,0.01951219512195122,0.014634146341463415,0.004878048780487805,0.02926829268292683,0.0,0.004878048780487805,0.01951219512195122,0.01951219512195122,0.024390243902439025,0.03902439024390244,0.00975609756097561,0.01951219512195122,0.004878048780487805
DVP_487_0ac86e298f6f,Data/Tables/1_fake/table_0341.png,Tables,1,1402,1122,51,0.2255053620527418,0.22803176516359364,0.0044712110816390906,0.003725261340432944,0.003541419100574472,0.14055550893681296,0.03433993918422985,0.9031708357482704,0.0196078431372549,0.5741610605525862,0.2700084531582776,0.4888842370520698,0.258236116327433,0.8236384351155903,0.9298164869524561,0.057503333985346884,0.0362758707843347,0.0391338945811045,0.48059423606022383,0.23193471416199113,0.02823529411764706,0.2196078431372549,0.6045028000221322,0.8934525883597983,0.0,0.1665723000005528,0.058823529411764705,0.0784313725490196,0.0196078431372549,0.0784313725490196,0.0392156862745098,0.0392156862745098,0.0784313725490196,0.11764705882352941,0.0392156862745098,0.058823529411764705,0.058823529411764705,0.11764705882352941,0.0392156862745098,0.058823529411764705,0.0392156862745098,0.0784313725490196,0.0196078431372549,0.0,0.0196078431372549,0.0,0.0196078431372549,0.0,0.0196078431372549,0.0,0.0,0.0392156862745098,0.0,0.058823529411764705,0.0,0.0,0.058823529411764705,0.0,0.0196078431372549,0.0,0.0,0.0196078431372549,0.0392156862745098,0.0,0.058823529411764705,0.0,0.0,0.0196078431372549,0.0,0.0196078431372549,0.0392156862745098,0.0,0.058823529411764705,0.0,0.0,0.0196078431372549,0.0,0.0392156862745098,0.0196078431372549,0.0,0.058823529411764705,0.0,0.0196078431372549,0.0,0.0,0.0196078431372549,0.0392156862745098,0.0,0.058823529411764705,0.0,0.0,0.0196078431372549,0.0,0.0196078431372549,0.0392156862745098,0.0,0.058823529411764705,0.0,0.0196078431372549,0.0,0.0196078431372549,0.0196078431372549,0.0,0.0,0.0196078431372549,0.0
DVP_488_0adb2e63d236,Data/InfographicCharts/1_fake/infographic_chart_0865.png,InfographicCharts,1,1254,1254,40,0.16413997525491109,0.16465110688857854,0.0041162776722144636,0.002862292021194061,0.005329314089242114,0.1346092503987241,0.028728070175438603,0.8779742477871663,0.025,0.4529866023754172,0.23838257173199817,0.4232799315859193,0.2567962207164183,0.8058213716108452,0.914876838561049,0.07092608057047708,0.05157211185583403,0.045357982285985615,0.45447769037932034,0.21280755043329752,0.057692307692307696,0.06282051282051282,0.40717979051984476,0.9497356960410226,0.0,0.20883090000097582,0.025,0.125,0.075,0.075,0.15,0.075,0.025,0.05,0.075,0.075,0.1,0.05,0.0,0.05,0.05,0.0,0.0,0.0,0.0,0.025,0.025,0.025,0.05,0.0,0.0,0.025,0.05,0.05,0.0,0.025,0.025,0.0,0.075,0.05,0.025,0.025,0.0,0.0,0.0,0.05,0.0,0.025,0.025,0.0,0.0,0.025,0.0,0.0,0.0,0.025,0.025,0.0,0.05,0.0,0.0,0.0,0.0,0.05,0.025,0.025,0.025,0.025,0.0,0.05,0.0,0.0,0.0,0.0,0.05,0.0,0.0,0.0,0.0,0.0,0.025,0.025,0.0,0.0,0.0,0.0
DVP_489_0ae02d02d603,Data/AcademicPosters/1_fake/academic_poster_0141.png,AcademicPosters,1,1402,1122,161,0.22388137773707129,0.2254857461075469,0.001400532584518925,0.0007132667617689016,0.0021522376632134178,0.08726220749417425,0.016413680096544547,0.8650625227478662,0.07453416149068323,0.5023391810198168,0.28200486425241095,0.5347089575156874,0.23386425208955983,0.9204707560627675,0.9558862974669439,0.03054919369225854,0.025868836599156987,0.018876525237199134,0.4681554220634801,0.22571376769210932,0.049145962732919254,0.0562111801242236,1.8241514399663172,12.205359656474503,0.024844720496894408,0.20906120000108785,0.037267080745341616,0.049689440993788817,0.031055900621118012,0.024844720496894408,0.07453416149068323,0.055900621118012424,0.06832298136645963,0.11180124223602485,0.08695652173913043,0.08074534161490683,0.08695652173913043,0.08695652173913043,0.055900621118012424,0.06832298136645963,0.043478260869565216,0.037267080745341616,0.0,0.0,0.0,0.018633540372670808,0.0,0.0,0.0,0.0,0.012422360248447204,0.024844720496894408,0.006211180124223602,0.024844720496894408,0.012422360248447204,0.018633540372670808,0.006211180124223602,0.018633540372670808,0.024844720496894408,0.012422360248447204,0.0,0.024844720496894408,0.0,0.031055900621118012,0.024844720496894408,0.018633540372670808,0.012422360248447204,0.024844720496894408,0.006211180124223602,0.024844720496894408,0.018633540372670808,0.018633540372670808,0.043478260869565216,0.024844720496894408,0.018633540372670808,0.018633540372670808,0.024844720496894408,0.006211180124223602,0.024844720496894408,0.031055900621118012,0.043478260869565216,0.037267080745341616,0.024844720496894408,0.024844720496894408,0.031055900621118012,0.018633540372670808,0.024844720496894408,0.006211180124223602,0.0,0.006211180124223602,0.006211180124223602,0.024844720496894408,0.031055900621118012,0.0,0.0,0.012422360248447204,0.012422360248447204,0.0,0.0,0.024844720496894408,0.006211180124223602,0.031055900621118012,0.024844720496894408,0.006211180124223602,0.024844720496894408,0.0
DVP_490_0ae69cddc805,Data/UIScreenshots/1_fake/ui_0909.png,UIScreenshots,1,941,1672,52,0.17088735824018814,0.17097445454036983,0.003287970279622497,0.0018644905907896007,0.002915235920536025,0.1762650208452546,0.020265918292234085,0.8749363831808841,0.07692307692307693,0.5355836998440255,0.2293188141180296,0.5565733039049772,0.2751777660389014,0.869287991498406,0.9671052631578947,0.062489200647336055,0.047082016206985725,0.04465117208867704,0.4574118064480661,0.22896734223021464,0.03469079939668175,0.07239819004524888,7.083624214954763,23.597700456386573,0.09615384615384616,0.1310282999984338,0.057692307692307696,0.038461538461538464,0.057692307692307696,0.0,0.038461538461538464,0.07692307692307693,0.07692307692307693,0.07692307692307693,0.019230769230769232,0.07692307692307693,0.1346153846153846,0.057692307692307696,0.019230769230769232,0.09615384615384616,0.11538461538461539,0.057692307692307696,0.038461538461538464,0.0,0.0,0.0,0.0,0.0,0.0,0.0,0.0,0.019230769230769232,0.0,0.038461538461538464,0.057692307692307696,0.0,0.0,0.0,0.0,0.0,0.057692307692307696,0.0,0.038461538461538464,0.019230769230769232,0.038461538461538464,0.0,0.0,0.038461538461538464,0.019230769230769232,0.0,0.019230769230769232,0.0,0.019230769230769232,0.019230769230769232,0.0,0.0,0.0,0.038461538461538464,0.07692307692307693,0.0,0.0,0.038461538461538464,0.0,0.019230769230769232,0.0,0.038461538461538464,0.057692307692307696,0.0,0.0,0.019230769230769232,0.0,0.0,0.0,0.038461538461538464,0.038461538461538464,0.0,0.0,0.038461538461538464,0.019230769230769232,0.0,0.038461538461538464,0.019230769230769232,0.057692307692307696,0.019230769230769232,0.0,0.019230769230769232
DVP_491_0ae7919812ab,Data/CommercialPosters/0_real/5f1fff31a637ee11e3a339a5_preview.jpg,CommercialPosters,0,595,841,5,0.02139309945143337,0.02139309945143337,0.004278619890286673,0.0026239270975929015,0.003247630181642448,0.26016806722689073,0.016171224732461357,0.8870030490536946,0.0,0.5092436974789916,0.12967233398444908,0.5074910820451843,0.024125334248148746,0.3739495798319327,0.07550535077288939,0.08058799139051684,0.0574012569884156,0.05565432996521701,0.18398142881899976,0.09819978988581309,0.3,0.1,0.0,0.0,0.0,0.12485959999867191,0.0,0.0,0.0,0.0,0.0,0.2,0.0,0.0,0.0,0.4,0.4,0.0,0.0,0.0,0.0,0.0,0.0,0.0,0.0,0.0,0.0,0.0,0.0,0.0,0.0,0.0,0.0,0.0,0.0,0.0,0.0,0.0,0.0,0.0,0.0,0.0,0.0,0.0,0.0,0.0,0.0,0.0,0.0,0.2,0.0,0.0,0.0,0.0,0.0,0.0,0.2,0.2,0.2,0.2,0.0,0.0,0.0,0.0,0.0,0.0,0.0,0.0,0.0,0.0,0.0,0.0,0.0,0.0,0.0,0.0,0.0,0.0,0.0,0.0,0.0,0.0,0.0,0.0,0.0,0.0
DVP_492_0af08253c4f6,Data/InfographicCharts/0_real/00042784.jpg,InfographicCharts,0,925,863,58,0.26787197394381634,0.2678719739438164,0.004618482309376145,0.004386333030597225,0.0019344834488894502,0.10603914259086672,0.043712790186598474,0.9221320409876981,0.017241379310344827,0.40196642045802,0.238929516668987,0.42835816817964023,0.24940659580212488,0.7594594594594595,0.8441286076577679,0.060603973481907936,0.04693709801828344,0.037426105201746405,0.4406044700383763,0.22053407167871575,0.047186932849364795,0.14640048396854205,3.2027377098619505,16.430750660380376,0.034482758620689655,0.20257259999925736,0.06896551724137931,0.10344827586206896,0.06896551724137931,0.08620689655172414,0.08620689655172414,0.1206896551724138,0.10344827586206896,0.017241379310344827,0.10344827586206896,0.10344827586206896,0.0,0.0,0.06896551724137931,0.034482758620689655,0.017241379310344827,0.017241379310344827,0.017241379310344827,0.0,0.017241379310344827,0.0,0.017241379310344827,0.017241379310344827,0.034482758620689655,0.0,0.0,0.05172413793103448,0.05172413793103448,0.034482758620689655,0.0,0.034482758620689655,0.034482758620689655,0.017241379310344827,0.0,0.05172413793103448,0.05172413793103448,0.0,0.017241379310344827,0.0,0.0,0.0,0.0,0.034482758620689655,0.034482758620689655,0.034482758620689655,0.034482758620689655,0.05172413793103448,0.017241379310344827,0.0,0.0,0.05172413793103448,0.05172413793103448,0.0,0.0,0.0,0.0,0.0,0.0,0.05172413793103448,0.05172413793103448,0.0,0.0,0.0,0.0,0.0,0.0,0.034482758620689655,0.0,0.034482758620689655,0.0,0.0,0.0,0.0,0.0,0.034482758620689655,0.0,0.0,0.017241379310344827,0.0,0.017241379310344827,0.0
DVP_493_0af26a6eec42,Data/AcademicPosters/0_real/ICLR_2023_11253_Neural-based classification rule learning for sequential dat.png,AcademicPosters,0,2160,2880,162,0.2564282761825447,0.25978604038065845,0.001603617533213941,0.0008591338734567902,0.002245199912020227,0.12260516689529036,0.01306798696844993,0.8231306028467004,0.24074074074074073,0.48121058745192674,0.27584858992367794,0.4943166576121279,0.24559892297591424,0.9127314814814815,0.9130208333333334,0.028929793100205298,0.02119065214474762,0.020833124222327516,0.46987745186568664,0.23180224609440633,0.054673721340388004,0.051683153132428494,7.9145108403776945,24.485353461887723,0.13580246913580246,0.1779167000004236,0.043209876543209874,0.043209876543209874,0.037037037037037035,0.07407407407407407,0.06172839506172839,0.06172839506172839,0.09876543209876543,0.09259259259259259,0.10493827160493827,0.08024691358024691,0.05555555555555555,0.06172839506172839,0.08024691358024691,0.05555555555555555,0.04938271604938271,0.0,0.006172839506172839,0.006172839506172839,0.006172839506172839,0.006172839506172839,0.006172839506172839,0.0,0.006172839506172839,0.012345679012345678,0.012345679012345678,0.018518518518518517,0.0,0.030864197530864196,0.0,0.030864197530864196,0.037037037037037035,0.018518518518518517,0.018518518518518517,0.037037037037037035,0.0,0.030864197530864196,0.012345679012345678,0.05555555555555555,0.05555555555555555,0.012345679012345678,0.006172839506172839,0.0,0.006172839506172839,0.024691358024691357,0.024691358024691357,0.006172839506172839,0.024691358024691357,0.0,0.012345679012345678,0.04938271604938271,0.0,0.012345679012345678,0.018518518518518517,0.012345679012345678,0.043209876543209874,0.006172839506172839,0.030864197530864196,0.012345679012345678,0.030864197530864196,0.037037037037037035,0.0,0.024691358024691357,0.012345679012345678,0.0,0.024691358024691357,0.024691358024691357,0.024691358024691357,0.006172839506172839,0.012345679012345678,0.018518518518518517,0.0,0.0,0.012345679012345678,0.018518518518518517,0.012345679012345678,0.012345679012345678,0.0,0.018518518518518517,0.0,0.0
DVP_494_0af6e996a392,Data/InfographicCharts/0_real/00006153.jpeg,InfographicCharts,0,960,684,38,0.19090521442495126,0.19099201998050686,0.005026105788960707,0.002946820175438596,0.006920803663190169,0.1243969298245614,0.04051246537396122,0.8746757010312983,0.07894736842105263,0.3310048237795916,0.28367951838215566,0.5477460659315256,0.25320404592466905,0.8958333333333334,0.9078947368421053,0.08370010567712945,0.07085266131063034,0.038870671317358045,0.4898840464870702,0.2387505305832216,0.051209103840682786,0.112375533428165,21.37166808427115,38.294816059802656,0.23684210526315788,0.14914560000033816,0.05263157894736842,0.05263157894736842,0.0,0.02631578947368421,0.21052631578947367,0.0,0.10526315789473684,0.0,0.15789473684210525,0.0,0.10526315789473684,0.0,0.18421052631578946,0.0,0.05263157894736842,0.05263157894736842,0.0,0.0,0.02631578947368421,0.02631578947368421,0.0,0.0,0.0,0.0,0.02631578947368421,0.02631578947368421,0.0,0.0,0.0,0.0,0.0,0.02631578947368421,0.05263157894736842,0.05263157894736842,0.0,0.0,0.0,0.05263157894736842,0.0,0.0,0.05263157894736842,0.05263157894736842,0.0,0.0,0.02631578947368421,0.02631578947368421,0.0,0.0,0.05263157894736842,0.05263157894736842,0.0,0.0,0.05263157894736842,0.02631578947368421,0.0,0.0,0.02631578947368421,0.02631578947368421,0.0,0.0,0.02631578947368421,0.0,0.0,0.0,0.05263157894736842,0.05263157894736842,0.0,0.0,0.05263157894736842,0.0,0.02631578947368421,0.0,0.05263157894736842,0.02631578947368421,0.0,0.0,0.0,0.0,0.0,0.02631578947368421
DVP_495_0af7ba8d435e,Data/AcademicPosters/1_fake/academic_poster_0421.png,AcademicPosters,1,1402,1122,201,0.23865507669291683,0.2404564017281144,0.001196300506110022,0.0005492535491696354,0.0016688629227334488,0.0792329366008758,0.014535167300751148,0.8621502640978452,0.08955223880597014,0.5544084445260532,0.2985909414947016,0.5121897399946542,0.2359805226331342,0.9215406562054208,0.9581105169340464,0.028190613875629638,0.02228449383047646,0.01855895322050169,0.48374542197310166,0.23900944563743437,0.043134328358208955,0.05845771144278607,2.1237443781676353,12.652649396016745,0.06467661691542288,0.21393580000039947,0.01990049751243781,0.04477611940298507,0.04477611940298507,0.004975124378109453,0.05472636815920398,0.04975124378109453,0.07462686567164178,0.19402985074626866,0.10945273631840796,0.06965174129353234,0.06467661691542288,0.11940298507462686,0.04975124378109453,0.024875621890547265,0.024875621890547265,0.04975124378109453,0.0,0.0,0.014925373134328358,0.009950248756218905,0.024875621890547265,0.004975124378109453,0.0,0.0,0.004975124378109453,0.014925373134328358,0.004975124378109453,0.014925373134328358,0.004975124378109453,0.009950248756218905,0.004975124378109453,0.0,0.004975124378109453,0.024875621890547265,0.009950248756218905,0.014925373134328358,0.004975124378109453,0.029850746268656716,0.0845771144278607,0.06965174129353234,0.009950248756218905,0.014925373134328358,0.009950248756218905,0.014925373134328358,0.014925373134328358,0.024875621890547265,0.014925373134328358,0.024875621890547265,0.03482587064676617,0.01990049751243781,0.029850746268656716,0.009950248756218905,0.0,0.01990049751243781,0.01990049751243781,0.009950248756218905,0.01990049751243781,0.03482587064676617,0.01990049751243781,0.009950248756218905,0.014925373134328358,0.029850746268656716,0.04477611940298507,0.04477611940298507,0.009950248756218905,0.01990049751243781,0.004975124378109453,0.0,0.004975124378109453,0.004975124378109453,0.024875621890547265,0.0,0.004975124378109453,0.014925373134328358,0.0,0.01990049751243781,0.0,0.014925373134328358,0.01990049751243781,0.004975124378109453
DVP_496_0af987aa3da7,Data/Tables/0_real/PMC1555604_table_1.jpg,Tables,0,362,180,23,0.30366789441375075,0.305877839165132,0.013299036485440521,0.010435850214855739,0.009794650925253959,0.203218832572664,0.0647342995169082,0.8992477958266349,0.0,0.4939947153495075,0.239093634124327,0.48719806763285023,0.20075631809615663,0.6588397790055248,0.7083333333333334,0.09289234913908972,0.07222222222222219,0.041828971849865254,0.41124114887231467,0.18622366569285595,0.08300395256916997,0.22134387351778656,0.0,0.0,0.0,0.12929320000148437,0.043478260869565216,0.08695652173913043,0.043478260869565216,0.043478260869565216,0.08695652173913043,0.0,0.08695652173913043,0.08695652173913043,0.13043478260869565,0.0,0.13043478260869565,0.13043478260869565,0.043478260869565216,0.0,0.043478260869565216,0.043478260869565216,0.0,0.0,0.043478260869565216,0.043478260869565216,0.0,0.0,0.0,0.0,0.0,0.043478260869565216,0.0,0.0,0.043478260869565216,0.0,0.043478260869565216,0.0,0.0,0.0,0.0,0.0,0.0,0.0,0.0,0.0,0.0,0.08695652173913043,0.0,0.0,0.08695652173913043,0.0,0.08695652173913043,0.0,0.0,0.08695652173913043,0.0,0.0,0.08695652173913043,0.0,0.08695652173913043,0.0,0.0,0.043478260869565216,0.0,0.0,0.043478260869565216,0.0,0.043478260869565216,0.0,0.0,0.043478260869565216,0.0,0.0,0.043478260869565216,0.0,0.043478260869565216,0.0,0.0,0.0,0.0,0.0,0.0,0.0,0.0,0.0
DVP_497_0afab10feca7,Data/Tables/1_fake/table_0021.png,Tables,1,1402,1122,89,0.2326889893754006,0.23274841644607525,0.002615150746585115,0.002226892572617168,0.0022918780930897983,0.1016044495023161,0.02780948947505458,0.8942383835170187,0.011235955056179775,0.48107126655382254,0.2811900096755539,0.5215210409803941,0.2491367534798903,0.8427246790299573,0.8843558227031343,0.05289815850546822,0.05437188005183755,0.02354604893414117,0.48453746418956206,0.2251776866270132,0.06256384065372829,0.13712972420837588,0.7624197633766185,1.2792875758939084,0.02247191011235955,0.17473340000105964,0.033707865168539325,0.07865168539325842,0.0449438202247191,0.033707865168539325,0.056179775280898875,0.10112359550561797,0.0898876404494382,0.0449438202247191,0.06741573033707865,0.0898876404494382,0.0898876404494382,0.0449438202247191,0.056179775280898875,0.06741573033707865,0.056179775280898875,0.0449438202247191,0.0,0.011235955056179775,0.0,0.011235955056179775,0.0,0.0,0.0,0.0,0.02247191011235955,0.0,0.0449438202247191,0.02247191011235955,0.02247191011235955,0.02247191011235955,0.0,0.033707865168539325,0.02247191011235955,0.0,0.02247191011235955,0.02247191011235955,0.02247191011235955,0.02247191011235955,0.0,0.02247191011235955,0.033707865168539325,0.0,0.033707865168539325,0.02247191011235955,0.02247191011235955,0.02247191011235955,0.0,0.02247191011235955,0.02247191011235955,0.0,0.02247191011235955,0.011235955056179775,0.02247191011235955,0.02247191011235955,0.0,0.02247191011235955,0.0449438202247191,0.0,0.033707865168539325,0.02247191011235955,0.02247191011235955,0.02247191011235955,0.0,0.02247191011235955,0.033707865168539325,0.011235955056179775,0.02247191011235955,0.02247191011235955,0.011235955056179775,0.02247191011235955,0.0,0.033707865168539325,0.011235955056179775,0.0,0.011235955056179775,0.011235955056179775,0.011235955056179775,0.011235955056179775,0.0,0.011235955056179775
DVP_498_0b01c718747a,Data/AcademicPosters/0_real/NeurIPS_2023_73061_SaVeNet_ A Scalable Vector Network for Enhanced Molecular Re.png,AcademicPosters,0,4320,2880,296,0.4207211600631265,0.42433670106738686,0.0014335699360384692,0.0005729166666666667,0.0018855881285736904,0.08531578453453453,0.01737401463963964,0.8668039275688304,0.060810810810810814,0.6238557048686981,0.2746073052690602,0.5829131546230403,0.2188554360428774,0.9469907407407407,0.9399320093820268,0.020409633410887675,0.017881944444444464,0.009044554706634006,0.4412274272807127,0.22971304753382837,0.06426935409986258,0.0641548327989006,2.5881733984715516,14.615219047891847,0.030405405405405407,0.21311179999975138,0.010135135135135136,0.02364864864864865,0.010135135135135136,0.016891891891891893,0.05067567567567568,0.08108108108108109,0.037162162162162164,0.125,0.0472972972972973,0.0472972972972973,0.08108108108108109,0.14864864864864866,0.0472972972972973,0.04054054054054054,0.08783783783783784,0.14527027027027026,0.0,0.0,0.0,0.006756756756756757,0.0,0.0,0.0,0.0,0.0,0.010135135135135136,0.0033783783783783786,0.013513513513513514,0.0033783783783783786,0.006756756756756757,0.010135135135135136,0.006756756756756757,0.0,0.02364864864864865,0.013513513513513514,0.02364864864864865,0.0,0.02364864864864865,0.0472972972972973,0.0472972972972973,0.0,0.02702702702702703,0.016891891891891893,0.02702702702702703,0.0,0.013513513513513514,0.02027027027027027,0.010135135135135136,0.010135135135135136,0.010135135135135136,0.0033783783783783786,0.02027027027027027,0.0,0.060810810810810814,0.060810810810810814,0.04054054054054054,0.02702702702702703,0.0,0.0,0.02364864864864865,0.0,0.02027027027027027,0.033783783783783786,0.013513513513513514,0.02364864864864865,0.016891891891891893,0.006756756756756757,0.02364864864864865,0.0,0.057432432432432436,0.05405405405405406,0.05067567567567568,0.0033783783783783786,0.0033783783783783786,0.0,0.010135135135135136,0.0033783783783783786,0.02702702702702703,0.02027027027027027,0.02027027027027027
DVP_499_0b02e14ea7ae,Data/UIScreenshots/0_real/9438.jpg,UIScreenshots,0,1080,1920,8,0.08961130401234568,0.08961130401234567,0.011201413001543209,0.012317708333333333,0.005403747467861085,0.4288194444444445,0.026302083333333334,0.9064659704032175,0.0,0.5232345606447617,0.17817818926292533,0.4763024915099269,0.2864385438794862,0.6912037037037038,0.8609407654127482,0.14202848288525827,0.058239884227110975,0.15280920270495432,0.4444836226335353,0.2500720665428343,0.0,0.5357142857142857,0.09533972735324525,0.16906367277881681,0.0,0.12688779999916733,0.0,0.0,0.125,0.125,0.0,0.25,0.125,0.0,0.0,0.0,0.0,0.0,0.0,0.25,0.125,0.0,0.0,0.0,0.0,0.0,0.0,0.0,0.0,0.125,0.0,0.0,0.0,0.0,0.125,0.0,0.0,0.0,0.0,0.0,0.125,0.0,0.0,0.0,0.0,0.0,0.0,0.0,0.0,0.125,0.125,0.0,0.0,0.0,0.0,0.0,0.0,0.0,0.0,0.0,0.0,0.0,0.0,0.0,0.0,0.0,0.0,0.0,0.0,0.0,0.0,0.0,0.0,0.125,0.125,0.0,0.0,0.0,0.0,0.0,0.0,0.125,0.0,0.0,0.0,0.0
DVP_500_0b053d221f0f,Data/AcademicPosters/1_fake/academic_poster_0125.png,AcademicPosters,1,1402,1122,206,0.22099654023524243,0.22190447311073308,0.0010772061801491897,0.0006242673440793774,0.0018367359756225217,0.07024292619420246,0.014563106796116505,0.8658363841080525,0.05825242718446602,0.5547222745030264,0.27609006343201264,0.5035851517016253,0.2551397390850637,0.9336884146005918,0.9576648841354723,0.028294125534089092,0.02495543672014261,0.016833165695983508,0.47911713395463024,0.23338710854867759,0.044328676296471706,0.05512668718920199,3.16410312258038,15.475900194230272,0.05339805825242718,0.24744059999829915,0.02912621359223301,0.06796116504854369,0.02912621359223301,0.07766990291262135,0.05825242718446602,0.02912621359223301,0.07281553398058252,0.1262135922330097,0.043689320388349516,0.06796116504854369,0.07281553398058252,0.0970873786407767,0.05339805825242718,0.07766990291262135,0.06310679611650485,0.03398058252427184,0.0,0.0,0.0048543689320388345,0.014563106796116505,0.0048543689320388345,0.0,0.009708737864077669,0.009708737864077669,0.009708737864077669,0.019417475728155338,0.014563106796116505,0.03398058252427184,0.0048543689320388345,0.019417475728155338,0.038834951456310676,0.019417475728155338,0.014563106796116505,0.014563106796116505,0.0,0.0048543689320388345,0.019417475728155338,0.019417475728155338,0.05825242718446602,0.038834951456310676,0.014563106796116505,0.014563106796116505,0.014563106796116505,0.009708737864077669,0.0048543689320388345,0.02912621359223301,0.019417475728155338,0.009708737864077669,0.014563106796116505,0.009708737864077669,0.019417475728155338,0.014563106796116505,0.009708737864077669,0.02912621359223301,0.04854368932038835,0.019417475728155338,0.009708737864077669,0.009708737864077669,0.019417475728155338,0.014563106796116505,0.014563106796116505,0.019417475728155338,0.014563106796116505,0.014563106796116505,0.019417475728155338,0.014563106796116505,0.024271844660194174,0.019417475728155338,0.019417475728155338,0.014563106796116505,0.0048543689320388345,0.009708737864077669,0.014563106796116505,0.0048543689320388345,0.014563106796116505,0.019417475728155338,0.02912621359223301,0.0,0.014563106796116505,0.0048543689320388345
DVP_501_0b09ac319ee6,Data/UIScreenshots/1_fake/ui_0361.png,UIScreenshots,1,941,1672,52,0.10719502056755259,0.10719502056755258,0.002061442703222165,0.001645849117044374,0.001415054008236099,0.1269925611052072,0.016447368421052634,0.881308802223981,0.09615384615384616,0.468156938755531,0.2511634027630911,0.5464010569636826,0.26778502202953686,0.8134962805526037,0.9505181767724299,0.05795224664016203,0.05430271176987166,0.03247242667768232,0.4736882981702104,0.224697792153874,0.038461538461538464,0.06108597285067873,5.449735637058071,21.063604054295944,0.057692307692307696,0.1371539000010671,0.038461538461538464,0.07692307692307693,0.019230769230769232,0.038461538461538464,0.09615384615384616,0.019230769230769232,0.07692307692307693,0.07692307692307693,0.057692307692307696,0.1346153846153846,0.0,0.11538461538461539,0.07692307692307693,0.09615384615384616,0.038461538461538464,0.038461538461538464,0.038461538461538464,0.0,0.0,0.0,0.0,0.0,0.0,0.0,0.0,0.0,0.019230769230769232,0.057692307692307696,0.019230769230769232,0.0,0.038461538461538464,0.0,0.0,0.038461538461538464,0.019230769230769232,0.0,0.019230769230769232,0.0,0.019230769230769232,0.0,0.0,0.057692307692307696,0.0,0.0,0.057692307692307696,0.0,0.057692307692307696,0.0,0.0,0.057692307692307696,0.0,0.057692307692307696,0.0,0.0,0.019230769230769232,0.019230769230769232,0.0,0.0,0.0,0.07692307692307693,0.0,0.0,0.038461538461538464,0.038461538461538464,0.0,0.038461538461538464,0.019230769230769232,0.019230769230769232,0.0,0.0,0.0,0.0,0.019230769230769232,0.019230769230769232,0.019230769230769232,0.038461538461538464,0.019230769230769232,0.019230769230769232,0.019230769230769232,0.019230769230769232
DVP_502_0b0c39795c86,Data/Receipts/1_fake/receipt_0353.png,Receipts,1,1023,1537,57,0.21779360969656267,0.21779360969656267,0.0038209405209923275,0.002077780342938695,0.003221935240876486,0.1767419526332939,0.02161878345832049,0.9076576808971737,0.0,0.5846954993103843,0.2203443588530523,0.4940084120894786,0.18025750546831323,0.7727272727272727,0.8407641958599025,0.0342626424633799,0.028801221285291417,0.013764881113036883,0.36367790726498717,0.18089121677517533,0.03571428571428571,0.12593984962406016,11.275777448242833,29.493252172019986,0.12280701754385964,0.1637883999992482,0.0,0.07017543859649122,0.03508771929824561,0.0,0.08771929824561403,0.05263157894736842,0.17543859649122806,0.12280701754385964,0.03508771929824561,0.05263157894736842,0.15789473684210525,0.12280701754385964,0.0,0.07017543859649122,0.0,0.017543859649122806,0.0,0.0,0.0,0.0,0.017543859649122806,0.0,0.0,0.0,0.0,0.0,0.0,0.07017543859649122,0.017543859649122806,0.0,0.0,0.0,0.0,0.03508771929824561,0.0,0.017543859649122806,0.0,0.0,0.03508771929824561,0.0,0.017543859649122806,0.03508771929824561,0.03508771929824561,0.0,0.08771929824561403,0.08771929824561403,0.08771929824561403,0.0,0.0,0.03508771929824561,0.017543859649122806,0.0,0.05263157894736842,0.05263157894736842,0.05263157894736842,0.0,0.0,0.0,0.0,0.03508771929824561,0.05263157894736842,0.0,0.07017543859649122,0.0,0.0,0.0,0.0,0.05263157894736842,0.0,0.0,0.017543859649122806,0.0,0.0,0.0,0.0,0.017543859649122806,0.0,0.0,0.0,0.0
DVP_503_0b12f118becc,Data/Receipts/1_fake/receipt_0888.png,Receipts,1,1024,1536,52,0.21840540568033853,0.21840540568033853,0.004200103955391126,0.0031909942626953125,0.003233003123771314,0.19580078125,0.021284054487179484,0.9273559933635216,0.0,0.5387181075333877,0.19480028522788706,0.47332288895849745,0.18918366104390816,0.673828125,0.8707682291666667,0.036693016231764325,0.02852360532602665,0.016725224598606588,0.3492036038855306,0.16859339081252167,0.03695324283559578,0.13725490196078433,3.611340272001522,17.342450325664974,0.057692307692307696,0.14573210000162362,0.0,0.09615384615384616,0.0,0.0,0.038461538461538464,0.11538461538461539,0.25,0.09615384615384616,0.038461538461538464,0.038461538461538464,0.1346153846153846,0.11538461538461539,0.0,0.07692307692307693,0.0,0.0,0.0,0.0,0.0,0.038461538461538464,0.0,0.0,0.0,0.0,0.0,0.0,0.0,0.057692307692307696,0.0,0.0,0.0,0.0,0.0,0.038461538461538464,0.038461538461538464,0.0,0.019230769230769232,0.07692307692307693,0.019230769230769232,0.0,0.0,0.0,0.07692307692307693,0.0,0.07692307692307693,0.07692307692307693,0.07692307692307693,0.0,0.0,0.019230769230769232,0.019230769230769232,0.0,0.057692307692307696,0.038461538461538464,0.057692307692307696,0.0,0.0,0.019230769230769232,0.019230769230769232,0.0,0.038461538461538464,0.0,0.057692307692307696,0.0,0.0,0.0,0.0,0.057692307692307696,0.0,0.0,0.0,0.0,0.0,0.0,0.0,0.019230769230769232,0.0,0.0,0.0,0.0
DVP_504_0b157ce92345,Data/AcademicPosters/0_real/ICLR_2023_11904_Protein Representation Learning by Geometric Structure Pretr.png,AcademicPosters,0,2000,1319,126,0.16433782877355946,0.16965200909780132,0.0013464445166492167,0.0007905610310841547,0.0019464062357804133,0.061595238095238085,0.018773240911224235,0.82463521419811,0.1349206349206349,0.5986515966648305,0.3102796745358582,0.4974538322490672,0.2810183964790171,0.91825,0.931008339651251,0.03669167014013152,0.02785172241896902,0.028827040284600213,0.5293768372048293,0.27028450281116645,0.038603174603174605,0.0913015873015873,5.2517919451636965,20.67338379318357,0.06349206349206349,0.15045879999888712,0.03968253968253968,0.015873015873015872,0.06349206349206349,0.11904761904761904,0.031746031746031744,0.0,0.07936507936507936,0.15873015873015872,0.1111111111111111,0.031746031746031744,0.031746031746031744,0.07142857142857142,0.05555555555555555,0.06349206349206349,0.07142857142857142,0.05555555555555555,0.0,0.015873015873015872,0.0,0.015873015873015872,0.023809523809523808,0.015873015873015872,0.007936507936507936,0.047619047619047616,0.007936507936507936,0.015873015873015872,0.0,0.0,0.0,0.023809523809523808,0.0,0.06349206349206349,0.0,0.023809523809523808,0.0,0.0,0.023809523809523808,0.015873015873015872,0.031746031746031744,0.05555555555555555,0.007936507936507936,0.0,0.0,0.0,0.007936507936507936,0.031746031746031744,0.007936507936507936,0.06349206349206349,0.015873015873015872,0.023809523809523808,0.007936507936507936,0.0,0.007936507936507936,0.007936507936507936,0.023809523809523808,0.023809523809523808,0.047619047619047616,0.023809523809523808,0.015873015873015872,0.007936507936507936,0.007936507936507936,0.007936507936507936,0.015873015873015872,0.007936507936507936,0.015873015873015872,0.015873015873015872,0.015873015873015872,0.0,0.031746031746031744,0.031746031746031744,0.031746031746031744,0.007936507936507936,0.007936507936507936,0.015873015873015872,0.015873015873015872,0.031746031746031744,0.007936507936507936,0.0,0.007936507936507936,0.007936507936507936
DVP_505_0b1a50c49c30,Data/UIScreenshots/0_real/21050.jpg,UIScreenshots,0,1080,1920,14,0.05536072530864197,0.05536072530864197,0.003954337522045855,0.0030859375,0.0037105046172585987,0.1720899470899471,0.022470238095238095,0.8760268591022917,0.0,0.44345238095238104,0.28964259769090134,0.6641741071428573,0.33078641111331736,0.8421296296296297,0.8843749999999999,0.11855077227241562,0.06391615471145641,0.16645568969158644,0.5463414555953757,0.3433312750497994,0.15384615384615385,0.054945054945054944,6.823601810959426,23.103089009075216,0.07142857142857142,0.13280769999983022,0.07142857142857142,0.07142857142857142,0.0,0.07142857142857142,0.0,0.0,0.0,0.0,0.0,0.0,0.0,0.0,0.21428571428571427,0.35714285714285715,0.0,0.21428571428571427,0.07142857142857142,0.0,0.07142857142857142,0.0,0.0,0.0,0.0,0.07142857142857142,0.0,0.0,0.0,0.0,0.0,0.0,0.0,0.0,0.0,0.0,0.0,0.0,0.0,0.0,0.0,0.0,0.0,0.0,0.0,0.0,0.0,0.0,0.0,0.0,0.0,0.0,0.0,0.0,0.0,0.0,0.0,0.0,0.0,0.0,0.0,0.0,0.0,0.0,0.0,0.0,0.0,0.21428571428571427,0.07142857142857142,0.21428571428571427,0.0,0.0,0.0,0.14285714285714285,0.0,0.0,0.07142857142857142,0.0,0.0,0.0,0.07142857142857142,0.0
DVP_506_0b22d1f82a55,Data/InfographicCharts/1_fake/infographic_chart_0009.png,InfographicCharts,1,1536,1024,57,0.16069825490315756,0.16069825490315756,0.002819267629879957,0.001544952392578125,0.004935773989931204,0.09758771929824561,0.026932565789473683,0.897797252865438,0.0,0.43503196064271016,0.31655768823161434,0.5265644083465101,0.22783005119707897,0.865234375,0.873046875,0.06743453490047331,0.05615234375,0.022973071064952225,0.49906221082437224,0.24617108584405484,0.06328320802005012,0.08646616541353383,12.896799063810926,31.294203168604632,0.14035087719298245,0.14371899999969173,0.03508771929824561,0.07017543859649122,0.0,0.017543859649122806,0.17543859649122806,0.05263157894736842,0.03508771929824561,0.08771929824561403,0.14035087719298245,0.07017543859649122,0.07017543859649122,0.10526315789473684,0.017543859649122806,0.05263157894736842,0.05263157894736842,0.017543859649122806,0.0,0.0,0.03508771929824561,0.0,0.0,0.0,0.0,0.0,0.03508771929824561,0.0,0.017543859649122806,0.017543859649122806,0.0,0.0,0.0,0.017543859649122806,0.03508771929824561,0.03508771929824561,0.0,0.017543859649122806,0.0,0.017543859649122806,0.0,0.03508771929824561,0.05263157894736842,0.05263157894736842,0.03508771929824561,0.0,0.0,0.017543859649122806,0.0,0.05263157894736842,0.03508771929824561,0.03508771929824561,0.017543859649122806,0.0,0.0,0.017543859649122806,0.0,0.03508771929824561,0.017543859649122806,0.05263157894736842,0.017543859649122806,0.03508771929824561,0.017543859649122806,0.03508771929824561,0.03508771929824561,0.03508771929824561,0.0,0.017543859649122806,0.017543859649122806,0.0,0.0,0.03508771929824561,0.0,0.0,0.0,0.0,0.017543859649122806,0.017543859649122806,0.0,0.017543859649122806,0.017543859649122806,0.0
DVP_507_0b299e3ae5a3,Data/InfographicCharts/1_fake/infographic_chart_0902.png,InfographicCharts,1,1254,1254,41,0.14534217222867546,0.1474601848248285,0.003596589873776305,0.001210798491080536,0.006601629362550693,0.1335044929396662,0.022659197883844864,0.8900233794363035,0.0,0.49005920183918994,0.2087460980725591,0.43996029302383455,0.25532279753051473,0.7759170653907497,0.9585326953748007,0.05410263421211516,0.053590949382774485,0.019818878446372527,0.4257901330507752,0.2041331051427545,0.03902439024390244,0.06341463414634146,0.4588846665545674,1.095757239712227,0.0,0.21096270000089135,0.0,0.14634146341463414,0.12195121951219512,0.0,0.04878048780487805,0.1951219512195122,0.07317073170731707,0.04878048780487805,0.0975609756097561,0.024390243902439025,0.0,0.0975609756097561,0.0,0.07317073170731707,0.07317073170731707,0.0,0.0,0.0,0.024390243902439025,0.0,0.04878048780487805,0.024390243902439025,0.0,0.0,0.0,0.0,0.07317073170731707,0.04878048780487805,0.024390243902439025,0.024390243902439025,0.0,0.0,0.0,0.04878048780487805,0.0,0.04878048780487805,0.0,0.07317073170731707,0.024390243902439025,0.0,0.0,0.0,0.024390243902439025,0.12195121951219512,0.0,0.0,0.024390243902439025,0.0,0.0,0.0,0.0,0.0,0.0,0.0,0.04878048780487805,0.0,0.04878048780487805,0.04878048780487805,0.024390243902439025,0.0,0.0,0.0,0.024390243902439025,0.024390243902439025,0.0,0.0,0.0,0.024390243902439025,0.04878048780487805,0.0,0.0,0.0,0.0,0.0,0.0,0.04878048780487805,0.024390243902439025,0.0,0.0,0.0
DVP_508_0b2daa12eef4,Data/Receipts/0_real/X51005587261.jpg,Receipts,0,764,1717,44,0.29293283778794477,0.31413955608680666,0.007139535365609242,0.004920764635749069,0.005649560167993119,0.3180925749643027,0.027201249536718375,0.847230295329645,0.0,0.39673028625708684,0.20517230903150072,0.4476416161307127,0.2239967877501977,0.7463852279793786,0.8345872362228659,0.04506488512836322,0.033353120285634134,0.03176683600441176,0.3903946487370769,0.19085107234129242,0.0613107822410148,0.07399577167019028,6.016010066755104,18.49247891072791,0.045454545454545456,0.11015220000081172,0.045454545454545456,0.13636363636363635,0.0,0.0,0.13636363636363635,0.13636363636363635,0.11363636363636363,0.11363636363636363,0.09090909090909091,0.06818181818181818,0.0,0.0,0.022727272727272728,0.13636363636363635,0.0,0.0,0.0,0.022727272727272728,0.022727272727272728,0.022727272727272728,0.0,0.0,0.0,0.0,0.0,0.022727272727272728,0.06818181818181818,0.022727272727272728,0.0,0.0,0.0,0.0,0.0,0.06818181818181818,0.022727272727272728,0.06818181818181818,0.0,0.022727272727272728,0.022727272727272728,0.0,0.022727272727272728,0.045454545454545456,0.0,0.045454545454545456,0.09090909090909091,0.0,0.09090909090909091,0.0,0.0,0.045454545454545456,0.022727272727272728,0.022727272727272728,0.0,0.0,0.0,0.0,0.0,0.045454545454545456,0.022727272727272728,0.0,0.0,0.0,0.0,0.0,0.022727272727272728,0.0,0.0,0.09090909090909091,0.0,0.0,0.0,0.0,0.0,0.0,0.022727272727272728,0.022727272727272728,0.0,0.0,0.0,0.0
DVP_509_0b30a0beaa14,Data/CommercialPosters/0_real/5e04c1589fea0cc374a4c36e_preview.jpg,CommercialPosters,0,1024,576,7,0.174957275390625,0.17923990885416666,0.025605701264880952,0.022566053602430556,0.02258695434791272,0.15736607142857142,0.12574404761904762,0.9088609039278912,0.0,0.2314453125,0.0713883695547597,0.5988343253968254,0.19348457264206328,0.2080078125,0.540798611111111,0.12719083174848664,0.1527902617315046,0.04489130070740768,0.2805609753393442,0.1432767385831691,0.19047619047619047,0.09523809523809523,0.0,0.0,0.0,0.11724379999941448,0.14285714285714285,0.0,0.0,0.0,0.14285714285714285,0.0,0.0,0.0,0.14285714285714285,0.14285714285714285,0.0,0.0,0.2857142857142857,0.14285714285714285,0.0,0.0,0.0,0.0,0.0,0.0,0.0,0.0,0.0,0.0,0.0,0.14285714285714285,0.0,0.0,0.0,0.0,0.0,0.0,0.0,0.0,0.0,0.0,0.0,0.0,0.0,0.0,0.0,0.14285714285714285,0.0,0.0,0.0,0.0,0.0,0.0,0.0,0.14285714285714285,0.14285714285714285,0.0,0.0,0.0,0.0,0.0,0.0,0.0,0.0,0.0,0.0,0.0,0.0,0.0,0.0,0.2857142857142857,0.14285714285714285,0.0,0.0,0.0,0.0,0.0,0.0,0.0,0.0,0.0,0.0,0.0,0.0,0.0
DVP_510_0b3eadae6ccf,Data/Tables/0_real/PMC4421911_table_2.jpg,Tables,0,370,139,24,0.353170339404984,0.3577581178300603,0.014906588242919178,0.007155356795644566,0.020138994090566974,0.16396396396396398,0.10311750599520382,0.8682307536128384,0.041666666666666664,0.29853159379490685,0.2608204152326704,0.46926911567302027,0.2335718407343381,0.8324324324324324,0.8489208633093525,0.12460555878720718,0.10792212989693445,0.049339457055836866,0.4594117946572435,0.21158069373602312,0.07246376811594203,0.15217391304347827,0.9161596788019502,2.42446851109192,0.125,0.1579048999992665,0.125,0.08333333333333333,0.0,0.0,0.125,0.08333333333333333,0.041666666666666664,0.041666666666666664,0.16666666666666666,0.08333333333333333,0.08333333333333333,0.041666666666666664,0.041666666666666664,0.08333333333333333,0.0,0.0,0.08333333333333333,0.0,0.0,0.041666666666666664,0.0,0.0,0.0,0.0,0.041666666666666664,0.0,0.0,0.041666666666666664,0.0,0.0,0.0,0.0,0.041666666666666664,0.0,0.041666666666666664,0.0,0.041666666666666664,0.0,0.041666666666666664,0.0,0.08333333333333333,0.0,0.041666666666666664,0.0,0.0,0.0,0.0,0.0,0.08333333333333333,0.0,0.041666666666666664,0.0,0.041666666666666664,0.0,0.0,0.0,0.08333333333333333,0.0,0.041666666666666664,0.0,0.041666666666666664,0.0,0.041666666666666664,0.0,0.041666666666666664,0.0,0.0,0.041666666666666664,0.0,0.0,0.0,0.0,0.0,0.0,0.041666666666666664,0.0,0.0,0.0,0.0,0.0
DVP_511_0b4673a284b5,Data/UIScreenshots/1_fake/ui_0231.png,UIScreenshots,1,941,1672,19,0.045381770894243625,0.045381770894243625,0.00238851425759177,0.0016194723113454586,0.0022893068884299373,0.10951395491917892,0.021751447997985396,0.8576332710826289,0.15789473684210525,0.5121428669682353,0.2808910239751111,0.49927464618755085,0.364451081124082,0.844845908607864,0.944799147690394,0.10100026480911904,0.08340613024262766,0.06508391577218058,0.6034463720355755,0.2877952753178686,0.08187134502923976,0.05263157894736842,9.912757151200854,27.793164840237782,0.10526315789473684,0.12698070000078587,0.15789473684210525,0.10526315789473684,0.0,0.10526315789473684,0.0,0.10526315789473684,0.05263157894736842,0.05263157894736842,0.0,0.0,0.0,0.0,0.10526315789473684,0.05263157894736842,0.10526315789473684,0.15789473684210525,0.05263157894736842,0.05263157894736842,0.0,0.0,0.0,0.0,0.05263157894736842,0.05263157894736842,0.0,0.05263157894736842,0.0,0.10526315789473684,0.0,0.0,0.0,0.0,0.0,0.0,0.05263157894736842,0.05263157894736842,0.05263157894736842,0.0,0.0,0.05263157894736842,0.0,0.0,0.0,0.0,0.0,0.0,0.0,0.0,0.0,0.0,0.0,0.0,0.0,0.0,0.0,0.0,0.0,0.0,0.0,0.0,0.0,0.0,0.0,0.0,0.0,0.05263157894736842,0.0,0.0,0.0,0.0,0.05263157894736842,0.0,0.0,0.05263157894736842,0.0,0.05263157894736842,0.10526315789473684,0.0,0.10526315789473684,0.0
DVP_512_0b4a7e9ddf64,Data/UIScreenshots/0_real/35871.jpg,UIScreenshots,0,1080,1920,10,0.03509452160493827,0.035625000000000004,0.0035625000000000006,0.0014573688271604939,0.0034667269185826356,0.18583333333333335,0.019583333333333335,0.8467672892600598,0.2,0.44365740740740744,0.2630760752096941,0.26208333333333333,0.2567473577841974,0.9013888888888889,0.6260416666666667,0.11464218227445382,0.11111233180753066,0.08265042170311508,0.49042803600967344,0.24446940617484125,0.24444444444444444,0.13333333333333333,9.0,27.0,0.1,0.13243229999898176,0.2,0.1,0.0,0.2,0.1,0.1,0.0,0.0,0.0,0.2,0.1,0.0,0.0,0.0,0.0,0.0,0.1,0.1,0.1,0.0,0.0,0.0,0.1,0.1,0.0,0.0,0.0,0.0,0.0,0.0,0.0,0.0,0.0,0.1,0.0,0.0,0.0,0.0,0.0,0.0,0.0,0.0,0.0,0.1,0.0,0.0,0.0,0.0,0.0,0.0,0.0,0.1,0.1,0.0,0.0,0.0,0.0,0.0,0.0,0.1,0.0,0.0,0.0,0.0,0.0,0.0,0.0,0.0,0.0,0.0,0.0,0.0,0.0,0.0,0.0,0.0,0.0,0.0,0.0,0.0
DVP_513_0b4fc482e725,Data/Tables/0_real/PMC3263730_table_0.jpg,Tables,0,376,263,75,0.34020938799135264,0.34517838362592024,0.0046023784483456035,0.0030236226842488474,0.006250363466345767,0.0848936170212766,0.056679340937896054,0.8794475137297735,0.0,0.3878405651024587,0.2842708279539675,0.5054637279463775,0.24132464114939764,0.8072798319906356,0.9144486692015209,0.06288584326878839,0.06083650190114076,0.017546494160790155,0.48041379298541126,0.22595486225342562,0.05153153153153153,0.15135135135135136,1.2237668231467764,3.467214508748628,0.12,0.0571842999997898,0.08,0.04,0.05333333333333334,0.02666666666666667,0.09333333333333334,0.08,0.05333333333333334,0.04,0.10666666666666667,0.09333333333333334,0.06666666666666667,0.05333333333333334,0.09333333333333334,0.05333333333333334,0.04,0.02666666666666667,0.02666666666666667,0.013333333333333334,0.0,0.013333333333333334,0.0,0.0,0.0,0.0,0.02666666666666667,0.013333333333333334,0.02666666666666667,0.0,0.02666666666666667,0.02666666666666667,0.02666666666666667,0.0,0.05333333333333334,0.0,0.013333333333333334,0.013333333333333334,0.0,0.02666666666666667,0.013333333333333334,0.0,0.04,0.0,0.02666666666666667,0.02666666666666667,0.0,0.02666666666666667,0.02666666666666667,0.0,0.05333333333333334,0.0,0.02666666666666667,0.013333333333333334,0.013333333333333334,0.02666666666666667,0.02666666666666667,0.0,0.05333333333333334,0.0,0.02666666666666667,0.02666666666666667,0.0,0.02666666666666667,0.02666666666666667,0.0,0.05333333333333334,0.0,0.02666666666666667,0.013333333333333334,0.013333333333333334,0.02666666666666667,0.02666666666666667,0.0,0.04,0.0,0.0,0.013333333333333334,0.0,0.0,0.0,0.0
DVP_514_0b5494aa5257,Data/Receipts/1_fake/receipt_0021.png,Receipts,1,987,1593,44,0.22774728087866686,0.22789356423206641,0.005179399187092418,0.004248895401678188,0.003309586825628271,0.22241411071198308,0.023383553044569995,0.9166790763584703,0.0,0.4375624496621999,0.18909327144204974,0.5281134308868901,0.22563505246632365,0.6676798378926039,0.8609541745134965,0.042127342975137864,0.029426623930017097,0.022255307556043567,0.38093162834747496,0.17960240187802928,0.02536997885835095,0.12896405919661733,1.9431825260707227,12.50099255915917,0.022727272727272728,0.14027960000021267,0.0,0.045454545454545456,0.06818181818181818,0.0,0.1590909090909091,0.11363636363636363,0.06818181818181818,0.022727272727272728,0.13636363636363635,0.09090909090909091,0.06818181818181818,0.06818181818181818,0.022727272727272728,0.11363636363636363,0.022727272727272728,0.0,0.0,0.0,0.0,0.0,0.045454545454545456,0.0,0.0,0.0,0.0,0.0,0.0,0.045454545454545456,0.022727272727272728,0.0,0.0,0.0,0.0,0.06818181818181818,0.0,0.045454545454545456,0.022727272727272728,0.045454545454545456,0.0,0.0,0.0,0.09090909090909091,0.0,0.06818181818181818,0.0,0.0,0.022727272727272728,0.0,0.0,0.022727272727272728,0.022727272727272728,0.0,0.0,0.0,0.06818181818181818,0.0,0.0,0.11363636363636363,0.0,0.06818181818181818,0.045454545454545456,0.022727272727272728,0.0,0.0,0.0,0.022727272727272728,0.0,0.045454545454545456,0.022727272727272728,0.0,0.0,0.0,0.0,0.0,0.0,0.06818181818181818,0.0,0.0,0.0,0.0
DVP_515_0b65f6ad503a,Data/UIScreenshots/1_fake/ui_0328.png,UIScreenshots,1,941,1672,56,0.11825578375535165,0.11871691776538244,0.002119944960096115,0.0018905496036487703,0.0016650965500130527,0.12460148777895855,0.017077494873547504,0.8621420529251521,0.125,0.4540721921460313,0.27603806533301606,0.5546074814727283,0.2690926019735743,0.8868225292242295,0.9431818181818182,0.07336469768584272,0.06143447759298259,0.0429877260062157,0.49479439167992656,0.2404123860930237,0.053246753246753244,0.052597402597402594,1.9704239588757964,11.980432204555814,0.017857142857142856,0.12860039999941364,0.08928571428571429,0.05357142857142857,0.03571428571428571,0.017857142857142856,0.08928571428571429,0.03571428571428571,0.017857142857142856,0.05357142857142857,0.08928571428571429,0.10714285714285714,0.07142857142857142,0.07142857142857142,0.017857142857142856,0.16071428571428573,0.017857142857142856,0.07142857142857142,0.03571428571428571,0.0,0.0,0.017857142857142856,0.0,0.0,0.0,0.0,0.017857142857142856,0.03571428571428571,0.017857142857142856,0.017857142857142856,0.017857142857142856,0.017857142857142856,0.0,0.017857142857142856,0.0,0.05357142857142857,0.0,0.017857142857142856,0.0,0.0,0.0,0.0,0.017857142857142856,0.017857142857142856,0.017857142857142856,0.0,0.017857142857142856,0.0,0.03571428571428571,0.017857142857142856,0.03571428571428571,0.03571428571428571,0.03571428571428571,0.03571428571428571,0.05357142857142857,0.017857142857142856,0.03571428571428571,0.0,0.0,0.017857142857142856,0.017857142857142856,0.017857142857142856,0.0,0.0,0.017857142857142856,0.017857142857142856,0.0,0.0,0.03571428571428571,0.05357142857142857,0.0,0.0,0.017857142857142856,0.017857142857142856,0.017857142857142856,0.0,0.05357142857142857,0.017857142857142856,0.0,0.017857142857142856,0.0,0.03571428571428571
DVP_516_0b7ea07dd90c,Data/UIScreenshots/1_fake/ui_0030.png,UIScreenshots,1,941,1672,55,0.2404622884810602,0.24116535905506203,0.004384824710092037,0.0034321626692564665,0.0027663655806624615,0.2535213988986571,0.018703784254023487,0.8709198777253422,0.03636363636363636,0.5293743519370799,0.2120884628458734,0.5044278129086013,0.31735321453734494,0.8501594048884167,0.9760765550239234,0.06294475305535131,0.039126516296784826,0.05481671119906823,0.4785326558183238,0.26036848988967454,0.030976430976430977,0.10707070707070707,2.2335024428307433,11.314341371270206,0.03636363636363636,0.1291390999995201,0.10909090909090909,0.10909090909090909,0.01818181818181818,0.09090909090909091,0.01818181818181818,0.01818181818181818,0.16363636363636364,0.0,0.0,0.03636363636363636,0.14545454545454545,0.0,0.01818181818181818,0.05454545454545454,0.18181818181818182,0.03636363636363636,0.03636363636363636,0.01818181818181818,0.01818181818181818,0.01818181818181818,0.0,0.0,0.01818181818181818,0.01818181818181818,0.03636363636363636,0.01818181818181818,0.01818181818181818,0.05454545454545454,0.0,0.01818181818181818,0.03636363636363636,0.01818181818181818,0.0,0.0,0.0,0.0,0.09090909090909091,0.0,0.0,0.0,0.0,0.01818181818181818,0.0,0.01818181818181818,0.05454545454545454,0.01818181818181818,0.0,0.0,0.0,0.0,0.0,0.01818181818181818,0.05454545454545454,0.01818181818181818,0.0,0.0,0.0,0.0,0.0,0.01818181818181818,0.03636363636363636,0.03636363636363636,0.0,0.0,0.0,0.0,0.0,0.01818181818181818,0.05454545454545454,0.01818181818181818,0.0,0.0,0.01818181818181818,0.0,0.01818181818181818,0.01818181818181818,0.07272727272727272,0.03636363636363636,0.0,0.03636363636363636
DVP_517_0b808ff59f26,Data/Receipts/0_real/X51005719906.jpg,Receipts,0,932,2253,48,0.2512432715906274,0.25207258228894613,0.005251512131019711,0.00531003964194617,0.003350369528141133,0.300876251788269,0.01768013019677467,0.9005966747477702,0.041666666666666664,0.5142773478088082,0.23045079687616932,0.4879976201087897,0.21937964877957733,0.7709227467811159,0.8344429649356414,0.03207139920007035,0.02074446619814627,0.021919233502592055,0.40980157907309217,0.19708003017057196,0.061170212765957445,0.19680851063829788,0.20866957373547704,0.6217358572331118,0.0,0.1052272000015364,0.041666666666666664,0.125,0.0,0.0,0.0625,0.125,0.020833333333333332,0.14583333333333334,0.0625,0.10416666666666667,0.0625,0.10416666666666667,0.0,0.14583333333333334,0.0,0.0,0.0,0.0,0.0,0.0625,0.0,0.0,0.0,0.0,0.0,0.041666666666666664,0.020833333333333332,0.041666666666666664,0.0,0.0,0.0,0.0,0.0,0.0625,0.020833333333333332,0.020833333333333332,0.0,0.0,0.0625,0.0,0.0,0.0,0.0625,0.020833333333333332,0.020833333333333332,0.0,0.08333333333333333,0.0,0.0,0.020833333333333332,0.0,0.041666666666666664,0.041666666666666664,0.0,0.041666666666666664,0.020833333333333332,0.020833333333333332,0.020833333333333332,0.0,0.0625,0.020833333333333332,0.0,0.020833333333333332,0.020833333333333332,0.0,0.0,0.0,0.125,0.0,0.0,0.0,0.0,0.0,0.0,0.0,0.020833333333333332,0.0,0.0,0.0,0.0
DVP_518_0b83c1f0d7cd,Data/Receipts/0_real/X51007846305.jpg,Receipts,0,4961,7016,89,0.1250394902487084,0.13114279694042263,0.0014735145723642992,0.001512380949973074,0.0008420690711579085,0.0982517569627363,0.017637054309251405,0.8280405965940292,0.033707865168539325,0.4909828708600062,0.08016808999470984,0.4929215823994845,0.22736670796224015,0.26050217347436855,0.8567594669519961,0.019453970688489305,0.017211664213962936,0.006231193048940703,0.2971208774910103,0.17112929650098485,0.04290091930541369,0.20990806945863125,5.286334997596552,15.894157080462978,0.06741573033707865,0.33637549999912153,0.0,0.14606741573033707,0.033707865168539325,0.0,0.0,0.20224719101123595,0.11235955056179775,0.0,0.0,0.1797752808988764,0.1797752808988764,0.0,0.0,0.11235955056179775,0.033707865168539325,0.0,0.0,0.0,0.0,0.056179775280898875,0.0,0.0,0.0,0.0,0.0,0.0,0.0,0.0898876404494382,0.033707865168539325,0.0,0.0,0.0,0.0,0.0,0.0,0.10112359550561797,0.056179775280898875,0.0,0.0,0.0,0.0,0.0,0.0,0.10112359550561797,0.056179775280898875,0.0,0.0,0.0,0.0,0.0,0.011235955056179775,0.07865168539325842,0.06741573033707865,0.0,0.0,0.0,0.0,0.0,0.033707865168539325,0.056179775280898875,0.11235955056179775,0.0,0.0,0.0,0.0,0.0,0.0,0.07865168539325842,0.033707865168539325,0.0,0.0,0.0,0.0,0.0,0.0,0.033707865168539325,0.0,0.0,0.0,0.0
DVP_519_0b864300ae06,Data/AcademicPosters/1_fake/academic_poster_0283.png,AcademicPosters,1,1402,1122,244,0.23320340396173955,0.2345293583650553,0.0009611858949387513,0.0005835818959927376,0.0019239934596207418,0.05950807979233414,0.016068349843663246,0.8690008826848331,0.0860655737704918,0.5170468354473438,0.2648623533812765,0.5964729328725519,0.23927181369210493,0.9290299572039943,0.9514260249554367,0.026193029839897106,0.023697433893409628,0.014630335074027735,0.4546475711039713,0.22169868095173545,0.052081225123119475,0.051440329218107,3.0425228988969524,14.692457690408137,0.07377049180327869,0.45949260000088543,0.020491803278688523,0.045081967213114756,0.02459016393442623,0.02459016393442623,0.04918032786885246,0.028688524590163935,0.06967213114754098,0.05737704918032787,0.06557377049180328,0.05737704918032787,0.16393442622950818,0.0778688524590164,0.08196721311475409,0.06147540983606557,0.09836065573770492,0.07377049180327869,0.0,0.0,0.0,0.012295081967213115,0.0,0.0,0.004098360655737705,0.00819672131147541,0.00819672131147541,0.012295081967213115,0.00819672131147541,0.02459016393442623,0.020491803278688523,0.004098360655737705,0.012295081967213115,0.0,0.01639344262295082,0.00819672131147541,0.00819672131147541,0.00819672131147541,0.012295081967213115,0.012295081967213115,0.02459016393442623,0.004098360655737705,0.020491803278688523,0.004098360655737705,0.00819672131147541,0.004098360655737705,0.028688524590163935,0.01639344262295082,0.01639344262295082,0.012295081967213115,0.012295081967213115,0.020491803278688523,0.01639344262295082,0.012295081967213115,0.05327868852459016,0.04918032786885246,0.036885245901639344,0.03278688524590164,0.01639344262295082,0.01639344262295082,0.01639344262295082,0.012295081967213115,0.02459016393442623,0.036885245901639344,0.00819672131147541,0.0,0.020491803278688523,0.012295081967213115,0.012295081967213115,0.00819672131147541,0.03278688524590164,0.020491803278688523,0.01639344262295082,0.012295081967213115,0.02459016393442623,0.02459016393442623,0.020491803278688523,0.020491803278688523,0.02459016393442623,0.020491803278688523,0.020491803278688523,0.02459016393442623
DVP_520_0b8683f97015,Data/Tables/0_real/PMC1193983_table_0.jpg,Tables,0,691,400,85,0.2831818670577809,0.29452424023154844,0.0034649910615476287,0.0029052098408104197,0.0032613398546391236,0.10491189239805906,0.034470588235294114,0.8820689569711008,0.0,0.5465836087676738,0.23812596012899212,0.46066366019696325,0.23586374133267524,0.8006605539139531,0.93875,0.04919823224029296,0.030008725081932704,0.04074684258161423,0.4279240847313821,0.21030214315893334,0.042296918767507005,0.16330532212885154,0.34753766376149564,1.0103915104336574,0.011764705882352941,0.13862049999988812,0.058823529411764705,0.047058823529411764,0.058823529411764705,0.023529411764705882,0.07058823529411765,0.058823529411764705,0.10588235294117647,0.11764705882352941,0.07058823529411765,0.03529411764705882,0.11764705882352941,0.12941176470588237,0.011764705882352941,0.0,0.03529411764705882,0.058823529411764705,0.011764705882352941,0.023529411764705882,0.011764705882352941,0.011764705882352941,0.011764705882352941,0.011764705882352941,0.011764705882352941,0.011764705882352941,0.011764705882352941,0.011764705882352941,0.011764705882352941,0.011764705882352941,0.023529411764705882,0.011764705882352941,0.0,0.0,0.011764705882352941,0.023529411764705882,0.023529411764705882,0.011764705882352941,0.023529411764705882,0.047058823529411764,0.047058823529411764,0.011764705882352941,0.011764705882352941,0.023529411764705882,0.023529411764705882,0.0,0.011764705882352941,0.023529411764705882,0.047058823529411764,0.011764705882352941,0.023529411764705882,0.011764705882352941,0.023529411764705882,0.0,0.011764705882352941,0.047058823529411764,0.058823529411764705,0.011764705882352941,0.011764705882352941,0.023529411764705882,0.011764705882352941,0.0,0.011764705882352941,0.047058823529411764,0.047058823529411764,0.011764705882352941,0.0,0.0,0.0,0.0,0.0,0.03529411764705882,0.047058823529411764,0.0,0.0,0.011764705882352941,0.0,0.0,0.0,0.0,0.011764705882352941,0.0
DVP_521_0b8775e24d4b,Data/Tables/0_real/PMC3384891_table_2.jpg,Tables,0,699,560,81,0.14882740649908033,0.1488274064990803,0.0018373753888775346,0.0015251379521765789,0.0016284168527762521,0.0800438015507162,0.023655202821869482,0.9037922529624811,0.04938271604938271,0.3570418430246327,0.24203244861745596,0.49633408409898305,0.2689929078577706,0.8597997138769671,0.9169642857142857,0.041588324634164855,0.02863220103779115,0.031409214227995384,0.4623126353615567,0.22674706343119827,0.026234567901234566,0.18333333333333332,10.39838384770708,28.457779653726067,0.13580246913580246,0.14333219999934954,0.08641975308641975,0.07407407407407407,0.07407407407407407,0.024691358024691357,0.1111111111111111,0.08641975308641975,0.06172839506172839,0.0,0.09876543209876543,0.06172839506172839,0.04938271604938271,0.012345679012345678,0.09876543209876543,0.07407407407407407,0.07407407407407407,0.012345679012345678,0.024691358024691357,0.0,0.012345679012345678,0.012345679012345678,0.012345679012345678,0.012345679012345678,0.0,0.012345679012345678,0.06172839506172839,0.0,0.04938271604938271,0.0,0.024691358024691357,0.024691358024691357,0.0,0.012345679012345678,0.04938271604938271,0.0,0.037037037037037035,0.0,0.024691358024691357,0.0,0.0,0.0,0.024691358024691357,0.037037037037037035,0.04938271604938271,0.0,0.037037037037037035,0.0,0.0,0.0,0.037037037037037035,0.012345679012345678,0.024691358024691357,0.0,0.012345679012345678,0.012345679012345678,0.0,0.012345679012345678,0.037037037037037035,0.012345679012345678,0.037037037037037035,0.0,0.024691358024691357,0.0,0.0,0.0,0.04938271604938271,0.012345679012345678,0.04938271604938271,0.0,0.024691358024691357,0.024691358024691357,0.0,0.012345679012345678,0.0,0.037037037037037035,0.024691358024691357,0.0,0.024691358024691357,0.0,0.0,0.0
DVP_522_0b90074a8bea,Data/Tables/1_fake/table_0887.png,Tables,1,1355,1160,121,0.3221103193790559,0.3221103193790559,0.002662068755198809,0.0022127497137040338,0.0025461524364408863,0.09546521911500107,0.02997292675976062,0.9140611853250976,0.0,0.5360450954172002,0.2733845371993913,0.48491333540673903,0.2284101590012603,0.8892988929889298,0.9237068965517242,0.045973955659810786,0.04440268527788722,0.01101380845363898,0.4570234617665582,0.21694547469253467,0.046418732782369146,0.12231404958677686,0.5283421838728253,0.9895497115508577,0.0,0.21801529999902414,0.01652892561983471,0.06611570247933884,0.049586776859504134,0.04132231404958678,0.049586776859504134,0.09917355371900827,0.09917355371900827,0.09917355371900827,0.049586776859504134,0.09917355371900827,0.09917355371900827,0.09917355371900827,0.01652892561983471,0.05785123966942149,0.03305785123966942,0.024793388429752067,0.008264462809917356,0.0,0.008264462809917356,0.008264462809917356,0.0,0.0,0.008264462809917356,0.008264462809917356,0.008264462809917356,0.0,0.024793388429752067,0.024793388429752067,0.024793388429752067,0.024793388429752067,0.01652892561983471,0.008264462809917356,0.024793388429752067,0.0,0.024793388429752067,0.024793388429752067,0.024793388429752067,0.024793388429752067,0.024793388429752067,0.024793388429752067,0.024793388429752067,0.0,0.024793388429752067,0.024793388429752067,0.024793388429752067,0.024793388429752067,0.024793388429752067,0.024793388429752067,0.024793388429752067,0.0,0.024793388429752067,0.024793388429752067,0.024793388429752067,0.024793388429752067,0.024793388429752067,0.024793388429752067,0.024793388429752067,0.0,0.024793388429752067,0.024793388429752067,0.024793388429752067,0.024793388429752067,0.024793388429752067,0.024793388429752067,0.01652892561983471,0.0,0.01652892561983471,0.01652892561983471,0.01652892561983471,0.01652892561983471,0.01652892561983471,0.008264462809917356,0.0,0.0,0.008264462809917356,0.01652892561983471,0.0,0.0,0.0,0.0
DVP_523_0b98808ec61b,Data/InfographicCharts/1_fake/infographic_chart_0559.png,InfographicCharts,1,1402,1122,58,0.1941355797030368,0.1969363221880634,0.0033954538308286794,0.0025415690851622714,0.002897897490160129,0.11178611835309166,0.03011863052431004,0.8658566930208307,0.05172413793103448,0.48561105688654077,0.23783448598675636,0.49263049156825434,0.2824105789786677,0.7724679029957204,0.8894830659536542,0.04849128271195284,0.04523740662840951,0.02434117536121841,0.4732908198686593,0.23112972054756298,0.06594071385359952,0.0677555958862674,1.0545761981068398,5.928538585809437,0.034482758620689655,0.1805741999996826,0.13793103448275862,0.08620689655172414,0.10344827586206896,0.0,0.05172413793103448,0.034482758620689655,0.017241379310344827,0.06896551724137931,0.017241379310344827,0.034482758620689655,0.06896551724137931,0.06896551724137931,0.05172413793103448,0.1206896551724138,0.05172413793103448,0.08620689655172414,0.0,0.017241379310344827,0.0,0.017241379310344827,0.017241379310344827,0.017241379310344827,0.0,0.0,0.034482758620689655,0.08620689655172414,0.05172413793103448,0.017241379310344827,0.05172413793103448,0.017241379310344827,0.0,0.0,0.0,0.0,0.0,0.0,0.0,0.0,0.0,0.0,0.0,0.05172413793103448,0.0,0.034482758620689655,0.017241379310344827,0.0,0.06896551724137931,0.0,0.0,0.017241379310344827,0.0,0.017241379310344827,0.034482758620689655,0.0,0.06896551724137931,0.0,0.0,0.0,0.0,0.017241379310344827,0.017241379310344827,0.017241379310344827,0.0,0.0,0.0,0.05172413793103448,0.0,0.10344827586206896,0.0,0.05172413793103448,0.05172413793103448,0.0,0.0,0.0,0.017241379310344827,0.0,0.0,0.0,0.034482758620689655,0.0
DVP_524_0b9fe5b0b6a6,Data/Receipts/1_fake/receipt_0548.png,Receipts,1,1023,1537,65,0.26230021159397615,0.26249609660947204,0.00403840148629957,0.0024899020638521553,0.0037585257494149316,0.17244905632002405,0.022701566488163755,0.9148815103723744,0.0,0.5398152449813143,0.22128583510542071,0.4944303065001085,0.19454609193708902,0.7209188660801564,0.8822381262199089,0.038555751247692505,0.026933860154529712,0.021026843950462316,0.3782879152593299,0.18232511117758113,0.03125,0.11201923076923077,10.000337134819603,27.904533205755868,0.1076923076923077,0.1451018000007025,0.0,0.09230769230769231,0.0,0.0,0.046153846153846156,0.07692307692307693,0.23076923076923078,0.13846153846153847,0.046153846153846156,0.1076923076923077,0.07692307692307693,0.07692307692307693,0.03076923076923077,0.046153846153846156,0.015384615384615385,0.015384615384615385,0.0,0.0,0.0,0.03076923076923077,0.0,0.0,0.0,0.0,0.0,0.0,0.0,0.06153846153846154,0.0,0.0,0.0,0.0,0.0,0.03076923076923077,0.015384615384615385,0.0,0.015384615384615385,0.03076923076923077,0.046153846153846156,0.0,0.0,0.015384615384615385,0.06153846153846154,0.0,0.09230769230769231,0.09230769230769231,0.09230769230769231,0.0,0.0,0.0,0.03076923076923077,0.015384615384615385,0.03076923076923077,0.015384615384615385,0.046153846153846156,0.0,0.0,0.046153846153846156,0.03076923076923077,0.03076923076923077,0.015384615384615385,0.015384615384615385,0.03076923076923077,0.0,0.0,0.03076923076923077,0.0,0.03076923076923077,0.015384615384615385,0.0,0.015384615384615385,0.0,0.0,0.0,0.0,0.015384615384615385,0.0,0.0,0.0,0.0
DVP_525_0baeeae35400,Data/UIScreenshots/0_real/41586.jpg,UIScreenshots,0,1080,1920,14,0.0898886387201003,0.09071855709876542,0.0064798969356261015,0.0067245370370370375,0.0046289963795094,0.24444444444444444,0.02663690476190476,0.8680620998916868,0.21428571428571427,0.5058201058201058,0.2825011615933911,0.2360863095238095,0.22463322562045496,0.7819444444444446,0.7828125,0.13255099741925128,0.09247692589305552,0.10709346323349973,0.4623670619951551,0.25844101926224783,0.06593406593406594,0.06593406593406594,6.494046732598949,23.197897630978712,0.07142857142857142,0.13387499999953434,0.0,0.2857142857142857,0.07142857142857142,0.21428571428571427,0.14285714285714285,0.14285714285714285,0.0,0.0,0.0,0.07142857142857142,0.0,0.0,0.0,0.0,0.0,0.07142857142857142,0.0,0.0,0.07142857142857142,0.07142857142857142,0.0,0.07142857142857142,0.07142857142857142,0.14285714285714285,0.0,0.0,0.14285714285714285,0.0,0.0,0.0,0.0,0.0,0.0,0.07142857142857142,0.14285714285714285,0.0,0.0,0.0,0.0,0.0,0.0,0.07142857142857142,0.0,0.0,0.0,0.0,0.0,0.0,0.0,0.0,0.0,0.07142857142857142,0.0,0.0,0.0,0.0,0.0,0.0,0.0,0.0,0.0,0.0,0.0,0.0,0.0,0.0,0.0,0.0,0.0,0.0,0.0,0.07142857142857142,0.0,0.0,0.0,0.0,0.0,0.0,0.0,0.0
DVP_526_0bb0e4aba7d2,Data/UIScreenshots/0_real/59717.jpg,UIScreenshots,0,1080,1920,14,0.08311149691358025,0.08342399691358024,0.005958856922398588,0.004363908179012345,0.00504434877437064,0.22625661375661377,0.02671130952380952,0.8387837996911011,0.2857142857142857,0.4963293650793652,0.20233755035263437,0.2783854166666667,0.28900938956000066,0.6708333333333333,0.8609375,0.12626362685460518,0.10968873919573255,0.09382042029280503,0.4523739991955415,0.25187366584448234,0.12087912087912088,0.054945054945054944,0.3871974433688012,0.9983453871802334,0.0,0.13416069999948377,0.0,0.2857142857142857,0.07142857142857142,0.14285714285714285,0.0,0.35714285714285715,0.0,0.0,0.0,0.0,0.0,0.0,0.0,0.07142857142857142,0.07142857142857142,0.0,0.0,0.0,0.07142857142857142,0.14285714285714285,0.0,0.07142857142857142,0.07142857142857142,0.07142857142857142,0.0,0.0,0.0,0.07142857142857142,0.0,0.0,0.0,0.0,0.0,0.0,0.07142857142857142,0.14285714285714285,0.0,0.0,0.0,0.0,0.0,0.0,0.07142857142857142,0.07142857142857142,0.0,0.0,0.0,0.0,0.0,0.0,0.0,0.0,0.0,0.0,0.0,0.0,0.0,0.0,0.0,0.0,0.0,0.0,0.0,0.0,0.0,0.0,0.07142857142857142,0.0,0.0,0.0,0.0,0.0,0.0,0.0,0.0,0.0,0.0,0.07142857142857142,0.0,0.0
DVP_527_0bbb8d47377c,Data/Receipts/0_real/X51005757353.jpg,Receipts,0,698,1448,46,0.34503275838648995,0.3545790854691383,0.0077082409884595285,0.007008975921733761,0.005114849443646874,0.31372243677588135,0.025867763631996155,0.8947758906157235,0.0,0.4753592952059277,0.2741123101415762,0.5487403672393615,0.2039042391701626,0.8603151862464183,0.9144485078317408,0.05598633812023168,0.04951210250709491,0.05205924291621923,0.43935863983879897,0.2134954126826858,0.02608695652173913,0.08985507246376812,0.5156247616794387,1.073032886905609,0.021739130434782608,0.12535329999991518,0.021739130434782608,0.06521739130434782,0.0,0.0,0.06521739130434782,0.13043478260869565,0.043478260869565216,0.06521739130434782,0.1956521739130435,0.0,0.08695652173913043,0.15217391304347827,0.0,0.13043478260869565,0.0,0.043478260869565216,0.0,0.021739130434782608,0.0,0.0,0.0,0.0,0.0,0.0,0.0,0.0,0.0,0.06521739130434782,0.0,0.0,0.0,0.0,0.0,0.0,0.0,0.10869565217391304,0.0,0.0,0.0,0.0,0.021739130434782608,0.043478260869565216,0.021739130434782608,0.0,0.021739130434782608,0.021739130434782608,0.021739130434782608,0.043478260869565216,0.043478260869565216,0.06521739130434782,0.0,0.0,0.043478260869565216,0.043478260869565216,0.043478260869565216,0.021739130434782608,0.043478260869565216,0.043478260869565216,0.0,0.0,0.0,0.0,0.08695652173913043,0.0,0.0,0.0,0.06521739130434782,0.0,0.0,0.0,0.043478260869565216,0.0,0.0,0.0,0.0,0.06521739130434782,0.0,0.0,0.0,0.0
DVP_528_0bbd51a7d084,Data/UIScreenshots/0_real/70706.jpg,UIScreenshots,0,1080,1920,24,0.3347792386482133,0.33923128858024687,0.014134637024176952,0.016532600308641975,0.008563435230560475,0.48919753086419754,0.02955729166666667,0.8723983902172505,0.08333333333333333,0.4159816216336341,0.21947885594105973,0.5431640786649571,0.2882685828921346,0.8638888888888889,0.8984375,0.09043764713547083,0.06110957504592353,0.106104066920074,0.4614436135054452,0.2470304436424246,0.028985507246376812,0.07246376811594203,0.20461775192158704,0.3008420825802407,0.0,0.12675669999953243,0.041666666666666664,0.125,0.0,0.041666666666666664,0.08333333333333333,0.125,0.0,0.0,0.0,0.25,0.0,0.0,0.125,0.08333333333333333,0.041666666666666664,0.08333333333333333,0.0,0.0,0.041666666666666664,0.0,0.0,0.0,0.0,0.041666666666666664,0.0,0.041666666666666664,0.041666666666666664,0.041666666666666664,0.0,0.0,0.0,0.0,0.0,0.041666666666666664,0.041666666666666664,0.08333333333333333,0.0,0.0,0.0,0.0,0.0,0.041666666666666664,0.0,0.0,0.0,0.0,0.0,0.0,0.0,0.0,0.0,0.125,0.0,0.0,0.0,0.0,0.0,0.0,0.0,0.125,0.0,0.0,0.0,0.0,0.041666666666666664,0.041666666666666664,0.0,0.0,0.041666666666666664,0.0,0.0,0.0,0.041666666666666664,0.0,0.0,0.08333333333333333,0.0,0.0,0.08333333333333333,0.0
DVP_529_0bc29bdfc9bc,Data/AcademicPosters/1_fake/academic_poster_0240.png,AcademicPosters,1,1402,1122,209,0.20260262434994916,0.20577332865450682,0.0009845613811220422,0.0006268101845847923,0.001259535947354153,0.06386979639476073,0.01581250159916076,0.8471806289307553,0.11004784688995216,0.5011872759868938,0.2809889692614006,0.5175035238392642,0.25115879578875183,0.9297432239657631,0.9549910873440285,0.027385819110772733,0.019613831066178346,0.018678234269231583,0.4815657019256045,0.23136828690904251,0.055944055944055944,0.055714022819285974,3.604707776576627,16.284484137403325,0.07177033492822966,0.20477589999973134,0.023923444976076555,0.06220095693779904,0.028708133971291867,0.0430622009569378,0.07655502392344497,0.08133971291866028,0.04784688995215311,0.07655502392344497,0.09090909090909091,0.09090909090909091,0.10047846889952153,0.09090909090909091,0.0430622009569378,0.03349282296650718,0.05263157894736842,0.05741626794258373,0.0,0.004784688995215311,0.019138755980861243,0.014354066985645933,0.009569377990430622,0.004784688995215311,0.019138755980861243,0.019138755980861243,0.019138755980861243,0.0,0.019138755980861243,0.009569377990430622,0.009569377990430622,0.004784688995215311,0.004784688995215311,0.0,0.03349282296650718,0.009569377990430622,0.014354066985645933,0.023923444976076555,0.009569377990430622,0.009569377990430622,0.023923444976076555,0.014354066985645933,0.023923444976076555,0.009569377990430622,0.019138755980861243,0.023923444976076555,0.019138755980861243,0.009569377990430622,0.028708133971291867,0.009569377990430622,0.028708133971291867,0.004784688995215311,0.014354066985645933,0.03349282296650718,0.03349282296650718,0.004784688995215311,0.03349282296650718,0.019138755980861243,0.05263157894736842,0.004784688995215311,0.028708133971291867,0.014354066985645933,0.023923444976076555,0.03827751196172249,0.028708133971291867,0.009569377990430622,0.004784688995215311,0.014354066985645933,0.023923444976076555,0.009569377990430622,0.009569377990430622,0.009569377990430622,0.004784688995215311,0.023923444976076555,0.004784688995215311,0.019138755980861243,0.0,0.0,0.019138755980861243,0.014354066985645933,0.028708133971291867,0.0
DVP_530_0bc9e241e13c,Data/AcademicPosters/0_real/ICLR_2022_6104_An Agnostic Approach to Federated Learning with Class Imbala.png,AcademicPosters,0,3742,2644,396,0.43938481933598733,0.47342616340982807,0.001195520614671283,0.0003459725680038748,0.0016299972886725832,0.08022231939923015,0.013945239077614267,0.8029154769602871,0.26515151515151514,0.6194235557083038,0.2987508957989492,0.5723220599948285,0.20803586149709782,0.8792089791555319,0.8668683812405447,0.01762676901342067,0.012481089258698952,0.013526769018182233,0.4558026702012331,0.24078414354474953,0.05175808720112517,0.08181818181818182,3.397864477649235,16.13136860664574,0.08333333333333333,0.20509320000019216,0.015151515151515152,0.015151515151515152,0.012626262626262626,0.022727272727272728,0.045454545454545456,0.07323232323232323,0.03282828282828283,0.17676767676767677,0.07323232323232323,0.047979797979797977,0.03535353535353535,0.19696969696969696,0.04292929292929293,0.05808080808080808,0.03535353535353535,0.11616161616161616,0.0,0.0,0.005050505050505051,0.0,0.0,0.0,0.0025252525252525255,0.0025252525252525255,0.0025252525252525255,0.012626262626262626,0.005050505050505051,0.005050505050505051,0.012626262626262626,0.0,0.015151515151515152,0.0025252525252525255,0.0025252525252525255,0.017676767676767676,0.020202020202020204,0.027777777777777776,0.012626262626262626,0.0,0.03787878787878788,0.027777777777777776,0.005050505050505051,0.020202020202020204,0.017676767676767676,0.007575757575757576,0.020202020202020204,0.0,0.04292929292929293,0.06818181818181818,0.005050505050505051,0.020202020202020204,0.010101010101010102,0.012626262626262626,0.015151515151515152,0.0,0.03535353535353535,0.03787878787878788,0.020202020202020204,0.027777777777777776,0.0025252525252525255,0.022727272727272728,0.017676767676767676,0.0025252525252525255,0.04292929292929293,0.08080808080808081,0.012626262626262626,0.010101010101010102,0.015151515151515152,0.030303030303030304,0.022727272727272728,0.0,0.045454545454545456,0.06565656565656566,0.0025252525252525255,0.017676767676767676,0.0025252525252525255,0.010101010101010102,0.012626262626262626,0.0,0.005050505050505051,0.0
DVP_531_0bcd9d91c783,Data/AcademicPosters/1_fake/academic_poster_0931.png,AcademicPosters,1,1402,1122,141,0.19443270163256735,0.19624530528071688,0.001391810675749765,0.0009669151021840457,0.0019100563261866127,0.08454993373195335,0.015303219934008423,0.848968323437749,0.0851063829787234,0.48896001588152643,0.308952071249502,0.5728529217144921,0.2690110374520051,0.9154778887303852,0.9344919786096256,0.030130975984176776,0.022284493830476516,0.020894252988905793,0.5234955332727159,0.2529554751813901,0.0475177304964539,0.06433637284701114,0.280152979023023,1.081215956257114,0.014184397163120567,0.18296840000039083,0.04964539007092199,0.014184397163120567,0.0070921985815602835,0.07801418439716312,0.07801418439716312,0.0425531914893617,0.06382978723404255,0.03546099290780142,0.12056737588652482,0.0851063829787234,0.0070921985815602835,0.1276595744680851,0.07092198581560284,0.0851063829787234,0.04964539007092199,0.0851063829787234,0.014184397163120567,0.0070921985815602835,0.014184397163120567,0.0,0.0,0.0,0.0,0.0425531914893617,0.0070921985815602835,0.02127659574468085,0.0,0.0,0.0070921985815602835,0.0,0.014184397163120567,0.02127659574468085,0.0070921985815602835,0.028368794326241134,0.014184397163120567,0.014184397163120567,0.028368794326241134,0.014184397163120567,0.014184397163120567,0.0,0.014184397163120567,0.028368794326241134,0.0070921985815602835,0.0070921985815602835,0.0,0.02127659574468085,0.0070921985815602835,0.014184397163120567,0.0425531914893617,0.02127659574468085,0.0,0.014184397163120567,0.0070921985815602835,0.0,0.028368794326241134,0.028368794326241134,0.0425531914893617,0.014184397163120567,0.03546099290780142,0.03546099290780142,0.0,0.0,0.028368794326241134,0.0425531914893617,0.0070921985815602835,0.014184397163120567,0.0070921985815602835,0.0425531914893617,0.02127659574468085,0.0,0.0425531914893617,0.0,0.028368794326241134,0.02127659574468085,0.02127659574468085,0.014184397163120567,0.014184397163120567,0.014184397163120567,0.02127659574468085,0.02127659574468085
DVP_532_0bdd69ae8d87,Data/UIScreenshots/1_fake/ui_0711.png,UIScreenshots,1,941,1672,44,0.1247041348661965,0.1247041348661965,0.0028341848833226477,0.0027183999511870196,0.001599772102186955,0.18222877016713362,0.016379404088734232,0.8844253639740245,0.0,0.2894432446732616,0.29987796903449687,0.5214262976976951,0.27875657524927505,0.8788522848034007,0.9790748147303103,0.04807479247254582,0.046828625326808815,0.026699581725055745,0.5027716706675417,0.3004688580195529,0.03276955602536998,0.15010570824524314,0.381000362670696,0.9183275891347096,0.022727272727272728,0.1283753000006982,0.18181818181818182,0.0,0.0,0.045454545454545456,0.20454545454545456,0.0,0.0,0.045454545454545456,0.20454545454545456,0.0,0.0,0.06818181818181818,0.22727272727272727,0.0,0.0,0.022727272727272728,0.045454545454545456,0.022727272727272728,0.0,0.0,0.0,0.0,0.0,0.0,0.06818181818181818,0.045454545454545456,0.0,0.0,0.0,0.0,0.0,0.045454545454545456,0.0,0.11363636363636363,0.0,0.0,0.0,0.0,0.0,0.0,0.045454545454545456,0.045454545454545456,0.0,0.0,0.0,0.0,0.0,0.045454545454545456,0.022727272727272728,0.09090909090909091,0.0,0.0,0.0,0.0,0.0,0.022727272727272728,0.045454545454545456,0.045454545454545456,0.0,0.0,0.0,0.0,0.0,0.045454545454545456,0.06818181818181818,0.045454545454545456,0.0,0.0,0.0,0.0,0.0,0.0,0.022727272727272728,0.09090909090909091,0.0,0.0,0.0,0.0,0.0,0.022727272727272728
DVP_533_0bde5bde8edc,Data/Tables/1_fake/table_0223.png,Tables,1,1402,1122,62,0.19720459186138467,0.19720459186138467,0.0031807192235707204,0.0021073790688626638,0.004045813092989475,0.12094473333026552,0.028089241561727332,0.9221662170445774,0.0,0.5066992032632498,0.2782998483871225,0.48959576055342224,0.22460511504591724,0.8887303851640513,0.8703208556149733,0.08701344210920724,0.10196385271859112,0.0301874706671786,0.4622749445949812,0.21515526467275808,0.10206240084611316,0.09148598625066102,0.24037092446033648,0.6770951736244909,0.0,0.16677440000057686,0.03225806451612903,0.06451612903225806,0.08064516129032258,0.06451612903225806,0.0967741935483871,0.03225806451612903,0.0967741935483871,0.06451612903225806,0.08064516129032258,0.03225806451612903,0.0967741935483871,0.06451612903225806,0.06451612903225806,0.04838709677419355,0.04838709677419355,0.03225806451612903,0.0,0.0,0.0,0.016129032258064516,0.0,0.0,0.0,0.0,0.016129032258064516,0.016129032258064516,0.0,0.04838709677419355,0.04838709677419355,0.03225806451612903,0.04838709677419355,0.016129032258064516,0.016129032258064516,0.03225806451612903,0.0,0.016129032258064516,0.03225806451612903,0.016129032258064516,0.016129032258064516,0.016129032258064516,0.016129032258064516,0.03225806451612903,0.0,0.016129032258064516,0.03225806451612903,0.016129032258064516,0.016129032258064516,0.016129032258064516,0.016129032258064516,0.016129032258064516,0.0,0.016129032258064516,0.03225806451612903,0.016129032258064516,0.016129032258064516,0.016129032258064516,0.016129032258064516,0.03225806451612903,0.0,0.016129032258064516,0.03225806451612903,0.016129032258064516,0.016129032258064516,0.016129032258064516,0.03225806451612903,0.03225806451612903,0.0,0.016129032258064516,0.03225806451612903,0.016129032258064516,0.016129032258064516,0.016129032258064516,0.0,0.0,0.016129032258064516,0.016129032258064516,0.0,0.0,0.0,0.0
DVP_534_0be445e994d6,Data/InfographicCharts/1_fake/infographic_chart_0650.png,InfographicCharts,1,1693,929,54,0.1778246016491639,0.1778246016491639,0.0032930481786882203,0.0013797076164311097,0.005502509676257526,0.0889501432915491,0.036598493003229274,0.9024976056536707,0.0,0.5138300183485162,0.26650765740825105,0.5252358537654529,0.22249147395767285,0.864441819255759,0.865175228859655,0.08026448670062145,0.08303858149161542,0.012340011973757984,0.45075552995571033,0.2059739867711025,0.08176100628930817,0.055904961565338925,0.3470617042510271,1.1185473407944153,0.0,0.12594019999960437,0.018518518518518517,0.05555555555555555,0.037037037037037035,0.018518518518518517,0.05555555555555555,0.1111111111111111,0.05555555555555555,0.1111111111111111,0.09259259259259259,0.07407407407407407,0.05555555555555555,0.1111111111111111,0.037037037037037035,0.05555555555555555,0.07407407407407407,0.037037037037037035,0.0,0.0,0.037037037037037035,0.0,0.0,0.0,0.0,0.0,0.0,0.018518518518518517,0.018518518518518517,0.0,0.018518518518518517,0.018518518518518517,0.018518518518518517,0.0,0.018518518518518517,0.0,0.018518518518518517,0.018518518518518517,0.0,0.018518518518518517,0.018518518518518517,0.018518518518518517,0.037037037037037035,0.0,0.037037037037037035,0.037037037037037035,0.018518518518518517,0.018518518518518517,0.037037037037037035,0.037037037037037035,0.018518518518518517,0.018518518518518517,0.0,0.018518518518518517,0.018518518518518517,0.0,0.018518518518518517,0.037037037037037035,0.037037037037037035,0.018518518518518517,0.018518518518518517,0.037037037037037035,0.018518518518518517,0.018518518518518517,0.037037037037037035,0.018518518518518517,0.0,0.018518518518518517,0.018518518518518517,0.018518518518518517,0.018518518518518517,0.018518518518518517,0.018518518518518517,0.018518518518518517,0.0,0.018518518518518517,0.018518518518518517,0.0,0.0,0.037037037037037035,0.0,0.0
DVP_535_0be66644c1a1,Data/Tables/1_fake/table_0378.png,Tables,1,1362,1155,159,0.29773925118805444,0.29818289884369176,0.0018753641436710174,0.0016209928104201233,0.0015690362999173817,0.10099834686319599,0.019129298374581397,0.9091303105280099,0.018867924528301886,0.507955091406898,0.29810110174809995,0.46525756896326137,0.24807222858449895,0.8986784140969163,0.9300821627352239,0.03455655959513674,0.029473831783898726,0.012981178893243886,0.49717611546781004,0.2356437023556454,0.035267892683703526,0.11631239550991163,0.1649064335361406,0.5514560826983309,0.0,0.20138520000000426,0.05660377358490566,0.050314465408805034,0.07547169811320754,0.06918238993710692,0.07547169811320754,0.050314465408805034,0.0880503144654088,0.08176100628930817,0.07547169811320754,0.050314465408805034,0.08176100628930817,0.08176100628930817,0.0440251572327044,0.03773584905660377,0.03773584905660377,0.0440251572327044,0.012578616352201259,0.006289308176100629,0.006289308176100629,0.012578616352201259,0.012578616352201259,0.012578616352201259,0.012578616352201259,0.012578616352201259,0.018867924528301886,0.018867924528301886,0.025157232704402517,0.006289308176100629,0.031446540880503145,0.018867924528301886,0.018867924528301886,0.025157232704402517,0.018867924528301886,0.018867924528301886,0.025157232704402517,0.0,0.031446540880503145,0.018867924528301886,0.018867924528301886,0.018867924528301886,0.018867924528301886,0.018867924528301886,0.025157232704402517,0.0,0.018867924528301886,0.018867924528301886,0.018867924528301886,0.025157232704402517,0.018867924528301886,0.018867924528301886,0.018867924528301886,0.006289308176100629,0.018867924528301886,0.018867924528301886,0.018867924528301886,0.025157232704402517,0.018867924528301886,0.018867924528301886,0.012578616352201259,0.012578616352201259,0.025157232704402517,0.018867924528301886,0.018867924528301886,0.018867924528301886,0.018867924528301886,0.018867924528301886,0.031446540880503145,0.0,0.018867924528301886,0.018867924528301886,0.018867924528301886,0.018867924528301886,0.0,0.006289308176100629,0.0,0.006289308176100629,0.0,0.0,0.0,0.006289308176100629
DVP_536_0be909eacf98,Data/AcademicPosters/0_real/NeurIPS_2023_76918_GraphTransformers for Geospatial Forecasting of Hurricane Tr.png,AcademicPosters,0,2592,1728,123,0.2187607795009833,0.2205169217249657,0.0017928205018289895,0.001216349451303155,0.0016160770453152017,0.12746537187594095,0.014919263775971095,0.8288167311790348,0.23577235772357724,0.4784614477680554,0.31047040755363303,0.5272666589315564,0.2717522723106494,0.886766975308642,0.9328703703703703,0.029098035912234973,0.020287671461757088,0.02160140786182932,0.523533705678379,0.26303163467595264,0.04998000799680128,0.10355857656937226,2.160643007636385,11.594371066610913,0.08943089430894309,0.17211309999947844,0.04878048780487805,0.032520325203252036,0.024390243902439025,0.024390243902439025,0.0975609756097561,0.06504065040650407,0.04065040650406504,0.2032520325203252,0.0975609756097561,0.0,0.016260162601626018,0.04878048780487805,0.15447154471544716,0.032520325203252036,0.07317073170731707,0.04065040650406504,0.008130081300813009,0.008130081300813009,0.0,0.0,0.016260162601626018,0.0,0.0,0.016260162601626018,0.008130081300813009,0.024390243902439025,0.0,0.032520325203252036,0.0,0.008130081300813009,0.008130081300813009,0.0,0.016260162601626018,0.024390243902439025,0.0,0.032520325203252036,0.0,0.04065040650406504,0.17073170731707318,0.008130081300813009,0.0,0.056910569105691054,0.0,0.032520325203252036,0.0,0.0,0.024390243902439025,0.0,0.016260162601626018,0.024390243902439025,0.0,0.0,0.0,0.008130081300813009,0.024390243902439025,0.0,0.0,0.056910569105691054,0.0,0.0,0.0,0.008130081300813009,0.024390243902439025,0.0,0.04065040650406504,0.016260162601626018,0.0,0.016260162601626018,0.0,0.032520325203252036,0.024390243902439025,0.0,0.04878048780487805,0.04878048780487805,0.0,0.016260162601626018,0.008130081300813009,0.032520325203252036,0.016260162601626018,0.0
DVP_537_0bf60152b0b8,Data/Tables/1_fake/table_0498.png,Tables,1,1402,1122,59,0.25081924211521167,0.2511023213590974,0.004255971548459278,0.0025816188231225575,0.005959451383341829,0.14586909741531467,0.02871687966403819,0.9083585141168058,0.03389830508474576,0.511350482513273,0.25896936235756596,0.5027155489534257,0.22731115752282607,0.8207969908613235,0.894830659536542,0.06308151869409737,0.06423836402994308,0.015965779689559506,0.4466213249394247,0.20516994273478556,0.06312098188194039,0.15721800116890708,1.940541980648827,11.755677404438224,0.03389830508474576,0.1729047000007995,0.01694915254237288,0.0847457627118644,0.05084745762711865,0.03389830508474576,0.06779661016949153,0.13559322033898305,0.06779661016949153,0.06779661016949153,0.05084745762711865,0.1016949152542373,0.05084745762711865,0.05084745762711865,0.03389830508474576,0.11864406779661017,0.03389830508474576,0.03389830508474576,0.0,0.0,0.01694915254237288,0.01694915254237288,0.0,0.0,0.0,0.0,0.01694915254237288,0.0,0.01694915254237288,0.03389830508474576,0.0,0.05084745762711865,0.0,0.03389830508474576,0.01694915254237288,0.01694915254237288,0.03389830508474576,0.03389830508474576,0.0,0.03389830508474576,0.0,0.03389830508474576,0.0,0.03389830508474576,0.03389830508474576,0.03389830508474576,0.0,0.03389830508474576,0.0,0.03389830508474576,0.01694915254237288,0.01694915254237288,0.03389830508474576,0.03389830508474576,0.0,0.03389830508474576,0.0,0.03389830508474576,0.01694915254237288,0.0,0.01694915254237288,0.01694915254237288,0.0,0.01694915254237288,0.0,0.01694915254237288,0.0,0.03389830508474576,0.05084745762711865,0.03389830508474576,0.0,0.03389830508474576,0.0,0.03389830508474576,0.0,0.0,0.0,0.03389830508474576,0.0,0.0,0.0,0.0
DVP_538_0bf825545171,Data/AcademicPosters/0_real/NeurIPS_2023_73585_Intelligent Knee Sleeves_ A Real-time Multimodal Dataset for.png,AcademicPosters,0,3840,2880,231,0.2835403917918972,0.29116455078125003,0.0012604526007846321,0.0002766927083333333,0.003017747603013628,0.07471139971139973,0.01553030303030303,0.8010443071973706,0.2683982683982684,0.5398292258201721,0.2506001820923932,0.6252027724363096,0.23794354075806026,0.9505208333333333,0.9702367306679458,0.026642310109067497,0.01700502887220254,0.022095175461909488,0.4332254331149065,0.22844977029251406,0.08225108225108226,0.051759834368530024,14.73495552570082,33.016986359634785,0.18614718614718614,0.18685369999911927,0.017316017316017316,0.047619047619047616,0.025974025974025976,0.03896103896103896,0.021645021645021644,0.03896103896103896,0.021645021645021644,0.06060606060606061,0.017316017316017316,0.13852813852813853,0.11255411255411256,0.08225108225108226,0.03463203463203463,0.16017316017316016,0.09956709956709957,0.08225108225108226,0.004329004329004329,0.0,0.0,0.012987012987012988,0.004329004329004329,0.0,0.0,0.0,0.004329004329004329,0.008658008658008658,0.008658008658008658,0.025974025974025976,0.008658008658008658,0.012987012987012988,0.03463203463203463,0.004329004329004329,0.008658008658008658,0.004329004329004329,0.012987012987012988,0.017316017316017316,0.004329004329004329,0.012987012987012988,0.012987012987012988,0.008658008658008658,0.008658008658008658,0.0,0.0,0.008658008658008658,0.0,0.004329004329004329,0.008658008658008658,0.030303030303030304,0.004329004329004329,0.0,0.030303030303030304,0.004329004329004329,0.0,0.004329004329004329,0.004329004329004329,0.0,0.0,0.012987012987012988,0.06060606060606061,0.04329004329004329,0.047619047619047616,0.06060606060606061,0.06060606060606061,0.017316017316017316,0.004329004329004329,0.012987012987012988,0.0735930735930736,0.06493506493506493,0.04329004329004329,0.03896103896103896,0.047619047619047616,0.008658008658008658,0.008658008658008658,0.008658008658008658,0.004329004329004329,0.017316017316017316,0.012987012987012988,0.004329004329004329,0.008658008658008658,0.017316017316017316
DVP_539_0bfc93ae11a6,Data/Tables/0_real/PMC4966699_table_2.jpg,Tables,0,371,226,35,0.4837090848811666,0.49482980702716883,0.014137994486490538,0.00944588889153925,0.012939914779830265,0.2445899114362726,0.06005056890012642,0.8545656940203794,0.02857142857142857,0.7010148870895817,0.28957868724159486,0.5101753738175575,0.26798759110808706,0.8247978436657681,0.9336283185840708,0.08292699979683647,0.07263008702832471,0.03492314218700468,0.5119319726872381,0.24172139030494222,0.031932773109243695,0.21176470588235294,2.987284376317177,15.087289773393191,0.08571428571428572,0.04998589999922842,0.0,0.05714285714285714,0.0,0.11428571428571428,0.02857142857142857,0.08571428571428572,0.0,0.2,0.02857142857142857,0.05714285714285714,0.0,0.17142857142857143,0.0,0.11428571428571428,0.0,0.14285714285714285,0.0,0.0,0.02857142857142857,0.02857142857142857,0.0,0.0,0.0,0.05714285714285714,0.0,0.0,0.0,0.0,0.0,0.0,0.02857142857142857,0.02857142857142857,0.0,0.0,0.05714285714285714,0.0,0.0,0.0,0.05714285714285714,0.05714285714285714,0.0,0.02857142857142857,0.02857142857142857,0.0,0.0,0.0,0.02857142857142857,0.05714285714285714,0.0,0.0,0.05714285714285714,0.0,0.0,0.0,0.02857142857142857,0.05714285714285714,0.0,0.02857142857142857,0.0,0.0,0.0,0.0,0.02857142857142857,0.05714285714285714,0.0,0.0,0.05714285714285714,0.0,0.0,0.0,0.02857142857142857,0.05714285714285714,0.0,0.0,0.0,0.05714285714285714,0.0,0.0,0.0,0.05714285714285714
DVP_540_0c0327a75d7d,Data/Tables/1_fake/table_0281.png,Tables,1,1343,1171,49,0.23455504676565034,0.23501560738446434,0.004796236885397231,0.0022865819732642866,0.006371973602392537,0.1655446988922151,0.027588490562749438,0.8477526612340698,0.10204081632653061,0.30210717699496886,0.25446471853133584,0.41758240559223464,0.27115062206289475,0.9054355919583023,0.9353259458520664,0.062345328271611974,0.06375250930485345,0.038290913739183384,0.47265325837145206,0.24271435755451273,0.07482993197278912,0.1377551020408163,15.141308017335426,33.412387766137286,0.16326530612244897,0.19603050000114308,0.14285714285714285,0.08163265306122448,0.061224489795918366,0.061224489795918366,0.1836734693877551,0.10204081632653061,0.0,0.0,0.12244897959183673,0.02040816326530612,0.04081632653061224,0.02040816326530612,0.12244897959183673,0.0,0.04081632653061224,0.0,0.02040816326530612,0.02040816326530612,0.0,0.0,0.0,0.0,0.0,0.0,0.061224489795918366,0.04081632653061224,0.04081632653061224,0.04081632653061224,0.02040816326530612,0.04081632653061224,0.02040816326530612,0.04081632653061224,0.061224489795918366,0.04081632653061224,0.02040816326530612,0.04081632653061224,0.0,0.0,0.0,0.0,0.08163265306122448,0.0,0.0,0.04081632653061224,0.0,0.0,0.0,0.0,0.061224489795918366,0.0,0.0,0.02040816326530612,0.02040816326530612,0.0,0.0,0.0,0.061224489795918366,0.0,0.0,0.0,0.02040816326530612,0.0,0.02040816326530612,0.0,0.061224489795918366,0.0,0.0,0.0,0.04081632653061224,0.0,0.0,0.0,0.02040816326530612,0.04081632653061224,0.0,0.0,0.0,0.0,0.0,0.0
DVP_541_0c0a410ac2ed,Data/Tables/1_fake/table_0633.png,Tables,1,1334,1179,146,0.3860986173579877,0.3860986173579877,0.0026445110777944363,0.0024262677821394645,0.0025248757038688666,0.11438458852765397,0.023981316881034543,0.9133580092387704,0.0,0.4686685276117353,0.28697658478154775,0.46208476216475225,0.2310368455585836,0.883808095952024,0.9508057675996607,0.03372956062768203,0.03096411095031384,0.0119292474104246,0.47205215045275956,0.22473567375594858,0.0379782711384034,0.11809163911195088,0.16859111815531294,0.6182345822390953,0.00684931506849315,0.21634140000060142,0.0684931506849315,0.0684931506849315,0.0273972602739726,0.06164383561643835,0.10273972602739725,0.0958904109589041,0.04794520547945205,0.0958904109589041,0.08904109589041095,0.0821917808219178,0.0410958904109589,0.0821917808219178,0.04794520547945205,0.04794520547945205,0.0136986301369863,0.0273972602739726,0.0136986301369863,0.00684931506849315,0.0136986301369863,0.0136986301369863,0.0,0.00684931506849315,0.0136986301369863,0.00684931506849315,0.0273972602739726,0.02054794520547945,0.02054794520547945,0.02054794520547945,0.0,0.02054794520547945,0.02054794520547945,0.02054794520547945,0.0273972602739726,0.0273972602739726,0.0273972602739726,0.0273972602739726,0.0,0.0273972602739726,0.0273972602739726,0.0273972602739726,0.0273972602739726,0.02054794520547945,0.02054794520547945,0.02054794520547945,0.0,0.02054794520547945,0.02054794520547945,0.02054794520547945,0.02054794520547945,0.02054794520547945,0.02054794520547945,0.02054794520547945,0.0,0.02054794520547945,0.02054794520547945,0.02054794520547945,0.0273972602739726,0.02054794520547945,0.02054794520547945,0.02054794520547945,0.0,0.02054794520547945,0.02054794520547945,0.02054794520547945,0.0136986301369863,0.02054794520547945,0.02054794520547945,0.0136986301369863,0.0,0.0136986301369863,0.0136986301369863,0.0136986301369863,0.00684931506849315,0.00684931506849315,0.0,0.0136986301369863,0.0,0.0,0.0,0.0
DVP_542_0c0dd4b8e1c9,Data/UIScreenshots/0_real/7632.jpg,UIScreenshots,0,1080,1920,16,0.09789641203703704,0.09805073302469136,0.00612817081404321,0.0036738040123456793,0.006397310858617498,0.23559027777777777,0.024739583333333336,0.8711398479760466,0.125,0.4979339736171936,0.27853213085037637,0.3905869655811889,0.36447426410819106,0.8992712349573548,0.9093038030143709,0.11989514566762495,0.12132327047939916,0.046633624616197925,0.601745756922471,0.29462100490984583,0.08333333333333333,0.025,0.3509413476937979,0.992999785322775,0.0,0.13209790000109933,0.125,0.125,0.125,0.125,0.0625,0.0625,0.0625,0.0,0.0,0.0,0.0,0.0,0.125,0.0,0.0625,0.125,0.0,0.0625,0.0625,0.0,0.0,0.0625,0.0,0.125,0.0625,0.0,0.0,0.0625,0.0625,0.0,0.0,0.0,0.0,0.0625,0.0,0.0625,0.0,0.0,0.0,0.0,0.0,0.0,0.0,0.0,0.0625,0.0,0.0,0.0,0.0,0.0,0.0,0.0,0.0,0.0,0.0,0.0,0.0,0.0,0.0,0.0,0.0,0.0,0.0,0.0,0.0,0.0,0.0,0.0,0.0,0.0,0.0,0.0,0.0625,0.0625,0.0,0.0,0.0,0.0625,0.125,0.0
DVP_543_0c0fc4ad15d5,Data/Receipts/0_real/X51006556823.jpg,Receipts,0,616,1176,70,0.4213642713502023,0.428456853520629,0.006120812193151843,0.003475213137202933,0.006129731152858264,0.2482374768089054,0.023943148688046645,0.902466981392546,0.0,0.4752518590780848,0.19279815362901648,0.515357981399989,0.20235722542723455,0.6761363636363636,0.8898809523809524,0.039485274955978554,0.028904591653607124,0.02702166530223007,0.35623174535219493,0.17777071905504538,0.0782608695652174,0.0927536231884058,14.188437942802663,32.764223314013904,0.15714285714285714,0.1351279999998951,0.0,0.08571428571428572,0.014285714285714285,0.0,0.08571428571428572,0.17142857142857143,0.12857142857142856,0.04285714285714286,0.02857142857142857,0.12857142857142856,0.07142857142857142,0.1,0.02857142857142857,0.08571428571428572,0.014285714285714285,0.014285714285714285,0.0,0.0,0.0,0.04285714285714286,0.0,0.0,0.0,0.0,0.0,0.0,0.0,0.04285714285714286,0.014285714285714285,0.0,0.0,0.0,0.014285714285714285,0.014285714285714285,0.04285714285714286,0.0,0.0,0.014285714285714285,0.0,0.0,0.014285714285714285,0.04285714285714286,0.04285714285714286,0.08571428571428572,0.07142857142857142,0.04285714285714286,0.04285714285714286,0.0,0.0,0.02857142857142857,0.02857142857142857,0.07142857142857142,0.02857142857142857,0.02857142857142857,0.05714285714285714,0.0,0.0,0.0,0.014285714285714285,0.014285714285714285,0.014285714285714285,0.0,0.04285714285714286,0.0,0.014285714285714285,0.0,0.0,0.02857142857142857,0.014285714285714285,0.0,0.014285714285714285,0.0,0.0,0.014285714285714285,0.0,0.05714285714285714,0.0,0.0,0.0,0.0
DVP_544_0c190221458c,Data/UIScreenshots/0_real/68348.jpg,UIScreenshots,0,540,960,17,0.0726195987654321,0.0726195987654321,0.004271741103848947,0.004172453703703703,0.0016619402830213696,0.15653594771241833,0.03265931372549019,0.8771707692230781,0.0,0.5277539091912085,0.29190774896578126,0.5108627273799036,0.30165850992811155,0.8657407407407408,0.8885416666666667,0.1455797983711867,0.15753131186835315,0.0557506512785874,0.5599758357345261,0.24671652406120892,0.058823529411764705,0.09558823529411764,16.50249684015517,34.283402614766175,0.17647058823529413,0.12392399999953341,0.11764705882352941,0.0,0.058823529411764705,0.058823529411764705,0.058823529411764705,0.0,0.11764705882352941,0.0,0.058823529411764705,0.11764705882352941,0.0,0.17647058823529413,0.058823529411764705,0.058823529411764705,0.0,0.11764705882352941,0.058823529411764705,0.0,0.0,0.0,0.0,0.0,0.0,0.058823529411764705,0.0,0.058823529411764705,0.0,0.0,0.0,0.058823529411764705,0.0,0.0,0.058823529411764705,0.0,0.0,0.0,0.0,0.11764705882352941,0.0,0.0,0.0,0.0,0.0,0.0,0.0,0.0,0.0,0.0,0.0,0.0,0.0,0.058823529411764705,0.0,0.0,0.058823529411764705,0.0,0.058823529411764705,0.0,0.0,0.058823529411764705,0.0,0.0,0.11764705882352941,0.0,0.0,0.0,0.0,0.0,0.0,0.0,0.058823529411764705,0.0,0.058823529411764705,0.0,0.0,0.058823529411764705,0.0,0.0,0.058823529411764705,0.0
DVP_545_0c1a1d4412be,Data/AcademicPosters/0_real/ICLR_2024_22194_MathChat_ Converse to Tackle Challenging Math Problems with .png,AcademicPosters,0,3840,2160,194,0.2633403436315567,0.2686354648919753,0.001384718891195749,0.00046392746913580246,0.0026935358549586854,0.08321923324742268,0.016208476517754866,0.7774329823632762,0.3917525773195876,0.480978494511339,0.24559503038657857,0.6088100511627784,0.2119270251714222,0.921875,0.9034722222222222,0.0246438280874435,0.018692668778971643,0.016831643040286313,0.4066065765097302,0.21499191608236826,0.09139469045456973,0.05405694140270285,5.901282898891818,21.742885835489002,0.0979381443298969,0.18065389999901527,0.020618556701030927,0.030927835051546393,0.015463917525773196,0.015463917525773196,0.03608247422680412,0.06701030927835051,0.041237113402061855,0.061855670103092786,0.05670103092783505,0.2268041237113402,0.12886597938144329,0.04639175257731959,0.061855670103092786,0.07731958762886598,0.06701030927835051,0.04639175257731959,0.0,0.0,0.0,0.015463917525773196,0.0,0.0,0.0,0.0,0.005154639175257732,0.015463917525773196,0.005154639175257732,0.010309278350515464,0.010309278350515464,0.005154639175257732,0.015463917525773196,0.0,0.0,0.02577319587628866,0.020618556701030927,0.005154639175257732,0.005154639175257732,0.010309278350515464,0.030927835051546393,0.015463917525773196,0.0,0.010309278350515464,0.03608247422680412,0.005154639175257732,0.010309278350515464,0.015463917525773196,0.010309278350515464,0.005154639175257732,0.020618556701030927,0.005154639175257732,0.015463917525773196,0.010309278350515464,0.005154639175257732,0.010309278350515464,0.010309278350515464,0.02577319587628866,0.020618556701030927,0.010309278350515464,0.07731958762886598,0.12371134020618557,0.04639175257731959,0.06701030927835051,0.010309278350515464,0.0,0.030927835051546393,0.010309278350515464,0.030927835051546393,0.030927835051546393,0.03608247422680412,0.02577319587628866,0.030927835051546393,0.0,0.010309278350515464,0.010309278350515464,0.005154639175257732,0.010309278350515464,0.005154639175257732,0.0,0.015463917525773196,0.0
DVP_546_0c35ee179889,Data/Tables/0_real/PMC3242766_table_2.jpg,Tables,0,671,422,244,0.21527122312068997,0.21529195301629456,0.0008823440697389121,0.00064274161080936,0.0013361741365782685,0.030752974518091426,0.02929065340688369,0.8737511337163139,0.045081967213114756,0.5947895941956753,0.18177414404518705,0.516729922950509,0.23290410559529026,0.8491360700898704,0.9372037914691943,0.04124550559275403,0.036760080089769324,0.017681065105747282,0.3737408093582462,0.18870224094456106,0.0418606220063415,0.07775079268704041,18.440934799196132,36.903046756466956,0.20901639344262296,0.11633729999994102,0.00819672131147541,0.040983606557377046,0.0778688524590164,0.03278688524590164,0.00819672131147541,0.0860655737704918,0.16393442622950818,0.06557377049180328,0.004098360655737705,0.0860655737704918,0.1721311475409836,0.06147540983606557,0.00819672131147541,0.04918032786885246,0.09836065573770492,0.036885245901639344,0.004098360655737705,0.0,0.004098360655737705,0.004098360655737705,0.004098360655737705,0.0,0.004098360655737705,0.004098360655737705,0.004098360655737705,0.0,0.00819672131147541,0.02459016393442623,0.036885245901639344,0.036885245901639344,0.020491803278688523,0.004098360655737705,0.004098360655737705,0.0,0.01639344262295082,0.03278688524590164,0.040983606557377046,0.04918032786885246,0.03278688524590164,0.004098360655737705,0.004098360655737705,0.0,0.012295081967213115,0.02459016393442623,0.036885245901639344,0.036885245901639344,0.02459016393442623,0.004098360655737705,0.0,0.0,0.012295081967213115,0.02459016393442623,0.036885245901639344,0.036885245901639344,0.02459016393442623,0.0,0.004098360655737705,0.0,0.01639344262295082,0.03278688524590164,0.04918032786885246,0.04918032786885246,0.03278688524590164,0.004098360655737705,0.004098360655737705,0.0,0.012295081967213115,0.02459016393442623,0.036885245901639344,0.036885245901639344,0.02459016393442623,0.004098360655737705,0.0,0.004098360655737705,0.004098360655737705,0.00819672131147541,0.012295081967213115,0.012295081967213115,0.00819672131147541,0.0
DVP_547_0c5934136eaf,Data/InfographicCharts/1_fake/infographic_chart_0261.png,InfographicCharts,1,1536,1024,60,0.16679890950520834,0.16682910919189453,0.0027804851531982424,0.0011393229166666667,0.005407467211273924,0.09090711805555557,0.0298828125,0.8748591113073647,0.08333333333333333,0.5352204473347567,0.3130090503473195,0.6026695237743859,0.22472622925418292,0.9049479166666666,0.9016093104338843,0.06061128653325343,0.06082378624116791,0.02881078709992754,0.49335600326163437,0.24204554251364618,0.06779661016949153,0.05367231638418079,6.712568331196363,22.597004897668914,0.13333333333333333,0.14255640000010317,0.0,0.05,0.0,0.0,0.06666666666666667,0.03333333333333333,0.016666666666666666,0.2,0.11666666666666667,0.03333333333333333,0.03333333333333333,0.1,0.06666666666666667,0.08333333333333333,0.15,0.05,0.0,0.0,0.0,0.016666666666666666,0.0,0.0,0.0,0.0,0.0,0.0,0.016666666666666666,0.016666666666666666,0.0,0.0,0.0,0.0,0.05,0.0,0.0,0.016666666666666666,0.0,0.0,0.05,0.03333333333333333,0.016666666666666666,0.0,0.0,0.016666666666666666,0.016666666666666666,0.0,0.05,0.06666666666666667,0.03333333333333333,0.0,0.016666666666666666,0.0,0.0,0.016666666666666666,0.0,0.0,0.05,0.03333333333333333,0.016666666666666666,0.0,0.0,0.016666666666666666,0.06666666666666667,0.03333333333333333,0.016666666666666666,0.016666666666666666,0.05,0.03333333333333333,0.03333333333333333,0.05,0.03333333333333333,0.016666666666666666,0.0,0.03333333333333333,0.0,0.0,0.016666666666666666,0.05,0.0,0.0
DVP_548_0c648680fea6,Data/Receipts/0_real/X51006401869.jpg,Receipts,0,708,1394,39,0.29754712679255824,0.29786149681038193,0.00763747427718928,0.0033132310385915425,0.007375993562762143,0.2978415181805012,0.026763050435934223,0.8778540615512218,0.02564102564102564,0.501740910747234,0.1931942821517476,0.48746505682814073,0.201952314561966,0.7125706214689266,0.8436189714025876,0.058605607570762976,0.058429676746410864,0.0217867549411535,0.3616788570169444,0.17180491321032298,0.04588394062078273,0.10931174089068826,8.96604618958741,25.635828328161182,0.1282051282051282,0.11385250000057567,0.02564102564102564,0.07692307692307693,0.02564102564102564,0.0,0.07692307692307693,0.1794871794871795,0.15384615384615385,0.05128205128205128,0.0,0.1282051282051282,0.02564102564102564,0.1282051282051282,0.0,0.1282051282051282,0.0,0.0,0.0,0.0,0.0,0.0,0.02564102564102564,0.0,0.0,0.0,0.0,0.02564102564102564,0.02564102564102564,0.05128205128205128,0.0,0.0,0.0,0.0,0.0,0.02564102564102564,0.05128205128205128,0.05128205128205128,0.05128205128205128,0.0,0.0,0.0,0.02564102564102564,0.02564102564102564,0.02564102564102564,0.05128205128205128,0.05128205128205128,0.05128205128205128,0.05128205128205128,0.0,0.0,0.0,0.02564102564102564,0.02564102564102564,0.02564102564102564,0.0,0.05128205128205128,0.0,0.0,0.0,0.0,0.07692307692307693,0.0,0.0,0.07692307692307693,0.0,0.0,0.0,0.02564102564102564,0.07692307692307693,0.0,0.0,0.0,0.0,0.0,0.0,0.0,0.02564102564102564,0.0,0.0,0.0,0.0
DVP_549_0c6bb81eaf3f,Data/AcademicPosters/0_real/NeurIPS_2022_62273_Automatic Discovery of Composite SPMD Partitioning Strategie.png,AcademicPosters,0,2269,2880,170,0.35762204947721066,0.3658403114441017,0.0021520018320241273,0.001983252534156016,0.002113985666533411,0.17852902289165998,0.012326388888888888,0.8552019286452947,0.1588235294117647,0.5149053506821146,0.25705318090056906,0.6071329881094598,0.260872469844032,0.8391361833406787,0.9713541666666667,0.022781040388009256,0.01563251471108105,0.01805740162915936,0.4660731801484605,0.22940074969772828,0.04566655064392621,0.09975635224504002,2.0053985100930225,12.155136911851148,0.03529411764705882,0.19339530000070226,0.03529411764705882,0.041176470588235294,0.029411764705882353,0.011764705882352941,0.08235294117647059,0.041176470588235294,0.06470588235294118,0.041176470588235294,0.07058823529411765,0.08235294117647059,0.09411764705882353,0.052941176470588235,0.07647058823529412,0.047058823529411764,0.11176470588235295,0.11764705882352941,0.0,0.0,0.0058823529411764705,0.011764705882352941,0.011764705882352941,0.0,0.0,0.0,0.0058823529411764705,0.029411764705882353,0.0058823529411764705,0.01764705882352941,0.011764705882352941,0.0058823529411764705,0.0058823529411764705,0.0058823529411764705,0.0,0.058823529411764705,0.0,0.023529411764705882,0.0,0.023529411764705882,0.0,0.01764705882352941,0.011764705882352941,0.011764705882352941,0.0,0.01764705882352941,0.01764705882352941,0.023529411764705882,0.023529411764705882,0.0,0.011764705882352941,0.047058823529411764,0.0,0.03529411764705882,0.0,0.029411764705882353,0.011764705882352941,0.0,0.0058823529411764705,0.0058823529411764705,0.0058823529411764705,0.041176470588235294,0.011764705882352941,0.052941176470588235,0.03529411764705882,0.0058823529411764705,0.0,0.023529411764705882,0.0,0.023529411764705882,0.023529411764705882,0.01764705882352941,0.029411764705882353,0.01764705882352941,0.0058823529411764705,0.047058823529411764,0.0,0.023529411764705882,0.03529411764705882,0.03529411764705882,0.041176470588235294,0.029411764705882353
DVP_550_0c6bd7f1c444,Data/UIScreenshots/0_real/7829.jpg,UIScreenshots,0,1080,1920,10,0.05716917438271605,0.05716917438271605,0.005716917438271605,0.003589891975308642,0.005406150830572817,0.25370370370370365,0.020937499999999998,0.9335554019103979,0.0,0.4212037037037037,0.2685706207433617,0.24161458333333333,0.20627189093633524,0.826851851851852,0.6182291666666666,0.14896393878629782,0.15919599303227094,0.0451643240553182,0.4478162676719854,0.23302616448552513,0.15555555555555556,0.08888888888888889,0.054695979981821095,0.16408793994546328,0.0,0.1324082000010094,0.1,0.3,0.1,0.2,0.1,0.0,0.0,0.0,0.1,0.1,0.0,0.0,0.0,0.0,0.0,0.0,0.0,0.0,0.1,0.0,0.0,0.0,0.0,0.1,0.1,0.0,0.1,0.1,0.1,0.0,0.1,0.0,0.0,0.1,0.0,0.0,0.0,0.0,0.0,0.0,0.0,0.0,0.0,0.0,0.0,0.0,0.0,0.0,0.0,0.0,0.0,0.0,0.0,0.0,0.0,0.0,0.1,0.0,0.1,0.0,0.0,0.0,0.0,0.0,0.0,0.0,0.0,0.0,0.0,0.0,0.0,0.0,0.0,0.0,0.0,0.0,0.0,0.0,0.0,0.0
DVP_551_0c6c6a07b0e9,Data/UIScreenshots/1_fake/ui_0143.png,UIScreenshots,1,941,1672,76,0.18090427239838358,0.1815308970910515,0.002388564435408572,0.002128894233458247,0.0014454873359701218,0.12843279825493595,0.019091538655250567,0.879949407761631,0.039473684210526314,0.49687496462818787,0.3129657070736243,0.5700151696243061,0.25163346013855864,0.8926673751328373,0.9530502392344498,0.04473929373473413,0.032474322815856535,0.028761932331890727,0.5143738612499534,0.24950720734149542,0.0456140350877193,0.07614035087719298,0.30515817410139673,0.9973741755142399,0.013157894736842105,0.14962689999993017,0.06578947368421052,0.02631578947368421,0.013157894736842105,0.039473684210526314,0.07894736842105263,0.05263157894736842,0.039473684210526314,0.039473684210526314,0.09210526315789473,0.07894736842105263,0.10526315789473684,0.11842105263157894,0.10526315789473684,0.05263157894736842,0.02631578947368421,0.06578947368421052,0.013157894736842105,0.02631578947368421,0.0,0.0,0.0,0.0,0.0,0.0,0.02631578947368421,0.0,0.02631578947368421,0.0,0.013157894736842105,0.0,0.013157894736842105,0.02631578947368421,0.0,0.039473684210526314,0.0,0.02631578947368421,0.0,0.02631578947368421,0.0,0.0,0.0,0.039473684210526314,0.0,0.02631578947368421,0.0,0.013157894736842105,0.0,0.039473684210526314,0.0,0.039473684210526314,0.0,0.039473684210526314,0.0,0.06578947368421052,0.0,0.06578947368421052,0.02631578947368421,0.02631578947368421,0.013157894736842105,0.02631578947368421,0.013157894736842105,0.02631578947368421,0.013157894736842105,0.039473684210526314,0.013157894736842105,0.05263157894736842,0.0,0.0,0.0,0.0,0.0,0.02631578947368421,0.013157894736842105,0.02631578947368421,0.02631578947368421,0.02631578947368421,0.0,0.02631578947368421,0.0,0.039473684210526314
DVP_552_0c73901d22ad,Data/Receipts/0_real/X51008123451.jpg,Receipts,0,748,1271,46,0.24903007780733996,0.24995582239762365,0.005433822226035297,0.004064339418622753,0.004470824090577652,0.22762148337595908,0.02409947661888961,0.9035542848330549,0.0,0.4785101449881477,0.22739043321668373,0.5325613292517428,0.20780372623031096,0.7720588235294118,0.8027038832928277,0.053067503412522726,0.03963141019378332,0.03138366719905967,0.39790022322744356,0.18886579299349085,0.03188405797101449,0.08115942028985507,8.136107157864474,25.460982549809465,0.08695652173913043,0.13196240000070247,0.0,0.021739130434782608,0.10869565217391304,0.0,0.13043478260869565,0.08695652173913043,0.10869565217391304,0.021739130434782608,0.06521739130434782,0.10869565217391304,0.06521739130434782,0.13043478260869565,0.043478260869565216,0.021739130434782608,0.06521739130434782,0.021739130434782608,0.0,0.0,0.0,0.0,0.0,0.0,0.0,0.0,0.0,0.0,0.021739130434782608,0.0,0.06521739130434782,0.043478260869565216,0.0,0.0,0.021739130434782608,0.021739130434782608,0.0,0.021739130434782608,0.043478260869565216,0.0,0.0,0.0,0.0,0.08695652173913043,0.043478260869565216,0.021739130434782608,0.06521739130434782,0.0,0.021739130434782608,0.0,0.0,0.021739130434782608,0.0,0.06521739130434782,0.021739130434782608,0.0,0.043478260869565216,0.0,0.021739130434782608,0.021739130434782608,0.0,0.043478260869565216,0.043478260869565216,0.0,0.08695652173913043,0.0,0.0,0.043478260869565216,0.0,0.0,0.021739130434782608,0.043478260869565216,0.0,0.021739130434782608,0.0,0.0,0.0,0.021739130434782608,0.0,0.0,0.0,0.0
DVP_553_0c766e52f0db,Data/AcademicPosters/0_real/NeurIPS_2023_73497_MetaBox_ A Benchmark Platform for Meta-Black-Box Optimizatio.png,AcademicPosters,0,4534,2720,133,0.3728129988783611,0.3964292259140092,0.0029806708715339036,0.0031098367887075432,0.0023086591755789965,0.1767680117806647,0.01673485183547103,0.7694225884836868,0.48872180451127817,0.4435474108943947,0.23650619520756003,0.49139300404494707,0.26104826746499815,0.891155712395236,0.9556985294117647,0.028849474011928965,0.017464574252643923,0.025899883049996988,0.44762604745559476,0.22287597259228212,0.042150831624515835,0.12406015037593984,3.5484244721877,17.13788191373534,0.045112781954887216,0.1480916000000434,0.06766917293233082,0.06766917293233082,0.022556390977443608,0.022556390977443608,0.05263157894736842,0.15789473684210525,0.06015037593984962,0.06015037593984962,0.09774436090225563,0.06766917293233082,0.06766917293233082,0.045112781954887216,0.08270676691729323,0.08270676691729323,0.022556390977443608,0.022556390977443608,0.007518796992481203,0.022556390977443608,0.007518796992481203,0.022556390977443608,0.007518796992481203,0.007518796992481203,0.007518796992481203,0.015037593984962405,0.0,0.03759398496240601,0.0,0.03759398496240601,0.007518796992481203,0.0,0.0,0.0,0.0,0.0,0.045112781954887216,0.09022556390977443,0.045112781954887216,0.0,0.045112781954887216,0.0,0.0,0.05263157894736842,0.0,0.022556390977443608,0.007518796992481203,0.007518796992481203,0.015037593984962405,0.0,0.0,0.03759398496240601,0.0,0.015037593984962405,0.045112781954887216,0.015037593984962405,0.03007518796992481,0.0,0.022556390977443608,0.03759398496240601,0.0,0.05263157894736842,0.0,0.007518796992481203,0.015037593984962405,0.0,0.007518796992481203,0.03007518796992481,0.0,0.05263157894736842,0.007518796992481203,0.0,0.0,0.015037593984962405,0.007518796992481203,0.03759398496240601,0.0,0.03007518796992481,0.007518796992481203,0.007518796992481203,0.0,0.007518796992481203
DVP_554_0c83b75f37fd,Data/Tables/0_real/PMC5936689_table_1.jpg,Tables,0,371,193,35,0.22625414437572042,0.22713433794673407,0.0064895525127638305,0.003519405611496725,0.008935426600101128,0.0981132075471698,0.0712065136935603,0.878151902887253,0.0,0.590727769210735,0.3292189546507565,0.4700057284274573,0.22866233248779472,0.8638814016172507,0.7922101125603002,0.09160894590842569,0.0908336850238751,0.018210472411363463,0.5202296675185516,0.24526623776352793,0.05714285714285714,0.16638655462184873,11.394698194837693,29.15978137478979,0.2571428571428571,0.05939170000056038,0.02857142857142857,0.08571428571428572,0.0,0.11428571428571428,0.08571428571428572,0.08571428571428572,0.08571428571428572,0.08571428571428572,0.05714285714285714,0.05714285714285714,0.05714285714285714,0.08571428571428572,0.05714285714285714,0.02857142857142857,0.02857142857142857,0.05714285714285714,0.0,0.0,0.0,0.02857142857142857,0.0,0.0,0.0,0.02857142857142857,0.0,0.02857142857142857,0.02857142857142857,0.02857142857142857,0.0,0.0,0.02857142857142857,0.05714285714285714,0.02857142857142857,0.0,0.0,0.02857142857142857,0.0,0.02857142857142857,0.0,0.02857142857142857,0.05714285714285714,0.0,0.0,0.05714285714285714,0.0,0.05714285714285714,0.0,0.05714285714285714,0.02857142857142857,0.0,0.0,0.02857142857142857,0.0,0.02857142857142857,0.0,0.05714285714285714,0.02857142857142857,0.0,0.0,0.02857142857142857,0.0,0.02857142857142857,0.0,0.02857142857142857,0.02857142857142857,0.02857142857142857,0.0,0.02857142857142857,0.0,0.02857142857142857,0.0,0.05714285714285714,0.0,0.0,0.0,0.0,0.0,0.0,0.0,0.0
DVP_555_0caaa238d128,Data/UIScreenshots/1_fake/ui_0431.png,UIScreenshots,1,941,1672,24,0.08995357729058613,0.09015751084309169,0.0037565629517954872,0.0022973244385236105,0.0035587809902953653,0.18455543747786043,0.019213516746411485,0.886515811594446,0.0,0.6021876547288341,0.21289236968597727,0.45829601915496937,0.225835518792455,0.6679064824654624,0.917906640437845,0.04412874565732338,0.024614793272322445,0.04740654416146702,0.37411291123606355,0.24711391736446323,0.028985507246376812,0.213768115942029,0.39370005825940463,0.872579364498207,0.0,0.1355649999986781,0.08333333333333333,0.125,0.0,0.0,0.041666666666666664,0.0,0.20833333333333334,0.125,0.0,0.0,0.20833333333333334,0.125,0.0,0.041666666666666664,0.041666666666666664,0.0,0.041666666666666664,0.0,0.0,0.0,0.0,0.0,0.0,0.0,0.0,0.041666666666666664,0.08333333333333333,0.041666666666666664,0.0,0.0,0.0,0.0,0.0,0.041666666666666664,0.0,0.0,0.0,0.041666666666666664,0.125,0.0,0.0,0.0,0.0,0.0,0.0,0.16666666666666666,0.0,0.0,0.0,0.0,0.0,0.0,0.0,0.125,0.041666666666666664,0.0,0.0,0.0,0.0,0.0,0.0,0.08333333333333333,0.08333333333333333,0.0,0.0,0.0,0.0,0.0,0.0,0.0,0.0,0.0,0.0,0.0,0.0,0.041666666666666664,0.041666666666666664,0.0,0.0,0.0
DVP_556_0cb13e09d767,Data/UIScreenshots/1_fake/ui_0411.png,UIScreenshots,1,941,1672,39,0.1073555059516243,0.10735550595162428,0.002752705280810879,0.0025842913728142207,0.0012540176429552431,0.14150249325594702,0.01976751318856582,0.8898998472975689,0.02564102564102564,0.506922713124934,0.2980553901108476,0.5173709869941181,0.26506875242514477,0.8581296493092454,0.9105861244019139,0.07158489437696874,0.05644173326289283,0.05407505147544312,0.5151335374042079,0.24740242505670806,0.029689608636977057,0.11470985155195682,4.964855301971886,19.948059674672916,0.05128205128205128,0.12315680000028806,0.10256410256410256,0.0,0.07692307692307693,0.02564102564102564,0.10256410256410256,0.0,0.05128205128205128,0.10256410256410256,0.1282051282051282,0.0,0.07692307692307693,0.07692307692307693,0.10256410256410256,0.0,0.10256410256410256,0.05128205128205128,0.02564102564102564,0.0,0.0,0.0,0.0,0.0,0.0,0.02564102564102564,0.0,0.07692307692307693,0.0,0.0,0.0,0.07692307692307693,0.0,0.0,0.0,0.05128205128205128,0.0,0.0,0.0,0.0,0.07692307692307693,0.0,0.0,0.05128205128205128,0.0,0.0,0.02564102564102564,0.02564102564102564,0.0,0.02564102564102564,0.0,0.07692307692307693,0.0,0.0,0.0,0.02564102564102564,0.02564102564102564,0.0,0.0,0.05128205128205128,0.0,0.0,0.0,0.05128205128205128,0.02564102564102564,0.02564102564102564,0.0,0.05128205128205128,0.0,0.0,0.02564102564102564,0.07692307692307693,0.02564102564102564,0.0,0.02564102564102564,0.02564102564102564,0.0,0.0,0.0,0.0,0.02564102564102564,0.0
DVP_557_0cc2d3f2ee63,Data/Tables/1_fake/table_0639.png,Tables,1,1315,1196,71,0.1910359430001448,0.19104015921258438,0.0026907064677828786,0.0013225326500247974,0.003250843757048778,0.09715632196219139,0.02871072589382449,0.9246097482773646,0.0,0.643416441175104,0.27911982234399135,0.4808325069982109,0.2546369940066548,0.8911162644781588,0.9253707242837679,0.051184789956769526,0.03567670382590997,0.028651821320217815,0.483345038127558,0.23654139740371463,0.03380281690140845,0.1903420523138833,0.2365922263049192,0.7819602848069644,0.0,0.21888270000090415,0.028169014084507043,0.08450704225352113,0.0,0.14084507042253522,0.028169014084507043,0.07042253521126761,0.0,0.14084507042253522,0.04225352112676056,0.08450704225352113,0.014084507042253521,0.19718309859154928,0.028169014084507043,0.028169014084507043,0.028169014084507043,0.08450704225352113,0.014084507042253521,0.0,0.0,0.028169014084507043,0.0,0.0,0.014084507042253521,0.014084507042253521,0.014084507042253521,0.0,0.0,0.056338028169014086,0.0,0.0,0.056338028169014086,0.056338028169014086,0.014084507042253521,0.0,0.0,0.028169014084507043,0.0,0.0,0.028169014084507043,0.028169014084507043,0.0,0.014084507042253521,0.0,0.04225352112676056,0.0,0.0,0.04225352112676056,0.04225352112676056,0.028169014084507043,0.0,0.0,0.056338028169014086,0.0,0.0,0.056338028169014086,0.056338028169014086,0.0,0.014084507042253521,0.0,0.028169014084507043,0.014084507042253521,0.0,0.04225352112676056,0.04225352112676056,0.0,0.014084507042253521,0.0,0.028169014084507043,0.014084507042253521,0.0,0.028169014084507043,0.028169014084507043,0.0,0.014084507042253521,0.0,0.0,0.014084507042253521,0.0,0.014084507042253521,0.014084507042253521
DVP_558_0ccadbfa9781,Data/AcademicPosters/1_fake/academic_poster_0734.png,AcademicPosters,1,1402,1122,203,0.23417048513587166,0.2372444763147121,0.001168692001550306,0.0006961025883573505,0.0023546031070306303,0.07210318826728881,0.01610863781249177,0.8718231983858747,0.06896551724137931,0.5016755735086954,0.26922204858401244,0.5634235865620812,0.22288198771031145,0.8905135520684736,0.9460784313725491,0.02489106409073378,0.01961483594864477,0.015093466702081428,0.44609010441263147,0.21570089638477297,0.05374823196605375,0.056625859630298,2.6756291304008624,14.07153317971779,0.04926108374384237,0.21065009999983886,0.024630541871921183,0.009852216748768473,0.04433497536945813,0.019704433497536946,0.054187192118226604,0.029556650246305417,0.10344827586206896,0.08866995073891626,0.09359605911330049,0.09359605911330049,0.13793103448275862,0.07389162561576355,0.06403940886699508,0.06403940886699508,0.054187192118226604,0.04433497536945813,0.0,0.0,0.0,0.009852216748768473,0.024630541871921183,0.0,0.0,0.0,0.0049261083743842365,0.019704433497536946,0.0,0.0,0.019704433497536946,0.0,0.014778325123152709,0.0049261083743842365,0.0049261083743842365,0.019704433497536946,0.0,0.0,0.024630541871921183,0.014778325123152709,0.034482758620689655,0.0049261083743842365,0.019704433497536946,0.009852216748768473,0.019704433497536946,0.009852216748768473,0.034482758620689655,0.029556650246305417,0.019704433497536946,0.029556650246305417,0.034482758620689655,0.019704433497536946,0.04433497536945813,0.014778325123152709,0.034482758620689655,0.014778325123152709,0.014778325123152709,0.019704433497536946,0.019704433497536946,0.019704433497536946,0.014778325123152709,0.019704433497536946,0.019704433497536946,0.06896551724137931,0.0049261083743842365,0.034482758620689655,0.0049261083743842365,0.029556650246305417,0.014778325123152709,0.024630541871921183,0.019704433497536946,0.014778325123152709,0.019704433497536946,0.009852216748768473,0.014778325123152709,0.014778325123152709,0.009852216748768473,0.014778325123152709,0.009852216748768473,0.009852216748768473,0.009852216748768473,0.0049261083743842365
DVP_559_0ce7bb869743,Data/AcademicPosters/1_fake/academic_poster_0529.png,AcademicPosters,1,1024,1536,179,0.2263575276821852,0.2286510467529297,0.0012773801494577078,0.0007781982421875,0.0017654474425530592,0.11030246159217877,0.011573265828677841,0.8423751692602716,0.15083798882681565,0.4564222261278982,0.28263506439330355,0.5484962034979817,0.23381620937595882,0.89453125,0.9552359532828283,0.02681377278287367,0.021836601342771385,0.01637657213347839,0.4677683514001305,0.22761765127282574,0.05548929759588224,0.05153474358169607,4.568703775691243,18.769958424616572,0.0782122905027933,0.16345380000166188,0.0446927374301676,0.01675977653631285,0.00558659217877095,0.05027932960893855,0.0782122905027933,0.0893854748603352,0.07262569832402235,0.055865921787709494,0.12290502793296089,0.0893854748603352,0.09497206703910614,0.07262569832402235,0.0782122905027933,0.0446927374301676,0.061452513966480445,0.0223463687150838,0.0,0.00558659217877095,0.01675977653631285,0.0,0.0,0.0,0.01675977653631285,0.0,0.00558659217877095,0.0335195530726257,0.0,0.0,0.00558659217877095,0.0,0.0223463687150838,0.0111731843575419,0.00558659217877095,0.01675977653631285,0.0111731843575419,0.0335195530726257,0.0111731843575419,0.01675977653631285,0.0111731843575419,0.01675977653631285,0.0335195530726257,0.0223463687150838,0.0223463687150838,0.0223463687150838,0.01675977653631285,0.027932960893854747,0.00558659217877095,0.0223463687150838,0.03910614525139665,0.027932960893854747,0.01675977653631285,0.0223463687150838,0.027932960893854747,0.0111731843575419,0.03910614525139665,0.0,0.027932960893854747,0.027932960893854747,0.0223463687150838,0.027932960893854747,0.01675977653631285,0.03910614525139665,0.0111731843575419,0.0223463687150838,0.01675977653631285,0.0335195530726257,0.0111731843575419,0.01675977653631285,0.00558659217877095,0.0223463687150838,0.00558659217877095,0.0,0.00558659217877095,0.0223463687150838,0.0,0.01675977653631285,0.027932960893854747,0.00558659217877095,0.00558659217877095,0.0111731843575419
DVP_560_0cf53e32a7a0,Data/UIScreenshots/1_fake/ui_0437.png,UIScreenshots,1,941,1672,53,0.12793630380757526,0.13003097844601844,0.0024534146876607254,0.001967773263707041,0.00166523884658006,0.12002486315240714,0.02070732147693419,0.8852722471525295,0.03773584905660377,0.44575636596041746,0.269853616716646,0.5181770267891067,0.27673087329712254,0.8342189160467588,0.9626196172248804,0.050100032328980644,0.02680509799074891,0.04821346232336842,0.499372510253377,0.23489399267778685,0.04934687953555878,0.08780841799709724,2.4153470551365537,8.855608698885137,0.05660377358490566,0.12623589999930118,0.07547169811320754,0.03773584905660377,0.03773584905660377,0.05660377358490566,0.07547169811320754,0.09433962264150944,0.05660377358490566,0.05660377358490566,0.09433962264150944,0.05660377358490566,0.07547169811320754,0.03773584905660377,0.11320754716981132,0.05660377358490566,0.05660377358490566,0.018867924528301886,0.018867924528301886,0.018867924528301886,0.0,0.0,0.0,0.0,0.0,0.018867924528301886,0.018867924528301886,0.018867924528301886,0.018867924528301886,0.018867924528301886,0.018867924528301886,0.018867924528301886,0.018867924528301886,0.018867924528301886,0.018867924528301886,0.018867924528301886,0.0,0.03773584905660377,0.018867924528301886,0.018867924528301886,0.018867924528301886,0.0,0.018867924528301886,0.018867924528301886,0.0,0.05660377358490566,0.0,0.018867924528301886,0.03773584905660377,0.0,0.03773584905660377,0.018867924528301886,0.0,0.03773584905660377,0.018867924528301886,0.03773584905660377,0.0,0.0,0.0,0.03773584905660377,0.0,0.018867924528301886,0.018867924528301886,0.0,0.03773584905660377,0.0,0.03773584905660377,0.0,0.0,0.03773584905660377,0.0,0.03773584905660377,0.0,0.0,0.018867924528301886,0.05660377358490566,0.0,0.018867924528301886,0.018867924528301886,0.0,0.018867924528301886,0.0
DVP_561_0cf99f903083,Data/Tables/1_fake/table_0844.png,Tables,1,1226,1283,118,0.2934137465844606,0.29353199513273726,0.002487559280785909,0.0017556094949769797,0.0021487846682088003,0.12288826831089118,0.02081984755010106,0.9199521314845527,0.0,0.5622897185873881,0.27296435803818586,0.46577481007095134,0.24653652164932505,0.8466557911908646,0.9388193516880496,0.03754880843108132,0.03546093078382896,0.009597687906370138,0.4714246175991525,0.22505792712299763,0.0331739823265247,0.1592061422569897,0.17893960138270076,0.577680200369015,0.0,0.2211091999997734,0.0423728813559322,0.059322033898305086,0.05084745762711865,0.09322033898305085,0.059322033898305086,0.059322033898305086,0.059322033898305086,0.11864406779661017,0.059322033898305086,0.059322033898305086,0.059322033898305086,0.11864406779661017,0.05084745762711865,0.03389830508474576,0.025423728813559324,0.05084745762711865,0.00847457627118644,0.0,0.00847457627118644,0.025423728813559324,0.025423728813559324,0.0,0.025423728813559324,0.00847457627118644,0.025423728813559324,0.00847457627118644,0.0,0.025423728813559324,0.025423728813559324,0.0,0.025423728813559324,0.03389830508474576,0.025423728813559324,0.00847457627118644,0.0,0.03389830508474576,0.025423728813559324,0.0,0.03389830508474576,0.025423728813559324,0.0,0.025423728813559324,0.0,0.025423728813559324,0.03389830508474576,0.0,0.025423728813559324,0.03389830508474576,0.01694915254237288,0.00847457627118644,0.0,0.03389830508474576,0.025423728813559324,0.0,0.025423728813559324,0.03389830508474576,0.0,0.03389830508474576,0.0,0.025423728813559324,0.03389830508474576,0.0,0.03389830508474576,0.025423728813559324,0.0,0.025423728813559324,0.0,0.025423728813559324,0.025423728813559324,0.0,0.025423728813559324,0.025423728813559324,0.00847457627118644,0.01694915254237288,0.0,0.00847457627118644,0.0,0.0,0.0,0.0
DVP_562_0cf9b1e60578,Data/AcademicPosters/1_fake/academic_poster_0356.png,AcademicPosters,1,1402,1122,216,0.24031163815580886,0.24503256107267188,0.0011344100049660735,0.0006503314592598809,0.0022863898292597297,0.06676308976594283,0.015394962698884266,0.8625703043047179,0.06481481481481481,0.4870795360896153,0.29888064434215633,0.5868506862557139,0.24260083895646964,0.9158345221112696,0.9398395721925134,0.025381172937480836,0.02104979251190217,0.016530853561881335,0.4877366496163729,0.2446651531950678,0.05310077519379845,0.05521102497846684,0.9811045969905389,8.657386896298696,0.009259259259259259,0.19813239999893995,0.05555555555555555,0.018518518518518517,0.013888888888888888,0.037037037037037035,0.046296296296296294,0.032407407407407406,0.07407407407407407,0.05555555555555555,0.09259259259259259,0.0787037037037037,0.05555555555555555,0.1388888888888889,0.1111111111111111,0.09259259259259259,0.0787037037037037,0.018518518518518517,0.027777777777777776,0.0,0.004629629629629629,0.0,0.009259259259259259,0.0,0.0,0.004629629629629629,0.027777777777777776,0.0,0.0,0.013888888888888888,0.004629629629629629,0.0,0.032407407407407406,0.0,0.004629629629629629,0.018518518518518517,0.0,0.018518518518518517,0.004629629629629629,0.018518518518518517,0.004629629629629629,0.004629629629629629,0.013888888888888888,0.009259259259259259,0.0,0.013888888888888888,0.018518518518518517,0.032407407407407406,0.018518518518518517,0.027777777777777776,0.023148148148148147,0.009259259259259259,0.018518518518518517,0.023148148148148147,0.013888888888888888,0.023148148148148147,0.06018518518518518,0.05092592592592592,0.018518518518518517,0.041666666666666664,0.013888888888888888,0.023148148148148147,0.0,0.018518518518518517,0.018518518518518517,0.009259259259259259,0.013888888888888888,0.05092592592592592,0.013888888888888888,0.041666666666666664,0.023148148148148147,0.037037037037037035,0.0,0.018518518518518517,0.023148148148148147,0.023148148148148147,0.013888888888888888,0.023148148148148147,0.004629629629629629,0.013888888888888888,0.0,0.0
DVP_563_0d0220f9836f,Data/InfographicCharts/1_fake/infographic_chart_0910.png,InfographicCharts,1,1402,1122,38,0.17177968321292983,0.17177968321292986,0.0045205179792876275,0.002085129214440283,0.008005217204304544,0.12576019220662216,0.033258279388310344,0.8900031726207732,0.05263157894736842,0.400756347342874,0.27909162900325485,0.5708365211526191,0.2257237285857333,0.8555634807417974,0.8560606060606061,0.07847514375278693,0.06722529117296402,0.02305845239733115,0.4622711738630814,0.2257355636140563,0.07112375533428165,0.06827880512091039,7.6009944849168125,24.437261477110585,0.10526315789473684,0.1734946000015043,0.0,0.07894736842105263,0.02631578947368421,0.0,0.18421052631578946,0.0,0.02631578947368421,0.07894736842105263,0.21052631578947367,0.0,0.10526315789473684,0.0,0.0,0.13157894736842105,0.10526315789473684,0.05263157894736842,0.0,0.0,0.0,0.0,0.02631578947368421,0.0,0.0,0.0,0.0,0.0,0.05263157894736842,0.02631578947368421,0.0,0.0,0.0,0.0,0.02631578947368421,0.05263157894736842,0.0,0.0,0.0,0.0,0.0,0.05263157894736842,0.05263157894736842,0.05263157894736842,0.0,0.0,0.0,0.02631578947368421,0.02631578947368421,0.0,0.05263157894736842,0.05263157894736842,0.0,0.0,0.0,0.05263157894736842,0.0,0.0,0.05263157894736842,0.05263157894736842,0.0,0.0,0.05263157894736842,0.0,0.0,0.0,0.0,0.0,0.02631578947368421,0.05263157894736842,0.05263157894736842,0.05263157894736842,0.02631578947368421,0.02631578947368421,0.0,0.0,0.02631578947368421,0.02631578947368421,0.0,0.0,0.0,0.0
DVP_564_0d04d51266e8,Data/AcademicPosters/1_fake/academic_poster_0251.png,AcademicPosters,1,1402,1122,201,0.20426716877118548,0.20515541841169094,0.0010206737234412485,0.0006407958073645747,0.0011106214132355812,0.06840618590357768,0.014739138531939233,0.8484689229293659,0.15422885572139303,0.5207240036814634,0.2500935941565913,0.47146876482609756,0.25220314628432683,0.959822170278833,0.9206773618538325,0.02896096239315881,0.022351914896080047,0.016101622780315312,0.4524801966993577,0.22097436410362195,0.05218905472636816,0.051791044776119406,2.551981686711693,14.009918616168678,0.04477611940298507,0.19378449999931036,0.03980099502487562,0.06965174129353234,0.06965174129353234,0.029850746268656716,0.03482587064676617,0.09950248756218906,0.13930348258706468,0.10945273631840796,0.05472636815920398,0.05970149253731343,0.07960199004975124,0.029850746268656716,0.04477611940298507,0.05472636815920398,0.05472636815920398,0.029850746268656716,0.004975124378109453,0.009950248756218905,0.004975124378109453,0.01990049751243781,0.0,0.01990049751243781,0.014925373134328358,0.0,0.009950248756218905,0.014925373134328358,0.014925373134328358,0.029850746268656716,0.029850746268656716,0.01990049751243781,0.014925373134328358,0.0,0.004975124378109453,0.009950248756218905,0.01990049751243781,0.024875621890547265,0.009950248756218905,0.04477611940298507,0.024875621890547265,0.004975124378109453,0.014925373134328358,0.004975124378109453,0.014925373134328358,0.03980099502487562,0.03482587064676617,0.04975124378109453,0.04477611940298507,0.03482587064676617,0.009950248756218905,0.01990049751243781,0.004975124378109453,0.014925373134328358,0.01990049751243781,0.01990049751243781,0.009950248756218905,0.004975124378109453,0.009950248756218905,0.014925373134328358,0.01990049751243781,0.01990049751243781,0.03980099502487562,0.0,0.0,0.014925373134328358,0.014925373134328358,0.01990049751243781,0.014925373134328358,0.029850746268656716,0.024875621890547265,0.004975124378109453,0.004975124378109453,0.004975124378109453,0.004975124378109453,0.004975124378109453,0.0,0.009950248756218905,0.0,0.024875621890547265,0.01990049751243781,0.0
DVP_565_0d0862a1c4f7,Data/Tables/1_fake/table_0280.png,Tables,1,1406,1119,92,0.2394817563436161,0.2394817563436161,0.002603062568952349,0.0015254424736575152,0.0042283049961648585,0.09236811181891272,0.027955861211485415,0.9377406245272064,0.0,0.5396120906921217,0.2512980652563791,0.49550521246888457,0.22706840097075492,0.8250355618776671,0.9115281501340483,0.05358397454987727,0.05272684715758825,0.015080909309808233,0.4366355620962096,0.2032044648083702,0.06020066889632107,0.12637362637362637,0.055001180304625925,0.29338419595666626,0.0,0.17262440000013157,0.03260869565217391,0.05434782608695652,0.05434782608695652,0.05434782608695652,0.06521739130434782,0.043478260869565216,0.08695652173913043,0.08695652173913043,0.08695652173913043,0.05434782608695652,0.10869565217391304,0.10869565217391304,0.03260869565217391,0.043478260869565216,0.043478260869565216,0.043478260869565216,0.0,0.0,0.010869565217391304,0.010869565217391304,0.0,0.0,0.0,0.0,0.010869565217391304,0.021739130434782608,0.0,0.03260869565217391,0.021739130434782608,0.03260869565217391,0.03260869565217391,0.021739130434782608,0.021739130434782608,0.021739130434782608,0.0,0.021739130434782608,0.021739130434782608,0.021739130434782608,0.021739130434782608,0.021739130434782608,0.0,0.021739130434782608,0.0,0.021739130434782608,0.021739130434782608,0.021739130434782608,0.021739130434782608,0.021739130434782608,0.021739130434782608,0.03260869565217391,0.0,0.03260869565217391,0.03260869565217391,0.03260869565217391,0.03260869565217391,0.03260869565217391,0.010869565217391304,0.021739130434782608,0.0,0.021739130434782608,0.021739130434782608,0.021739130434782608,0.021739130434782608,0.021739130434782608,0.010869565217391304,0.021739130434782608,0.0,0.021739130434782608,0.021739130434782608,0.021739130434782608,0.021739130434782608,0.021739130434782608,0.0,0.0,0.010869565217391304,0.010869565217391304,0.0,0.0,0.0,0.0
DVP_566_0d0b4ae97bea,Data/UIScreenshots/0_real/68041.jpg,UIScreenshots,0,1080,1920,28,0.1039525462962963,0.10395254629629629,0.0037125909391534386,0.00418065200617284,0.002258215408721522,0.12903439153439153,0.02916666666666667,0.8462758313238903,0.14285714285714285,0.5081759360535796,0.28587526887205905,0.38404297571820295,0.2610813846514185,0.8090207914777721,0.7770833333333333,0.08639305993681833,0.07019345250678666,0.02888573112801124,0.5094265309222676,0.22663572908077814,0.0873015873015873,0.1746031746031746,16.383713565029826,34.386882684686704,0.17857142857142858,0.12241650000032678,0.10714285714285714,0.07142857142857142,0.07142857142857142,0.10714285714285714,0.07142857142857142,0.07142857142857142,0.0,0.10714285714285714,0.10714285714285714,0.07142857142857142,0.0,0.10714285714285714,0.03571428571428571,0.03571428571428571,0.0,0.03571428571428571,0.0,0.07142857142857142,0.03571428571428571,0.03571428571428571,0.03571428571428571,0.0,0.03571428571428571,0.03571428571428571,0.0,0.03571428571428571,0.0,0.0,0.03571428571428571,0.0,0.03571428571428571,0.0,0.0,0.03571428571428571,0.0,0.03571428571428571,0.0,0.0,0.07142857142857142,0.0,0.0,0.03571428571428571,0.0,0.03571428571428571,0.0,0.0,0.03571428571428571,0.0,0.0,0.07142857142857142,0.0,0.03571428571428571,0.0,0.0,0.03571428571428571,0.0,0.0,0.03571428571428571,0.0,0.03571428571428571,0.0,0.0,0.07142857142857142,0.0,0.0,0.03571428571428571,0.0,0.03571428571428571,0.0,0.0,0.03571428571428571,0.0,0.0,0.0,0.0,0.0,0.0,0.0,0.0,0.0
DVP_567_0d1603b3c107,Data/AcademicPosters/1_fake/academic_poster_0069.png,AcademicPosters,1,1402,1122,184,0.2046809596906098,0.20503272635730468,0.0011143082954201342,0.0006916526174728742,0.0020575221446472577,0.07162516281089128,0.014478222118887081,0.8587358629293099,0.09782608695652174,0.5625355379870058,0.282995844431359,0.539398662820396,0.23274873479089264,0.9197574893009985,0.9420635667884298,0.029235355273714937,0.02317290552584672,0.018212514419627592,0.4662426576940024,0.22935198824017788,0.04710144927536232,0.05618911855547636,0.7356315108326548,6.310573813365493,0.021739130434782608,0.18731300000035844,0.016304347826086956,0.043478260869565216,0.03260869565217391,0.005434782608695652,0.05434782608695652,0.059782608695652176,0.09782608695652174,0.10326086956521739,0.11413043478260869,0.03260869565217391,0.08695652173913043,0.16847826086956522,0.043478260869565216,0.059782608695652176,0.021739130434782608,0.059782608695652176,0.0,0.005434782608695652,0.005434782608695652,0.005434782608695652,0.010869565217391304,0.0,0.005434782608695652,0.0,0.005434782608695652,0.005434782608695652,0.010869565217391304,0.021739130434782608,0.0,0.021739130434782608,0.0,0.0,0.016304347826086956,0.021739130434782608,0.010869565217391304,0.010869565217391304,0.010869565217391304,0.02717391304347826,0.043478260869565216,0.043478260869565216,0.010869565217391304,0.005434782608695652,0.021739130434782608,0.016304347826086956,0.016304347826086956,0.043478260869565216,0.010869565217391304,0.005434782608695652,0.02717391304347826,0.02717391304347826,0.005434782608695652,0.0,0.010869565217391304,0.021739130434782608,0.05434782608695652,0.02717391304347826,0.02717391304347826,0.03260869565217391,0.005434782608695652,0.021739130434782608,0.005434782608695652,0.04891304347826087,0.043478260869565216,0.043478260869565216,0.010869565217391304,0.005434782608695652,0.010869565217391304,0.02717391304347826,0.0,0.010869565217391304,0.016304347826086956,0.0,0.016304347826086956,0.010869565217391304,0.0,0.021739130434782608,0.0,0.010869565217391304,0.021739130434782608,0.021739130434782608
DVP_568_0d1888b938df,Data/UIScreenshots/0_real/320.jpg,UIScreenshots,0,1080,1920,34,0.1093214699074074,0.10932146990740742,0.003215337350217865,0.0032016782407407406,0.0018643109356200574,0.14444444444444443,0.021629901960784317,0.8656443028664507,0.14705882352941177,0.4298409069161841,0.3295274655777516,0.46991400278546364,0.26436998563643965,0.9106481481481482,0.8833333333333333,0.0790805286583625,0.07750430975668096,0.04431278983262331,0.5355330866278538,0.28457152505181166,0.0427807486631016,0.1140819964349376,13.26225453695251,31.886378045877194,0.14705882352941177,0.12768940000023576,0.08823529411764706,0.058823529411764705,0.058823529411764705,0.029411764705882353,0.14705882352941177,0.029411764705882353,0.0,0.08823529411764706,0.20588235294117646,0.029411764705882353,0.0,0.08823529411764706,0.058823529411764705,0.058823529411764705,0.0,0.058823529411764705,0.0,0.029411764705882353,0.029411764705882353,0.0,0.029411764705882353,0.0,0.0,0.029411764705882353,0.0,0.058823529411764705,0.029411764705882353,0.0,0.0,0.029411764705882353,0.0,0.0,0.0,0.08823529411764706,0.0,0.0,0.0,0.0,0.0,0.058823529411764705,0.0,0.058823529411764705,0.029411764705882353,0.0,0.0,0.0,0.0,0.029411764705882353,0.058823529411764705,0.08823529411764706,0.0,0.0,0.0,0.0,0.0,0.058823529411764705,0.0,0.058823529411764705,0.029411764705882353,0.0,0.0,0.0,0.0,0.029411764705882353,0.0,0.029411764705882353,0.058823529411764705,0.0,0.0,0.0,0.0,0.029411764705882353,0.0,0.029411764705882353,0.0,0.0,0.0,0.0,0.0,0.029411764705882353
DVP_569_0d27b46680a5,Data/Tables/1_fake/table_0928.png,Tables,1,1405,1119,84,0.2893032931087371,0.2893699572890131,0.0034448804439168226,0.0021083580599098716,0.004454996947259692,0.12471614980511776,0.030650240435763223,0.9083098022109122,0.011904761904761904,0.5099886420893495,0.274835911450985,0.45396995706511734,0.2125547326759536,0.8710330458601759,0.9336567723193413,0.04881324841338273,0.046470062555853425,0.013101088452784758,0.4424906224547915,0.22031661849877793,0.05450372920252438,0.12248995983935743,0.6546387356222242,1.3749995626584506,0.011904761904761904,0.17538729999978386,0.023809523809523808,0.08333333333333333,0.03571428571428571,0.05952380952380952,0.05952380952380952,0.11904761904761904,0.05952380952380952,0.11904761904761904,0.05952380952380952,0.11904761904761904,0.05952380952380952,0.11904761904761904,0.047619047619047616,0.03571428571428571,0.0,0.0,0.0,0.0,0.0,0.023809523809523808,0.0,0.0,0.0,0.0,0.011904761904761904,0.011904761904761904,0.023809523809523808,0.03571428571428571,0.0,0.03571428571428571,0.023809523809523808,0.03571428571428571,0.0,0.03571428571428571,0.03571428571428571,0.03571428571428571,0.0,0.03571428571428571,0.03571428571428571,0.03571428571428571,0.023809523809523808,0.0,0.023809523809523808,0.023809523809523808,0.0,0.023809523809523808,0.023809523809523808,0.023809523809523808,0.011904761904761904,0.023809523809523808,0.03571428571428571,0.03571428571428571,0.0,0.03571428571428571,0.03571428571428571,0.03571428571428571,0.023809523809523808,0.0,0.023809523809523808,0.023809523809523808,0.0,0.023809523809523808,0.023809523809523808,0.023809523809523808,0.0,0.0,0.023809523809523808,0.011904761904761904,0.0,0.0,0.0,0.0,0.047619047619047616,0.0,0.0,0.0,0.0,0.0,0.0,0.0
DVP_570_0d3345a3a535,Data/AcademicPosters/0_real/ICLR_2023_14754_FedEBA__ Towards Fair and Effective Federated Learning via E.png,AcademicPosters,0,2038,2880,305,0.3138149684228524,0.324348404617817,0.001063437392189564,0.0004191200523388943,0.0017834857354304704,0.08163097861934716,0.01180783242258652,0.8295558480491951,0.19672131147540983,0.4157455899120761,0.2571329706265803,0.5659578839634605,0.18886899795309456,0.9389106967615309,0.9515612212806951,0.0187585109339033,0.010416666666666685,0.018587362673552144,0.39132400824531505,0.22608164473284945,0.10148835202761002,0.05330025884383089,4.90566401970108,19.26519331428528,0.08852459016393442,0.19109369999932824,0.019672131147540985,0.013114754098360656,0.019672131147540985,0.02622950819672131,0.05245901639344262,0.04262295081967213,0.05245901639344262,0.03934426229508197,0.20655737704918034,0.25573770491803277,0.03934426229508197,0.05245901639344262,0.04262295081967213,0.05901639344262295,0.03278688524590164,0.04590163934426229,0.003278688524590164,0.0,0.0,0.009836065573770493,0.003278688524590164,0.0,0.0,0.009836065573770493,0.009836065573770493,0.006557377049180328,0.003278688524590164,0.0,0.013114754098360656,0.003278688524590164,0.013114754098360656,0.003278688524590164,0.003278688524590164,0.009836065573770493,0.003278688524590164,0.0,0.019672131147540985,0.0,0.009836065573770493,0.0,0.006557377049180328,0.03278688524590164,0.022950819672131147,0.01639344262295082,0.013114754098360656,0.019672131147540985,0.022950819672131147,0.006557377049180328,0.04918032786885246,0.14426229508196722,0.14754098360655737,0.09836065573770492,0.013114754098360656,0.01639344262295082,0.009836065573770493,0.02622950819672131,0.006557377049180328,0.006557377049180328,0.003278688524590164,0.006557377049180328,0.003278688524590164,0.006557377049180328,0.009836065573770493,0.006557377049180328,0.01639344262295082,0.009836065573770493,0.009836065573770493,0.009836065573770493,0.006557377049180328,0.01639344262295082,0.019672131147540985,0.013114754098360656,0.003278688524590164,0.013114754098360656,0.003278688524590164,0.036065573770491806,0.006557377049180328,0.003278688524590164,0.006557377049180328,0.006557377049180328
DVP_571_0d33cc1ff3c0,Data/Tables/0_real/PMC1266362_table_1.jpg,Tables,0,358,219,33,0.27674946972382536,0.28052218055661843,0.008500672138079346,0.0047830412489477305,0.009728479239169032,0.1500761808024378,0.0597758405977584,0.9072133470377156,0.0,0.5304506157145259,0.2489093801069581,0.5098952898704747,0.21738581124487644,0.6292078937111519,0.8881278538812786,0.07217926004872185,0.05717722671889096,0.0338197900757928,0.43141502935272014,0.19781757435191885,0.056818181818181816,0.2556818181818182,0.23563868876155425,1.2229793856715643,0.030303030303030304,0.11670469999990019,0.030303030303030304,0.06060606060606061,0.030303030303030304,0.030303030303030304,0.09090909090909091,0.0,0.09090909090909091,0.09090909090909091,0.15151515151515152,0.0,0.15151515151515152,0.15151515151515152,0.030303030303030304,0.030303030303030304,0.030303030303030304,0.030303030303030304,0.0,0.0,0.030303030303030304,0.030303030303030304,0.0,0.0,0.0,0.0,0.0,0.030303030303030304,0.0,0.0,0.030303030303030304,0.0,0.030303030303030304,0.0,0.0,0.030303030303030304,0.0,0.0,0.030303030303030304,0.0,0.030303030303030304,0.0,0.0,0.06060606060606061,0.0,0.0,0.06060606060606061,0.0,0.06060606060606061,0.0,0.0,0.09090909090909091,0.0,0.0,0.09090909090909091,0.0,0.09090909090909091,0.0,0.0,0.06060606060606061,0.0,0.0,0.06060606060606061,0.0,0.06060606060606061,0.0,0.0,0.030303030303030304,0.0,0.0,0.030303030303030304,0.0,0.030303030303030304,0.0,0.0,0.0,0.0,0.030303030303030304,0.0,0.0,0.0,0.0
DVP_572_0d346a60a61a,Data/AcademicPosters/0_real/ICLR_2023_10881_Replay Memory as An Empirical MDP_ Combining Conservative Es.png,AcademicPosters,0,3456,2304,314,0.2741149132529991,0.28566079473299255,0.0009097477539267278,0.00027679317772633745,0.0015857892231648418,0.059455355036565224,0.014870289278131634,0.8238897848180532,0.1942675159235669,0.6598890107975762,0.26042085938138276,0.4908903880012809,0.19814901907755209,0.912037037037037,0.9079861111111112,0.021346152432974178,0.012587221277244296,0.0188566379687519,0.3921605501600842,0.24710007855896243,0.06375531633462893,0.061272664373944366,2.3693693772046434,13.105112406497495,0.06050955414012739,0.1829995999996754,0.006369426751592357,0.01910828025477707,0.01592356687898089,0.006369426751592357,0.03184713375796178,0.03184713375796178,0.08280254777070063,0.4426751592356688,0.044585987261146494,0.0732484076433121,0.05732484076433121,0.07006369426751592,0.03184713375796178,0.041401273885350316,0.028662420382165606,0.01592356687898089,0.0,0.0,0.0,0.009554140127388535,0.0,0.0,0.0,0.0031847133757961785,0.0031847133757961785,0.0031847133757961785,0.0,0.009554140127388535,0.009554140127388535,0.006369426751592357,0.0031847133757961785,0.0,0.0,0.01910828025477707,0.006369426751592357,0.006369426751592357,0.006369426751592357,0.03184713375796178,0.11464968152866242,0.08598726114649681,0.006369426751592357,0.006369426751592357,0.0,0.01910828025477707,0.0031847133757961785,0.041401273885350316,0.14012738853503184,0.10191082802547771,0.01592356687898089,0.0,0.006369426751592357,0.028662420382165606,0.0,0.01910828025477707,0.01910828025477707,0.01592356687898089,0.01592356687898089,0.012738853503184714,0.025477707006369428,0.012738853503184714,0.0,0.03821656050955414,0.012738853503184714,0.022292993630573247,0.006369426751592357,0.009554140127388535,0.0031847133757961785,0.0031847133757961785,0.006369426751592357,0.006369426751592357,0.009554140127388535,0.0,0.012738853503184714,0.0031847133757961785,0.01592356687898089,0.01910828025477707,0.006369426751592357,0.009554140127388535,0.006369426751592357,0.0
DVP_573_0d3a801aee33,Data/Receipts/0_real/X51006414671.jpg,Receipts,0,4961,7016,47,0.04292357679822528,0.04382069250760262,0.0009323551597362259,0.000575210702774687,0.000791124906526755,0.08314641437253127,0.011044663868604282,0.8585311087435656,0.1276595744680851,0.45938892716147117,0.09168483632699619,0.41800270055689587,0.11483304194668223,0.2708123362225358,0.40892122171633144,0.018426108643183562,0.014023652098512189,0.007528953489947662,0.190013334945847,0.08955010135943034,0.07955596669750231,0.1692876965772433,7.9453319746391795,25.223443251399242,0.10638297872340426,0.3738771000007546,0.0,0.0851063829787234,0.0,0.0,0.0,0.40425531914893614,0.2127659574468085,0.0,0.0,0.2127659574468085,0.0851063829787234,0.0,0.0,0.0,0.0,0.0,0.0,0.0,0.0,0.0,0.0,0.0,0.0,0.0,0.0,0.0,0.0,0.0851063829787234,0.0,0.0,0.0,0.0,0.0,0.0,0.06382978723404255,0.1702127659574468,0.06382978723404255,0.0,0.0,0.0,0.0,0.0,0.0851063829787234,0.0851063829787234,0.14893617021276595,0.0,0.0,0.0,0.0,0.0,0.06382978723404255,0.14893617021276595,0.0851063829787234,0.0,0.0,0.0,0.0,0.0,0.0,0.0,0.0,0.0,0.0,0.0,0.0,0.0,0.0,0.0,0.0,0.0,0.0,0.0,0.0,0.0,0.0,0.0,0.0,0.0,0.0,0.0
DVP_574_0d453d7e358b,Data/InfographicCharts/1_fake/infographic_chart_0268.png,InfographicCharts,1,1402,1122,46,0.15142979651361563,0.15146683754554863,0.003292757337946709,0.0016383839231451885,0.00664731766953126,0.12226322644669106,0.02456792993877393,0.9062666447710764,0.021739130434782608,0.4829211220771569,0.2609690537464639,0.6013025754258831,0.2562611212813079,0.8259629101283881,0.9061850824844282,0.06436152303066618,0.07096920983111722,0.03093815002153211,0.4751882970351134,0.2183823233209477,0.04927536231884058,0.05603864734299517,0.28358456853196956,0.8226214272235471,0.0,0.17936899999949674,0.0,0.08695652173913043,0.043478260869565216,0.0,0.043478260869565216,0.06521739130434782,0.043478260869565216,0.06521739130434782,0.043478260869565216,0.10869565217391304,0.08695652173913043,0.06521739130434782,0.08695652173913043,0.10869565217391304,0.08695652173913043,0.06521739130434782,0.0,0.0,0.0,0.021739130434782608,0.0,0.0,0.0,0.0,0.0,0.0,0.06521739130434782,0.0,0.0,0.043478260869565216,0.0,0.0,0.0,0.021739130434782608,0.021739130434782608,0.021739130434782608,0.0,0.021739130434782608,0.043478260869565216,0.0,0.021739130434782608,0.0,0.0,0.021739130434782608,0.021739130434782608,0.0,0.0,0.021739130434782608,0.0,0.0,0.043478260869565216,0.0,0.0,0.043478260869565216,0.0,0.0,0.021739130434782608,0.021739130434782608,0.021739130434782608,0.043478260869565216,0.021739130434782608,0.021739130434782608,0.043478260869565216,0.021739130434782608,0.021739130434782608,0.021739130434782608,0.043478260869565216,0.021739130434782608,0.021739130434782608,0.043478260869565216,0.021739130434782608,0.021739130434782608,0.021739130434782608,0.021739130434782608,0.043478260869565216,0.0,0.0,0.021739130434782608,0.021739130434782608,0.0
DVP_575_0d5e0b407b92,Data/Tables/1_fake/table_0706.png,Tables,1,1402,1122,63,0.2760698365716407,0.2760698365716407,0.004382060897962551,0.0028378100040431166,0.004246136526677799,0.1501256708104069,0.03212800271623801,0.9216578054135272,0.0,0.5382369749325046,0.2735615144356194,0.4780365828879336,0.2519951371344913,0.8059914407988588,0.9220142602495544,0.053988812576535386,0.052143915981918636,0.012951436065338539,0.48117058203246454,0.22273812438756344,0.047107014848950336,0.1786994367639529,0.2585179222301758,0.6790915776500029,0.0,0.17781050000121468,0.047619047619047616,0.07936507936507936,0.06349206349206349,0.047619047619047616,0.07936507936507936,0.07936507936507936,0.07936507936507936,0.07936507936507936,0.09523809523809523,0.06349206349206349,0.06349206349206349,0.06349206349206349,0.031746031746031744,0.06349206349206349,0.031746031746031744,0.031746031746031744,0.015873015873015872,0.0,0.0,0.047619047619047616,0.0,0.031746031746031744,0.0,0.015873015873015872,0.015873015873015872,0.015873015873015872,0.0,0.031746031746031744,0.0,0.031746031746031744,0.0,0.031746031746031744,0.0,0.031746031746031744,0.0,0.031746031746031744,0.0,0.031746031746031744,0.0,0.031746031746031744,0.0,0.047619047619047616,0.0,0.047619047619047616,0.0,0.047619047619047616,0.0,0.047619047619047616,0.031746031746031744,0.015873015873015872,0.0,0.015873015873015872,0.0,0.015873015873015872,0.0,0.015873015873015872,0.015873015873015872,0.031746031746031744,0.0,0.047619047619047616,0.0,0.047619047619047616,0.0,0.047619047619047616,0.0,0.031746031746031744,0.0,0.031746031746031744,0.0,0.031746031746031744,0.0,0.031746031746031744,0.0,0.0,0.015873015873015872,0.015873015873015872,0.0,0.0,0.0,0.0
DVP_576_0d707e1fb02d,Data/Tables/0_real/PMC5017622_table_3.jpg,Tables,0,731,294,60,0.2682638555827563,0.2709060368333379,0.004515100613888965,0.0037247457122383835,0.003147551434936199,0.08923848609211124,0.05317460317460317,0.8827925566739806,0.03333333333333333,0.5776899426579362,0.2568162877394314,0.4996156819859093,0.23608537145900726,0.8419972640218878,0.8962585034013605,0.06507722845566634,0.054438959425289875,0.022188154250950623,0.44675535925911236,0.21889856335315389,0.04971751412429379,0.11468926553672316,0.4263797822771662,1.2880910914357149,0.016666666666666666,0.1204213000000891,0.03333333333333333,0.05,0.05,0.03333333333333333,0.03333333333333333,0.08333333333333333,0.11666666666666667,0.1,0.016666666666666666,0.08333333333333333,0.1,0.13333333333333333,0.05,0.03333333333333333,0.05,0.03333333333333333,0.0,0.0,0.016666666666666666,0.0,0.0,0.0,0.0,0.0,0.016666666666666666,0.016666666666666666,0.016666666666666666,0.016666666666666666,0.016666666666666666,0.03333333333333333,0.016666666666666666,0.016666666666666666,0.0,0.016666666666666666,0.016666666666666666,0.03333333333333333,0.0,0.06666666666666667,0.03333333333333333,0.03333333333333333,0.016666666666666666,0.0,0.016666666666666666,0.016666666666666666,0.0,0.05,0.016666666666666666,0.016666666666666666,0.016666666666666666,0.0,0.016666666666666666,0.016666666666666666,0.0,0.05,0.016666666666666666,0.016666666666666666,0.0,0.0,0.0,0.05,0.0,0.05,0.05,0.05,0.016666666666666666,0.0,0.03333333333333333,0.0,0.0,0.05,0.016666666666666666,0.016666666666666666,0.016666666666666666,0.016666666666666666,0.0,0.0,0.0,0.0,0.0,0.0
DVP_577_0d974f058e57,Data/UIScreenshots/1_fake/ui_0697.png,UIScreenshots,1,941,1672,33,0.10711016987934041,0.10711016987934041,0.003245762723616376,0.0028989062841627304,0.0014595290744161328,0.16088622677358064,0.02118674786138901,0.8935835171964237,0.06060606060606061,0.40338591081225816,0.22708314153032153,0.5201894408594288,0.3403443008575724,0.8273113708820404,0.9563397129186604,0.06551779386891524,0.05625043162106491,0.04553309975609188,0.5149695813254723,0.2829679931809102,0.043560606060606064,0.1268939393939394,0.36986177166117223,1.014932075218856,0.0,0.12869490000048245,0.09090909090909091,0.09090909090909091,0.030303030303030304,0.09090909090909091,0.0,0.18181818181818182,0.0,0.0,0.0,0.18181818181818182,0.0,0.0,0.06060606060606061,0.15151515151515152,0.09090909090909091,0.030303030303030304,0.06060606060606061,0.0,0.0,0.0,0.0,0.0,0.030303030303030304,0.030303030303030304,0.030303030303030304,0.0,0.06060606060606061,0.030303030303030304,0.0,0.030303030303030304,0.030303030303030304,0.0,0.0,0.0,0.09090909090909091,0.0,0.0,0.0,0.0,0.0,0.0,0.0,0.09090909090909091,0.0,0.0,0.0,0.0,0.0,0.0,0.0,0.09090909090909091,0.0,0.0,0.0,0.0,0.0,0.0,0.0,0.09090909090909091,0.0,0.0,0.0,0.0,0.0,0.0,0.0,0.09090909090909091,0.0,0.0,0.0,0.0,0.0,0.030303030303030304,0.030303030303030304,0.030303030303030304,0.030303030303030304,0.030303030303030304,0.06060606060606061,0.0,0.030303030303030304
DVP_578_0d9f63e443c7,Data/Receipts/0_real/X51008123446.jpg,Receipts,0,532,1271,26,0.21485583549747697,0.214855835497477,0.008263685980672193,0.008522609631868815,0.004334378782135611,0.40977443609022557,0.021303637353991402,0.9189914157760859,0.0,0.4776615037272002,0.1778378471550953,0.5035547299898092,0.21725305111439056,0.756578947368421,0.6805664830841857,0.06350711800410257,0.04885521396857537,0.0456086771715303,0.3610911884223196,0.18321993584280247,0.021538461538461538,0.08923076923076922,0.26474106710904977,0.6966995626724745,0.0,0.10619360000055167,0.0,0.19230769230769232,0.0,0.0,0.0,0.19230769230769232,0.038461538461538464,0.038461538461538464,0.0,0.23076923076923078,0.0,0.11538461538461539,0.038461538461538464,0.0,0.11538461538461539,0.038461538461538464,0.0,0.0,0.0,0.0,0.0,0.0,0.0,0.0,0.0,0.0,0.07692307692307693,0.11538461538461539,0.0,0.0,0.0,0.0,0.0,0.0,0.11538461538461539,0.0,0.0,0.0,0.0,0.0,0.0,0.0,0.038461538461538464,0.038461538461538464,0.038461538461538464,0.0,0.038461538461538464,0.0,0.0,0.0,0.0,0.15384615384615385,0.0,0.0,0.038461538461538464,0.0,0.0,0.0,0.038461538461538464,0.038461538461538464,0.0,0.0,0.07692307692307693,0.0,0.0,0.038461538461538464,0.0,0.0,0.11538461538461539,0.0,0.0,0.038461538461538464,0.0,0.0,0.0,0.0,0.0,0.0,0.0,0.0
DVP_579_0db7e246f96c,Data/Tables/1_fake/table_0458.png,Tables,1,1536,1024,119,0.30379168192545575,0.3037916819254557,0.0025528712766845017,0.0022830963134765625,0.003002088876802017,0.09979538690476189,0.025054162289915968,0.8911088211355963,0.058823529411764705,0.4916435199738779,0.28594864587810587,0.5009153452184947,0.22433687184576656,0.9029947916666666,0.9343315972222223,0.04143585523655984,0.038091501552257594,0.014062204155246285,0.4656962397682828,0.22260549894277418,0.04272895598917533,0.0903005269904572,1.0005201134834847,8.371048306474155,0.01680672268907563,0.1527353999990737,0.03361344537815126,0.05042016806722689,0.05042016806722689,0.05042016806722689,0.1092436974789916,0.04201680672268908,0.09243697478991597,0.09243697478991597,0.08403361344537816,0.04201680672268908,0.08403361344537816,0.08403361344537816,0.058823529411764705,0.04201680672268908,0.04201680672268908,0.04201680672268908,0.0,0.0,0.01680672268907563,0.008403361344537815,0.008403361344537815,0.0,0.008403361344537815,0.0,0.01680672268907563,0.01680672268907563,0.008403361344537815,0.01680672268907563,0.025210084033613446,0.01680672268907563,0.025210084033613446,0.01680672268907563,0.03361344537815126,0.025210084033613446,0.0,0.01680672268907563,0.025210084033613446,0.01680672268907563,0.025210084033613446,0.01680672268907563,0.025210084033613446,0.025210084033613446,0.0,0.025210084033613446,0.025210084033613446,0.025210084033613446,0.025210084033613446,0.025210084033613446,0.025210084033613446,0.01680672268907563,0.0,0.01680672268907563,0.01680672268907563,0.01680672268907563,0.01680672268907563,0.01680672268907563,0.025210084033613446,0.01680672268907563,0.0,0.025210084033613446,0.025210084033613446,0.025210084033613446,0.025210084033613446,0.025210084033613446,0.03361344537815126,0.008403361344537815,0.025210084033613446,0.008403361344537815,0.03361344537815126,0.008403361344537815,0.03361344537815126,0.008403361344537815,0.008403361344537815,0.008403361344537815,0.0,0.008403361344537815,0.0,0.0,0.0,0.0
DVP_580_0dc6607c3d27,Data/Tables/1_fake/table_0154.png,Tables,1,1334,1179,120,0.19894208956781473,0.2017143463891464,0.00168095288657622,0.0008755164402531559,0.002027896847232888,0.07488130934532734,0.02296437659033079,0.9067705367902855,0.0,0.637783862925724,0.2766555526885833,0.5176947339330901,0.25347277069900426,0.9062968515742128,0.9465648854961832,0.03158298080582885,0.02290383039788706,0.021074513390188485,0.47695995328748153,0.2375896616045383,0.020028011204481794,0.1969187675070028,1.7612473423153139,11.600206001990589,0.025,0.21307399999932386,0.03333333333333333,0.058333333333333334,0.0,0.1,0.025,0.075,0.008333333333333333,0.16666666666666666,0.03333333333333333,0.075,0.016666666666666666,0.18333333333333332,0.025,0.06666666666666667,0.0,0.13333333333333333,0.008333333333333333,0.008333333333333333,0.008333333333333333,0.008333333333333333,0.0,0.0,0.008333333333333333,0.008333333333333333,0.016666666666666666,0.0,0.0,0.041666666666666664,0.0,0.0,0.041666666666666664,0.041666666666666664,0.008333333333333333,0.0,0.0,0.03333333333333333,0.008333333333333333,0.0,0.041666666666666664,0.041666666666666664,0.008333333333333333,0.008333333333333333,0.0,0.041666666666666664,0.0,0.0,0.041666666666666664,0.041666666666666664,0.008333333333333333,0.008333333333333333,0.0,0.05,0.0,0.0,0.05,0.05,0.008333333333333333,0.008333333333333333,0.0,0.025,0.016666666666666666,0.0,0.041666666666666664,0.041666666666666664,0.008333333333333333,0.0,0.0,0.041666666666666664,0.0,0.0,0.041666666666666664,0.041666666666666664,0.0,0.016666666666666666,0.0,0.025,0.0,0.0,0.025,0.025
DVP_581_0dcc026c07a0,Data/AcademicPosters/0_real/NeurIPS_2023_70609_DrugCLIP_ Contrastive Protein-Molecule Representation Learni.png,AcademicPosters,0,4320,2880,177,0.23372266924113316,0.2357054558899177,0.0013316692423159192,0.0003949652777777778,0.0023922348309384244,0.08115191462649089,0.016352793471437543,0.8088734938201796,0.2994350282485876,0.6061519884580848,0.2620409493118939,0.48061307947796444,0.23248783919171487,0.93125,0.9289930555555556,0.026455178393614845,0.017887936488574462,0.02104688865739304,0.43773851200318875,0.2349714976439526,0.06381612737544941,0.053543913713405236,4.515522787965316,18.952288743317677,0.07909604519774012,0.18279769999935525,0.02824858757062147,0.03389830508474576,0.01694915254237288,0.05649717514124294,0.03954802259887006,0.04519774011299435,0.14689265536723164,0.20903954802259886,0.022598870056497175,0.096045197740113,0.07344632768361582,0.05084745762711865,0.03954802259887006,0.05084745762711865,0.02824858757062147,0.062146892655367235,0.01694915254237288,0.0,0.0,0.011299435028248588,0.0,0.0,0.0,0.011299435028248588,0.005649717514124294,0.005649717514124294,0.0,0.022598870056497175,0.005649717514124294,0.011299435028248588,0.022598870056497175,0.022598870056497175,0.01694915254237288,0.0,0.0,0.01694915254237288,0.022598870056497175,0.062146892655367235,0.12429378531073447,0.07344632768361582,0.005649717514124294,0.01694915254237288,0.011299435028248588,0.01694915254237288,0.022598870056497175,0.03954802259887006,0.011299435028248588,0.0,0.0,0.01694915254237288,0.005649717514124294,0.03389830508474576,0.022598870056497175,0.03389830508474576,0.01694915254237288,0.005649717514124294,0.005649717514124294,0.0,0.022598870056497175,0.03389830508474576,0.01694915254237288,0.0,0.02824858757062147,0.0,0.01694915254237288,0.01694915254237288,0.011299435028248588,0.011299435028248588,0.0,0.01694915254237288,0.022598870056497175,0.022598870056497175,0.005649717514124294,0.0,0.005649717514124294,0.022598870056497175,0.005649717514124294,0.005649717514124294,0.01694915254237288,0.0
DVP_582_0ddbd52ca9dc,Data/Tables/1_fake/table_0930.png,Tables,1,1181,1331,96,0.2691551804707066,0.26947454404225174,0.0028070265004401223,0.002601928480683703,0.0017473620877083184,0.1635002116850127,0.018242862509391434,0.9021276109035,0.020833333333333332,0.4235891221821624,0.24225867523066405,0.46165921928381454,0.24673416892961658,0.7705334462320068,0.9352030947775629,0.032858985384879226,0.027050646120344413,0.01817635499170946,0.4447049332877842,0.20949643034388687,0.026096491228070177,0.13508771929824562,0.28113694348336554,0.7266417083455233,0.0,0.25369810000120196,0.08333333333333333,0.08333333333333333,0.03125,0.052083333333333336,0.11458333333333333,0.03125,0.08333333333333333,0.0625,0.13541666666666666,0.0625,0.03125,0.09375,0.052083333333333336,0.0625,0.010416666666666666,0.010416666666666666,0.010416666666666666,0.010416666666666666,0.010416666666666666,0.041666666666666664,0.0,0.0,0.020833333333333332,0.0,0.010416666666666666,0.052083333333333336,0.010416666666666666,0.020833333333333332,0.03125,0.0,0.03125,0.0,0.020833333333333332,0.03125,0.010416666666666666,0.010416666666666666,0.041666666666666664,0.0,0.010416666666666666,0.0,0.010416666666666666,0.052083333333333336,0.0,0.010416666666666666,0.041666666666666664,0.0,0.052083333333333336,0.0,0.020833333333333332,0.041666666666666664,0.0,0.041666666666666664,0.0,0.0,0.041666666666666664,0.0,0.020833333333333332,0.052083333333333336,0.0,0.020833333333333332,0.03125,0.0,0.052083333333333336,0.0,0.010416666666666666,0.041666666666666664,0.010416666666666666,0.03125,0.010416666666666666,0.0,0.010416666666666666,0.0,0.0,0.0,0.010416666666666666,0.010416666666666666,0.0,0.0,0.0,0.0
DVP_583_0ddf9aea70b2,Data/Receipts/0_real/X51005442388.jpg,Receipts,0,1080,1528,29,0.033021067333004535,0.03563178689160365,0.0012286823066070224,0.0009198662012798139,0.0007578939141808841,0.08231162196679437,0.015142625022567247,0.8662548407995444,0.034482758620689655,0.4493361655756473,0.07958478286959658,0.3581609335913912,0.09493299892097723,0.36233808945557583,0.4800911223643178,0.030707227920191357,0.016568549791247812,0.05713018069746209,0.14657606553845,0.10150677129600554,0.10837438423645321,0.2413793103448276,2.21894356781541,10.99902016479414,0.034482758620689655,0.14778459999979532,0.0,0.10344827586206896,0.0,0.0,0.0,0.5517241379310345,0.3103448275862069,0.0,0.0,0.0,0.034482758620689655,0.0,0.0,0.0,0.0,0.0,0.0,0.0,0.0,0.0,0.0,0.0,0.0,0.0,0.0,0.0,0.0,0.10344827586206896,0.0,0.0,0.0,0.0,0.0,0.0,0.06896551724137931,0.2413793103448276,0.20689655172413793,0.0,0.0,0.0,0.0,0.0,0.06896551724137931,0.1724137931034483,0.10344827586206896,0.0,0.0,0.0,0.0,0.0,0.0,0.0,0.0,0.0,0.0,0.0,0.0,0.0,0.0,0.0,0.0,0.034482758620689655,0.0,0.0,0.0,0.0,0.0,0.0,0.0,0.0,0.0,0.0,0.0,0.0,0.0,0.0,0.0,0.0,0.0,0.0
DVP_584_0de387de0e37,Data/InfographicCharts/1_fake/infographic_chart_0084.png,InfographicCharts,1,1536,1024,40,0.1533814109821633,0.15466562906901044,0.003866640726725261,0.002014001210530599,0.0046262260785896285,0.1134765625,0.0331787109375,0.8609951242922081,0.05,0.4236774407684355,0.24420046373271564,0.5168660786559544,0.2936530542458927,0.8689727002302968,0.8898824453997531,0.0786153086740794,0.07613379875931545,0.024015920507069115,0.4874138349621351,0.2482740941095011,0.07051282051282051,0.041025641025641026,18.2958287802305,36.14132098158056,0.2,0.1572507000000769,0.125,0.125,0.0,0.0,0.1,0.075,0.0,0.05,0.1,0.025,0.075,0.0,0.0,0.125,0.1,0.1,0.0,0.025,0.0,0.025,0.0,0.0,0.0,0.0,0.05,0.05,0.05,0.05,0.0,0.0,0.0,0.0,0.025,0.05,0.05,0.025,0.0,0.0,0.0,0.025,0.0,0.025,0.0,0.0,0.0,0.0,0.025,0.0,0.0,0.05,0.0,0.0,0.025,0.025,0.0,0.0,0.0,0.05,0.0,0.025,0.025,0.0,0.0,0.0,0.0,0.0,0.05,0.025,0.05,0.05,0.025,0.025,0.0,0.0,0.05,0.0,0.0,0.0,0.05,0.0
DVP_585_0df3b9548ded,Data/Tables/1_fake/table_0925.png,Tables,1,1402,1122,65,0.23883820160148095,0.23883820160148095,0.0036744338707920144,0.00241569848014423,0.004229970822478389,0.13549873806649843,0.03006993006993007,0.8990403604835713,0.0,0.5194556175105851,0.27715547052603534,0.4403646477144343,0.22528036534954368,0.8391583452211127,0.8836898395721925,0.06276377820807096,0.058730487245086546,0.010523252710709363,0.4588310881957698,0.22043883085133567,0.057692307692307696,0.10721153846153846,1.947007298673353,11.217532042234762,0.046153846153846156,0.17373869999937597,0.046153846153846156,0.06153846153846154,0.07692307692307693,0.06153846153846154,0.06153846153846154,0.06153846153846154,0.12307692307692308,0.06153846153846154,0.07692307692307693,0.07692307692307693,0.15384615384615385,0.07692307692307693,0.03076923076923077,0.03076923076923077,0.0,0.0,0.015384615384615385,0.0,0.03076923076923077,0.0,0.0,0.015384615384615385,0.015384615384615385,0.015384615384615385,0.015384615384615385,0.015384615384615385,0.0,0.03076923076923077,0.03076923076923077,0.03076923076923077,0.0,0.03076923076923077,0.03076923076923077,0.0,0.015384615384615385,0.015384615384615385,0.03076923076923077,0.03076923076923077,0.0,0.03076923076923077,0.03076923076923077,0.0,0.015384615384615385,0.015384615384615385,0.015384615384615385,0.046153846153846156,0.0,0.03076923076923077,0.046153846153846156,0.0,0.046153846153846156,0.0,0.046153846153846156,0.046153846153846156,0.0,0.046153846153846156,0.03076923076923077,0.0,0.0,0.03076923076923077,0.03076923076923077,0.03076923076923077,0.015384615384615385,0.015384615384615385,0.0,0.015384615384615385,0.0,0.015384615384615385,0.0,0.0,0.0,0.0,0.015384615384615385,0.0,0.0,0.015384615384615385,0.0,0.0,0.0,0.0
DVP_586_0dfe07ac9862,Data/UIScreenshots/1_fake/ui_0101.png,UIScreenshots,1,941,1672,52,0.1284397644004679,0.1285011237154813,0.002471175456066948,0.0020516705733999766,0.0018936242378526182,0.14264693860868144,0.0180345969819654,0.8531425671587259,0.11538461538461539,0.42765369715731844,0.3002629595459771,0.5956621466834108,0.29010101093002066,0.8517534537725824,0.9745813397129186,0.05978331787294336,0.055632160467169574,0.03250592724815638,0.5332752049863051,0.2666202870409656,0.042986425339366516,0.11689291101055807,14.102830553600104,33.483898262285685,0.17307692307692307,0.13759749999917403,0.057692307692307696,0.057692307692307696,0.0,0.019230769230769232,0.07692307692307693,0.09615384615384616,0.0,0.11538461538461539,0.057692307692307696,0.09615384615384616,0.0,0.057692307692307696,0.09615384615384616,0.17307692307692307,0.019230769230769232,0.07692307692307693,0.019230769230769232,0.038461538461538464,0.0,0.0,0.0,0.0,0.0,0.0,0.0,0.0,0.038461538461538464,0.019230769230769232,0.0,0.0,0.0,0.019230769230769232,0.019230769230769232,0.038461538461538464,0.038461538461538464,0.0,0.0,0.0,0.019230769230769232,0.019230769230769232,0.0,0.019230769230769232,0.057692307692307696,0.0,0.0,0.0,0.038461538461538464,0.038461538461538464,0.038461538461538464,0.019230769230769232,0.019230769230769232,0.0,0.0,0.0,0.0,0.019230769230769232,0.0,0.0,0.07692307692307693,0.0,0.0,0.0,0.0,0.038461538461538464,0.019230769230769232,0.0,0.07692307692307693,0.0,0.0,0.0,0.0,0.038461538461538464,0.057692307692307696,0.019230769230769232,0.057692307692307696,0.038461538461538464,0.0,0.019230769230769232,0.0,0.038461538461538464
DVP_587_0e240470850e,Data/Receipts/0_real/X51007843145.jpg,Receipts,0,4961,7016,45,0.06982062313408925,0.07233355750682001,0.0016074123890404447,0.0012820783180644833,0.0011637078985858758,0.1071558153598065,0.018389712403395413,0.8207512142467629,0.022222222222222223,0.5377860664469876,0.07791562374039651,0.44605871301977484,0.12410916345630325,0.2924268166545942,0.48068700114025087,0.02147067596339591,0.014754414962671294,0.011417195263086308,0.1859935810595817,0.09659365007184653,0.07575757575757576,0.20707070707070707,2.7140565160526533,1.7784536638373456,0.1111111111111111,0.15851399999883142,0.0,0.0,0.08888888888888889,0.0,0.0,0.1111111111111111,0.4,0.0,0.0,0.06666666666666667,0.3333333333333333,0.0,0.0,0.0,0.0,0.0,0.0,0.0,0.0,0.0,0.0,0.0,0.0,0.0,0.0,0.0,0.0,0.0,0.08888888888888889,0.0,0.0,0.0,0.0,0.0,0.0,0.06666666666666667,0.1111111111111111,0.0,0.0,0.0,0.0,0.0,0.022222222222222223,0.022222222222222223,0.2222222222222222,0.06666666666666667,0.0,0.0,0.0,0.0,0.0,0.06666666666666667,0.17777777777777778,0.1111111111111111,0.0,0.0,0.0,0.0,0.0,0.0,0.044444444444444446,0.0,0.0,0.0,0.0,0.0,0.0,0.0,0.0,0.0,0.0,0.0,0.0,0.0,0.0,0.0,0.0,0.0,0.0,0.0
DVP_588_0e2886d2ca51,Data/Tables/1_fake/table_0402.png,Tables,1,1402,1122,74,0.23805214603024455,0.23805214603024455,0.003216920892300602,0.002257088803618971,0.004047666656464488,0.1256120599915179,0.027388350917762677,0.9319238826891454,0.0,0.45520724547872926,0.2543816653041444,0.48620650128671944,0.23683989965525126,0.869472182596291,0.9224598930481284,0.06359945500436333,0.04607796806386912,0.03131296626701114,0.44797577498602487,0.21031814075685185,0.060718252499074414,0.1251388374676046,0.22842372232470726,0.6611850424599421,0.0,0.1852668999999878,0.013513513513513514,0.0945945945945946,0.04054054054054054,0.04054054054054054,0.05405405405405406,0.16216216216216217,0.05405405405405406,0.05405405405405406,0.05405405405405406,0.13513513513513514,0.05405405405405406,0.05405405405405406,0.02702702702702703,0.10810810810810811,0.02702702702702703,0.02702702702702703,0.0,0.0,0.013513513513513514,0.013513513513513514,0.0,0.0,0.0,0.0,0.013513513513513514,0.0,0.04054054054054054,0.02702702702702703,0.013513513513513514,0.02702702702702703,0.013513513513513514,0.02702702702702703,0.02702702702702703,0.0,0.04054054054054054,0.04054054054054054,0.013513513513513514,0.013513513513513514,0.013513513513513514,0.013513513513513514,0.02702702702702703,0.0,0.04054054054054054,0.04054054054054054,0.013513513513513514,0.013513513513513514,0.013513513513513514,0.013513513513513514,0.02702702702702703,0.0,0.02702702702702703,0.02702702702702703,0.013513513513513514,0.013513513513513514,0.013513513513513514,0.013513513513513514,0.02702702702702703,0.0,0.04054054054054054,0.04054054054054054,0.013513513513513514,0.013513513513513514,0.013513513513513514,0.013513513513513514,0.02702702702702703,0.0,0.04054054054054054,0.04054054054054054,0.013513513513513514,0.013513513513513514,0.013513513513513514,0.013513513513513514,0.0,0.0,0.0,0.02702702702702703,0.0,0.0,0.0,0.0
DVP_589_0e39426a0cb8,Data/Tables/1_fake/table_0261.png,Tables,1,1333,1180,66,0.20743875249193125,0.20908171958243799,0.0031679048421581514,0.0026383714572710973,0.0025091595293097466,0.12407647366387053,0.02788906009244992,0.9032487289040904,0.0,0.46216336669319835,0.2427657564307568,0.48641817297134426,0.26484762845724497,0.8344020730780751,0.9402542372881356,0.03792684184060771,0.030094097576809198,0.016795935079572888,0.4602756275283897,0.2242252897502997,0.023310023310023312,0.19533799533799534,0.6817028391472555,1.013512459219032,0.0,0.19264649999968242,0.030303030303030304,0.09090909090909091,0.07575757575757576,0.045454545454545456,0.045454545454545456,0.12121212121212122,0.12121212121212122,0.0,0.06060606060606061,0.09090909090909091,0.09090909090909091,0.015151515151515152,0.09090909090909091,0.045454545454545456,0.045454545454545456,0.030303030303030304,0.015151515151515152,0.0,0.015151515151515152,0.015151515151515152,0.0,0.015151515151515152,0.0,0.030303030303030304,0.015151515151515152,0.0,0.06060606060606061,0.0,0.0,0.06060606060606061,0.0,0.015151515151515152,0.030303030303030304,0.0,0.045454545454545456,0.015151515151515152,0.0,0.06060606060606061,0.0,0.0,0.0,0.015151515151515152,0.015151515151515152,0.045454545454545456,0.0,0.06060606060606061,0.0,0.0,0.0,0.030303030303030304,0.045454545454545456,0.015151515151515152,0.0,0.06060606060606061,0.0,0.0,0.0,0.030303030303030304,0.030303030303030304,0.0,0.0,0.030303030303030304,0.0,0.015151515151515152,0.015151515151515152,0.045454545454545456,0.0,0.0,0.0,0.0,0.0,0.030303030303030304,0.0,0.030303030303030304,0.015151515151515152,0.030303030303030304,0.0,0.045454545454545456,0.0,0.0
DVP_590_0e3e6cd48d0b,Data/InfographicCharts/1_fake/infographic_chart_0002.png,InfographicCharts,1,1254,1254,67,0.14787509358094675,0.1480461884012627,0.0022096446030039213,0.0011484779805102142,0.004560552870306666,0.0940869813611369,0.024625675450498704,0.8594993422494808,0.05970149253731343,0.48597463344992636,0.22862822773957545,0.5943167002317971,0.2406810354486461,0.8402207130210921,0.918258205078148,0.03671389356767934,0.03539369292063456,0.016687463853796207,0.42580929273729534,0.20596660197481564,0.07462686567164178,0.05970149253731343,6.501832248701403,13.432648189162066,0.31343283582089554,0.21258699999998498,0.0,0.04477611940298507,0.029850746268656716,0.0,0.05970149253731343,0.19402985074626866,0.07462686567164178,0.04477611940298507,0.029850746268656716,0.07462686567164178,0.1044776119402985,0.029850746268656716,0.07462686567164178,0.05970149253731343,0.1044776119402985,0.07462686567164178,0.0,0.0,0.0,0.0,0.029850746268656716,0.0,0.0,0.0,0.0,0.0,0.0,0.04477611940298507,0.0,0.0,0.0,0.0,0.0,0.029850746268656716,0.0,0.05970149253731343,0.0,0.0,0.029850746268656716,0.0,0.0,0.029850746268656716,0.13432835820895522,0.0,0.014925373134328358,0.05970149253731343,0.0,0.014925373134328358,0.0,0.0,0.0,0.029850746268656716,0.04477611940298507,0.0,0.0,0.0,0.0,0.029850746268656716,0.04477611940298507,0.0,0.029850746268656716,0.029850746268656716,0.029850746268656716,0.0,0.014925373134328358,0.029850746268656716,0.029850746268656716,0.014925373134328358,0.029850746268656716,0.04477611940298507,0.014925373134328358,0.029850746268656716,0.0,0.029850746268656716,0.014925373134328358,0.0,0.014925373134328358,0.014925373134328358,0.014925373134328358,0.014925373134328358
DVP_591_0e7b9d8cbb06,Data/Receipts/0_real/X51006913024.jpg,Receipts,0,4961,7016,38,0.04027866399170778,0.04193543447327007,0.0011035640650860544,0.0008454557291457175,0.0008278931296400607,0.09140241250172397,0.013259167016743682,0.8164937034540921,0.13157894736842105,0.44847507444030243,0.08998175222826003,0.380630797251334,0.09863416348448133,0.2686958274541423,0.34738754930499943,0.01658421656554874,0.012705579860890619,0.006558388368782809,0.17390424908679153,0.07982277819601091,0.09246088193456614,0.18634423897581792,3.436389457899018,14.650542207235866,0.05263157894736842,0.15412690000084694,0.0,0.10526315789473684,0.0,0.0,0.0,0.47368421052631576,0.2894736842105263,0.0,0.0,0.13157894736842105,0.0,0.0,0.0,0.0,0.0,0.0,0.0,0.0,0.0,0.0,0.0,0.0,0.0,0.0,0.0,0.0,0.0,0.10526315789473684,0.0,0.0,0.0,0.0,0.0,0.0,0.07894736842105263,0.18421052631578946,0.10526315789473684,0.0,0.0,0.0,0.0,0.0,0.13157894736842105,0.07894736842105263,0.18421052631578946,0.0,0.0,0.0,0.0,0.0,0.0,0.13157894736842105,0.0,0.0,0.0,0.0,0.0,0.0,0.0,0.0,0.0,0.0,0.0,0.0,0.0,0.0,0.0,0.0,0.0,0.0,0.0,0.0,0.0,0.0,0.0,0.0,0.0,0.0,0.0,0.0
DVP_592_0e85adb10d0e,Data/InfographicCharts/1_fake/infographic_chart_0370.png,InfographicCharts,1,1402,1122,61,0.17371982661592844,0.17408286100070944,0.002853817393454253,0.0016668319512995187,0.002967995430814387,0.09043287107410958,0.033605096285906313,0.8898535418968062,0.01639344262295082,0.440655297787914,0.24022470951537855,0.5126568299969702,0.27669391196111887,0.8109723401838094,0.8952762923351159,0.0724750232362678,0.07912980706330688,0.02778054677552592,0.4747222343618694,0.21828707067667036,0.03879781420765027,0.06994535519125683,3.116973114843318,15.9773747425444,0.03278688524590164,0.18419409999842173,0.04918032786885246,0.13114754098360656,0.06557377049180328,0.0,0.04918032786885246,0.04918032786885246,0.09836065573770492,0.03278688524590164,0.09836065573770492,0.04918032786885246,0.06557377049180328,0.03278688524590164,0.08196721311475409,0.04918032786885246,0.09836065573770492,0.04918032786885246,0.0,0.01639344262295082,0.01639344262295082,0.01639344262295082,0.0,0.01639344262295082,0.0,0.0,0.01639344262295082,0.01639344262295082,0.04918032786885246,0.04918032786885246,0.04918032786885246,0.0,0.0,0.0,0.01639344262295082,0.0,0.01639344262295082,0.01639344262295082,0.01639344262295082,0.01639344262295082,0.0,0.0,0.01639344262295082,0.01639344262295082,0.01639344262295082,0.0,0.03278688524590164,0.03278688524590164,0.03278688524590164,0.0,0.04918032786885246,0.01639344262295082,0.01639344262295082,0.0,0.01639344262295082,0.01639344262295082,0.01639344262295082,0.0,0.01639344262295082,0.01639344262295082,0.03278688524590164,0.0,0.01639344262295082,0.01639344262295082,0.01639344262295082,0.0,0.01639344262295082,0.04918032786885246,0.03278688524590164,0.0,0.04918032786885246,0.03278688524590164,0.03278688524590164,0.0,0.0,0.01639344262295082,0.01639344262295082,0.0,0.0,0.01639344262295082,0.01639344262295082,0.0
DVP_593_0eaeb55fdf58,Data/InfographicCharts/1_fake/infographic_chart_0704.png,InfographicCharts,1,1350,1165,34,0.17002183898252554,0.1701252583055158,0.005003684067809288,0.0031524399936417105,0.0076987559198571035,0.14416122004357296,0.03201211815198182,0.8903963361788644,0.08823529411764706,0.44373299806952904,0.27798123806182695,0.6637349458204631,0.22177829726324572,0.8111111111111111,0.8959273125741942,0.04484304377574638,0.041120407918390924,0.014446576408816315,0.4585459730422681,0.2243170683406368,0.07130124777183601,0.058823529411764705,0.3110375696135505,0.7335855445489619,0.0,0.18280279999999038,0.0,0.058823529411764705,0.0,0.0,0.058823529411764705,0.058823529411764705,0.0,0.058823529411764705,0.17647058823529413,0.058823529411764705,0.058823529411764705,0.058823529411764705,0.11764705882352941,0.11764705882352941,0.08823529411764706,0.08823529411764706,0.0,0.0,0.0,0.029411764705882353,0.0,0.0,0.0,0.0,0.0,0.0,0.0,0.029411764705882353,0.0,0.0,0.0,0.0,0.0,0.0,0.0,0.029411764705882353,0.0,0.0,0.029411764705882353,0.0,0.0,0.058823529411764705,0.0,0.029411764705882353,0.0,0.0,0.029411764705882353,0.0,0.058823529411764705,0.058823529411764705,0.0,0.0,0.0,0.0,0.0,0.0,0.029411764705882353,0.029411764705882353,0.0,0.058823529411764705,0.0,0.058823529411764705,0.0,0.058823529411764705,0.058823529411764705,0.0,0.058823529411764705,0.058823529411764705,0.058823529411764705,0.029411764705882353,0.029411764705882353,0.058823529411764705,0.0,0.058823529411764705,0.0,0.0,0.0,0.0,0.0,0.0
DVP_594_0eb5cb2fbda0,Data/Tables/0_real/PMC4404289_table_2.jpg,Tables,0,370,192,25,0.22017977592066998,0.22056587837837838,0.008822635135135135,0.00571509009009009,0.008800589468605347,0.14205405405405405,0.06791666666666667,0.8807211631058672,0.0,0.2946224662602947,0.31650605700444806,0.47208438443725614,0.22352455283420508,0.8040540540540541,0.7886266094420601,0.10199271686529614,0.08858290657914936,0.05052059955731059,0.4944072469351744,0.26144158623257113,0.04666666666666667,0.21666666666666667,1.1105620549756383,2.7362570525297607,0.16,0.046591099999204744,0.16,0.04,0.0,0.04,0.2,0.04,0.0,0.08,0.2,0.0,0.0,0.08,0.08,0.04,0.0,0.04,0.04,0.0,0.0,0.0,0.0,0.0,0.0,0.0,0.08,0.04,0.0,0.04,0.0,0.0,0.04,0.0,0.08,0.0,0.0,0.0,0.0,0.0,0.0,0.0,0.08,0.04,0.04,0.0,0.0,0.0,0.08,0.0,0.08,0.04,0.0,0.0,0.0,0.0,0.04,0.0,0.04,0.04,0.0,0.0,0.0,0.0,0.04,0.0,0.08,0.0,0.0,0.04,0.0,0.0,0.04,0.0,0.0,0.0,0.0,0.0,0.0,0.0,0.0,0.0
DVP_595_0f075f130556,Data/Tables/0_real/PMC2829006_table_2.jpg,Tables,0,678,286,66,0.1716258029981277,0.17174381665532107,0.0026021790402321375,0.0010829878086515254,0.003840802574296508,0.054728702958791446,0.04614325068870524,0.8630091709600686,0.030303030303030304,0.47038883702773193,0.2730510430452841,0.5112989806323655,0.20768028585466575,0.8001474926253687,0.8146853146853147,0.055401930262872885,0.0524475524475525,0.013769973253206075,0.442096912959892,0.20868022052971194,0.055944055944055944,0.1547785547785548,22.059799313913352,38.71807425418989,0.24242424242424243,0.07018170000083046,0.015151515151515152,0.045454545454545456,0.015151515151515152,0.030303030303030304,0.07575757575757576,0.15151515151515152,0.07575757575757576,0.07575757575757576,0.07575757575757576,0.15151515151515152,0.07575757575757576,0.07575757575757576,0.045454545454545456,0.045454545454545456,0.015151515151515152,0.030303030303030304,0.0,0.015151515151515152,0.0,0.0,0.0,0.0,0.0,0.0,0.0,0.0,0.015151515151515152,0.030303030303030304,0.0,0.015151515151515152,0.030303030303030304,0.0,0.045454545454545456,0.0,0.045454545454545456,0.045454545454545456,0.0,0.045454545454545456,0.045454545454545456,0.0,0.030303030303030304,0.0,0.030303030303030304,0.030303030303030304,0.0,0.030303030303030304,0.030303030303030304,0.0,0.030303030303030304,0.0,0.030303030303030304,0.030303030303030304,0.0,0.030303030303030304,0.030303030303030304,0.0,0.045454545454545456,0.0,0.045454545454545456,0.045454545454545456,0.0,0.045454545454545456,0.045454545454545456,0.0,0.030303030303030304,0.0,0.030303030303030304,0.015151515151515152,0.0,0.015151515151515152,0.030303030303030304,0.0,0.0,0.015151515151515152,0.0,0.0,0.0,0.0,0.0,0.0
DVP_596_0f56f0a940ec,Data/InfographicCharts/1_fake/infographic_chart_0481.png,InfographicCharts,1,1402,1122,21,0.13449051647633506,0.13481917861165993,0.00641996088626952,0.0025110549990972914,0.011891731730436363,0.2041980843692684,0.02644087938205585,0.8205615579199546,0.23809523809523808,0.31455111434529653,0.25515095813758004,0.5472787783463311,0.2942187923483908,0.8523537803138375,0.8810160427807487,0.07609494054915351,0.06350248084938188,0.08937642942692613,0.49730161103161796,0.2668167854638191,0.06190476190476191,0.1,0.3162407284388551,0.7411704100351555,0.0,0.16415710000001127,0.047619047619047616,0.0,0.09523809523809523,0.0,0.3333333333333333,0.0,0.0,0.047619047619047616,0.09523809523809523,0.0,0.0,0.0,0.09523809523809523,0.09523809523809523,0.14285714285714285,0.047619047619047616,0.0,0.0,0.0,0.0,0.047619047619047616,0.0,0.0,0.0,0.0,0.047619047619047616,0.0,0.0,0.047619047619047616,0.0,0.0,0.0,0.14285714285714285,0.047619047619047616,0.0,0.0,0.0,0.0,0.0,0.047619047619047616,0.047619047619047616,0.09523809523809523,0.0,0.0,0.0,0.0,0.0,0.0,0.0,0.047619047619047616,0.0,0.0,0.0,0.0,0.0,0.0,0.0,0.047619047619047616,0.0,0.0,0.0,0.0,0.0,0.0,0.0,0.047619047619047616,0.047619047619047616,0.0,0.09523809523809523,0.0,0.0,0.0,0.0,0.047619047619047616,0.047619047619047616,0.0,0.0,0.047619047619047616,0.047619047619047616,0.0
DVP_597_0fba1bbaf3e7,Data/InfographicCharts/1_fake/infographic_chart_0398.png,InfographicCharts,1,1254,1254,57,0.1514469397125731,0.15225441267370252,0.002671130046907062,0.0015580127642580426,0.004330905463765176,0.1005903914491172,0.023014074260611656,0.897869407876529,0.05263157894736842,0.4035171233218063,0.29398340600513423,0.5617841114856058,0.2602105869452464,0.9082934609250399,0.919457735247209,0.053224525988239464,0.03549540234203519,0.033950781130882235,0.5026588438153121,0.24720542388517341,0.03383458646616541,0.12406015037593984,0.21376206651399043,0.6958234261913132,0.0,0.2142862000000605,0.0,0.07017543859649122,0.07017543859649122,0.0,0.17543859649122806,0.017543859649122806,0.03508771929824561,0.0,0.15789473684210525,0.03508771929824561,0.07017543859649122,0.08771929824561403,0.10526315789473684,0.017543859649122806,0.05263157894736842,0.10526315789473684,0.0,0.0,0.03508771929824561,0.017543859649122806,0.017543859649122806,0.017543859649122806,0.0,0.0,0.0,0.0,0.017543859649122806,0.0,0.03508771929824561,0.0,0.0,0.0,0.07017543859649122,0.03508771929824561,0.0,0.0,0.017543859649122806,0.0,0.0,0.0,0.03508771929824561,0.03508771929824561,0.0,0.017543859649122806,0.0,0.017543859649122806,0.0,0.0,0.05263157894736842,0.03508771929824561,0.017543859649122806,0.0,0.03508771929824561,0.017543859649122806,0.03508771929824561,0.0,0.05263157894736842,0.017543859649122806,0.0,0.017543859649122806,0.017543859649122806,0.0,0.03508771929824561,0.017543859649122806,0.05263157894736842,0.0,0.0,0.0,0.0,0.017543859649122806,0.05263157894736842,0.05263157894736842,0.017543859649122806,0.03508771929824561,0.0,0.017543859649122806,0.03508771929824561,0.0,0.0,0.0
DVP_598_0fc05a5b3c90,Data/InfographicCharts/1_fake/infographic_chart_0107.png,InfographicCharts,1,1254,1254,59,0.20278494473903158,0.204554357475536,0.003467023008059932,0.0027141218276952347,0.0037026621769081993,0.13467412753764224,0.02469386100072987,0.8850754499537672,0.01694915254237288,0.485862965849392,0.2704890996609385,0.5173410200967535,0.2706447182748226,0.7918660287081339,0.9166854742403647,0.043012862440057885,0.024186723700891064,0.03815047701535096,0.49559260649897,0.22860997960570506,0.04850964348334307,0.052600818234950324,0.4180692852192773,1.060521135477545,0.01694915254237288,0.20986119999906805,0.0,0.1016949152542373,0.11864406779661017,0.0,0.0847457627118644,0.01694915254237288,0.01694915254237288,0.06779661016949153,0.1016949152542373,0.1016949152542373,0.03389830508474576,0.0847457627118644,0.1016949152542373,0.03389830508474576,0.05084745762711865,0.0847457627118644,0.0,0.0,0.03389830508474576,0.0,0.01694915254237288,0.01694915254237288,0.0,0.0,0.0,0.0,0.01694915254237288,0.05084745762711865,0.03389830508474576,0.05084745762711865,0.0,0.0,0.0,0.06779661016949153,0.0,0.0,0.0,0.0,0.06779661016949153,0.0,0.0,0.01694915254237288,0.0,0.01694915254237288,0.01694915254237288,0.0,0.0,0.0,0.0847457627118644,0.0,0.01694915254237288,0.06779661016949153,0.0,0.01694915254237288,0.0,0.0847457627118644,0.0,0.01694915254237288,0.0,0.01694915254237288,0.01694915254237288,0.0,0.0,0.0,0.0,0.0847457627118644,0.0,0.0,0.0,0.0,0.0847457627118644,0.0,0.0,0.01694915254237288,0.03389830508474576,0.0,0.0,0.05084745762711865,0.0,0.0
DVP_599_0fffe241b2c3,Data/InfographicCharts/1_fake/infographic_chart_0319.png,InfographicCharts,1,1536,1024,66,0.17226696014404297,0.17226696014404294,0.0026101054567279234,0.0012343724568684897,0.005114426741800055,0.09147135416666667,0.026707504734848484,0.8908094869085823,0.10606060606060606,0.4380399601132687,0.29290114649095844,0.5882502975414309,0.24535339354300628,0.8798828125,0.9030717329545455,0.046366980581014766,0.040341855259505906,0.02006963495854369,0.48835995478350674,0.240780551200601,0.05407925407925408,0.05034965034965035,4.019762679169049,16.754875466491583,0.06060606060606061,0.1423383000001195,0.015151515151515152,0.045454545454545456,0.0,0.045454545454545456,0.07575757575757576,0.07575757575757576,0.07575757575757576,0.045454545454545456,0.13636363636363635,0.06060606060606061,0.045454545454545456,0.030303030303030304,0.09090909090909091,0.07575757575757576,0.12121212121212122,0.06060606060606061,0.0,0.0,0.030303030303030304,0.0,0.0,0.0,0.015151515151515152,0.015151515151515152,0.015151515151515152,0.0,0.015151515151515152,0.0,0.0,0.0,0.015151515151515152,0.0,0.045454545454545456,0.0,0.0,0.0,0.0,0.045454545454545456,0.030303030303030304,0.015151515151515152,0.030303030303030304,0.0,0.030303030303030304,0.045454545454545456,0.030303030303030304,0.0,0.0,0.0,0.045454545454545456,0.030303030303030304,0.015151515151515152,0.0,0.0,0.0,0.0,0.0,0.045454545454545456,0.015151515151515152,0.030303030303030304,0.015151515151515152,0.015151515151515152,0.030303030303030304,0.015151515151515152,0.015151515151515152,0.015151515151515152,0.045454545454545456,0.07575757575757576,0.0,0.06060606060606061,0.06060606060606061,0.0,0.06060606060606061,0.0,0.030303030303030304,0.0,0.0,0.0,0.0,0.0,0.0
DVP_600_1018518e19a6,Data/InfographicCharts/1_fake/infographic_chart_0667.png,InfographicCharts,1,1536,1024,172,0.2108678778709724,0.21115557352701822,0.0012276486832966177,0.00042565663655598957,0.003916488660811328,0.05033460513565892,0.0206043332122093,0.8537098403958963,0.08139534883720931,0.4666719819807623,0.2781954398952268,0.6049573030973368,0.20857707474986625,0.921367154198636,0.8898944417938931,0.03243857301934639,0.03059895833333337,0.014039013375984793,0.4438698937020737,0.21491327646503072,0.10988712090303278,0.04596763225894193,5.142009231492414,17.864635360496536,0.21511627906976744,0.1598217000009754,0.005813953488372093,0.023255813953488372,0.0,0.0,0.08139534883720931,0.08139534883720931,0.06976744186046512,0.05813953488372093,0.11627906976744186,0.11627906976744186,0.10465116279069768,0.09883720930232558,0.06395348837209303,0.06976744186046512,0.05813953488372093,0.05232558139534884,0.005813953488372093,0.0,0.0,0.011627906976744186,0.0,0.0,0.0,0.0,0.0,0.0,0.005813953488372093,0.005813953488372093,0.0,0.0,0.0,0.0,0.01744186046511628,0.005813953488372093,0.029069767441860465,0.011627906976744186,0.005813953488372093,0.01744186046511628,0.011627906976744186,0.01744186046511628,0.03488372093023256,0.023255813953488372,0.01744186046511628,0.023255813953488372,0.01744186046511628,0.029069767441860465,0.029069767441860465,0.0,0.029069767441860465,0.023255813953488372,0.023255813953488372,0.029069767441860465,0.023255813953488372,0.023255813953488372,0.029069767441860465,0.01744186046511628,0.03488372093023256,0.029069767441860465,0.03488372093023256,0.029069767441860465,0.01744186046511628,0.040697674418604654,0.03488372093023256,0.01744186046511628,0.01744186046511628,0.0,0.01744186046511628,0.0,0.0,0.01744186046511628,0.0,0.0,0.01744186046511628,0.029069767441860465,0.029069767441860465,0.023255813953488372,0.023255813953488372,0.01744186046511628,0.03488372093023256,0.01744186046511628
