scope,feature_group,feature,real_mean,fake_mean,cohen_d_fake_minus_real,absolute_cohen_d
pooled,quantity_only,region_count,76.18656716417911,76.64925373134328,0.007410454652314945,0.007410454652314945
pooled,quantity_only,union_coverage_norm,0.24831556787051237,0.1925631017210306,-0.6597347090452513,0.6597347090452513
pooled,quantity_only,sum_box_area_norm,0.25279151160680347,0.19358580934681965,-0.6792379009052693,0.6792379009052693
pooled,quantity_only,mean_box_area_norm,0.004818150316525096,0.0037081329619463284,-0.38195037401525783,0.38195037401525783
pooled,quantity_only,median_box_area_norm,0.00317537599256731,0.002180990898238883,-0.5448472024404584,0.5448472024404584
pooled,quantity_only,std_box_area_norm,0.005559682543009309,0.004653532165135156,-0.13851281991753617,0.13851281991753617
pooled,quantity_only,mean_box_width_norm,0.1649227207516245,0.1370872410265436,-0.40502629203665896,0.40502629203665896
pooled,quantity_only,mean_box_height_norm,0.02977189351757769,0.02490371405614005,-0.40751211491520695,0.40751211491520695
pooled,quantity_only,mean_confidence,0.8712231378129023,0.8875270146902674,0.5393230835977902,0.5393230835977902
pooled,quantity_only,low_confidence_fraction,0.07162204992652293,0.04314798417880361,-0.36949910811458203,0.36949910811458203
pooled,arrangement_only,center_x_mean,0.47612370339010696,0.4894367747236152,0.15998461744669049,0.15998461744669049
pooled,arrangement_only,center_x_std,0.24133121914236705,0.24899520868207403,0.16271550767567475,0.16271550767567475
pooled,arrangement_only,center_y_mean,0.5205008247673193,0.5254061355513148,0.06891593317573715,0.06891593317573715
pooled,arrangement_only,center_y_std,0.2369084672375742,0.24081592797576643,0.10174827279499635,0.10174827279499635
pooled,arrangement_only,center_x_span,0.7916253173445896,0.7933320132173176,0.012592104849397129,0.012592104849397129
pooled,arrangement_only,center_y_span,0.8592586345282195,0.8916321944365914,0.3420212497866708,0.3420212497866708
pooled,arrangement_only,nearest_neighbor_mean_norm,0.05697355620854895,0.053179125332464106,-0.1479765294805822,0.1479765294805822
pooled,arrangement_only,nearest_neighbor_median_norm,0.0466429631071515,0.0433797505443866,-0.1444907614646757,0.1444907614646757
pooled,arrangement_only,nearest_neighbor_std_norm,0.034652330414664444,0.030745626873469514,-0.16262622635673282,0.16262622635673282
pooled,arrangement_only,pairwise_distance_mean_norm,0.434716604100172,0.44594805844411994,0.17338884197591634,0.17338884197591634
pooled,arrangement_only,pairwise_distance_std_norm,0.21736013507364071,0.22020394633789453,0.08675443187643996,0.08675443187643996
pooled,arrangement_only,row_alignment_fraction,0.05804289336896203,0.052342162222711736,-0.1974405962682123,0.1974405962682123
pooled,arrangement_only,column_alignment_fraction,0.10409353434064775,0.1024757511377114,-0.033488111458197974,0.033488111458197974
pooled,arrangement_only,angle_mean_abs_deg,4.081688482671949,4.481749560427328,0.080934251331675,0.080934251331675
pooled,arrangement_only,angle_std_deg,12.214930220174068,14.323570262555776,0.18418180800781325,0.18418180800781325
pooled,arrangement_only,rotated_fraction_gt_5deg,0.05981092183107399,0.0643223367479652,0.05451384983877364,0.05451384983877364
pooled,arrangement_only,center_grid_4_0_0,0.044359730519782946,0.03814634918848241,-0.13737925369015758,0.13737925369015758
pooled,arrangement_only,center_grid_4_0_1,0.06531907440053221,0.06234962411611477,-0.06881072648956607,0.06881072648956607
pooled,arrangement_only,center_grid_4_0_2,0.033946676347538084,0.03939310026327821,0.14803049227596055,0.14803049227596055
pooled,arrangement_only,center_grid_4_0_3,0.0280113276667568,0.029745718514253432,0.05232945250089778,0.05232945250089778
pooled,arrangement_only,center_grid_4_1_0,0.07534960768563229,0.07720877677742322,0.03578842874175665,0.03578842874175665
pooled,arrangement_only,center_grid_4_1_1,0.08953182443452586,0.07365922730588513,-0.2508142385929017,0.2508142385929017
pooled,arrangement_only,center_grid_4_1_2,0.06788336122802797,0.0739867972597257,0.09893236506080437,0.09893236506080437
pooled,arrangement_only,center_grid_4_1_3,0.06560328198898242,0.07191747533000244,0.11513220542670037,0.11513220542670037
pooled,arrangement_only,center_grid_4_2_0,0.0787625631703418,0.0774599702939206,-0.02575091803030777,0.02575091803030777
pooled,arrangement_only,center_grid_4_2_1,0.08292332493781542,0.07193329880989141,-0.17497403595950692,0.17497403595950692
pooled,arrangement_only,center_grid_4_2_2,0.07010972995553327,0.06927037255823018,-0.014911725707053127,0.014911725707053127
pooled,arrangement_only,center_grid_4_2_3,0.06876113884506059,0.08247904889907844,0.2472449237334035,0.2472449237334035
pooled,arrangement_only,center_grid_4_3_0,0.06227785038062067,0.04900812811924894,-0.24267708757863918,0.24267708757863918
pooled,arrangement_only,center_grid_4_3_1,0.06748090847570797,0.08431812704113159,0.3091816287917653,0.3091816287917653
pooled,arrangement_only,center_grid_4_3_2,0.05300805314150608,0.052688603792419735,-0.005672856657518212,0.005672856657518212
pooled,arrangement_only,center_grid_4_3_3,0.046671546821635136,0.046435381730913265,-0.004501991555081947,0.004501991555081947
pooled,arrangement_only,center_grid_8_0_0,0.006566784473437827,0.007487215919086004,0.0598753376073,0.0598753376073
pooled,arrangement_only,center_grid_8_0_1,0.009537036128634055,0.0072893936222291665,-0.12437986204379577,0.12437986204379577
pooled,arrangement_only,center_grid_8_0_2,0.010557061337681,0.006959381250092299,-0.21662128278520765,0.21662128278520765
pooled,arrangement_only,center_grid_8_0_3,0.013275657004724717,0.013600530894732428,0.017982400317037833,0.017982400317037833
pooled,arrangement_only,center_grid_8_0_4,0.007248427629435364,0.009307666848088475,0.1279889364479055,0.1279889364479055
pooled,arrangement_only,center_grid_8_0_5,0.0041404535131191736,0.003635142194917514,-0.05129623702772167,0.05129623702772167
pooled,arrangement_only,center_grid_8_0_6,0.0029438221063193435,0.006742033433918778,0.32184293316552715,0.32184293316552715
pooled,arrangement_only,center_grid_8_0_7,0.007732141323784568,0.005349023048110929,-0.16255725890567543,0.16255725890567543
pooled,arrangement_only,center_grid_8_1_0,0.008283376837551011,0.008967522892974866,0.04118280493415562,0.04118280493415562
pooled,arrangement_only,center_grid_8_1_1,0.019972533080160015,0.014402216754192341,-0.23598746608355314,0.23598746608355314
pooled,arrangement_only,center_grid_8_1_2,0.01268651519829016,0.014171943183366112,0.06858767609613327,0.06858767609613327
pooled,arrangement_only,center_grid_8_1_3,0.02879984085983629,0.027617768787923894,-0.040092947091346504,0.040092947091346504
pooled,arrangement_only,center_grid_8_1_4,0.011845480674894604,0.015368026536632903,0.1742945636817183,0.1742945636817183
pooled,arrangement_only,center_grid_8_1_5,0.010712314530088914,0.011082264683639298,0.022230295142618733,0.022230295142618733
pooled,arrangement_only,center_grid_8_1_6,0.010274470155096109,0.010719556986145715,0.028985972259738257,0.028985972259738257
pooled,arrangement_only,center_grid_8_1_7,0.007060894081556757,0.006935105046077987,-0.009957843614630748,0.009957843614630748
pooled,arrangement_only,center_grid_8_2_0,0.009850237330076622,0.013723790865211674,0.19879406511038916,0.19879406511038916
pooled,arrangement_only,center_grid_8_2_1,0.02471919958449689,0.02332130593310034,-0.054122009652486806,0.054122009652486806
pooled,arrangement_only,center_grid_8_2_2,0.018132751303429596,0.020265634043738448,0.092756720314694,0.092756720314694
pooled,arrangement_only,center_grid_8_2_3,0.027335019474386688,0.013409007345782155,-0.5609619470389907,0.5609619470389907
pooled,arrangement_only,center_grid_8_2_4,0.013100450541104511,0.014672905476305304,0.07579965880228348,0.07579965880228348
pooled,arrangement_only,center_grid_8_2_5,0.014447902899709434,0.0189788060002655,0.22076289501864058,0.22076289501864058
pooled,arrangement_only,center_grid_8_2_6,0.018281827028368974,0.020716225294168274,0.09620900522167362,0.09620900522167362
pooled,arrangement_only,center_grid_8_2_7,0.012714886782595957,0.011462646897119016,-0.0656970848231358,0.0656970848231358
pooled,arrangement_only,center_grid_8_3_0,0.012422947926152445,0.016095390058955637,0.18446642477791028,0.18446642477791028
pooled,arrangement_only,center_grid_8_3_1,0.02835722284490627,0.024068289920155507,-0.15142894223069425,0.15142894223069425
pooled,arrangement_only,center_grid_8_3_2,0.020723130905334897,0.02572531270311986,0.16626430784350527,0.16626430784350527
pooled,arrangement_only,center_grid_8_3_3,0.023340922751374605,0.014259273213244614,-0.36174895993773354,0.36174895993773354
pooled,arrangement_only,center_grid_8_3_4,0.02057696106458203,0.016513416799402967,-0.13943344050629816,0.13943344050629816
pooled,arrangement_only,center_grid_8_3_5,0.01975804672263195,0.0238216689837519,0.14913712783455016,0.14913712783455016
pooled,arrangement_only,center_grid_8_3_6,0.023029486866283172,0.028444954001259435,0.18949775428094928,0.18949775428094928
pooled,arrangement_only,center_grid_8_3_7,0.011577081311734258,0.01129364913745568,-0.014444712629268679,0.014444712629268679
pooled,arrangement_only,center_grid_8_4_0,0.013085104786746377,0.01376281423899841,0.03704959554283945,0.03704959554283945
pooled,arrangement_only,center_grid_8_4_1,0.026794575586874172,0.026183908171651792,-0.022830641243794456,0.022830641243794456
pooled,arrangement_only,center_grid_8_4_2,0.019469162665227652,0.020872214932317067,0.05643325364011986,0.05643325364011986
pooled,arrangement_only,center_grid_8_4_3,0.02217639777450933,0.01321564601229246,-0.34882411242381,0.34882411242381
pooled,arrangement_only,center_grid_8_4_4,0.018335952636966194,0.01835285181607362,0.0007251664557056202,0.0007251664557056202
pooled,arrangement_only,center_grid_8_4_5,0.01954223094320022,0.018549549331751902,-0.0417614396736127,0.0417614396736127
pooled,arrangement_only,center_grid_8_4_6,0.024545820389966336,0.029656169029246535,0.17070272539428874,0.17070272539428874
pooled,arrangement_only,center_grid_8_4_7,0.011338818600908757,0.011627309560582019,0.015275934688883285,0.015275934688883285
pooled,arrangement_only,center_grid_8_5_0,0.015343908865869418,0.01362227867795293,-0.09015345451595894,0.09015345451595894
pooled,arrangement_only,center_grid_8_5_1,0.023538973930851765,0.023890969205317424,0.013531122022749753,0.013531122022749753
pooled,arrangement_only,center_grid_8_5_2,0.019608335009885496,0.01921244576377344,-0.01244777746969911,0.01244777746969911
pooled,arrangement_only,center_grid_8_5_3,0.021669429488192872,0.018632992101508396,-0.11541384717784563,0.11541384717784563
pooled,arrangement_only,center_grid_8_5_4,0.013942009512347938,0.016918077100569,0.15466566084486133,0.15466566084486133
pooled,arrangement_only,center_grid_8_5_5,0.018289536863018867,0.015449894309835621,-0.10472041837855452,0.10472041837855452
pooled,arrangement_only,center_grid_8_5_6,0.02412990524495597,0.028614175648400998,0.1536793719786817,0.1536793719786817
pooled,arrangement_only,center_grid_8_5_7,0.008746594609229467,0.012581394660848838,0.24139843033716976,0.24139843033716976
pooled,arrangement_only,center_grid_8_6_0,0.014385777441996463,0.009912416555752777,-0.25405390968583447,0.25405390968583447
pooled,arrangement_only,center_grid_8_6_1,0.02385548397027184,0.019689665974903757,-0.12332692530302349,0.12332692530302349
pooled,arrangement_only,center_grid_8_6_2,0.015648594986076104,0.018090336951537403,0.1049145800162764,0.1049145800162764
pooled,arrangement_only,center_grid_8_6_3,0.027116028569603788,0.027305618923603853,0.004928280165069564,0.004928280165069564
pooled,arrangement_only,center_grid_8_6_4,0.017290994640892256,0.020938858964895023,0.14364166053901584,0.14364166053901584
pooled,arrangement_only,center_grid_8_6_5,0.017428937965921758,0.014410463197655049,-0.11065640611570522,0.11065640611570522
pooled,arrangement_only,center_grid_8_6_6,0.020308942001204946,0.019642435979828763,-0.02182917404426628,0.02182917404426628
pooled,arrangement_only,center_grid_8_6_7,0.009429326036760994,0.007908848182984575,-0.10061454741808724,0.10061454741808724
pooled,arrangement_only,center_grid_8_7_0,0.011130228508325549,0.0070908095929312215,-0.26051174612470307,0.26051174612470307
pooled,arrangement_only,center_grid_8_7_1,0.01290636046002677,0.012315235995661157,-0.02987689759165319,0.02987689759165319
pooled,arrangement_only,center_grid_8_7_2,0.00946497083061689,0.01651692146187622,0.312541723469072,0.312541723469072
pooled,arrangement_only,center_grid_8_7_3,0.01525131408941116,0.022405249704114064,0.3186485032905072,0.3186485032905072
pooled,arrangement_only,center_grid_8_7_4,0.010771204950502484,0.0083263251783202,-0.1395721811449589,0.1395721811449589
pooled,arrangement_only,center_grid_8_7_5,0.007516915584189534,0.009012956451549438,0.08299736733252265,0.08299736733252265
pooled,arrangement_only,center_grid_8_7_6,0.011253222558815444,0.013103953245922433,0.08169865525741303,0.08169865525741303
pooled,arrangement_only,center_grid_8_7_7,0.005680056224853721,0.005780144322177468,0.007000567495247085,0.007000567495247085
pooled,arrangement_base_only,center_x_mean,0.47612370339010696,0.4894367747236152,0.15998461744669049,0.15998461744669049
pooled,arrangement_base_only,center_x_std,0.24133121914236705,0.24899520868207403,0.16271550767567475,0.16271550767567475
pooled,arrangement_base_only,center_y_mean,0.5205008247673193,0.5254061355513148,0.06891593317573715,0.06891593317573715
pooled,arrangement_base_only,center_y_std,0.2369084672375742,0.24081592797576643,0.10174827279499635,0.10174827279499635
pooled,arrangement_base_only,center_x_span,0.7916253173445896,0.7933320132173176,0.012592104849397129,0.012592104849397129
pooled,arrangement_base_only,center_y_span,0.8592586345282195,0.8916321944365914,0.3420212497866708,0.3420212497866708
pooled,arrangement_base_only,nearest_neighbor_mean_norm,0.05697355620854895,0.053179125332464106,-0.1479765294805822,0.1479765294805822
pooled,arrangement_base_only,nearest_neighbor_median_norm,0.0466429631071515,0.0433797505443866,-0.1444907614646757,0.1444907614646757
pooled,arrangement_base_only,nearest_neighbor_std_norm,0.034652330414664444,0.030745626873469514,-0.16262622635673282,0.16262622635673282
pooled,arrangement_base_only,pairwise_distance_mean_norm,0.434716604100172,0.44594805844411994,0.17338884197591634,0.17338884197591634
pooled,arrangement_base_only,pairwise_distance_std_norm,0.21736013507364071,0.22020394633789453,0.08675443187643996,0.08675443187643996
pooled,arrangement_base_only,row_alignment_fraction,0.05804289336896203,0.052342162222711736,-0.1974405962682123,0.1974405962682123
pooled,arrangement_base_only,column_alignment_fraction,0.10409353434064775,0.1024757511377114,-0.033488111458197974,0.033488111458197974
pooled,arrangement_base_only,angle_mean_abs_deg,4.081688482671949,4.481749560427328,0.080934251331675,0.080934251331675
pooled,arrangement_base_only,angle_std_deg,12.214930220174068,14.323570262555776,0.18418180800781325,0.18418180800781325
pooled,arrangement_base_only,rotated_fraction_gt_5deg,0.05981092183107399,0.0643223367479652,0.05451384983877364,0.05451384983877364
pooled,arrangement_4x4_only,center_x_mean,0.47612370339010696,0.4894367747236152,0.15998461744669049,0.15998461744669049
pooled,arrangement_4x4_only,center_x_std,0.24133121914236705,0.24899520868207403,0.16271550767567475,0.16271550767567475
pooled,arrangement_4x4_only,center_y_mean,0.5205008247673193,0.5254061355513148,0.06891593317573715,0.06891593317573715
pooled,arrangement_4x4_only,center_y_std,0.2369084672375742,0.24081592797576643,0.10174827279499635,0.10174827279499635
pooled,arrangement_4x4_only,center_x_span,0.7916253173445896,0.7933320132173176,0.012592104849397129,0.012592104849397129
pooled,arrangement_4x4_only,center_y_span,0.8592586345282195,0.8916321944365914,0.3420212497866708,0.3420212497866708
pooled,arrangement_4x4_only,nearest_neighbor_mean_norm,0.05697355620854895,0.053179125332464106,-0.1479765294805822,0.1479765294805822
pooled,arrangement_4x4_only,nearest_neighbor_median_norm,0.0466429631071515,0.0433797505443866,-0.1444907614646757,0.1444907614646757
pooled,arrangement_4x4_only,nearest_neighbor_std_norm,0.034652330414664444,0.030745626873469514,-0.16262622635673282,0.16262622635673282
pooled,arrangement_4x4_only,pairwise_distance_mean_norm,0.434716604100172,0.44594805844411994,0.17338884197591634,0.17338884197591634
pooled,arrangement_4x4_only,pairwise_distance_std_norm,0.21736013507364071,0.22020394633789453,0.08675443187643996,0.08675443187643996
pooled,arrangement_4x4_only,row_alignment_fraction,0.05804289336896203,0.052342162222711736,-0.1974405962682123,0.1974405962682123
pooled,arrangement_4x4_only,column_alignment_fraction,0.10409353434064775,0.1024757511377114,-0.033488111458197974,0.033488111458197974
pooled,arrangement_4x4_only,angle_mean_abs_deg,4.081688482671949,4.481749560427328,0.080934251331675,0.080934251331675
pooled,arrangement_4x4_only,angle_std_deg,12.214930220174068,14.323570262555776,0.18418180800781325,0.18418180800781325
pooled,arrangement_4x4_only,rotated_fraction_gt_5deg,0.05981092183107399,0.0643223367479652,0.05451384983877364,0.05451384983877364
pooled,arrangement_4x4_only,center_grid_4_0_0,0.044359730519782946,0.03814634918848241,-0.13737925369015758,0.13737925369015758
pooled,arrangement_4x4_only,center_grid_4_0_1,0.06531907440053221,0.06234962411611477,-0.06881072648956607,0.06881072648956607
pooled,arrangement_4x4_only,center_grid_4_0_2,0.033946676347538084,0.03939310026327821,0.14803049227596055,0.14803049227596055
pooled,arrangement_4x4_only,center_grid_4_0_3,0.0280113276667568,0.029745718514253432,0.05232945250089778,0.05232945250089778
pooled,arrangement_4x4_only,center_grid_4_1_0,0.07534960768563229,0.07720877677742322,0.03578842874175665,0.03578842874175665
pooled,arrangement_4x4_only,center_grid_4_1_1,0.08953182443452586,0.07365922730588513,-0.2508142385929017,0.2508142385929017
pooled,arrangement_4x4_only,center_grid_4_1_2,0.06788336122802797,0.0739867972597257,0.09893236506080437,0.09893236506080437
pooled,arrangement_4x4_only,center_grid_4_1_3,0.06560328198898242,0.07191747533000244,0.11513220542670037,0.11513220542670037
pooled,arrangement_4x4_only,center_grid_4_2_0,0.0787625631703418,0.0774599702939206,-0.02575091803030777,0.02575091803030777
pooled,arrangement_4x4_only,center_grid_4_2_1,0.08292332493781542,0.07193329880989141,-0.17497403595950692,0.17497403595950692
pooled,arrangement_4x4_only,center_grid_4_2_2,0.07010972995553327,0.06927037255823018,-0.014911725707053127,0.014911725707053127
pooled,arrangement_4x4_only,center_grid_4_2_3,0.06876113884506059,0.08247904889907844,0.2472449237334035,0.2472449237334035
pooled,arrangement_4x4_only,center_grid_4_3_0,0.06227785038062067,0.04900812811924894,-0.24267708757863918,0.24267708757863918
pooled,arrangement_4x4_only,center_grid_4_3_1,0.06748090847570797,0.08431812704113159,0.3091816287917653,0.3091816287917653
pooled,arrangement_4x4_only,center_grid_4_3_2,0.05300805314150608,0.052688603792419735,-0.005672856657518212,0.005672856657518212
pooled,arrangement_4x4_only,center_grid_4_3_3,0.046671546821635136,0.046435381730913265,-0.004501991555081947,0.004501991555081947
pooled,arrangement_8x8_only,center_x_mean,0.47612370339010696,0.4894367747236152,0.15998461744669049,0.15998461744669049
pooled,arrangement_8x8_only,center_x_std,0.24133121914236705,0.24899520868207403,0.16271550767567475,0.16271550767567475
pooled,arrangement_8x8_only,center_y_mean,0.5205008247673193,0.5254061355513148,0.06891593317573715,0.06891593317573715
pooled,arrangement_8x8_only,center_y_std,0.2369084672375742,0.24081592797576643,0.10174827279499635,0.10174827279499635
pooled,arrangement_8x8_only,center_x_span,0.7916253173445896,0.7933320132173176,0.012592104849397129,0.012592104849397129
pooled,arrangement_8x8_only,center_y_span,0.8592586345282195,0.8916321944365914,0.3420212497866708,0.3420212497866708
pooled,arrangement_8x8_only,nearest_neighbor_mean_norm,0.05697355620854895,0.053179125332464106,-0.1479765294805822,0.1479765294805822
pooled,arrangement_8x8_only,nearest_neighbor_median_norm,0.0466429631071515,0.0433797505443866,-0.1444907614646757,0.1444907614646757
pooled,arrangement_8x8_only,nearest_neighbor_std_norm,0.034652330414664444,0.030745626873469514,-0.16262622635673282,0.16262622635673282
pooled,arrangement_8x8_only,pairwise_distance_mean_norm,0.434716604100172,0.44594805844411994,0.17338884197591634,0.17338884197591634
pooled,arrangement_8x8_only,pairwise_distance_std_norm,0.21736013507364071,0.22020394633789453,0.08675443187643996,0.08675443187643996
pooled,arrangement_8x8_only,row_alignment_fraction,0.05804289336896203,0.052342162222711736,-0.1974405962682123,0.1974405962682123
pooled,arrangement_8x8_only,column_alignment_fraction,0.10409353434064775,0.1024757511377114,-0.033488111458197974,0.033488111458197974
pooled,arrangement_8x8_only,angle_mean_abs_deg,4.081688482671949,4.481749560427328,0.080934251331675,0.080934251331675
pooled,arrangement_8x8_only,angle_std_deg,12.214930220174068,14.323570262555776,0.18418180800781325,0.18418180800781325
pooled,arrangement_8x8_only,rotated_fraction_gt_5deg,0.05981092183107399,0.0643223367479652,0.05451384983877364,0.05451384983877364
pooled,arrangement_8x8_only,center_grid_8_0_0,0.006566784473437827,0.007487215919086004,0.0598753376073,0.0598753376073
pooled,arrangement_8x8_only,center_grid_8_0_1,0.009537036128634055,0.0072893936222291665,-0.12437986204379577,0.12437986204379577
pooled,arrangement_8x8_only,center_grid_8_0_2,0.010557061337681,0.006959381250092299,-0.21662128278520765,0.21662128278520765
pooled,arrangement_8x8_only,center_grid_8_0_3,0.013275657004724717,0.013600530894732428,0.017982400317037833,0.017982400317037833
pooled,arrangement_8x8_only,center_grid_8_0_4,0.007248427629435364,0.009307666848088475,0.1279889364479055,0.1279889364479055
pooled,arrangement_8x8_only,center_grid_8_0_5,0.0041404535131191736,0.003635142194917514,-0.05129623702772167,0.05129623702772167
pooled,arrangement_8x8_only,center_grid_8_0_6,0.0029438221063193435,0.006742033433918778,0.32184293316552715,0.32184293316552715
pooled,arrangement_8x8_only,center_grid_8_0_7,0.007732141323784568,0.005349023048110929,-0.16255725890567543,0.16255725890567543
pooled,arrangement_8x8_only,center_grid_8_1_0,0.008283376837551011,0.008967522892974866,0.04118280493415562,0.04118280493415562
pooled,arrangement_8x8_only,center_grid_8_1_1,0.019972533080160015,0.014402216754192341,-0.23598746608355314,0.23598746608355314
pooled,arrangement_8x8_only,center_grid_8_1_2,0.01268651519829016,0.014171943183366112,0.06858767609613327,0.06858767609613327
pooled,arrangement_8x8_only,center_grid_8_1_3,0.02879984085983629,0.027617768787923894,-0.040092947091346504,0.040092947091346504
pooled,arrangement_8x8_only,center_grid_8_1_4,0.011845480674894604,0.015368026536632903,0.1742945636817183,0.1742945636817183
pooled,arrangement_8x8_only,center_grid_8_1_5,0.010712314530088914,0.011082264683639298,0.022230295142618733,0.022230295142618733
pooled,arrangement_8x8_only,center_grid_8_1_6,0.010274470155096109,0.010719556986145715,0.028985972259738257,0.028985972259738257
pooled,arrangement_8x8_only,center_grid_8_1_7,0.007060894081556757,0.006935105046077987,-0.009957843614630748,0.009957843614630748
pooled,arrangement_8x8_only,center_grid_8_2_0,0.009850237330076622,0.013723790865211674,0.19879406511038916,0.19879406511038916
pooled,arrangement_8x8_only,center_grid_8_2_1,0.02471919958449689,0.02332130593310034,-0.054122009652486806,0.054122009652486806
pooled,arrangement_8x8_only,center_grid_8_2_2,0.018132751303429596,0.020265634043738448,0.092756720314694,0.092756720314694
pooled,arrangement_8x8_only,center_grid_8_2_3,0.027335019474386688,0.013409007345782155,-0.5609619470389907,0.5609619470389907
pooled,arrangement_8x8_only,center_grid_8_2_4,0.013100450541104511,0.014672905476305304,0.07579965880228348,0.07579965880228348
pooled,arrangement_8x8_only,center_grid_8_2_5,0.014447902899709434,0.0189788060002655,0.22076289501864058,0.22076289501864058
pooled,arrangement_8x8_only,center_grid_8_2_6,0.018281827028368974,0.020716225294168274,0.09620900522167362,0.09620900522167362
pooled,arrangement_8x8_only,center_grid_8_2_7,0.012714886782595957,0.011462646897119016,-0.0656970848231358,0.0656970848231358
pooled,arrangement_8x8_only,center_grid_8_3_0,0.012422947926152445,0.016095390058955637,0.18446642477791028,0.18446642477791028
pooled,arrangement_8x8_only,center_grid_8_3_1,0.02835722284490627,0.024068289920155507,-0.15142894223069425,0.15142894223069425
pooled,arrangement_8x8_only,center_grid_8_3_2,0.020723130905334897,0.02572531270311986,0.16626430784350527,0.16626430784350527
pooled,arrangement_8x8_only,center_grid_8_3_3,0.023340922751374605,0.014259273213244614,-0.36174895993773354,0.36174895993773354
pooled,arrangement_8x8_only,center_grid_8_3_4,0.02057696106458203,0.016513416799402967,-0.13943344050629816,0.13943344050629816
pooled,arrangement_8x8_only,center_grid_8_3_5,0.01975804672263195,0.0238216689837519,0.14913712783455016,0.14913712783455016
pooled,arrangement_8x8_only,center_grid_8_3_6,0.023029486866283172,0.028444954001259435,0.18949775428094928,0.18949775428094928
pooled,arrangement_8x8_only,center_grid_8_3_7,0.011577081311734258,0.01129364913745568,-0.014444712629268679,0.014444712629268679
pooled,arrangement_8x8_only,center_grid_8_4_0,0.013085104786746377,0.01376281423899841,0.03704959554283945,0.03704959554283945
pooled,arrangement_8x8_only,center_grid_8_4_1,0.026794575586874172,0.026183908171651792,-0.022830641243794456,0.022830641243794456
pooled,arrangement_8x8_only,center_grid_8_4_2,0.019469162665227652,0.020872214932317067,0.05643325364011986,0.05643325364011986
pooled,arrangement_8x8_only,center_grid_8_4_3,0.02217639777450933,0.01321564601229246,-0.34882411242381,0.34882411242381
pooled,arrangement_8x8_only,center_grid_8_4_4,0.018335952636966194,0.01835285181607362,0.0007251664557056202,0.0007251664557056202
pooled,arrangement_8x8_only,center_grid_8_4_5,0.01954223094320022,0.018549549331751902,-0.0417614396736127,0.0417614396736127
pooled,arrangement_8x8_only,center_grid_8_4_6,0.024545820389966336,0.029656169029246535,0.17070272539428874,0.17070272539428874
pooled,arrangement_8x8_only,center_grid_8_4_7,0.011338818600908757,0.011627309560582019,0.015275934688883285,0.015275934688883285
pooled,arrangement_8x8_only,center_grid_8_5_0,0.015343908865869418,0.01362227867795293,-0.09015345451595894,0.09015345451595894
pooled,arrangement_8x8_only,center_grid_8_5_1,0.023538973930851765,0.023890969205317424,0.013531122022749753,0.013531122022749753
pooled,arrangement_8x8_only,center_grid_8_5_2,0.019608335009885496,0.01921244576377344,-0.01244777746969911,0.01244777746969911
pooled,arrangement_8x8_only,center_grid_8_5_3,0.021669429488192872,0.018632992101508396,-0.11541384717784563,0.11541384717784563
pooled,arrangement_8x8_only,center_grid_8_5_4,0.013942009512347938,0.016918077100569,0.15466566084486133,0.15466566084486133
pooled,arrangement_8x8_only,center_grid_8_5_5,0.018289536863018867,0.015449894309835621,-0.10472041837855452,0.10472041837855452
pooled,arrangement_8x8_only,center_grid_8_5_6,0.02412990524495597,0.028614175648400998,0.1536793719786817,0.1536793719786817
pooled,arrangement_8x8_only,center_grid_8_5_7,0.008746594609229467,0.012581394660848838,0.24139843033716976,0.24139843033716976
pooled,arrangement_8x8_only,center_grid_8_6_0,0.014385777441996463,0.009912416555752777,-0.25405390968583447,0.25405390968583447
pooled,arrangement_8x8_only,center_grid_8_6_1,0.02385548397027184,0.019689665974903757,-0.12332692530302349,0.12332692530302349
pooled,arrangement_8x8_only,center_grid_8_6_2,0.015648594986076104,0.018090336951537403,0.1049145800162764,0.1049145800162764
pooled,arrangement_8x8_only,center_grid_8_6_3,0.027116028569603788,0.027305618923603853,0.004928280165069564,0.004928280165069564
pooled,arrangement_8x8_only,center_grid_8_6_4,0.017290994640892256,0.020938858964895023,0.14364166053901584,0.14364166053901584
pooled,arrangement_8x8_only,center_grid_8_6_5,0.017428937965921758,0.014410463197655049,-0.11065640611570522,0.11065640611570522
pooled,arrangement_8x8_only,center_grid_8_6_6,0.020308942001204946,0.019642435979828763,-0.02182917404426628,0.02182917404426628
pooled,arrangement_8x8_only,center_grid_8_6_7,0.009429326036760994,0.007908848182984575,-0.10061454741808724,0.10061454741808724
pooled,arrangement_8x8_only,center_grid_8_7_0,0.011130228508325549,0.0070908095929312215,-0.26051174612470307,0.26051174612470307
pooled,arrangement_8x8_only,center_grid_8_7_1,0.01290636046002677,0.012315235995661157,-0.02987689759165319,0.02987689759165319
pooled,arrangement_8x8_only,center_grid_8_7_2,0.00946497083061689,0.01651692146187622,0.312541723469072,0.312541723469072
pooled,arrangement_8x8_only,center_grid_8_7_3,0.01525131408941116,0.022405249704114064,0.3186485032905072,0.3186485032905072
pooled,arrangement_8x8_only,center_grid_8_7_4,0.010771204950502484,0.0083263251783202,-0.1395721811449589,0.1395721811449589
pooled,arrangement_8x8_only,center_grid_8_7_5,0.007516915584189534,0.009012956451549438,0.08299736733252265,0.08299736733252265
pooled,arrangement_8x8_only,center_grid_8_7_6,0.011253222558815444,0.013103953245922433,0.08169865525741303,0.08169865525741303
pooled,arrangement_8x8_only,center_grid_8_7_7,0.005680056224853721,0.005780144322177468,0.007000567495247085,0.007000567495247085
pooled,quantity_plus_arrangement,region_count,76.18656716417911,76.64925373134328,0.007410454652314945,0.007410454652314945
pooled,quantity_plus_arrangement,union_coverage_norm,0.24831556787051237,0.1925631017210306,-0.6597347090452513,0.6597347090452513
pooled,quantity_plus_arrangement,sum_box_area_norm,0.25279151160680347,0.19358580934681965,-0.6792379009052693,0.6792379009052693
pooled,quantity_plus_arrangement,mean_box_area_norm,0.004818150316525096,0.0037081329619463284,-0.38195037401525783,0.38195037401525783
pooled,quantity_plus_arrangement,median_box_area_norm,0.00317537599256731,0.002180990898238883,-0.5448472024404584,0.5448472024404584
pooled,quantity_plus_arrangement,std_box_area_norm,0.005559682543009309,0.004653532165135156,-0.13851281991753617,0.13851281991753617
pooled,quantity_plus_arrangement,mean_box_width_norm,0.1649227207516245,0.1370872410265436,-0.40502629203665896,0.40502629203665896
pooled,quantity_plus_arrangement,mean_box_height_norm,0.02977189351757769,0.02490371405614005,-0.40751211491520695,0.40751211491520695
pooled,quantity_plus_arrangement,mean_confidence,0.8712231378129023,0.8875270146902674,0.5393230835977902,0.5393230835977902
pooled,quantity_plus_arrangement,low_confidence_fraction,0.07162204992652293,0.04314798417880361,-0.36949910811458203,0.36949910811458203
pooled,quantity_plus_arrangement,center_x_mean,0.47612370339010696,0.4894367747236152,0.15998461744669049,0.15998461744669049
pooled,quantity_plus_arrangement,center_x_std,0.24133121914236705,0.24899520868207403,0.16271550767567475,0.16271550767567475
pooled,quantity_plus_arrangement,center_y_mean,0.5205008247673193,0.5254061355513148,0.06891593317573715,0.06891593317573715
pooled,quantity_plus_arrangement,center_y_std,0.2369084672375742,0.24081592797576643,0.10174827279499635,0.10174827279499635
pooled,quantity_plus_arrangement,center_x_span,0.7916253173445896,0.7933320132173176,0.012592104849397129,0.012592104849397129
pooled,quantity_plus_arrangement,center_y_span,0.8592586345282195,0.8916321944365914,0.3420212497866708,0.3420212497866708
pooled,quantity_plus_arrangement,nearest_neighbor_mean_norm,0.05697355620854895,0.053179125332464106,-0.1479765294805822,0.1479765294805822
pooled,quantity_plus_arrangement,nearest_neighbor_median_norm,0.0466429631071515,0.0433797505443866,-0.1444907614646757,0.1444907614646757
pooled,quantity_plus_arrangement,nearest_neighbor_std_norm,0.034652330414664444,0.030745626873469514,-0.16262622635673282,0.16262622635673282
pooled,quantity_plus_arrangement,pairwise_distance_mean_norm,0.434716604100172,0.44594805844411994,0.17338884197591634,0.17338884197591634
pooled,quantity_plus_arrangement,pairwise_distance_std_norm,0.21736013507364071,0.22020394633789453,0.08675443187643996,0.08675443187643996
pooled,quantity_plus_arrangement,row_alignment_fraction,0.05804289336896203,0.052342162222711736,-0.1974405962682123,0.1974405962682123
pooled,quantity_plus_arrangement,column_alignment_fraction,0.10409353434064775,0.1024757511377114,-0.033488111458197974,0.033488111458197974
pooled,quantity_plus_arrangement,angle_mean_abs_deg,4.081688482671949,4.481749560427328,0.080934251331675,0.080934251331675
pooled,quantity_plus_arrangement,angle_std_deg,12.214930220174068,14.323570262555776,0.18418180800781325,0.18418180800781325
pooled,quantity_plus_arrangement,rotated_fraction_gt_5deg,0.05981092183107399,0.0643223367479652,0.05451384983877364,0.05451384983877364
pooled,quantity_plus_arrangement,center_grid_4_0_0,0.044359730519782946,0.03814634918848241,-0.13737925369015758,0.13737925369015758
pooled,quantity_plus_arrangement,center_grid_4_0_1,0.06531907440053221,0.06234962411611477,-0.06881072648956607,0.06881072648956607
pooled,quantity_plus_arrangement,center_grid_4_0_2,0.033946676347538084,0.03939310026327821,0.14803049227596055,0.14803049227596055
pooled,quantity_plus_arrangement,center_grid_4_0_3,0.0280113276667568,0.029745718514253432,0.05232945250089778,0.05232945250089778
pooled,quantity_plus_arrangement,center_grid_4_1_0,0.07534960768563229,0.07720877677742322,0.03578842874175665,0.03578842874175665
pooled,quantity_plus_arrangement,center_grid_4_1_1,0.08953182443452586,0.07365922730588513,-0.2508142385929017,0.2508142385929017
pooled,quantity_plus_arrangement,center_grid_4_1_2,0.06788336122802797,0.0739867972597257,0.09893236506080437,0.09893236506080437
pooled,quantity_plus_arrangement,center_grid_4_1_3,0.06560328198898242,0.07191747533000244,0.11513220542670037,0.11513220542670037
pooled,quantity_plus_arrangement,center_grid_4_2_0,0.0787625631703418,0.0774599702939206,-0.02575091803030777,0.02575091803030777
pooled,quantity_plus_arrangement,center_grid_4_2_1,0.08292332493781542,0.07193329880989141,-0.17497403595950692,0.17497403595950692
pooled,quantity_plus_arrangement,center_grid_4_2_2,0.07010972995553327,0.06927037255823018,-0.014911725707053127,0.014911725707053127
pooled,quantity_plus_arrangement,center_grid_4_2_3,0.06876113884506059,0.08247904889907844,0.2472449237334035,0.2472449237334035
pooled,quantity_plus_arrangement,center_grid_4_3_0,0.06227785038062067,0.04900812811924894,-0.24267708757863918,0.24267708757863918
pooled,quantity_plus_arrangement,center_grid_4_3_1,0.06748090847570797,0.08431812704113159,0.3091816287917653,0.3091816287917653
pooled,quantity_plus_arrangement,center_grid_4_3_2,0.05300805314150608,0.052688603792419735,-0.005672856657518212,0.005672856657518212
pooled,quantity_plus_arrangement,center_grid_4_3_3,0.046671546821635136,0.046435381730913265,-0.004501991555081947,0.004501991555081947
pooled,quantity_plus_arrangement,center_grid_8_0_0,0.006566784473437827,0.007487215919086004,0.0598753376073,0.0598753376073
pooled,quantity_plus_arrangement,center_grid_8_0_1,0.009537036128634055,0.0072893936222291665,-0.12437986204379577,0.12437986204379577
pooled,quantity_plus_arrangement,center_grid_8_0_2,0.010557061337681,0.006959381250092299,-0.21662128278520765,0.21662128278520765
pooled,quantity_plus_arrangement,center_grid_8_0_3,0.013275657004724717,0.013600530894732428,0.017982400317037833,0.017982400317037833
pooled,quantity_plus_arrangement,center_grid_8_0_4,0.007248427629435364,0.009307666848088475,0.1279889364479055,0.1279889364479055
pooled,quantity_plus_arrangement,center_grid_8_0_5,0.0041404535131191736,0.003635142194917514,-0.05129623702772167,0.05129623702772167
pooled,quantity_plus_arrangement,center_grid_8_0_6,0.0029438221063193435,0.006742033433918778,0.32184293316552715,0.32184293316552715
pooled,quantity_plus_arrangement,center_grid_8_0_7,0.007732141323784568,0.005349023048110929,-0.16255725890567543,0.16255725890567543
pooled,quantity_plus_arrangement,center_grid_8_1_0,0.008283376837551011,0.008967522892974866,0.04118280493415562,0.04118280493415562
pooled,quantity_plus_arrangement,center_grid_8_1_1,0.019972533080160015,0.014402216754192341,-0.23598746608355314,0.23598746608355314
pooled,quantity_plus_arrangement,center_grid_8_1_2,0.01268651519829016,0.014171943183366112,0.06858767609613327,0.06858767609613327
pooled,quantity_plus_arrangement,center_grid_8_1_3,0.02879984085983629,0.027617768787923894,-0.040092947091346504,0.040092947091346504
pooled,quantity_plus_arrangement,center_grid_8_1_4,0.011845480674894604,0.015368026536632903,0.1742945636817183,0.1742945636817183
pooled,quantity_plus_arrangement,center_grid_8_1_5,0.010712314530088914,0.011082264683639298,0.022230295142618733,0.022230295142618733
pooled,quantity_plus_arrangement,center_grid_8_1_6,0.010274470155096109,0.010719556986145715,0.028985972259738257,0.028985972259738257
pooled,quantity_plus_arrangement,center_grid_8_1_7,0.007060894081556757,0.006935105046077987,-0.009957843614630748,0.009957843614630748
pooled,quantity_plus_arrangement,center_grid_8_2_0,0.009850237330076622,0.013723790865211674,0.19879406511038916,0.19879406511038916
pooled,quantity_plus_arrangement,center_grid_8_2_1,0.02471919958449689,0.02332130593310034,-0.054122009652486806,0.054122009652486806
pooled,quantity_plus_arrangement,center_grid_8_2_2,0.018132751303429596,0.020265634043738448,0.092756720314694,0.092756720314694
pooled,quantity_plus_arrangement,center_grid_8_2_3,0.027335019474386688,0.013409007345782155,-0.5609619470389907,0.5609619470389907
pooled,quantity_plus_arrangement,center_grid_8_2_4,0.013100450541104511,0.014672905476305304,0.07579965880228348,0.07579965880228348
pooled,quantity_plus_arrangement,center_grid_8_2_5,0.014447902899709434,0.0189788060002655,0.22076289501864058,0.22076289501864058
pooled,quantity_plus_arrangement,center_grid_8_2_6,0.018281827028368974,0.020716225294168274,0.09620900522167362,0.09620900522167362
pooled,quantity_plus_arrangement,center_grid_8_2_7,0.012714886782595957,0.011462646897119016,-0.0656970848231358,0.0656970848231358
pooled,quantity_plus_arrangement,center_grid_8_3_0,0.012422947926152445,0.016095390058955637,0.18446642477791028,0.18446642477791028
pooled,quantity_plus_arrangement,center_grid_8_3_1,0.02835722284490627,0.024068289920155507,-0.15142894223069425,0.15142894223069425
pooled,quantity_plus_arrangement,center_grid_8_3_2,0.020723130905334897,0.02572531270311986,0.16626430784350527,0.16626430784350527
pooled,quantity_plus_arrangement,center_grid_8_3_3,0.023340922751374605,0.014259273213244614,-0.36174895993773354,0.36174895993773354
pooled,quantity_plus_arrangement,center_grid_8_3_4,0.02057696106458203,0.016513416799402967,-0.13943344050629816,0.13943344050629816
pooled,quantity_plus_arrangement,center_grid_8_3_5,0.01975804672263195,0.0238216689837519,0.14913712783455016,0.14913712783455016
pooled,quantity_plus_arrangement,center_grid_8_3_6,0.023029486866283172,0.028444954001259435,0.18949775428094928,0.18949775428094928
pooled,quantity_plus_arrangement,center_grid_8_3_7,0.011577081311734258,0.01129364913745568,-0.014444712629268679,0.014444712629268679
pooled,quantity_plus_arrangement,center_grid_8_4_0,0.013085104786746377,0.01376281423899841,0.03704959554283945,0.03704959554283945
pooled,quantity_plus_arrangement,center_grid_8_4_1,0.026794575586874172,0.026183908171651792,-0.022830641243794456,0.022830641243794456
pooled,quantity_plus_arrangement,center_grid_8_4_2,0.019469162665227652,0.020872214932317067,0.05643325364011986,0.05643325364011986
pooled,quantity_plus_arrangement,center_grid_8_4_3,0.02217639777450933,0.01321564601229246,-0.34882411242381,0.34882411242381
pooled,quantity_plus_arrangement,center_grid_8_4_4,0.018335952636966194,0.01835285181607362,0.0007251664557056202,0.0007251664557056202
pooled,quantity_plus_arrangement,center_grid_8_4_5,0.01954223094320022,0.018549549331751902,-0.0417614396736127,0.0417614396736127
pooled,quantity_plus_arrangement,center_grid_8_4_6,0.024545820389966336,0.029656169029246535,0.17070272539428874,0.17070272539428874
pooled,quantity_plus_arrangement,center_grid_8_4_7,0.011338818600908757,0.011627309560582019,0.015275934688883285,0.015275934688883285
pooled,quantity_plus_arrangement,center_grid_8_5_0,0.015343908865869418,0.01362227867795293,-0.09015345451595894,0.09015345451595894
pooled,quantity_plus_arrangement,center_grid_8_5_1,0.023538973930851765,0.023890969205317424,0.013531122022749753,0.013531122022749753
pooled,quantity_plus_arrangement,center_grid_8_5_2,0.019608335009885496,0.01921244576377344,-0.01244777746969911,0.01244777746969911
pooled,quantity_plus_arrangement,center_grid_8_5_3,0.021669429488192872,0.018632992101508396,-0.11541384717784563,0.11541384717784563
pooled,quantity_plus_arrangement,center_grid_8_5_4,0.013942009512347938,0.016918077100569,0.15466566084486133,0.15466566084486133
pooled,quantity_plus_arrangement,center_grid_8_5_5,0.018289536863018867,0.015449894309835621,-0.10472041837855452,0.10472041837855452
pooled,quantity_plus_arrangement,center_grid_8_5_6,0.02412990524495597,0.028614175648400998,0.1536793719786817,0.1536793719786817
pooled,quantity_plus_arrangement,center_grid_8_5_7,0.008746594609229467,0.012581394660848838,0.24139843033716976,0.24139843033716976
pooled,quantity_plus_arrangement,center_grid_8_6_0,0.014385777441996463,0.009912416555752777,-0.25405390968583447,0.25405390968583447
pooled,quantity_plus_arrangement,center_grid_8_6_1,0.02385548397027184,0.019689665974903757,-0.12332692530302349,0.12332692530302349
pooled,quantity_plus_arrangement,center_grid_8_6_2,0.015648594986076104,0.018090336951537403,0.1049145800162764,0.1049145800162764
pooled,quantity_plus_arrangement,center_grid_8_6_3,0.027116028569603788,0.027305618923603853,0.004928280165069564,0.004928280165069564
pooled,quantity_plus_arrangement,center_grid_8_6_4,0.017290994640892256,0.020938858964895023,0.14364166053901584,0.14364166053901584
pooled,quantity_plus_arrangement,center_grid_8_6_5,0.017428937965921758,0.014410463197655049,-0.11065640611570522,0.11065640611570522
pooled,quantity_plus_arrangement,center_grid_8_6_6,0.020308942001204946,0.019642435979828763,-0.02182917404426628,0.02182917404426628
pooled,quantity_plus_arrangement,center_grid_8_6_7,0.009429326036760994,0.007908848182984575,-0.10061454741808724,0.10061454741808724
pooled,quantity_plus_arrangement,center_grid_8_7_0,0.011130228508325549,0.0070908095929312215,-0.26051174612470307,0.26051174612470307
pooled,quantity_plus_arrangement,center_grid_8_7_1,0.01290636046002677,0.012315235995661157,-0.02987689759165319,0.02987689759165319
pooled,quantity_plus_arrangement,center_grid_8_7_2,0.00946497083061689,0.01651692146187622,0.312541723469072,0.312541723469072
pooled,quantity_plus_arrangement,center_grid_8_7_3,0.01525131408941116,0.022405249704114064,0.3186485032905072,0.3186485032905072
pooled,quantity_plus_arrangement,center_grid_8_7_4,0.010771204950502484,0.0083263251783202,-0.1395721811449589,0.1395721811449589
pooled,quantity_plus_arrangement,center_grid_8_7_5,0.007516915584189534,0.009012956451549438,0.08299736733252265,0.08299736733252265
pooled,quantity_plus_arrangement,center_grid_8_7_6,0.011253222558815444,0.013103953245922433,0.08169865525741303,0.08169865525741303
pooled,quantity_plus_arrangement,center_grid_8_7_7,0.005680056224853721,0.005780144322177468,0.007000567495247085,0.007000567495247085
AcademicPosters,quantity_only,region_count,191.56,191.72,0.004543877898553547,0.004543877898553547
AcademicPosters,quantity_only,union_coverage_norm,0.30831127477014414,0.2159116360322351,-1.7004575251432765,1.7004575251432765
AcademicPosters,quantity_only,sum_box_area_norm,0.31593938787680975,0.21816731256548,-1.706412456706544,1.706412456706544
AcademicPosters,quantity_only,mean_box_area_norm,0.0016848854796388598,0.001162802388532416,-1.4403384984201608,1.4403384984201608
AcademicPosters,quantity_only,median_box_area_norm,0.000887096876664744,0.000677214700829032,-0.46499911222725204,0.46499911222725204
AcademicPosters,quantity_only,std_box_area_norm,0.0023400235083885,0.001860884835801676,-0.9896106408577734,0.9896106408577734
AcademicPosters,quantity_only,mean_box_width_norm,0.10087115323520215,0.07751984263844192,-0.8725186977016556,0.8725186977016556
AcademicPosters,quantity_only,mean_box_height_norm,0.01685829831246712,0.014943940287360354,-0.8731863454459996,0.8731863454459996
AcademicPosters,quantity_only,mean_confidence,0.818955490886699,0.8580760864784029,2.259248824219294,2.259248824219294
AcademicPosters,quantity_only,low_confidence_fraction,0.23187816027009034,0.09521880594682322,-2.047926027561322,2.047926027561322
AcademicPosters,arrangement_only,center_x_mean,0.5424341518471416,0.5008912473738236,-0.8104593446078961,0.8104593446078961
AcademicPosters,arrangement_only,center_x_std,0.2693696330428162,0.2766710051141315,0.3593421556927292,0.3593421556927292
AcademicPosters,arrangement_only,center_y_mean,0.5626084219747757,0.5665388370447435,0.08854175562388511,0.08854175562388511
AcademicPosters,arrangement_only,center_y_std,0.24290139320575627,0.2476048250821242,0.21672359929615534,0.21672359929615534
AcademicPosters,arrangement_only,center_x_span,0.9096651186745279,0.914661493194413,0.19667466915867005,0.19667466915867005
AcademicPosters,arrangement_only,center_y_span,0.933024548386267,0.9478523681740755,0.8594240213472816,0.8594240213472816
AcademicPosters,arrangement_only,nearest_neighbor_mean_norm,0.027156392189943878,0.026499959670771095,-0.19161824388782964,0.19161824388782964
AcademicPosters,arrangement_only,nearest_neighbor_median_norm,0.01986665802594268,0.021013347220361748,0.278273484144378,0.278273484144378
AcademicPosters,arrangement_only,nearest_neighbor_std_norm,0.019886035250496835,0.016791491992901763,-0.8760583163378229,0.8760583163378229
AcademicPosters,arrangement_only,pairwise_distance_mean_norm,0.45678996971149743,0.47255607786171966,0.4806759972228299,0.4806759972228299
AcademicPosters,arrangement_only,pairwise_distance_std_norm,0.23778083513899761,0.23295698770568748,-0.35344812849782237,0.35344812849782237
AcademicPosters,arrangement_only,row_alignment_fraction,0.060612379218825084,0.05277766488593777,-0.6085894656644176,0.6085894656644176
AcademicPosters,arrangement_only,column_alignment_fraction,0.06747878474184221,0.05384437710706056,-1.072720292450038,1.072720292450038
AcademicPosters,arrangement_only,angle_mean_abs_deg,4.444574112602874,3.2059566908078216,-0.4574293730744432,0.4574293730744432
AcademicPosters,arrangement_only,angle_std_deg,16.541444936521327,14.717735222673252,-0.2719729897782173,0.2719729897782173
AcademicPosters,arrangement_only,rotated_fraction_gt_5deg,0.07818462309181996,0.05881269665030081,-0.48694469219099745,0.48694469219099745
AcademicPosters,arrangement_only,center_grid_4_0_0,0.03220213104855444,0.03321549217839619,0.06800655117648781,0.06800655117648781
AcademicPosters,arrangement_only,center_grid_4_0_1,0.03160371448914372,0.03208882554711583,0.034576787234227344,0.034576787234227344
AcademicPosters,arrangement_only,center_grid_4_0_2,0.02949949181276442,0.03263287340416192,0.15641772926856445,0.15641772926856445
AcademicPosters,arrangement_only,center_grid_4_0_3,0.03678988846677485,0.03890391789128065,0.07424394766162291,0.07424394766162291
AcademicPosters,arrangement_only,center_grid_4_1_0,0.05449688533514837,0.06442955945203763,0.4626592906551492,0.4626592906551492
AcademicPosters,arrangement_only,center_grid_4_1_1,0.05191927589253555,0.04790917945153821,-0.15198875826819205,0.15198875826819205
AcademicPosters,arrangement_only,center_grid_4_1_2,0.06570038094066943,0.06520855111998683,-0.013343155788237757,0.013343155788237757
AcademicPosters,arrangement_only,center_grid_4_1_3,0.10101134833302887,0.06449121988182305,-0.6247573654981231,0.6247573654981231
AcademicPosters,arrangement_only,center_grid_4_2_0,0.06771733596057522,0.08322020988509413,0.49296446068503713,0.49296446068503713
AcademicPosters,arrangement_only,center_grid_4_2_1,0.07229760954403053,0.07620634750601935,0.09930539552832078,0.09930539552832078
AcademicPosters,arrangement_only,center_grid_4_2_2,0.07764876556886782,0.09749148666102907,0.3553711819299941,0.3553711819299941
AcademicPosters,arrangement_only,center_grid_4_2_3,0.09255298239812319,0.08797068974040867,-0.08699714148209002,0.08699714148209002
AcademicPosters,arrangement_only,center_grid_4_3_0,0.06475180091838538,0.07293225565547556,0.27162896254705077,0.27162896254705077
AcademicPosters,arrangement_only,center_grid_4_3_1,0.06518562923511008,0.07089135335792494,0.18246559811462704,0.18246559811462704
AcademicPosters,arrangement_only,center_grid_4_3_2,0.08330074831300839,0.0713498147215323,-0.188648854213658,0.188648854213658
AcademicPosters,arrangement_only,center_grid_4_3_3,0.07332201174327901,0.061058223546174954,-0.2688573512237061,0.2688573512237061
AcademicPosters,arrangement_only,center_grid_8_0_0,0.005593270809631789,0.003010833250388556,-0.494642859791514,0.494642859791514
AcademicPosters,arrangement_only,center_grid_8_0_1,0.005310772318586083,0.003822919615359484,-0.28350187159913753,0.28350187159913753
AcademicPosters,arrangement_only,center_grid_8_0_2,0.0024894423811359077,0.007597296389687951,0.8335494156850188,0.8335494156850188
AcademicPosters,arrangement_only,center_grid_8_0_3,0.008573989524885608,0.008046773777980805,-0.07825268344978634,0.07825268344978634
AcademicPosters,arrangement_only,center_grid_8_0_4,0.00883711358544586,0.004579483363154564,-0.5285858277577917,0.5285858277577917
AcademicPosters,arrangement_only,center_grid_8_0_5,0.003633246119483436,0.003910792923659912,0.040863429542389536,0.040863429542389536
AcademicPosters,arrangement_only,center_grid_8_0_6,0.002987589124702808,0.011168169070859012,0.809077602490822,0.809077602490822
AcademicPosters,arrangement_only,center_grid_8_0_7,0.009324724727321205,0.005231351348002349,-0.40204784614892664,0.40204784614892664
AcademicPosters,arrangement_only,center_grid_8_1_0,0.007094080572736314,0.008406413167502104,0.18855359622906895,0.18855359622906895
AcademicPosters,arrangement_only,center_grid_8_1_1,0.014204007347600151,0.017975326145145975,0.3472246714685024,0.3472246714685024
AcademicPosters,arrangement_only,center_grid_8_1_2,0.0054823083035290595,0.0060081174706516,0.07621325286015102,0.07621325286015102
AcademicPosters,arrangement_only,center_grid_8_1_3,0.015057974279593078,0.01043663790879542,-0.47977495278879473,0.47977495278879473
AcademicPosters,arrangement_only,center_grid_8_1_4,0.006556042581568755,0.012132795377113436,0.551554266969349,0.551554266969349
AcademicPosters,arrangement_only,center_grid_8_1_5,0.010473089526266313,0.012009801740233948,0.16734635702336026,0.16734635702336026
AcademicPosters,arrangement_only,center_grid_8_1_6,0.015223171296912774,0.013353167615668763,-0.14648647534495263,0.14648647534495263
AcademicPosters,arrangement_only,center_grid_8_1_7,0.009254403317838,0.00915122985675046,-0.008435407926934901,0.008435407926934901
AcademicPosters,arrangement_only,center_grid_8_2_0,0.009343252224987436,0.01470953551882556,0.4885416241017253,0.4885416241017253
AcademicPosters,arrangement_only,center_grid_8_2_1,0.02174919029398059,0.013827977221467266,-0.6902027772812991,0.6902027772812991
AcademicPosters,arrangement_only,center_grid_8_2_2,0.008614283074392264,0.011053737365608688,0.20992393929798778,0.20992393929798778
AcademicPosters,arrangement_only,center_grid_8_2_3,0.01969585472145569,0.013131842566322528,-0.4994830813002209,0.4994830813002209
AcademicPosters,arrangement_only,center_grid_8_2_4,0.015050431829890507,0.01669291732064778,0.10189481283352447,0.10189481283352447
AcademicPosters,arrangement_only,center_grid_8_2_5,0.020463815044962405,0.020181846881666608,-0.016453330984194756,0.016453330984194756
AcademicPosters,arrangement_only,center_grid_8_2_6,0.03151339112088074,0.017445734494246006,-0.6690045945354305,0.6690045945354305
AcademicPosters,arrangement_only,center_grid_8_2_7,0.022878951901615072,0.014416505798290015,-0.43510533583607086,0.43510533583607086
AcademicPosters,arrangement_only,center_grid_8_3_0,0.007033296084855332,0.020796525587706487,1.3602117151323674,1.3602117151323674
AcademicPosters,arrangement_only,center_grid_8_3_1,0.01637114673132492,0.015095521124038195,-0.10429943382334353,0.10429943382334353
AcademicPosters,arrangement_only,center_grid_8_3_2,0.006940037524743252,0.01094879849068445,0.3647178724882445,0.3647178724882445
AcademicPosters,arrangement_only,center_grid_8_3_3,0.016669100571944265,0.012774801028922464,-0.33243633110540155,0.33243633110540155
AcademicPosters,arrangement_only,center_grid_8_3_4,0.011278036953907156,0.014761792490628136,0.30688997590905925,0.30688997590905925
AcademicPosters,arrangement_only,center_grid_8_3_5,0.018908097111909248,0.013571994427044199,-0.4454501765382774,0.4454501765382774
AcademicPosters,arrangement_only,center_grid_8_3_6,0.026101550718717243,0.02056849909552492,-0.28910249096465646,0.28910249096465646
AcademicPosters,arrangement_only,center_grid_8_3_7,0.020517454591815705,0.012060480493762018,-0.3932296922899535,0.3932296922899535
AcademicPosters,arrangement_only,center_grid_8_4_0,0.01116401054981751,0.019707273414819707,0.8164922237216484,0.8164922237216484
AcademicPosters,arrangement_only,center_grid_8_4_1,0.01974070370072952,0.019345157483870036,-0.03870557357643451,0.03870557357643451
AcademicPosters,arrangement_only,center_grid_8_4_2,0.005510816824720119,0.019386864716726713,1.1541358753370998,1.1541358753370998
AcademicPosters,arrangement_only,center_grid_8_4_3,0.021408840128631885,0.016899457329879724,-0.3786535614914454,0.3786535614914454
AcademicPosters,arrangement_only,center_grid_8_4_4,0.013089504638518643,0.024964365873392232,0.7713950769680694,0.7713950769680694
AcademicPosters,arrangement_only,center_grid_8_4_5,0.017378115899953497,0.022979020506308845,0.32799747505413474,0.32799747505413474
AcademicPosters,arrangement_only,center_grid_8_4_6,0.03529940234071795,0.025837996381322097,-0.42844177519358007,0.42844177519358007
AcademicPosters,arrangement_only,center_grid_8_4_7,0.02137034477979093,0.020348506922484036,-0.041588867570951,0.041588867570951
AcademicPosters,arrangement_only,center_grid_8_5_0,0.015870707913705304,0.023453713015237413,0.601339301170353,0.601339301170353
AcademicPosters,arrangement_only,center_grid_8_5_1,0.02094191379632275,0.020714065971166876,-0.014632422011449226,0.014632422011449226
AcademicPosters,arrangement_only,center_grid_8_5_2,0.0162259278015895,0.02271633665992025,0.3542961496196205,0.3542961496196205
AcademicPosters,arrangement_only,center_grid_8_5_3,0.029152024789088918,0.017203688799492526,-0.5954391157016538,0.5954391157016538
AcademicPosters,arrangement_only,center_grid_8_5_4,0.023059660516786092,0.025996070338569828,0.15374053305629104,0.15374053305629104
AcademicPosters,arrangement_only,center_grid_8_5_5,0.024121484513609494,0.02355202994275807,-0.019045685801803037,0.019045685801803037
AcademicPosters,arrangement_only,center_grid_8_5_6,0.024934959224426696,0.02196103725265862,-0.1797693506371441,0.1797693506371441
AcademicPosters,arrangement_only,center_grid_8_5_7,0.010948276053187503,0.01982314918394383,0.6580208785854766,0.6580208785854766
AcademicPosters,arrangement_only,center_grid_8_6_0,0.015919335093004267,0.01893425943547888,0.2611814243160997,0.2611814243160997
AcademicPosters,arrangement_only,center_grid_8_6_1,0.02083384197977074,0.019803764699280087,-0.07232040080001512,0.07232040080001512
AcademicPosters,arrangement_only,center_grid_8_6_2,0.015842588597838488,0.018616982129119938,0.15298627224080508,0.15298627224080508
AcademicPosters,arrangement_only,center_grid_8_6_3,0.024481285958638938,0.017786816653760872,-0.3932451538373866,0.3932451538373866
AcademicPosters,arrangement_only,center_grid_8_6_4,0.024344192895853465,0.025497438228531344,0.06443577695150893,0.06443577695150893
AcademicPosters,arrangement_only,center_grid_8_6_5,0.026079854210929926,0.018946271007184753,-0.2162656023689384,0.2162656023689384
AcademicPosters,arrangement_only,center_grid_8_6_6,0.02461412457319247,0.025792001965381325,0.05791278962637495,0.05791278962637495
AcademicPosters,arrangement_only,center_grid_8_6_7,0.015672545859154268,0.010516860330062616,-0.324610465331325,0.324610465331325
AcademicPosters,arrangement_only,center_grid_8_7_0,0.010465047817958165,0.01694911627870824,0.63658748037548,0.63658748037548
AcademicPosters,arrangement_only,center_grid_8_7_1,0.017533576027652074,0.017245115242008245,-0.019469467323279338,0.019469467323279338
AcademicPosters,arrangement_only,center_grid_8_7_2,0.008455782158418206,0.018696069438456978,0.9190015667360403,0.9190015667360403
AcademicPosters,arrangement_only,center_grid_8_7_3,0.01640597252021436,0.015791485136587048,-0.051210278824057535,0.051210278824057535
AcademicPosters,arrangement_only,center_grid_8_7_4,0.01706618685228343,0.015459054504965557,-0.1267664896645063,0.1267664896645063
AcademicPosters,arrangement_only,center_grid_8_7_5,0.01581051435394145,0.011447050980850535,-0.2576818079366634,0.2576818079366634
AcademicPosters,arrangement_only,center_grid_8_7_6,0.02356033411581198,0.015663333904760605,-0.447375495653039,0.447375495653039
AcademicPosters,arrangement_only,center_grid_8_7_7,0.009475007195120212,0.009086027345970303,-0.031899958084267904,0.031899958084267904
AcademicPosters,arrangement_base_only,center_x_mean,0.5424341518471416,0.5008912473738236,-0.8104593446078961,0.8104593446078961
AcademicPosters,arrangement_base_only,center_x_std,0.2693696330428162,0.2766710051141315,0.3593421556927292,0.3593421556927292
AcademicPosters,arrangement_base_only,center_y_mean,0.5626084219747757,0.5665388370447435,0.08854175562388511,0.08854175562388511
AcademicPosters,arrangement_base_only,center_y_std,0.24290139320575627,0.2476048250821242,0.21672359929615534,0.21672359929615534
AcademicPosters,arrangement_base_only,center_x_span,0.9096651186745279,0.914661493194413,0.19667466915867005,0.19667466915867005
AcademicPosters,arrangement_base_only,center_y_span,0.933024548386267,0.9478523681740755,0.8594240213472816,0.8594240213472816
AcademicPosters,arrangement_base_only,nearest_neighbor_mean_norm,0.027156392189943878,0.026499959670771095,-0.19161824388782964,0.19161824388782964
AcademicPosters,arrangement_base_only,nearest_neighbor_median_norm,0.01986665802594268,0.021013347220361748,0.278273484144378,0.278273484144378
AcademicPosters,arrangement_base_only,nearest_neighbor_std_norm,0.019886035250496835,0.016791491992901763,-0.8760583163378229,0.8760583163378229
AcademicPosters,arrangement_base_only,pairwise_distance_mean_norm,0.45678996971149743,0.47255607786171966,0.4806759972228299,0.4806759972228299
AcademicPosters,arrangement_base_only,pairwise_distance_std_norm,0.23778083513899761,0.23295698770568748,-0.35344812849782237,0.35344812849782237
AcademicPosters,arrangement_base_only,row_alignment_fraction,0.060612379218825084,0.05277766488593777,-0.6085894656644176,0.6085894656644176
AcademicPosters,arrangement_base_only,column_alignment_fraction,0.06747878474184221,0.05384437710706056,-1.072720292450038,1.072720292450038
AcademicPosters,arrangement_base_only,angle_mean_abs_deg,4.444574112602874,3.2059566908078216,-0.4574293730744432,0.4574293730744432
AcademicPosters,arrangement_base_only,angle_std_deg,16.541444936521327,14.717735222673252,-0.2719729897782173,0.2719729897782173
AcademicPosters,arrangement_base_only,rotated_fraction_gt_5deg,0.07818462309181996,0.05881269665030081,-0.48694469219099745,0.48694469219099745
AcademicPosters,arrangement_4x4_only,center_x_mean,0.5424341518471416,0.5008912473738236,-0.8104593446078961,0.8104593446078961
AcademicPosters,arrangement_4x4_only,center_x_std,0.2693696330428162,0.2766710051141315,0.3593421556927292,0.3593421556927292
AcademicPosters,arrangement_4x4_only,center_y_mean,0.5626084219747757,0.5665388370447435,0.08854175562388511,0.08854175562388511
AcademicPosters,arrangement_4x4_only,center_y_std,0.24290139320575627,0.2476048250821242,0.21672359929615534,0.21672359929615534
AcademicPosters,arrangement_4x4_only,center_x_span,0.9096651186745279,0.914661493194413,0.19667466915867005,0.19667466915867005
AcademicPosters,arrangement_4x4_only,center_y_span,0.933024548386267,0.9478523681740755,0.8594240213472816,0.8594240213472816
AcademicPosters,arrangement_4x4_only,nearest_neighbor_mean_norm,0.027156392189943878,0.026499959670771095,-0.19161824388782964,0.19161824388782964
AcademicPosters,arrangement_4x4_only,nearest_neighbor_median_norm,0.01986665802594268,0.021013347220361748,0.278273484144378,0.278273484144378
AcademicPosters,arrangement_4x4_only,nearest_neighbor_std_norm,0.019886035250496835,0.016791491992901763,-0.8760583163378229,0.8760583163378229
AcademicPosters,arrangement_4x4_only,pairwise_distance_mean_norm,0.45678996971149743,0.47255607786171966,0.4806759972228299,0.4806759972228299
AcademicPosters,arrangement_4x4_only,pairwise_distance_std_norm,0.23778083513899761,0.23295698770568748,-0.35344812849782237,0.35344812849782237
AcademicPosters,arrangement_4x4_only,row_alignment_fraction,0.060612379218825084,0.05277766488593777,-0.6085894656644176,0.6085894656644176
AcademicPosters,arrangement_4x4_only,column_alignment_fraction,0.06747878474184221,0.05384437710706056,-1.072720292450038,1.072720292450038
AcademicPosters,arrangement_4x4_only,angle_mean_abs_deg,4.444574112602874,3.2059566908078216,-0.4574293730744432,0.4574293730744432
AcademicPosters,arrangement_4x4_only,angle_std_deg,16.541444936521327,14.717735222673252,-0.2719729897782173,0.2719729897782173
AcademicPosters,arrangement_4x4_only,rotated_fraction_gt_5deg,0.07818462309181996,0.05881269665030081,-0.48694469219099745,0.48694469219099745
AcademicPosters,arrangement_4x4_only,center_grid_4_0_0,0.03220213104855444,0.03321549217839619,0.06800655117648781,0.06800655117648781
AcademicPosters,arrangement_4x4_only,center_grid_4_0_1,0.03160371448914372,0.03208882554711583,0.034576787234227344,0.034576787234227344
AcademicPosters,arrangement_4x4_only,center_grid_4_0_2,0.02949949181276442,0.03263287340416192,0.15641772926856445,0.15641772926856445
AcademicPosters,arrangement_4x4_only,center_grid_4_0_3,0.03678988846677485,0.03890391789128065,0.07424394766162291,0.07424394766162291
AcademicPosters,arrangement_4x4_only,center_grid_4_1_0,0.05449688533514837,0.06442955945203763,0.4626592906551492,0.4626592906551492
AcademicPosters,arrangement_4x4_only,center_grid_4_1_1,0.05191927589253555,0.04790917945153821,-0.15198875826819205,0.15198875826819205
AcademicPosters,arrangement_4x4_only,center_grid_4_1_2,0.06570038094066943,0.06520855111998683,-0.013343155788237757,0.013343155788237757
AcademicPosters,arrangement_4x4_only,center_grid_4_1_3,0.10101134833302887,0.06449121988182305,-0.6247573654981231,0.6247573654981231
AcademicPosters,arrangement_4x4_only,center_grid_4_2_0,0.06771733596057522,0.08322020988509413,0.49296446068503713,0.49296446068503713
AcademicPosters,arrangement_4x4_only,center_grid_4_2_1,0.07229760954403053,0.07620634750601935,0.09930539552832078,0.09930539552832078
AcademicPosters,arrangement_4x4_only,center_grid_4_2_2,0.07764876556886782,0.09749148666102907,0.3553711819299941,0.3553711819299941
AcademicPosters,arrangement_4x4_only,center_grid_4_2_3,0.09255298239812319,0.08797068974040867,-0.08699714148209002,0.08699714148209002
AcademicPosters,arrangement_4x4_only,center_grid_4_3_0,0.06475180091838538,0.07293225565547556,0.27162896254705077,0.27162896254705077
AcademicPosters,arrangement_4x4_only,center_grid_4_3_1,0.06518562923511008,0.07089135335792494,0.18246559811462704,0.18246559811462704
AcademicPosters,arrangement_4x4_only,center_grid_4_3_2,0.08330074831300839,0.0713498147215323,-0.188648854213658,0.188648854213658
AcademicPosters,arrangement_4x4_only,center_grid_4_3_3,0.07332201174327901,0.061058223546174954,-0.2688573512237061,0.2688573512237061
AcademicPosters,arrangement_8x8_only,center_x_mean,0.5424341518471416,0.5008912473738236,-0.8104593446078961,0.8104593446078961
AcademicPosters,arrangement_8x8_only,center_x_std,0.2693696330428162,0.2766710051141315,0.3593421556927292,0.3593421556927292
AcademicPosters,arrangement_8x8_only,center_y_mean,0.5626084219747757,0.5665388370447435,0.08854175562388511,0.08854175562388511
AcademicPosters,arrangement_8x8_only,center_y_std,0.24290139320575627,0.2476048250821242,0.21672359929615534,0.21672359929615534
AcademicPosters,arrangement_8x8_only,center_x_span,0.9096651186745279,0.914661493194413,0.19667466915867005,0.19667466915867005
AcademicPosters,arrangement_8x8_only,center_y_span,0.933024548386267,0.9478523681740755,0.8594240213472816,0.8594240213472816
AcademicPosters,arrangement_8x8_only,nearest_neighbor_mean_norm,0.027156392189943878,0.026499959670771095,-0.19161824388782964,0.19161824388782964
AcademicPosters,arrangement_8x8_only,nearest_neighbor_median_norm,0.01986665802594268,0.021013347220361748,0.278273484144378,0.278273484144378
AcademicPosters,arrangement_8x8_only,nearest_neighbor_std_norm,0.019886035250496835,0.016791491992901763,-0.8760583163378229,0.8760583163378229
AcademicPosters,arrangement_8x8_only,pairwise_distance_mean_norm,0.45678996971149743,0.47255607786171966,0.4806759972228299,0.4806759972228299
AcademicPosters,arrangement_8x8_only,pairwise_distance_std_norm,0.23778083513899761,0.23295698770568748,-0.35344812849782237,0.35344812849782237
AcademicPosters,arrangement_8x8_only,row_alignment_fraction,0.060612379218825084,0.05277766488593777,-0.6085894656644176,0.6085894656644176
AcademicPosters,arrangement_8x8_only,column_alignment_fraction,0.06747878474184221,0.05384437710706056,-1.072720292450038,1.072720292450038
AcademicPosters,arrangement_8x8_only,angle_mean_abs_deg,4.444574112602874,3.2059566908078216,-0.4574293730744432,0.4574293730744432
AcademicPosters,arrangement_8x8_only,angle_std_deg,16.541444936521327,14.717735222673252,-0.2719729897782173,0.2719729897782173
AcademicPosters,arrangement_8x8_only,rotated_fraction_gt_5deg,0.07818462309181996,0.05881269665030081,-0.48694469219099745,0.48694469219099745
AcademicPosters,arrangement_8x8_only,center_grid_8_0_0,0.005593270809631789,0.003010833250388556,-0.494642859791514,0.494642859791514
AcademicPosters,arrangement_8x8_only,center_grid_8_0_1,0.005310772318586083,0.003822919615359484,-0.28350187159913753,0.28350187159913753
AcademicPosters,arrangement_8x8_only,center_grid_8_0_2,0.0024894423811359077,0.007597296389687951,0.8335494156850188,0.8335494156850188
AcademicPosters,arrangement_8x8_only,center_grid_8_0_3,0.008573989524885608,0.008046773777980805,-0.07825268344978634,0.07825268344978634
AcademicPosters,arrangement_8x8_only,center_grid_8_0_4,0.00883711358544586,0.004579483363154564,-0.5285858277577917,0.5285858277577917
AcademicPosters,arrangement_8x8_only,center_grid_8_0_5,0.003633246119483436,0.003910792923659912,0.040863429542389536,0.040863429542389536
AcademicPosters,arrangement_8x8_only,center_grid_8_0_6,0.002987589124702808,0.011168169070859012,0.809077602490822,0.809077602490822
AcademicPosters,arrangement_8x8_only,center_grid_8_0_7,0.009324724727321205,0.005231351348002349,-0.40204784614892664,0.40204784614892664
AcademicPosters,arrangement_8x8_only,center_grid_8_1_0,0.007094080572736314,0.008406413167502104,0.18855359622906895,0.18855359622906895
AcademicPosters,arrangement_8x8_only,center_grid_8_1_1,0.014204007347600151,0.017975326145145975,0.3472246714685024,0.3472246714685024
AcademicPosters,arrangement_8x8_only,center_grid_8_1_2,0.0054823083035290595,0.0060081174706516,0.07621325286015102,0.07621325286015102
AcademicPosters,arrangement_8x8_only,center_grid_8_1_3,0.015057974279593078,0.01043663790879542,-0.47977495278879473,0.47977495278879473
AcademicPosters,arrangement_8x8_only,center_grid_8_1_4,0.006556042581568755,0.012132795377113436,0.551554266969349,0.551554266969349
AcademicPosters,arrangement_8x8_only,center_grid_8_1_5,0.010473089526266313,0.012009801740233948,0.16734635702336026,0.16734635702336026
AcademicPosters,arrangement_8x8_only,center_grid_8_1_6,0.015223171296912774,0.013353167615668763,-0.14648647534495263,0.14648647534495263
AcademicPosters,arrangement_8x8_only,center_grid_8_1_7,0.009254403317838,0.00915122985675046,-0.008435407926934901,0.008435407926934901
AcademicPosters,arrangement_8x8_only,center_grid_8_2_0,0.009343252224987436,0.01470953551882556,0.4885416241017253,0.4885416241017253
AcademicPosters,arrangement_8x8_only,center_grid_8_2_1,0.02174919029398059,0.013827977221467266,-0.6902027772812991,0.6902027772812991
AcademicPosters,arrangement_8x8_only,center_grid_8_2_2,0.008614283074392264,0.011053737365608688,0.20992393929798778,0.20992393929798778
AcademicPosters,arrangement_8x8_only,center_grid_8_2_3,0.01969585472145569,0.013131842566322528,-0.4994830813002209,0.4994830813002209
AcademicPosters,arrangement_8x8_only,center_grid_8_2_4,0.015050431829890507,0.01669291732064778,0.10189481283352447,0.10189481283352447
AcademicPosters,arrangement_8x8_only,center_grid_8_2_5,0.020463815044962405,0.020181846881666608,-0.016453330984194756,0.016453330984194756
AcademicPosters,arrangement_8x8_only,center_grid_8_2_6,0.03151339112088074,0.017445734494246006,-0.6690045945354305,0.6690045945354305
AcademicPosters,arrangement_8x8_only,center_grid_8_2_7,0.022878951901615072,0.014416505798290015,-0.43510533583607086,0.43510533583607086
AcademicPosters,arrangement_8x8_only,center_grid_8_3_0,0.007033296084855332,0.020796525587706487,1.3602117151323674,1.3602117151323674
AcademicPosters,arrangement_8x8_only,center_grid_8_3_1,0.01637114673132492,0.015095521124038195,-0.10429943382334353,0.10429943382334353
AcademicPosters,arrangement_8x8_only,center_grid_8_3_2,0.006940037524743252,0.01094879849068445,0.3647178724882445,0.3647178724882445
AcademicPosters,arrangement_8x8_only,center_grid_8_3_3,0.016669100571944265,0.012774801028922464,-0.33243633110540155,0.33243633110540155
AcademicPosters,arrangement_8x8_only,center_grid_8_3_4,0.011278036953907156,0.014761792490628136,0.30688997590905925,0.30688997590905925
AcademicPosters,arrangement_8x8_only,center_grid_8_3_5,0.018908097111909248,0.013571994427044199,-0.4454501765382774,0.4454501765382774
AcademicPosters,arrangement_8x8_only,center_grid_8_3_6,0.026101550718717243,0.02056849909552492,-0.28910249096465646,0.28910249096465646
AcademicPosters,arrangement_8x8_only,center_grid_8_3_7,0.020517454591815705,0.012060480493762018,-0.3932296922899535,0.3932296922899535
AcademicPosters,arrangement_8x8_only,center_grid_8_4_0,0.01116401054981751,0.019707273414819707,0.8164922237216484,0.8164922237216484
AcademicPosters,arrangement_8x8_only,center_grid_8_4_1,0.01974070370072952,0.019345157483870036,-0.03870557357643451,0.03870557357643451
AcademicPosters,arrangement_8x8_only,center_grid_8_4_2,0.005510816824720119,0.019386864716726713,1.1541358753370998,1.1541358753370998
AcademicPosters,arrangement_8x8_only,center_grid_8_4_3,0.021408840128631885,0.016899457329879724,-0.3786535614914454,0.3786535614914454
AcademicPosters,arrangement_8x8_only,center_grid_8_4_4,0.013089504638518643,0.024964365873392232,0.7713950769680694,0.7713950769680694
AcademicPosters,arrangement_8x8_only,center_grid_8_4_5,0.017378115899953497,0.022979020506308845,0.32799747505413474,0.32799747505413474
AcademicPosters,arrangement_8x8_only,center_grid_8_4_6,0.03529940234071795,0.025837996381322097,-0.42844177519358007,0.42844177519358007
AcademicPosters,arrangement_8x8_only,center_grid_8_4_7,0.02137034477979093,0.020348506922484036,-0.041588867570951,0.041588867570951
AcademicPosters,arrangement_8x8_only,center_grid_8_5_0,0.015870707913705304,0.023453713015237413,0.601339301170353,0.601339301170353
AcademicPosters,arrangement_8x8_only,center_grid_8_5_1,0.02094191379632275,0.020714065971166876,-0.014632422011449226,0.014632422011449226
AcademicPosters,arrangement_8x8_only,center_grid_8_5_2,0.0162259278015895,0.02271633665992025,0.3542961496196205,0.3542961496196205
AcademicPosters,arrangement_8x8_only,center_grid_8_5_3,0.029152024789088918,0.017203688799492526,-0.5954391157016538,0.5954391157016538
AcademicPosters,arrangement_8x8_only,center_grid_8_5_4,0.023059660516786092,0.025996070338569828,0.15374053305629104,0.15374053305629104
AcademicPosters,arrangement_8x8_only,center_grid_8_5_5,0.024121484513609494,0.02355202994275807,-0.019045685801803037,0.019045685801803037
AcademicPosters,arrangement_8x8_only,center_grid_8_5_6,0.024934959224426696,0.02196103725265862,-0.1797693506371441,0.1797693506371441
AcademicPosters,arrangement_8x8_only,center_grid_8_5_7,0.010948276053187503,0.01982314918394383,0.6580208785854766,0.6580208785854766
AcademicPosters,arrangement_8x8_only,center_grid_8_6_0,0.015919335093004267,0.01893425943547888,0.2611814243160997,0.2611814243160997
AcademicPosters,arrangement_8x8_only,center_grid_8_6_1,0.02083384197977074,0.019803764699280087,-0.07232040080001512,0.07232040080001512
AcademicPosters,arrangement_8x8_only,center_grid_8_6_2,0.015842588597838488,0.018616982129119938,0.15298627224080508,0.15298627224080508
AcademicPosters,arrangement_8x8_only,center_grid_8_6_3,0.024481285958638938,0.017786816653760872,-0.3932451538373866,0.3932451538373866
AcademicPosters,arrangement_8x8_only,center_grid_8_6_4,0.024344192895853465,0.025497438228531344,0.06443577695150893,0.06443577695150893
AcademicPosters,arrangement_8x8_only,center_grid_8_6_5,0.026079854210929926,0.018946271007184753,-0.2162656023689384,0.2162656023689384
AcademicPosters,arrangement_8x8_only,center_grid_8_6_6,0.02461412457319247,0.025792001965381325,0.05791278962637495,0.05791278962637495
AcademicPosters,arrangement_8x8_only,center_grid_8_6_7,0.015672545859154268,0.010516860330062616,-0.324610465331325,0.324610465331325
AcademicPosters,arrangement_8x8_only,center_grid_8_7_0,0.010465047817958165,0.01694911627870824,0.63658748037548,0.63658748037548
AcademicPosters,arrangement_8x8_only,center_grid_8_7_1,0.017533576027652074,0.017245115242008245,-0.019469467323279338,0.019469467323279338
AcademicPosters,arrangement_8x8_only,center_grid_8_7_2,0.008455782158418206,0.018696069438456978,0.9190015667360403,0.9190015667360403
AcademicPosters,arrangement_8x8_only,center_grid_8_7_3,0.01640597252021436,0.015791485136587048,-0.051210278824057535,0.051210278824057535
AcademicPosters,arrangement_8x8_only,center_grid_8_7_4,0.01706618685228343,0.015459054504965557,-0.1267664896645063,0.1267664896645063
AcademicPosters,arrangement_8x8_only,center_grid_8_7_5,0.01581051435394145,0.011447050980850535,-0.2576818079366634,0.2576818079366634
AcademicPosters,arrangement_8x8_only,center_grid_8_7_6,0.02356033411581198,0.015663333904760605,-0.447375495653039,0.447375495653039
AcademicPosters,arrangement_8x8_only,center_grid_8_7_7,0.009475007195120212,0.009086027345970303,-0.031899958084267904,0.031899958084267904
AcademicPosters,quantity_plus_arrangement,region_count,191.56,191.72,0.004543877898553547,0.004543877898553547
AcademicPosters,quantity_plus_arrangement,union_coverage_norm,0.30831127477014414,0.2159116360322351,-1.7004575251432765,1.7004575251432765
AcademicPosters,quantity_plus_arrangement,sum_box_area_norm,0.31593938787680975,0.21816731256548,-1.706412456706544,1.706412456706544
AcademicPosters,quantity_plus_arrangement,mean_box_area_norm,0.0016848854796388598,0.001162802388532416,-1.4403384984201608,1.4403384984201608
AcademicPosters,quantity_plus_arrangement,median_box_area_norm,0.000887096876664744,0.000677214700829032,-0.46499911222725204,0.46499911222725204
AcademicPosters,quantity_plus_arrangement,std_box_area_norm,0.0023400235083885,0.001860884835801676,-0.9896106408577734,0.9896106408577734
AcademicPosters,quantity_plus_arrangement,mean_box_width_norm,0.10087115323520215,0.07751984263844192,-0.8725186977016556,0.8725186977016556
AcademicPosters,quantity_plus_arrangement,mean_box_height_norm,0.01685829831246712,0.014943940287360354,-0.8731863454459996,0.8731863454459996
AcademicPosters,quantity_plus_arrangement,mean_confidence,0.818955490886699,0.8580760864784029,2.259248824219294,2.259248824219294
AcademicPosters,quantity_plus_arrangement,low_confidence_fraction,0.23187816027009034,0.09521880594682322,-2.047926027561322,2.047926027561322
AcademicPosters,quantity_plus_arrangement,center_x_mean,0.5424341518471416,0.5008912473738236,-0.8104593446078961,0.8104593446078961
AcademicPosters,quantity_plus_arrangement,center_x_std,0.2693696330428162,0.2766710051141315,0.3593421556927292,0.3593421556927292
AcademicPosters,quantity_plus_arrangement,center_y_mean,0.5626084219747757,0.5665388370447435,0.08854175562388511,0.08854175562388511
AcademicPosters,quantity_plus_arrangement,center_y_std,0.24290139320575627,0.2476048250821242,0.21672359929615534,0.21672359929615534
AcademicPosters,quantity_plus_arrangement,center_x_span,0.9096651186745279,0.914661493194413,0.19667466915867005,0.19667466915867005
AcademicPosters,quantity_plus_arrangement,center_y_span,0.933024548386267,0.9478523681740755,0.8594240213472816,0.8594240213472816
AcademicPosters,quantity_plus_arrangement,nearest_neighbor_mean_norm,0.027156392189943878,0.026499959670771095,-0.19161824388782964,0.19161824388782964
AcademicPosters,quantity_plus_arrangement,nearest_neighbor_median_norm,0.01986665802594268,0.021013347220361748,0.278273484144378,0.278273484144378
AcademicPosters,quantity_plus_arrangement,nearest_neighbor_std_norm,0.019886035250496835,0.016791491992901763,-0.8760583163378229,0.8760583163378229
AcademicPosters,quantity_plus_arrangement,pairwise_distance_mean_norm,0.45678996971149743,0.47255607786171966,0.4806759972228299,0.4806759972228299
AcademicPosters,quantity_plus_arrangement,pairwise_distance_std_norm,0.23778083513899761,0.23295698770568748,-0.35344812849782237,0.35344812849782237
AcademicPosters,quantity_plus_arrangement,row_alignment_fraction,0.060612379218825084,0.05277766488593777,-0.6085894656644176,0.6085894656644176
AcademicPosters,quantity_plus_arrangement,column_alignment_fraction,0.06747878474184221,0.05384437710706056,-1.072720292450038,1.072720292450038
AcademicPosters,quantity_plus_arrangement,angle_mean_abs_deg,4.444574112602874,3.2059566908078216,-0.4574293730744432,0.4574293730744432
AcademicPosters,quantity_plus_arrangement,angle_std_deg,16.541444936521327,14.717735222673252,-0.2719729897782173,0.2719729897782173
AcademicPosters,quantity_plus_arrangement,rotated_fraction_gt_5deg,0.07818462309181996,0.05881269665030081,-0.48694469219099745,0.48694469219099745
AcademicPosters,quantity_plus_arrangement,center_grid_4_0_0,0.03220213104855444,0.03321549217839619,0.06800655117648781,0.06800655117648781
AcademicPosters,quantity_plus_arrangement,center_grid_4_0_1,0.03160371448914372,0.03208882554711583,0.034576787234227344,0.034576787234227344
AcademicPosters,quantity_plus_arrangement,center_grid_4_0_2,0.02949949181276442,0.03263287340416192,0.15641772926856445,0.15641772926856445
AcademicPosters,quantity_plus_arrangement,center_grid_4_0_3,0.03678988846677485,0.03890391789128065,0.07424394766162291,0.07424394766162291
AcademicPosters,quantity_plus_arrangement,center_grid_4_1_0,0.05449688533514837,0.06442955945203763,0.4626592906551492,0.4626592906551492
AcademicPosters,quantity_plus_arrangement,center_grid_4_1_1,0.05191927589253555,0.04790917945153821,-0.15198875826819205,0.15198875826819205
AcademicPosters,quantity_plus_arrangement,center_grid_4_1_2,0.06570038094066943,0.06520855111998683,-0.013343155788237757,0.013343155788237757
AcademicPosters,quantity_plus_arrangement,center_grid_4_1_3,0.10101134833302887,0.06449121988182305,-0.6247573654981231,0.6247573654981231
AcademicPosters,quantity_plus_arrangement,center_grid_4_2_0,0.06771733596057522,0.08322020988509413,0.49296446068503713,0.49296446068503713
AcademicPosters,quantity_plus_arrangement,center_grid_4_2_1,0.07229760954403053,0.07620634750601935,0.09930539552832078,0.09930539552832078
AcademicPosters,quantity_plus_arrangement,center_grid_4_2_2,0.07764876556886782,0.09749148666102907,0.3553711819299941,0.3553711819299941
AcademicPosters,quantity_plus_arrangement,center_grid_4_2_3,0.09255298239812319,0.08797068974040867,-0.08699714148209002,0.08699714148209002
AcademicPosters,quantity_plus_arrangement,center_grid_4_3_0,0.06475180091838538,0.07293225565547556,0.27162896254705077,0.27162896254705077
AcademicPosters,quantity_plus_arrangement,center_grid_4_3_1,0.06518562923511008,0.07089135335792494,0.18246559811462704,0.18246559811462704
AcademicPosters,quantity_plus_arrangement,center_grid_4_3_2,0.08330074831300839,0.0713498147215323,-0.188648854213658,0.188648854213658
AcademicPosters,quantity_plus_arrangement,center_grid_4_3_3,0.07332201174327901,0.061058223546174954,-0.2688573512237061,0.2688573512237061
AcademicPosters,quantity_plus_arrangement,center_grid_8_0_0,0.005593270809631789,0.003010833250388556,-0.494642859791514,0.494642859791514
AcademicPosters,quantity_plus_arrangement,center_grid_8_0_1,0.005310772318586083,0.003822919615359484,-0.28350187159913753,0.28350187159913753
AcademicPosters,quantity_plus_arrangement,center_grid_8_0_2,0.0024894423811359077,0.007597296389687951,0.8335494156850188,0.8335494156850188
AcademicPosters,quantity_plus_arrangement,center_grid_8_0_3,0.008573989524885608,0.008046773777980805,-0.07825268344978634,0.07825268344978634
AcademicPosters,quantity_plus_arrangement,center_grid_8_0_4,0.00883711358544586,0.004579483363154564,-0.5285858277577917,0.5285858277577917
AcademicPosters,quantity_plus_arrangement,center_grid_8_0_5,0.003633246119483436,0.003910792923659912,0.040863429542389536,0.040863429542389536
AcademicPosters,quantity_plus_arrangement,center_grid_8_0_6,0.002987589124702808,0.011168169070859012,0.809077602490822,0.809077602490822
AcademicPosters,quantity_plus_arrangement,center_grid_8_0_7,0.009324724727321205,0.005231351348002349,-0.40204784614892664,0.40204784614892664
AcademicPosters,quantity_plus_arrangement,center_grid_8_1_0,0.007094080572736314,0.008406413167502104,0.18855359622906895,0.18855359622906895
AcademicPosters,quantity_plus_arrangement,center_grid_8_1_1,0.014204007347600151,0.017975326145145975,0.3472246714685024,0.3472246714685024
AcademicPosters,quantity_plus_arrangement,center_grid_8_1_2,0.0054823083035290595,0.0060081174706516,0.07621325286015102,0.07621325286015102
AcademicPosters,quantity_plus_arrangement,center_grid_8_1_3,0.015057974279593078,0.01043663790879542,-0.47977495278879473,0.47977495278879473
AcademicPosters,quantity_plus_arrangement,center_grid_8_1_4,0.006556042581568755,0.012132795377113436,0.551554266969349,0.551554266969349
AcademicPosters,quantity_plus_arrangement,center_grid_8_1_5,0.010473089526266313,0.012009801740233948,0.16734635702336026,0.16734635702336026
AcademicPosters,quantity_plus_arrangement,center_grid_8_1_6,0.015223171296912774,0.013353167615668763,-0.14648647534495263,0.14648647534495263
AcademicPosters,quantity_plus_arrangement,center_grid_8_1_7,0.009254403317838,0.00915122985675046,-0.008435407926934901,0.008435407926934901
AcademicPosters,quantity_plus_arrangement,center_grid_8_2_0,0.009343252224987436,0.01470953551882556,0.4885416241017253,0.4885416241017253
AcademicPosters,quantity_plus_arrangement,center_grid_8_2_1,0.02174919029398059,0.013827977221467266,-0.6902027772812991,0.6902027772812991
AcademicPosters,quantity_plus_arrangement,center_grid_8_2_2,0.008614283074392264,0.011053737365608688,0.20992393929798778,0.20992393929798778
AcademicPosters,quantity_plus_arrangement,center_grid_8_2_3,0.01969585472145569,0.013131842566322528,-0.4994830813002209,0.4994830813002209
AcademicPosters,quantity_plus_arrangement,center_grid_8_2_4,0.015050431829890507,0.01669291732064778,0.10189481283352447,0.10189481283352447
AcademicPosters,quantity_plus_arrangement,center_grid_8_2_5,0.020463815044962405,0.020181846881666608,-0.016453330984194756,0.016453330984194756
AcademicPosters,quantity_plus_arrangement,center_grid_8_2_6,0.03151339112088074,0.017445734494246006,-0.6690045945354305,0.6690045945354305
AcademicPosters,quantity_plus_arrangement,center_grid_8_2_7,0.022878951901615072,0.014416505798290015,-0.43510533583607086,0.43510533583607086
AcademicPosters,quantity_plus_arrangement,center_grid_8_3_0,0.007033296084855332,0.020796525587706487,1.3602117151323674,1.3602117151323674
AcademicPosters,quantity_plus_arrangement,center_grid_8_3_1,0.01637114673132492,0.015095521124038195,-0.10429943382334353,0.10429943382334353
AcademicPosters,quantity_plus_arrangement,center_grid_8_3_2,0.006940037524743252,0.01094879849068445,0.3647178724882445,0.3647178724882445
AcademicPosters,quantity_plus_arrangement,center_grid_8_3_3,0.016669100571944265,0.012774801028922464,-0.33243633110540155,0.33243633110540155
AcademicPosters,quantity_plus_arrangement,center_grid_8_3_4,0.011278036953907156,0.014761792490628136,0.30688997590905925,0.30688997590905925
AcademicPosters,quantity_plus_arrangement,center_grid_8_3_5,0.018908097111909248,0.013571994427044199,-0.4454501765382774,0.4454501765382774
AcademicPosters,quantity_plus_arrangement,center_grid_8_3_6,0.026101550718717243,0.02056849909552492,-0.28910249096465646,0.28910249096465646
AcademicPosters,quantity_plus_arrangement,center_grid_8_3_7,0.020517454591815705,0.012060480493762018,-0.3932296922899535,0.3932296922899535
AcademicPosters,quantity_plus_arrangement,center_grid_8_4_0,0.01116401054981751,0.019707273414819707,0.8164922237216484,0.8164922237216484
AcademicPosters,quantity_plus_arrangement,center_grid_8_4_1,0.01974070370072952,0.019345157483870036,-0.03870557357643451,0.03870557357643451
AcademicPosters,quantity_plus_arrangement,center_grid_8_4_2,0.005510816824720119,0.019386864716726713,1.1541358753370998,1.1541358753370998
AcademicPosters,quantity_plus_arrangement,center_grid_8_4_3,0.021408840128631885,0.016899457329879724,-0.3786535614914454,0.3786535614914454
AcademicPosters,quantity_plus_arrangement,center_grid_8_4_4,0.013089504638518643,0.024964365873392232,0.7713950769680694,0.7713950769680694
AcademicPosters,quantity_plus_arrangement,center_grid_8_4_5,0.017378115899953497,0.022979020506308845,0.32799747505413474,0.32799747505413474
AcademicPosters,quantity_plus_arrangement,center_grid_8_4_6,0.03529940234071795,0.025837996381322097,-0.42844177519358007,0.42844177519358007
AcademicPosters,quantity_plus_arrangement,center_grid_8_4_7,0.02137034477979093,0.020348506922484036,-0.041588867570951,0.041588867570951
AcademicPosters,quantity_plus_arrangement,center_grid_8_5_0,0.015870707913705304,0.023453713015237413,0.601339301170353,0.601339301170353
AcademicPosters,quantity_plus_arrangement,center_grid_8_5_1,0.02094191379632275,0.020714065971166876,-0.014632422011449226,0.014632422011449226
AcademicPosters,quantity_plus_arrangement,center_grid_8_5_2,0.0162259278015895,0.02271633665992025,0.3542961496196205,0.3542961496196205
AcademicPosters,quantity_plus_arrangement,center_grid_8_5_3,0.029152024789088918,0.017203688799492526,-0.5954391157016538,0.5954391157016538
AcademicPosters,quantity_plus_arrangement,center_grid_8_5_4,0.023059660516786092,0.025996070338569828,0.15374053305629104,0.15374053305629104
AcademicPosters,quantity_plus_arrangement,center_grid_8_5_5,0.024121484513609494,0.02355202994275807,-0.019045685801803037,0.019045685801803037
AcademicPosters,quantity_plus_arrangement,center_grid_8_5_6,0.024934959224426696,0.02196103725265862,-0.1797693506371441,0.1797693506371441
AcademicPosters,quantity_plus_arrangement,center_grid_8_5_7,0.010948276053187503,0.01982314918394383,0.6580208785854766,0.6580208785854766
AcademicPosters,quantity_plus_arrangement,center_grid_8_6_0,0.015919335093004267,0.01893425943547888,0.2611814243160997,0.2611814243160997
AcademicPosters,quantity_plus_arrangement,center_grid_8_6_1,0.02083384197977074,0.019803764699280087,-0.07232040080001512,0.07232040080001512
AcademicPosters,quantity_plus_arrangement,center_grid_8_6_2,0.015842588597838488,0.018616982129119938,0.15298627224080508,0.15298627224080508
AcademicPosters,quantity_plus_arrangement,center_grid_8_6_3,0.024481285958638938,0.017786816653760872,-0.3932451538373866,0.3932451538373866
AcademicPosters,quantity_plus_arrangement,center_grid_8_6_4,0.024344192895853465,0.025497438228531344,0.06443577695150893,0.06443577695150893
AcademicPosters,quantity_plus_arrangement,center_grid_8_6_5,0.026079854210929926,0.018946271007184753,-0.2162656023689384,0.2162656023689384
AcademicPosters,quantity_plus_arrangement,center_grid_8_6_6,0.02461412457319247,0.025792001965381325,0.05791278962637495,0.05791278962637495
AcademicPosters,quantity_plus_arrangement,center_grid_8_6_7,0.015672545859154268,0.010516860330062616,-0.324610465331325,0.324610465331325
AcademicPosters,quantity_plus_arrangement,center_grid_8_7_0,0.010465047817958165,0.01694911627870824,0.63658748037548,0.63658748037548
AcademicPosters,quantity_plus_arrangement,center_grid_8_7_1,0.017533576027652074,0.017245115242008245,-0.019469467323279338,0.019469467323279338
AcademicPosters,quantity_plus_arrangement,center_grid_8_7_2,0.008455782158418206,0.018696069438456978,0.9190015667360403,0.9190015667360403
AcademicPosters,quantity_plus_arrangement,center_grid_8_7_3,0.01640597252021436,0.015791485136587048,-0.051210278824057535,0.051210278824057535
AcademicPosters,quantity_plus_arrangement,center_grid_8_7_4,0.01706618685228343,0.015459054504965557,-0.1267664896645063,0.1267664896645063
AcademicPosters,quantity_plus_arrangement,center_grid_8_7_5,0.01581051435394145,0.011447050980850535,-0.2576818079366634,0.2576818079366634
AcademicPosters,quantity_plus_arrangement,center_grid_8_7_6,0.02356033411581198,0.015663333904760605,-0.447375495653039,0.447375495653039
AcademicPosters,quantity_plus_arrangement,center_grid_8_7_7,0.009475007195120212,0.009086027345970303,-0.031899958084267904,0.031899958084267904
CommercialPosters,quantity_only,region_count,16.77777777777778,19.22222222222222,0.3458888624668238,0.3458888624668238
CommercialPosters,quantity_only,union_coverage_norm,0.13601921098290615,0.15533943812738196,0.33188148790729777,0.33188148790729777
CommercialPosters,quantity_only,sum_box_area_norm,0.1363010336272624,0.1598474628821306,0.39261849437645896,0.39261849437645896
CommercialPosters,quantity_only,mean_box_area_norm,0.009467061468901132,0.009661149147097845,0.03354400488918404,0.03354400488918404
CommercialPosters,quantity_only,median_box_area_norm,0.004407673995332377,0.003024924057172711,-0.6180873164310557,0.6180873164310557
CommercialPosters,quantity_only,std_box_area_norm,0.013074327130193868,0.017166152547193232,0.354804614926588,0.354804614926588
CommercialPosters,quantity_only,mean_box_width_norm,0.1873992984694692,0.14137930905523072,-1.1324196330513678,1.1324196330513678
CommercialPosters,quantity_only,mean_box_height_norm,0.04448334770289265,0.046771556988865,0.11118814583327138,0.11118814583327138
CommercialPosters,quantity_only,mean_confidence,0.8789790290454609,0.8699366431949046,-0.36082043963930743,0.36082043963930743
CommercialPosters,quantity_only,low_confidence_fraction,0.06033785568099294,0.05528513549669379,-0.08215911474208447,0.08215911474208447
CommercialPosters,arrangement_only,center_x_mean,0.43448824403302316,0.4996305206067956,0.35748765330729754,0.35748765330729754
CommercialPosters,arrangement_only,center_x_std,0.1734674732062365,0.1472304885324219,-0.4380346554629395,0.4380346554629395
CommercialPosters,arrangement_only,center_y_mean,0.6194355710178591,0.6930140375145286,0.8347332308029131,0.8347332308029131
CommercialPosters,arrangement_only,center_y_std,0.23361646119566648,0.1992908449473826,-0.6762427014445372,0.6762427014445372
CommercialPosters,arrangement_only,center_x_span,0.5583108090208933,0.5135020418083709,-0.23893585770690076,0.23893585770690076
CommercialPosters,arrangement_only,center_y_span,0.732044677162216,0.6914617653882911,-0.23434626072549225,0.23434626072549225
CommercialPosters,arrangement_only,nearest_neighbor_mean_norm,0.08417277642121296,0.07137644540044014,-0.40863634357002254,0.40863634357002254
CommercialPosters,arrangement_only,nearest_neighbor_median_norm,0.06322479571150497,0.054203251592864696,-0.2880542080801595,0.2880542080801595
CommercialPosters,arrangement_only,nearest_neighbor_std_norm,0.06302259297413276,0.054928963975602464,-0.20417014028357341,0.20417014028357341
CommercialPosters,arrangement_only,pairwise_distance_mean_norm,0.37865042711016467,0.3161998236597074,-0.9055123343335052,0.9055123343335052
CommercialPosters,arrangement_only,pairwise_distance_std_norm,0.2070074068434186,0.1893745369592418,-0.34863801021944457,0.34863801021944457
CommercialPosters,arrangement_only,row_alignment_fraction,0.09118991267328859,0.11339312219814301,0.5241426597997063,0.5241426597997063
CommercialPosters,arrangement_only,column_alignment_fraction,0.09650993957259939,0.1290951907656713,0.5451729313737469,0.5451729313737469
CommercialPosters,arrangement_only,angle_mean_abs_deg,4.2193903691437535,4.0647619266156845,-0.02637731623035541,0.02637731623035541
CommercialPosters,arrangement_only,angle_std_deg,11.453405013035841,7.442542293080275,-0.32552537890780375,0.32552537890780375
CommercialPosters,arrangement_only,rotated_fraction_gt_5deg,0.06252475737769854,0.17165940450254175,0.46992405252578445,0.46992405252578445
CommercialPosters,arrangement_only,center_grid_4_0_0,0.06944444444444445,0.0245937637241985,-0.7046004972237129,0.7046004972237129
CommercialPosters,arrangement_only,center_grid_4_0_1,0.030944364277697603,0.02006172839506172,-0.26691694537174293,0.26691694537174293
CommercialPosters,arrangement_only,center_grid_4_0_2,0.03459282263630089,0.012091503267973857,-0.5047410441175297,0.5047410441175297
CommercialPosters,arrangement_only,center_grid_4_0_3,0.003367003367003367,0.01764705882352941,0.5332593363618756,0.5332593363618756
CommercialPosters,arrangement_only,center_grid_4_1_0,0.04419191919191919,0.006734006734006734,-0.7256305544367764,0.7256305544367764
CommercialPosters,arrangement_only,center_grid_4_1_1,0.06321793832450268,0.03143274853801169,-0.48899258503700643,0.48899258503700643
CommercialPosters,arrangement_only,center_grid_4_1_2,0.021437198067632845,0.03097312999273783,0.19874074535579253,0.19874074535579253
CommercialPosters,arrangement_only,center_grid_4_1_3,0.023550724637681156,0.034931009440813364,0.19632901126878338,0.19632901126878338
CommercialPosters,arrangement_only,center_grid_4_2_0,0.07575757575757575,0.056385465912320125,-0.2396376186983034,0.2396376186983034
CommercialPosters,arrangement_only,center_grid_4_2_1,0.13312185509542712,0.12014793165800478,-0.08323849610982295,0.08323849610982295
CommercialPosters,arrangement_only,center_grid_4_2_2,0.035805626598465465,0.06958994833091839,0.4530569815166488,0.4530569815166488
CommercialPosters,arrangement_only,center_grid_4_2_3,0.052554530815400374,0.058089321144016694,0.06594922880651917,0.06594922880651917
CommercialPosters,arrangement_only,center_grid_4_3_0,0.11720083656358164,0.1133385574988303,-0.028667037815317247,0.028667037815317247
CommercialPosters,arrangement_only,center_grid_4_3_1,0.12283549783549781,0.14956291047958836,0.18368822692963208,0.18368822692963208
CommercialPosters,arrangement_only,center_grid_4_3_2,0.08477748807032694,0.14052516459973718,0.5648950881918154,0.5648950881918154
CommercialPosters,arrangement_only,center_grid_4_3_3,0.0872001743165426,0.11389575146025092,0.2142077615672536,0.2142077615672536
CommercialPosters,arrangement_only,center_grid_8_0_0,0.003367003367003367,0.0,-0.4714045207910317,0.4714045207910317
CommercialPosters,arrangement_only,center_grid_8_0_1,0.022446689113355775,0.021226760357195132,-0.02698216041728405,0.02698216041728405
CommercialPosters,arrangement_only,center_grid_8_0_2,0.006172839506172833,0.006172839506172833,0.0,0.0
CommercialPosters,arrangement_only,center_grid_8_0_3,0.007936507936507933,0.0,-0.4714045207910317,0.4714045207910317
CommercialPosters,arrangement_only,center_grid_8_0_4,0.007936507936507933,0.0,-0.4714045207910317,0.4714045207910317
CommercialPosters,arrangement_only,center_grid_8_0_5,0.006944444444444444,0.0,-0.4714045207910317,0.4714045207910317
CommercialPosters,arrangement_only,center_grid_8_0_6,0.0,0.005555555555555556,0.4714045207910316,0.4714045207910316
CommercialPosters,arrangement_only,center_grid_8_0_7,0.003367003367003367,0.0,-0.4714045207910317,0.4714045207910317
CommercialPosters,arrangement_only,center_grid_8_1_0,0.013888888888888888,0.003367003367003367,-0.3470716161764374,0.3470716161764374
CommercialPosters,arrangement_only,center_grid_8_1_1,0.029741863075196398,0.0,-1.0610084372508273,1.0610084372508273
CommercialPosters,arrangement_only,center_grid_8_1_2,0.0101010101010101,0.013888888888888888,0.10397504898200727,0.10397504898200727
CommercialPosters,arrangement_only,center_grid_8_1_3,0.006734006734006734,0.0,-0.4714045207910317,0.4714045207910317
CommercialPosters,arrangement_only,center_grid_8_1_4,0.014880952380952377,0.0065359477124183,-0.3322909226150974,0.3322909226150974
CommercialPosters,arrangement_only,center_grid_8_1_5,0.004830917874396133,0.005555555555555556,0.04639884189935925,0.04639884189935925
CommercialPosters,arrangement_only,center_grid_8_1_6,0.0,0.012091503267973857,0.7097035830997378,0.7097035830997378
CommercialPosters,arrangement_only,center_grid_8_1_7,0.0,0.0,0.0,0.0
CommercialPosters,arrangement_only,center_grid_8_2_0,0.0,0.006734006734006734,0.4714045207910317,0.4714045207910317
CommercialPosters,arrangement_only,center_grid_8_2_1,0.023989898989898988,0.0,-0.7015417824541677,0.7015417824541677
CommercialPosters,arrangement_only,center_grid_8_2_2,0.022809797319601234,0.011695906432748532,-0.3145237565630288,0.3145237565630288
CommercialPosters,arrangement_only,center_grid_8_2_3,0.007936507936507933,0.0,-0.4714045207910317,0.4714045207910317
CommercialPosters,arrangement_only,center_grid_8_2_4,0.0,0.0,0.0,0.0
CommercialPosters,arrangement_only,center_grid_8_2_5,0.006944444444444444,0.0065359477124183,-0.020192751093846103,0.020192751093846103
CommercialPosters,arrangement_only,center_grid_8_2_6,0.004830917874396133,0.005555555555555556,0.04639884189935925,0.04639884189935925
CommercialPosters,arrangement_only,center_grid_8_2_7,0.0,0.0,0.0,0.0
CommercialPosters,arrangement_only,center_grid_8_3_0,0.0,0.0,0.0,0.0
CommercialPosters,arrangement_only,center_grid_8_3_1,0.0202020202020202,0.0,-0.7126966450997985,0.7126966450997985
CommercialPosters,arrangement_only,center_grid_8_3_2,0.022809797319601234,0.013888888888888888,-0.2302534260516054,0.2302534260516054
CommercialPosters,arrangement_only,center_grid_8_3_3,0.009661835748792267,0.005847953216374266,-0.15919208083668943,0.15919208083668943
CommercialPosters,arrangement_only,center_grid_8_3_4,0.004830917874396133,0.0065359477124183,0.09889363528682985,0.09889363528682985
CommercialPosters,arrangement_only,center_grid_8_3_5,0.009661835748792267,0.01790123456790123,0.24112028066186347,0.24112028066186347
CommercialPosters,arrangement_only,center_grid_8_3_6,0.01871980676328502,0.023819898329702244,0.1270031503507836,0.1270031503507836
CommercialPosters,arrangement_only,center_grid_8_3_7,0.0,0.005555555555555556,0.4714045207910316,0.4714045207910316
CommercialPosters,arrangement_only,center_grid_8_4_0,0.0101010101010101,0.008197921241399501,-0.0778965247710251,0.0778965247710251
CommercialPosters,arrangement_only,center_grid_8_4_1,0.006172839506172833,0.01871980676328502,0.383740544653319,0.383740544653319
CommercialPosters,arrangement_only,center_grid_8_4_2,0.030162738496071824,0.028622757842706688,-0.033751989560088805,0.033751989560088805
CommercialPosters,arrangement_only,center_grid_8_4_3,0.0158346752549651,0.019736842105263153,0.10229877071600087,0.10229877071600087
CommercialPosters,arrangement_only,center_grid_8_4_4,0.009661835748792267,0.0120207927225471,0.08885415419622007,0.08885415419622007
CommercialPosters,arrangement_only,center_grid_8_4_5,0.0,0.006172839506172833,0.4714045207910317,0.4714045207910317
CommercialPosters,arrangement_only,center_grid_8_4_6,0.019323671497584533,0.011728395061728389,-0.17190679214183963,0.17190679214183963
CommercialPosters,arrangement_only,center_grid_8_4_7,0.0,0.0,0.0,0.0
CommercialPosters,arrangement_only,center_grid_8_5_0,0.0202020202020202,0.008197921241399501,-0.39127552844781005,0.39127552844781005
CommercialPosters,arrangement_only,center_grid_8_5_1,0.03928170594837261,0.0212698166662361,-0.3504840358904456,0.3504840358904456
CommercialPosters,arrangement_only,center_grid_8_5_2,0.045256486432957016,0.051569617746088335,0.06511449777069343,0.06511449777069343
CommercialPosters,arrangement_only,center_grid_8_5_3,0.041867954911433164,0.0202187139639466,-0.3989555414313422,0.3989555414313422
CommercialPosters,arrangement_only,center_grid_8_5_4,0.0,0.022611738298012798,1.1374058212381217,1.1374058212381217
CommercialPosters,arrangement_only,center_grid_8_5_5,0.0261437908496732,0.02878457780418564,0.04025417481706195,0.04025417481706195
CommercialPosters,arrangement_only,center_grid_8_5_6,0.03323085931781583,0.0463609260822883,0.23715927984191196,0.23715927984191196
CommercialPosters,arrangement_only,center_grid_8_5_7,0.0,0.0,0.0,0.0
CommercialPosters,arrangement_only,center_grid_8_6_0,0.0,0.009661835748792267,0.4714045207910317,0.4714045207910317
CommercialPosters,arrangement_only,center_grid_8_6_1,0.08092302577596694,0.06039939032266396,-0.2106091579383552,0.2106091579383552
CommercialPosters,arrangement_only,center_grid_8_6_2,0.013468013468013467,0.0333785349040879,0.43774115320259954,0.43774115320259954
CommercialPosters,arrangement_only,center_grid_8_6_3,0.08951619368286035,0.05331384015594541,-0.33841061685665436,0.33841061685665436
CommercialPosters,arrangement_only,center_grid_8_6_4,0.02273373117362887,0.0437206603357274,0.3926171813491363,0.3926171813491363
CommercialPosters,arrangement_only,center_grid_8_6_5,0.020622895622895623,0.06270548623489798,0.7428427181541359,0.7428427181541359
CommercialPosters,arrangement_only,center_grid_8_6_6,0.05825526301869012,0.06757304729440951,0.11371729296053225,0.11371729296053225
CommercialPosters,arrangement_only,center_grid_8_6_7,0.0,0.006172839506172833,0.4714045207910317,0.4714045207910317
CommercialPosters,arrangement_only,center_grid_8_7_0,0.0101010101010101,0.0130718954248366,0.0847762106569103,0.0847762106569103
CommercialPosters,arrangement_only,center_grid_8_7_1,0.0261768006866046,0.030205436002537445,0.09061094135303525,0.09061094135303525
CommercialPosters,arrangement_only,center_grid_8_7_2,0.012906846240179567,0.026341849871261633,0.29217681781593124,0.29217681781593124
CommercialPosters,arrangement_only,center_grid_8_7_3,0.006944444444444444,0.03652868554829339,0.7116652812861062,0.7116652812861062
CommercialPosters,arrangement_only,center_grid_8_7_4,0.0243754067283479,0.0,-0.8093246702444467,0.8093246702444467
CommercialPosters,arrangement_only,center_grid_8_7_5,0.017045454545454544,0.0340990180291118,0.43178403376224034,0.43178403376224034
CommercialPosters,arrangement_only,center_grid_8_7_6,0.028944911297852465,0.0278041856473229,-0.023112496829873014,0.023112496829873014
CommercialPosters,arrangement_only,center_grid_8_7_7,0.0,0.012345679012345678,0.47140452079103173,0.47140452079103173
CommercialPosters,arrangement_base_only,center_x_mean,0.43448824403302316,0.4996305206067956,0.35748765330729754,0.35748765330729754
CommercialPosters,arrangement_base_only,center_x_std,0.1734674732062365,0.1472304885324219,-0.4380346554629395,0.4380346554629395
CommercialPosters,arrangement_base_only,center_y_mean,0.6194355710178591,0.6930140375145286,0.8347332308029131,0.8347332308029131
CommercialPosters,arrangement_base_only,center_y_std,0.23361646119566648,0.1992908449473826,-0.6762427014445372,0.6762427014445372
CommercialPosters,arrangement_base_only,center_x_span,0.5583108090208933,0.5135020418083709,-0.23893585770690076,0.23893585770690076
CommercialPosters,arrangement_base_only,center_y_span,0.732044677162216,0.6914617653882911,-0.23434626072549225,0.23434626072549225
CommercialPosters,arrangement_base_only,nearest_neighbor_mean_norm,0.08417277642121296,0.07137644540044014,-0.40863634357002254,0.40863634357002254
CommercialPosters,arrangement_base_only,nearest_neighbor_median_norm,0.06322479571150497,0.054203251592864696,-0.2880542080801595,0.2880542080801595
CommercialPosters,arrangement_base_only,nearest_neighbor_std_norm,0.06302259297413276,0.054928963975602464,-0.20417014028357341,0.20417014028357341
CommercialPosters,arrangement_base_only,pairwise_distance_mean_norm,0.37865042711016467,0.3161998236597074,-0.9055123343335052,0.9055123343335052
CommercialPosters,arrangement_base_only,pairwise_distance_std_norm,0.2070074068434186,0.1893745369592418,-0.34863801021944457,0.34863801021944457
CommercialPosters,arrangement_base_only,row_alignment_fraction,0.09118991267328859,0.11339312219814301,0.5241426597997063,0.5241426597997063
CommercialPosters,arrangement_base_only,column_alignment_fraction,0.09650993957259939,0.1290951907656713,0.5451729313737469,0.5451729313737469
CommercialPosters,arrangement_base_only,angle_mean_abs_deg,4.2193903691437535,4.0647619266156845,-0.02637731623035541,0.02637731623035541
CommercialPosters,arrangement_base_only,angle_std_deg,11.453405013035841,7.442542293080275,-0.32552537890780375,0.32552537890780375
CommercialPosters,arrangement_base_only,rotated_fraction_gt_5deg,0.06252475737769854,0.17165940450254175,0.46992405252578445,0.46992405252578445
CommercialPosters,arrangement_4x4_only,center_x_mean,0.43448824403302316,0.4996305206067956,0.35748765330729754,0.35748765330729754
CommercialPosters,arrangement_4x4_only,center_x_std,0.1734674732062365,0.1472304885324219,-0.4380346554629395,0.4380346554629395
CommercialPosters,arrangement_4x4_only,center_y_mean,0.6194355710178591,0.6930140375145286,0.8347332308029131,0.8347332308029131
CommercialPosters,arrangement_4x4_only,center_y_std,0.23361646119566648,0.1992908449473826,-0.6762427014445372,0.6762427014445372
CommercialPosters,arrangement_4x4_only,center_x_span,0.5583108090208933,0.5135020418083709,-0.23893585770690076,0.23893585770690076
CommercialPosters,arrangement_4x4_only,center_y_span,0.732044677162216,0.6914617653882911,-0.23434626072549225,0.23434626072549225
CommercialPosters,arrangement_4x4_only,nearest_neighbor_mean_norm,0.08417277642121296,0.07137644540044014,-0.40863634357002254,0.40863634357002254
CommercialPosters,arrangement_4x4_only,nearest_neighbor_median_norm,0.06322479571150497,0.054203251592864696,-0.2880542080801595,0.2880542080801595
CommercialPosters,arrangement_4x4_only,nearest_neighbor_std_norm,0.06302259297413276,0.054928963975602464,-0.20417014028357341,0.20417014028357341
CommercialPosters,arrangement_4x4_only,pairwise_distance_mean_norm,0.37865042711016467,0.3161998236597074,-0.9055123343335052,0.9055123343335052
CommercialPosters,arrangement_4x4_only,pairwise_distance_std_norm,0.2070074068434186,0.1893745369592418,-0.34863801021944457,0.34863801021944457
CommercialPosters,arrangement_4x4_only,row_alignment_fraction,0.09118991267328859,0.11339312219814301,0.5241426597997063,0.5241426597997063
CommercialPosters,arrangement_4x4_only,column_alignment_fraction,0.09650993957259939,0.1290951907656713,0.5451729313737469,0.5451729313737469
CommercialPosters,arrangement_4x4_only,angle_mean_abs_deg,4.2193903691437535,4.0647619266156845,-0.02637731623035541,0.02637731623035541
CommercialPosters,arrangement_4x4_only,angle_std_deg,11.453405013035841,7.442542293080275,-0.32552537890780375,0.32552537890780375
CommercialPosters,arrangement_4x4_only,rotated_fraction_gt_5deg,0.06252475737769854,0.17165940450254175,0.46992405252578445,0.46992405252578445
CommercialPosters,arrangement_4x4_only,center_grid_4_0_0,0.06944444444444445,0.0245937637241985,-0.7046004972237129,0.7046004972237129
CommercialPosters,arrangement_4x4_only,center_grid_4_0_1,0.030944364277697603,0.02006172839506172,-0.26691694537174293,0.26691694537174293
CommercialPosters,arrangement_4x4_only,center_grid_4_0_2,0.03459282263630089,0.012091503267973857,-0.5047410441175297,0.5047410441175297
CommercialPosters,arrangement_4x4_only,center_grid_4_0_3,0.003367003367003367,0.01764705882352941,0.5332593363618756,0.5332593363618756
CommercialPosters,arrangement_4x4_only,center_grid_4_1_0,0.04419191919191919,0.006734006734006734,-0.7256305544367764,0.7256305544367764
CommercialPosters,arrangement_4x4_only,center_grid_4_1_1,0.06321793832450268,0.03143274853801169,-0.48899258503700643,0.48899258503700643
CommercialPosters,arrangement_4x4_only,center_grid_4_1_2,0.021437198067632845,0.03097312999273783,0.19874074535579253,0.19874074535579253
CommercialPosters,arrangement_4x4_only,center_grid_4_1_3,0.023550724637681156,0.034931009440813364,0.19632901126878338,0.19632901126878338
CommercialPosters,arrangement_4x4_only,center_grid_4_2_0,0.07575757575757575,0.056385465912320125,-0.2396376186983034,0.2396376186983034
CommercialPosters,arrangement_4x4_only,center_grid_4_2_1,0.13312185509542712,0.12014793165800478,-0.08323849610982295,0.08323849610982295
CommercialPosters,arrangement_4x4_only,center_grid_4_2_2,0.035805626598465465,0.06958994833091839,0.4530569815166488,0.4530569815166488
CommercialPosters,arrangement_4x4_only,center_grid_4_2_3,0.052554530815400374,0.058089321144016694,0.06594922880651917,0.06594922880651917
CommercialPosters,arrangement_4x4_only,center_grid_4_3_0,0.11720083656358164,0.1133385574988303,-0.028667037815317247,0.028667037815317247
CommercialPosters,arrangement_4x4_only,center_grid_4_3_1,0.12283549783549781,0.14956291047958836,0.18368822692963208,0.18368822692963208
CommercialPosters,arrangement_4x4_only,center_grid_4_3_2,0.08477748807032694,0.14052516459973718,0.5648950881918154,0.5648950881918154
CommercialPosters,arrangement_4x4_only,center_grid_4_3_3,0.0872001743165426,0.11389575146025092,0.2142077615672536,0.2142077615672536
CommercialPosters,arrangement_8x8_only,center_x_mean,0.43448824403302316,0.4996305206067956,0.35748765330729754,0.35748765330729754
CommercialPosters,arrangement_8x8_only,center_x_std,0.1734674732062365,0.1472304885324219,-0.4380346554629395,0.4380346554629395
CommercialPosters,arrangement_8x8_only,center_y_mean,0.6194355710178591,0.6930140375145286,0.8347332308029131,0.8347332308029131
CommercialPosters,arrangement_8x8_only,center_y_std,0.23361646119566648,0.1992908449473826,-0.6762427014445372,0.6762427014445372
CommercialPosters,arrangement_8x8_only,center_x_span,0.5583108090208933,0.5135020418083709,-0.23893585770690076,0.23893585770690076
CommercialPosters,arrangement_8x8_only,center_y_span,0.732044677162216,0.6914617653882911,-0.23434626072549225,0.23434626072549225
CommercialPosters,arrangement_8x8_only,nearest_neighbor_mean_norm,0.08417277642121296,0.07137644540044014,-0.40863634357002254,0.40863634357002254
CommercialPosters,arrangement_8x8_only,nearest_neighbor_median_norm,0.06322479571150497,0.054203251592864696,-0.2880542080801595,0.2880542080801595
CommercialPosters,arrangement_8x8_only,nearest_neighbor_std_norm,0.06302259297413276,0.054928963975602464,-0.20417014028357341,0.20417014028357341
CommercialPosters,arrangement_8x8_only,pairwise_distance_mean_norm,0.37865042711016467,0.3161998236597074,-0.9055123343335052,0.9055123343335052
CommercialPosters,arrangement_8x8_only,pairwise_distance_std_norm,0.2070074068434186,0.1893745369592418,-0.34863801021944457,0.34863801021944457
CommercialPosters,arrangement_8x8_only,row_alignment_fraction,0.09118991267328859,0.11339312219814301,0.5241426597997063,0.5241426597997063
CommercialPosters,arrangement_8x8_only,column_alignment_fraction,0.09650993957259939,0.1290951907656713,0.5451729313737469,0.5451729313737469
CommercialPosters,arrangement_8x8_only,angle_mean_abs_deg,4.2193903691437535,4.0647619266156845,-0.02637731623035541,0.02637731623035541
CommercialPosters,arrangement_8x8_only,angle_std_deg,11.453405013035841,7.442542293080275,-0.32552537890780375,0.32552537890780375
CommercialPosters,arrangement_8x8_only,rotated_fraction_gt_5deg,0.06252475737769854,0.17165940450254175,0.46992405252578445,0.46992405252578445
CommercialPosters,arrangement_8x8_only,center_grid_8_0_0,0.003367003367003367,0.0,-0.4714045207910317,0.4714045207910317
CommercialPosters,arrangement_8x8_only,center_grid_8_0_1,0.022446689113355775,0.021226760357195132,-0.02698216041728405,0.02698216041728405
CommercialPosters,arrangement_8x8_only,center_grid_8_0_2,0.006172839506172833,0.006172839506172833,0.0,0.0
CommercialPosters,arrangement_8x8_only,center_grid_8_0_3,0.007936507936507933,0.0,-0.4714045207910317,0.4714045207910317
CommercialPosters,arrangement_8x8_only,center_grid_8_0_4,0.007936507936507933,0.0,-0.4714045207910317,0.4714045207910317
CommercialPosters,arrangement_8x8_only,center_grid_8_0_5,0.006944444444444444,0.0,-0.4714045207910317,0.4714045207910317
CommercialPosters,arrangement_8x8_only,center_grid_8_0_6,0.0,0.005555555555555556,0.4714045207910316,0.4714045207910316
CommercialPosters,arrangement_8x8_only,center_grid_8_0_7,0.003367003367003367,0.0,-0.4714045207910317,0.4714045207910317
CommercialPosters,arrangement_8x8_only,center_grid_8_1_0,0.013888888888888888,0.003367003367003367,-0.3470716161764374,0.3470716161764374
CommercialPosters,arrangement_8x8_only,center_grid_8_1_1,0.029741863075196398,0.0,-1.0610084372508273,1.0610084372508273
CommercialPosters,arrangement_8x8_only,center_grid_8_1_2,0.0101010101010101,0.013888888888888888,0.10397504898200727,0.10397504898200727
CommercialPosters,arrangement_8x8_only,center_grid_8_1_3,0.006734006734006734,0.0,-0.4714045207910317,0.4714045207910317
CommercialPosters,arrangement_8x8_only,center_grid_8_1_4,0.014880952380952377,0.0065359477124183,-0.3322909226150974,0.3322909226150974
CommercialPosters,arrangement_8x8_only,center_grid_8_1_5,0.004830917874396133,0.005555555555555556,0.04639884189935925,0.04639884189935925
CommercialPosters,arrangement_8x8_only,center_grid_8_1_6,0.0,0.012091503267973857,0.7097035830997378,0.7097035830997378
CommercialPosters,arrangement_8x8_only,center_grid_8_1_7,0.0,0.0,0.0,0.0
CommercialPosters,arrangement_8x8_only,center_grid_8_2_0,0.0,0.006734006734006734,0.4714045207910317,0.4714045207910317
CommercialPosters,arrangement_8x8_only,center_grid_8_2_1,0.023989898989898988,0.0,-0.7015417824541677,0.7015417824541677
CommercialPosters,arrangement_8x8_only,center_grid_8_2_2,0.022809797319601234,0.011695906432748532,-0.3145237565630288,0.3145237565630288
CommercialPosters,arrangement_8x8_only,center_grid_8_2_3,0.007936507936507933,0.0,-0.4714045207910317,0.4714045207910317
CommercialPosters,arrangement_8x8_only,center_grid_8_2_4,0.0,0.0,0.0,0.0
CommercialPosters,arrangement_8x8_only,center_grid_8_2_5,0.006944444444444444,0.0065359477124183,-0.020192751093846103,0.020192751093846103
CommercialPosters,arrangement_8x8_only,center_grid_8_2_6,0.004830917874396133,0.005555555555555556,0.04639884189935925,0.04639884189935925
CommercialPosters,arrangement_8x8_only,center_grid_8_2_7,0.0,0.0,0.0,0.0
CommercialPosters,arrangement_8x8_only,center_grid_8_3_0,0.0,0.0,0.0,0.0
CommercialPosters,arrangement_8x8_only,center_grid_8_3_1,0.0202020202020202,0.0,-0.7126966450997985,0.7126966450997985
CommercialPosters,arrangement_8x8_only,center_grid_8_3_2,0.022809797319601234,0.013888888888888888,-0.2302534260516054,0.2302534260516054
CommercialPosters,arrangement_8x8_only,center_grid_8_3_3,0.009661835748792267,0.005847953216374266,-0.15919208083668943,0.15919208083668943
CommercialPosters,arrangement_8x8_only,center_grid_8_3_4,0.004830917874396133,0.0065359477124183,0.09889363528682985,0.09889363528682985
CommercialPosters,arrangement_8x8_only,center_grid_8_3_5,0.009661835748792267,0.01790123456790123,0.24112028066186347,0.24112028066186347
CommercialPosters,arrangement_8x8_only,center_grid_8_3_6,0.01871980676328502,0.023819898329702244,0.1270031503507836,0.1270031503507836
CommercialPosters,arrangement_8x8_only,center_grid_8_3_7,0.0,0.005555555555555556,0.4714045207910316,0.4714045207910316
CommercialPosters,arrangement_8x8_only,center_grid_8_4_0,0.0101010101010101,0.008197921241399501,-0.0778965247710251,0.0778965247710251
CommercialPosters,arrangement_8x8_only,center_grid_8_4_1,0.006172839506172833,0.01871980676328502,0.383740544653319,0.383740544653319
CommercialPosters,arrangement_8x8_only,center_grid_8_4_2,0.030162738496071824,0.028622757842706688,-0.033751989560088805,0.033751989560088805
CommercialPosters,arrangement_8x8_only,center_grid_8_4_3,0.0158346752549651,0.019736842105263153,0.10229877071600087,0.10229877071600087
CommercialPosters,arrangement_8x8_only,center_grid_8_4_4,0.009661835748792267,0.0120207927225471,0.08885415419622007,0.08885415419622007
CommercialPosters,arrangement_8x8_only,center_grid_8_4_5,0.0,0.006172839506172833,0.4714045207910317,0.4714045207910317
CommercialPosters,arrangement_8x8_only,center_grid_8_4_6,0.019323671497584533,0.011728395061728389,-0.17190679214183963,0.17190679214183963
CommercialPosters,arrangement_8x8_only,center_grid_8_4_7,0.0,0.0,0.0,0.0
CommercialPosters,arrangement_8x8_only,center_grid_8_5_0,0.0202020202020202,0.008197921241399501,-0.39127552844781005,0.39127552844781005
CommercialPosters,arrangement_8x8_only,center_grid_8_5_1,0.03928170594837261,0.0212698166662361,-0.3504840358904456,0.3504840358904456
CommercialPosters,arrangement_8x8_only,center_grid_8_5_2,0.045256486432957016,0.051569617746088335,0.06511449777069343,0.06511449777069343
CommercialPosters,arrangement_8x8_only,center_grid_8_5_3,0.041867954911433164,0.0202187139639466,-0.3989555414313422,0.3989555414313422
CommercialPosters,arrangement_8x8_only,center_grid_8_5_4,0.0,0.022611738298012798,1.1374058212381217,1.1374058212381217
CommercialPosters,arrangement_8x8_only,center_grid_8_5_5,0.0261437908496732,0.02878457780418564,0.04025417481706195,0.04025417481706195
CommercialPosters,arrangement_8x8_only,center_grid_8_5_6,0.03323085931781583,0.0463609260822883,0.23715927984191196,0.23715927984191196
CommercialPosters,arrangement_8x8_only,center_grid_8_5_7,0.0,0.0,0.0,0.0
CommercialPosters,arrangement_8x8_only,center_grid_8_6_0,0.0,0.009661835748792267,0.4714045207910317,0.4714045207910317
CommercialPosters,arrangement_8x8_only,center_grid_8_6_1,0.08092302577596694,0.06039939032266396,-0.2106091579383552,0.2106091579383552
CommercialPosters,arrangement_8x8_only,center_grid_8_6_2,0.013468013468013467,0.0333785349040879,0.43774115320259954,0.43774115320259954
CommercialPosters,arrangement_8x8_only,center_grid_8_6_3,0.08951619368286035,0.05331384015594541,-0.33841061685665436,0.33841061685665436
CommercialPosters,arrangement_8x8_only,center_grid_8_6_4,0.02273373117362887,0.0437206603357274,0.3926171813491363,0.3926171813491363
CommercialPosters,arrangement_8x8_only,center_grid_8_6_5,0.020622895622895623,0.06270548623489798,0.7428427181541359,0.7428427181541359
CommercialPosters,arrangement_8x8_only,center_grid_8_6_6,0.05825526301869012,0.06757304729440951,0.11371729296053225,0.11371729296053225
CommercialPosters,arrangement_8x8_only,center_grid_8_6_7,0.0,0.006172839506172833,0.4714045207910317,0.4714045207910317
CommercialPosters,arrangement_8x8_only,center_grid_8_7_0,0.0101010101010101,0.0130718954248366,0.0847762106569103,0.0847762106569103
CommercialPosters,arrangement_8x8_only,center_grid_8_7_1,0.0261768006866046,0.030205436002537445,0.09061094135303525,0.09061094135303525
CommercialPosters,arrangement_8x8_only,center_grid_8_7_2,0.012906846240179567,0.026341849871261633,0.29217681781593124,0.29217681781593124
CommercialPosters,arrangement_8x8_only,center_grid_8_7_3,0.006944444444444444,0.03652868554829339,0.7116652812861062,0.7116652812861062
CommercialPosters,arrangement_8x8_only,center_grid_8_7_4,0.0243754067283479,0.0,-0.8093246702444467,0.8093246702444467
CommercialPosters,arrangement_8x8_only,center_grid_8_7_5,0.017045454545454544,0.0340990180291118,0.43178403376224034,0.43178403376224034
CommercialPosters,arrangement_8x8_only,center_grid_8_7_6,0.028944911297852465,0.0278041856473229,-0.023112496829873014,0.023112496829873014
CommercialPosters,arrangement_8x8_only,center_grid_8_7_7,0.0,0.012345679012345678,0.47140452079103173,0.47140452079103173
CommercialPosters,quantity_plus_arrangement,region_count,16.77777777777778,19.22222222222222,0.3458888624668238,0.3458888624668238
CommercialPosters,quantity_plus_arrangement,union_coverage_norm,0.13601921098290615,0.15533943812738196,0.33188148790729777,0.33188148790729777
CommercialPosters,quantity_plus_arrangement,sum_box_area_norm,0.1363010336272624,0.1598474628821306,0.39261849437645896,0.39261849437645896
CommercialPosters,quantity_plus_arrangement,mean_box_area_norm,0.009467061468901132,0.009661149147097845,0.03354400488918404,0.03354400488918404
CommercialPosters,quantity_plus_arrangement,median_box_area_norm,0.004407673995332377,0.003024924057172711,-0.6180873164310557,0.6180873164310557
CommercialPosters,quantity_plus_arrangement,std_box_area_norm,0.013074327130193868,0.017166152547193232,0.354804614926588,0.354804614926588
CommercialPosters,quantity_plus_arrangement,mean_box_width_norm,0.1873992984694692,0.14137930905523072,-1.1324196330513678,1.1324196330513678
CommercialPosters,quantity_plus_arrangement,mean_box_height_norm,0.04448334770289265,0.046771556988865,0.11118814583327138,0.11118814583327138
CommercialPosters,quantity_plus_arrangement,mean_confidence,0.8789790290454609,0.8699366431949046,-0.36082043963930743,0.36082043963930743
CommercialPosters,quantity_plus_arrangement,low_confidence_fraction,0.06033785568099294,0.05528513549669379,-0.08215911474208447,0.08215911474208447
CommercialPosters,quantity_plus_arrangement,center_x_mean,0.43448824403302316,0.4996305206067956,0.35748765330729754,0.35748765330729754
CommercialPosters,quantity_plus_arrangement,center_x_std,0.1734674732062365,0.1472304885324219,-0.4380346554629395,0.4380346554629395
CommercialPosters,quantity_plus_arrangement,center_y_mean,0.6194355710178591,0.6930140375145286,0.8347332308029131,0.8347332308029131
CommercialPosters,quantity_plus_arrangement,center_y_std,0.23361646119566648,0.1992908449473826,-0.6762427014445372,0.6762427014445372
CommercialPosters,quantity_plus_arrangement,center_x_span,0.5583108090208933,0.5135020418083709,-0.23893585770690076,0.23893585770690076
CommercialPosters,quantity_plus_arrangement,center_y_span,0.732044677162216,0.6914617653882911,-0.23434626072549225,0.23434626072549225
CommercialPosters,quantity_plus_arrangement,nearest_neighbor_mean_norm,0.08417277642121296,0.07137644540044014,-0.40863634357002254,0.40863634357002254
CommercialPosters,quantity_plus_arrangement,nearest_neighbor_median_norm,0.06322479571150497,0.054203251592864696,-0.2880542080801595,0.2880542080801595
CommercialPosters,quantity_plus_arrangement,nearest_neighbor_std_norm,0.06302259297413276,0.054928963975602464,-0.20417014028357341,0.20417014028357341
CommercialPosters,quantity_plus_arrangement,pairwise_distance_mean_norm,0.37865042711016467,0.3161998236597074,-0.9055123343335052,0.9055123343335052
CommercialPosters,quantity_plus_arrangement,pairwise_distance_std_norm,0.2070074068434186,0.1893745369592418,-0.34863801021944457,0.34863801021944457
CommercialPosters,quantity_plus_arrangement,row_alignment_fraction,0.09118991267328859,0.11339312219814301,0.5241426597997063,0.5241426597997063
CommercialPosters,quantity_plus_arrangement,column_alignment_fraction,0.09650993957259939,0.1290951907656713,0.5451729313737469,0.5451729313737469
CommercialPosters,quantity_plus_arrangement,angle_mean_abs_deg,4.2193903691437535,4.0647619266156845,-0.02637731623035541,0.02637731623035541
CommercialPosters,quantity_plus_arrangement,angle_std_deg,11.453405013035841,7.442542293080275,-0.32552537890780375,0.32552537890780375
CommercialPosters,quantity_plus_arrangement,rotated_fraction_gt_5deg,0.06252475737769854,0.17165940450254175,0.46992405252578445,0.46992405252578445
CommercialPosters,quantity_plus_arrangement,center_grid_4_0_0,0.06944444444444445,0.0245937637241985,-0.7046004972237129,0.7046004972237129
CommercialPosters,quantity_plus_arrangement,center_grid_4_0_1,0.030944364277697603,0.02006172839506172,-0.26691694537174293,0.26691694537174293
CommercialPosters,quantity_plus_arrangement,center_grid_4_0_2,0.03459282263630089,0.012091503267973857,-0.5047410441175297,0.5047410441175297
CommercialPosters,quantity_plus_arrangement,center_grid_4_0_3,0.003367003367003367,0.01764705882352941,0.5332593363618756,0.5332593363618756
CommercialPosters,quantity_plus_arrangement,center_grid_4_1_0,0.04419191919191919,0.006734006734006734,-0.7256305544367764,0.7256305544367764
CommercialPosters,quantity_plus_arrangement,center_grid_4_1_1,0.06321793832450268,0.03143274853801169,-0.48899258503700643,0.48899258503700643
CommercialPosters,quantity_plus_arrangement,center_grid_4_1_2,0.021437198067632845,0.03097312999273783,0.19874074535579253,0.19874074535579253
CommercialPosters,quantity_plus_arrangement,center_grid_4_1_3,0.023550724637681156,0.034931009440813364,0.19632901126878338,0.19632901126878338
CommercialPosters,quantity_plus_arrangement,center_grid_4_2_0,0.07575757575757575,0.056385465912320125,-0.2396376186983034,0.2396376186983034
CommercialPosters,quantity_plus_arrangement,center_grid_4_2_1,0.13312185509542712,0.12014793165800478,-0.08323849610982295,0.08323849610982295
CommercialPosters,quantity_plus_arrangement,center_grid_4_2_2,0.035805626598465465,0.06958994833091839,0.4530569815166488,0.4530569815166488
CommercialPosters,quantity_plus_arrangement,center_grid_4_2_3,0.052554530815400374,0.058089321144016694,0.06594922880651917,0.06594922880651917
CommercialPosters,quantity_plus_arrangement,center_grid_4_3_0,0.11720083656358164,0.1133385574988303,-0.028667037815317247,0.028667037815317247
CommercialPosters,quantity_plus_arrangement,center_grid_4_3_1,0.12283549783549781,0.14956291047958836,0.18368822692963208,0.18368822692963208
CommercialPosters,quantity_plus_arrangement,center_grid_4_3_2,0.08477748807032694,0.14052516459973718,0.5648950881918154,0.5648950881918154
CommercialPosters,quantity_plus_arrangement,center_grid_4_3_3,0.0872001743165426,0.11389575146025092,0.2142077615672536,0.2142077615672536
CommercialPosters,quantity_plus_arrangement,center_grid_8_0_0,0.003367003367003367,0.0,-0.4714045207910317,0.4714045207910317
CommercialPosters,quantity_plus_arrangement,center_grid_8_0_1,0.022446689113355775,0.021226760357195132,-0.02698216041728405,0.02698216041728405
CommercialPosters,quantity_plus_arrangement,center_grid_8_0_2,0.006172839506172833,0.006172839506172833,0.0,0.0
CommercialPosters,quantity_plus_arrangement,center_grid_8_0_3,0.007936507936507933,0.0,-0.4714045207910317,0.4714045207910317
CommercialPosters,quantity_plus_arrangement,center_grid_8_0_4,0.007936507936507933,0.0,-0.4714045207910317,0.4714045207910317
CommercialPosters,quantity_plus_arrangement,center_grid_8_0_5,0.006944444444444444,0.0,-0.4714045207910317,0.4714045207910317
CommercialPosters,quantity_plus_arrangement,center_grid_8_0_6,0.0,0.005555555555555556,0.4714045207910316,0.4714045207910316
CommercialPosters,quantity_plus_arrangement,center_grid_8_0_7,0.003367003367003367,0.0,-0.4714045207910317,0.4714045207910317
CommercialPosters,quantity_plus_arrangement,center_grid_8_1_0,0.013888888888888888,0.003367003367003367,-0.3470716161764374,0.3470716161764374
CommercialPosters,quantity_plus_arrangement,center_grid_8_1_1,0.029741863075196398,0.0,-1.0610084372508273,1.0610084372508273
CommercialPosters,quantity_plus_arrangement,center_grid_8_1_2,0.0101010101010101,0.013888888888888888,0.10397504898200727,0.10397504898200727
CommercialPosters,quantity_plus_arrangement,center_grid_8_1_3,0.006734006734006734,0.0,-0.4714045207910317,0.4714045207910317
CommercialPosters,quantity_plus_arrangement,center_grid_8_1_4,0.014880952380952377,0.0065359477124183,-0.3322909226150974,0.3322909226150974
CommercialPosters,quantity_plus_arrangement,center_grid_8_1_5,0.004830917874396133,0.005555555555555556,0.04639884189935925,0.04639884189935925
CommercialPosters,quantity_plus_arrangement,center_grid_8_1_6,0.0,0.012091503267973857,0.7097035830997378,0.7097035830997378
CommercialPosters,quantity_plus_arrangement,center_grid_8_1_7,0.0,0.0,0.0,0.0
CommercialPosters,quantity_plus_arrangement,center_grid_8_2_0,0.0,0.006734006734006734,0.4714045207910317,0.4714045207910317
CommercialPosters,quantity_plus_arrangement,center_grid_8_2_1,0.023989898989898988,0.0,-0.7015417824541677,0.7015417824541677
CommercialPosters,quantity_plus_arrangement,center_grid_8_2_2,0.022809797319601234,0.011695906432748532,-0.3145237565630288,0.3145237565630288
CommercialPosters,quantity_plus_arrangement,center_grid_8_2_3,0.007936507936507933,0.0,-0.4714045207910317,0.4714045207910317
CommercialPosters,quantity_plus_arrangement,center_grid_8_2_4,0.0,0.0,0.0,0.0
CommercialPosters,quantity_plus_arrangement,center_grid_8_2_5,0.006944444444444444,0.0065359477124183,-0.020192751093846103,0.020192751093846103
CommercialPosters,quantity_plus_arrangement,center_grid_8_2_6,0.004830917874396133,0.005555555555555556,0.04639884189935925,0.04639884189935925
CommercialPosters,quantity_plus_arrangement,center_grid_8_2_7,0.0,0.0,0.0,0.0
CommercialPosters,quantity_plus_arrangement,center_grid_8_3_0,0.0,0.0,0.0,0.0
CommercialPosters,quantity_plus_arrangement,center_grid_8_3_1,0.0202020202020202,0.0,-0.7126966450997985,0.7126966450997985
CommercialPosters,quantity_plus_arrangement,center_grid_8_3_2,0.022809797319601234,0.013888888888888888,-0.2302534260516054,0.2302534260516054
CommercialPosters,quantity_plus_arrangement,center_grid_8_3_3,0.009661835748792267,0.005847953216374266,-0.15919208083668943,0.15919208083668943
CommercialPosters,quantity_plus_arrangement,center_grid_8_3_4,0.004830917874396133,0.0065359477124183,0.09889363528682985,0.09889363528682985
CommercialPosters,quantity_plus_arrangement,center_grid_8_3_5,0.009661835748792267,0.01790123456790123,0.24112028066186347,0.24112028066186347
CommercialPosters,quantity_plus_arrangement,center_grid_8_3_6,0.01871980676328502,0.023819898329702244,0.1270031503507836,0.1270031503507836
CommercialPosters,quantity_plus_arrangement,center_grid_8_3_7,0.0,0.005555555555555556,0.4714045207910316,0.4714045207910316
CommercialPosters,quantity_plus_arrangement,center_grid_8_4_0,0.0101010101010101,0.008197921241399501,-0.0778965247710251,0.0778965247710251
CommercialPosters,quantity_plus_arrangement,center_grid_8_4_1,0.006172839506172833,0.01871980676328502,0.383740544653319,0.383740544653319
CommercialPosters,quantity_plus_arrangement,center_grid_8_4_2,0.030162738496071824,0.028622757842706688,-0.033751989560088805,0.033751989560088805
CommercialPosters,quantity_plus_arrangement,center_grid_8_4_3,0.0158346752549651,0.019736842105263153,0.10229877071600087,0.10229877071600087
CommercialPosters,quantity_plus_arrangement,center_grid_8_4_4,0.009661835748792267,0.0120207927225471,0.08885415419622007,0.08885415419622007
CommercialPosters,quantity_plus_arrangement,center_grid_8_4_5,0.0,0.006172839506172833,0.4714045207910317,0.4714045207910317
CommercialPosters,quantity_plus_arrangement,center_grid_8_4_6,0.019323671497584533,0.011728395061728389,-0.17190679214183963,0.17190679214183963
CommercialPosters,quantity_plus_arrangement,center_grid_8_4_7,0.0,0.0,0.0,0.0
CommercialPosters,quantity_plus_arrangement,center_grid_8_5_0,0.0202020202020202,0.008197921241399501,-0.39127552844781005,0.39127552844781005
CommercialPosters,quantity_plus_arrangement,center_grid_8_5_1,0.03928170594837261,0.0212698166662361,-0.3504840358904456,0.3504840358904456
CommercialPosters,quantity_plus_arrangement,center_grid_8_5_2,0.045256486432957016,0.051569617746088335,0.06511449777069343,0.06511449777069343
CommercialPosters,quantity_plus_arrangement,center_grid_8_5_3,0.041867954911433164,0.0202187139639466,-0.3989555414313422,0.3989555414313422
CommercialPosters,quantity_plus_arrangement,center_grid_8_5_4,0.0,0.022611738298012798,1.1374058212381217,1.1374058212381217
CommercialPosters,quantity_plus_arrangement,center_grid_8_5_5,0.0261437908496732,0.02878457780418564,0.04025417481706195,0.04025417481706195
CommercialPosters,quantity_plus_arrangement,center_grid_8_5_6,0.03323085931781583,0.0463609260822883,0.23715927984191196,0.23715927984191196
CommercialPosters,quantity_plus_arrangement,center_grid_8_5_7,0.0,0.0,0.0,0.0
CommercialPosters,quantity_plus_arrangement,center_grid_8_6_0,0.0,0.009661835748792267,0.4714045207910317,0.4714045207910317
CommercialPosters,quantity_plus_arrangement,center_grid_8_6_1,0.08092302577596694,0.06039939032266396,-0.2106091579383552,0.2106091579383552
CommercialPosters,quantity_plus_arrangement,center_grid_8_6_2,0.013468013468013467,0.0333785349040879,0.43774115320259954,0.43774115320259954
CommercialPosters,quantity_plus_arrangement,center_grid_8_6_3,0.08951619368286035,0.05331384015594541,-0.33841061685665436,0.33841061685665436
CommercialPosters,quantity_plus_arrangement,center_grid_8_6_4,0.02273373117362887,0.0437206603357274,0.3926171813491363,0.3926171813491363
CommercialPosters,quantity_plus_arrangement,center_grid_8_6_5,0.020622895622895623,0.06270548623489798,0.7428427181541359,0.7428427181541359
CommercialPosters,quantity_plus_arrangement,center_grid_8_6_6,0.05825526301869012,0.06757304729440951,0.11371729296053225,0.11371729296053225
CommercialPosters,quantity_plus_arrangement,center_grid_8_6_7,0.0,0.006172839506172833,0.4714045207910317,0.4714045207910317
CommercialPosters,quantity_plus_arrangement,center_grid_8_7_0,0.0101010101010101,0.0130718954248366,0.0847762106569103,0.0847762106569103
CommercialPosters,quantity_plus_arrangement,center_grid_8_7_1,0.0261768006866046,0.030205436002537445,0.09061094135303525,0.09061094135303525
CommercialPosters,quantity_plus_arrangement,center_grid_8_7_2,0.012906846240179567,0.026341849871261633,0.29217681781593124,0.29217681781593124
CommercialPosters,quantity_plus_arrangement,center_grid_8_7_3,0.006944444444444444,0.03652868554829339,0.7116652812861062,0.7116652812861062
CommercialPosters,quantity_plus_arrangement,center_grid_8_7_4,0.0243754067283479,0.0,-0.8093246702444467,0.8093246702444467
CommercialPosters,quantity_plus_arrangement,center_grid_8_7_5,0.017045454545454544,0.0340990180291118,0.43178403376224034,0.43178403376224034
CommercialPosters,quantity_plus_arrangement,center_grid_8_7_6,0.028944911297852465,0.0278041856473229,-0.023112496829873014,0.023112496829873014
CommercialPosters,quantity_plus_arrangement,center_grid_8_7_7,0.0,0.012345679012345678,0.47140452079103173,0.47140452079103173
InfographicCharts,quantity_only,region_count,42.925925925925924,43.44444444444444,0.05085188965076533,0.05085188965076533
InfographicCharts,quantity_only,union_coverage_norm,0.23101057207979508,0.16385560234925656,-0.7778506100800168,0.7778506100800168
InfographicCharts,quantity_only,sum_box_area_norm,0.23427935324487056,0.16461521721794203,-0.7626825041047318,0.7626825041047318
InfographicCharts,quantity_only,mean_box_area_norm,0.0057328342123299176,0.00395138601605837,-0.75759866753139,0.75759866753139
InfographicCharts,quantity_only,median_box_area_norm,0.0033914360687032482,0.002056848422125485,-0.8085691632036268,0.8085691632036268
InfographicCharts,quantity_only,std_box_area_norm,0.009091718839155848,0.00644242783887129,-0.25006594375230157,0.25006594375230157
InfographicCharts,quantity_only,mean_box_width_norm,0.14844705460311036,0.13142453080715452,-0.3615620833998844,0.3615620833998844
InfographicCharts,quantity_only,mean_box_height_norm,0.03498738338591366,0.028922491024329137,-1.154610419232339,1.154610419232339
InfographicCharts,quantity_only,mean_confidence,0.8880690717117872,0.8809762594961514,-0.37697760576176303,0.37697760576176303
InfographicCharts,quantity_only,low_confidence_fraction,0.037516395671445754,0.050054178818593115,0.27103291057032175,0.27103291057032175
InfographicCharts,arrangement_only,center_x_mean,0.4392899300420473,0.46120062100482395,0.3196092333511859,0.3196092333511859
InfographicCharts,arrangement_only,center_x_std,0.25790320985656023,0.2589979624159204,0.029573598238396694,0.029573598238396694
InfographicCharts,arrangement_only,center_y_mean,0.5102350960496211,0.5231460550850471,0.194522788896685,0.194522788896685
InfographicCharts,arrangement_only,center_y_std,0.25775963252612705,0.2601546729407249,0.11182416272067755,0.11182416272067755
InfographicCharts,arrangement_only,center_x_span,0.8403550105830463,0.8169545517536293,-0.3614364128627025,0.3614364128627025
InfographicCharts,arrangement_only,center_y_span,0.8886438634550251,0.9043885891814676,0.5254725201494794,0.5254725201494794
InfographicCharts,arrangement_only,nearest_neighbor_mean_norm,0.0725898035534201,0.06272237260942624,-0.6063165756633592,0.6063165756633592
InfographicCharts,arrangement_only,nearest_neighbor_median_norm,0.06238553830711145,0.05425416742707045,-0.437568842028041,0.437568842028041
InfographicCharts,arrangement_only,nearest_neighbor_std_norm,0.04143828257043273,0.033617356561187445,-0.4973768663286054,0.4973768663286054
InfographicCharts,arrangement_only,pairwise_distance_mean_norm,0.4688611610778853,0.474611397621899,0.14281969405697173,0.14281969405697173
InfographicCharts,arrangement_only,pairwise_distance_std_norm,0.23263385504202427,0.23049718144509815,-0.10496841602218619,0.10496841602218619
InfographicCharts,arrangement_only,row_alignment_fraction,0.057501195287317036,0.05134416288406248,-0.292166957692064,0.292166957692064
InfographicCharts,arrangement_only,column_alignment_fraction,0.09280180559559144,0.09612836854570074,0.07011610542655064,0.07011610542655064
InfographicCharts,arrangement_only,angle_mean_abs_deg,2.4361018842783553,4.304380888017234,0.3775099243569361,0.3775099243569361
InfographicCharts,arrangement_only,angle_std_deg,8.262554370907795,12.844521926595435,0.41025389998524203,0.41025389998524203
InfographicCharts,arrangement_only,rotated_fraction_gt_5deg,0.032531973840363895,0.055041965435727966,0.3797257976774639,0.3797257976774639
InfographicCharts,arrangement_only,center_grid_4_0_0,0.050797163121973715,0.04053257870242576,-0.2626399784045893,0.2626399784045893
InfographicCharts,arrangement_only,center_grid_4_0_1,0.07576492930980469,0.0822209094301022,0.1450583264749834,0.1450583264749834
InfographicCharts,arrangement_only,center_grid_4_0_2,0.045214939535631826,0.05879415246722205,0.3200496355145609,0.3200496355145609
InfographicCharts,arrangement_only,center_grid_4_0_3,0.03242161880940735,0.017214460001369124,-0.5034645359111184,0.5034645359111184
InfographicCharts,arrangement_only,center_grid_4_1_0,0.10156995297385463,0.09863136199084807,-0.04456928487939402,0.04456928487939402
InfographicCharts,arrangement_only,center_grid_4_1_1,0.07357589165936619,0.05286580324457345,-0.38935075149410625,0.38935075149410625
InfographicCharts,arrangement_only,center_grid_4_1_2,0.06364293023930556,0.04482874337108501,-0.3680402484353008,0.3680402484353008
InfographicCharts,arrangement_only,center_grid_4_1_3,0.06667145808975522,0.07062168447047154,0.06453501923868683,0.06453501923868683
InfographicCharts,arrangement_only,center_grid_4_2_0,0.0753708552866616,0.10362467329930782,0.4924716920698829,0.4924716920698829
InfographicCharts,arrangement_only,center_grid_4_2_1,0.06536787150651897,0.05126287480767516,-0.27621829164746153,0.27621829164746153
InfographicCharts,arrangement_only,center_grid_4_2_2,0.05647477756580613,0.05337969194961709,-0.0640602644968857,0.0640602644968857
InfographicCharts,arrangement_only,center_grid_4_2_3,0.035223209759207647,0.07262610554142604,0.7187706650624139,0.7187706650624139
InfographicCharts,arrangement_only,center_grid_4_3_0,0.09255021206620863,0.042077859718576305,-1.0565689122114006,1.0565689122114006
InfographicCharts,arrangement_only,center_grid_4_3_1,0.0699455755801033,0.08175800973395433,0.32914755679774615,0.32914755679774615
InfographicCharts,arrangement_only,center_grid_4_3_2,0.045025372889297324,0.07319780920839855,0.7001967534756963,0.7001967534756963
InfographicCharts,arrangement_only,center_grid_4_3_3,0.050383241607096695,0.056363282062947,0.1408793654210871,0.1408793654210871
InfographicCharts,arrangement_only,center_grid_8_0_0,0.0077236597584950445,0.0015117157974300814,-0.526698013256046,0.526698013256046
InfographicCharts,arrangement_only,center_grid_8_0_1,0.006887502655135078,0.008499001637040336,0.11819753967655812,0.11819753967655812
InfographicCharts,arrangement_only,center_grid_8_0_2,0.01653459013570218,0.015923779050946274,-0.03171465759280494,0.03171465759280494
InfographicCharts,arrangement_only,center_grid_8_0_3,0.019049208233087516,0.015169723494975522,-0.20971265085620827,0.20971265085620827
InfographicCharts,arrangement_only,center_grid_8_0_4,0.009022733302260198,0.021772849730978764,0.6091216775400955,0.6091216775400955
InfographicCharts,arrangement_only,center_grid_8_0_5,0.005989024843303837,0.008200714300425474,0.1751775176631181,0.1751775176631181
InfographicCharts,arrangement_only,center_grid_8_0_6,0.008050203418308833,0.005861167289738715,-0.12864132915115678,0.12864132915115678
InfographicCharts,arrangement_only,center_grid_8_0_7,0.0,0.0014814814814814814,0.2721655269759087,0.2721655269759087
InfographicCharts,arrangement_only,center_grid_8_1_0,0.008209454589444411,0.01196289384784773,0.21366794562343253,0.21366794562343253
InfographicCharts,arrangement_only,center_grid_8_1_1,0.027976546118899152,0.018558967420107594,-0.3579383036248915,0.3579383036248915
InfographicCharts,arrangement_only,center_grid_8_1_2,0.021977318482082328,0.025151314328195017,0.12215527115391278,0.12215527115391278
InfographicCharts,arrangement_only,center_grid_8_1_3,0.018203812458932607,0.025976092555985358,0.34800186174377623,0.34800186174377623
InfographicCharts,arrangement_only,center_grid_8_1_4,0.018467966397307575,0.020640514359486484,0.09881449493650823,0.09881449493650823
InfographicCharts,arrangement_only,center_grid_8_1_5,0.01173521499276018,0.008180074076331322,-0.23585390768333908,0.23585390768333908
InfographicCharts,arrangement_only,center_grid_8_1_6,0.01480281118132161,0.007599463694643495,-0.45835662076358497,0.45835662076358497
InfographicCharts,arrangement_only,center_grid_8_1_7,0.009568604209776907,0.0022723475355054296,-0.6711060701029241,0.6711060701029241
InfographicCharts,arrangement_only,center_grid_8_2_0,0.01742388720485068,0.022362301309348683,0.17529526085993727,0.17529526085993727
InfographicCharts,arrangement_only,center_grid_8_2_1,0.03735255246813841,0.02563904952395571,-0.3938027641553627,0.3938027641553627
InfographicCharts,arrangement_only,center_grid_8_2_2,0.024207612462719137,0.01531106909563297,-0.378860358220486,0.378860358220486
InfographicCharts,arrangement_only,center_grid_8_2_3,0.016265716320753614,0.010183925692823307,-0.3577883808281228,0.3577883808281228
InfographicCharts,arrangement_only,center_grid_8_2_4,0.01429077738247203,0.0149883087344736,0.028322522673705497,0.028322522673705497
InfographicCharts,arrangement_only,center_grid_8_2_5,0.014102984616358201,0.008608668656124004,-0.2639029429110071,0.2639029429110071
InfographicCharts,arrangement_only,center_grid_8_2_6,0.026797244621971666,0.02359606113861934,-0.09031708268974131,0.09031708268974131
InfographicCharts,arrangement_only,center_grid_8_2_7,0.013547123542943554,0.013303505226615511,-0.0125234465202793,0.0125234465202793
InfographicCharts,arrangement_only,center_grid_8_3_0,0.01932194056878362,0.022627054683687618,0.12141099283311085,0.12141099283311085
InfographicCharts,arrangement_only,center_grid_8_3_1,0.02747157273208188,0.02800295647385603,0.018482403092498333,0.018482403092498333
InfographicCharts,arrangement_only,center_grid_8_3_2,0.022424413254988382,0.01147106810828,-0.47977044637935484,0.47977044637935484
InfographicCharts,arrangement_only,center_grid_8_3_3,0.010678149620905006,0.015899740347837164,0.23918701431635273,0.23918701431635273
InfographicCharts,arrangement_only,center_grid_8_3_4,0.018158732065041334,0.007754747792930863,-0.505147297557904,0.505147297557904
InfographicCharts,arrangement_only,center_grid_8_3_5,0.01709043617543397,0.013477018187556531,-0.15298103634797755,0.15298103634797755
InfographicCharts,arrangement_only,center_grid_8_3_6,0.013319579203589227,0.024932274008557628,0.46759132321431945,0.46759132321431945
InfographicCharts,arrangement_only,center_grid_8_3_7,0.013007510721250738,0.008789844096679045,-0.1819267800884485,0.1819267800884485
InfographicCharts,arrangement_only,center_grid_8_4_0,0.016244038713914014,0.020903971809951828,0.19692828143297422,0.19692828143297422
InfographicCharts,arrangement_only,center_grid_8_4_1,0.021992975588614565,0.03328318220209651,0.4111367745596665,0.4111367745596665
InfographicCharts,arrangement_only,center_grid_8_4_2,0.02257713805909364,0.013775293752645789,-0.39151265154100695,0.39151265154100695
InfographicCharts,arrangement_only,center_grid_8_4_3,0.0063890764149162,0.009602196728235925,0.20516126504479995,0.20516126504479995
InfographicCharts,arrangement_only,center_grid_8_4_4,0.009633185122411634,0.012691439325962504,0.15602799312378882,0.15602799312378882
InfographicCharts,arrangement_only,center_grid_8_4_5,0.014152165784303528,0.010727993294376048,-0.17233804941520675,0.17233804941520675
InfographicCharts,arrangement_only,center_grid_8_4_6,0.00927071281101781,0.022832228250212052,0.49113655582218896,0.49113655582218896
InfographicCharts,arrangement_only,center_grid_8_4_7,0.005471620286435096,0.008650862078845308,0.1839166037275623,0.1839166037275623
InfographicCharts,arrangement_only,center_grid_8_5_0,0.0168185004710834,0.01862324287997626,0.08668869532396214,0.08668869532396214
InfographicCharts,arrangement_only,center_grid_8_5_1,0.020315340513049573,0.030814276407283184,0.46720982957480467,0.46720982957480467
InfographicCharts,arrangement_only,center_grid_8_5_2,0.02722632476456158,0.013326381153304997,-0.6129338913380973,0.6129338913380973
InfographicCharts,arrangement_only,center_grid_8_5_3,0.009175332267947514,0.014559003173488438,0.2924566697119112,0.2924566697119112
InfographicCharts,arrangement_only,center_grid_8_5_4,0.01397459221723003,0.014643594048044476,0.03088186429310679,0.03088186429310679
InfographicCharts,arrangement_only,center_grid_8_5_5,0.018714834441860905,0.015316665281234043,-0.15320986409951282,0.15320986409951282
InfographicCharts,arrangement_only,center_grid_8_5_6,0.01058846372503572,0.02578791729891769,0.5380646854426157,0.5380646854426157
InfographicCharts,arrangement_only,center_grid_8_5_7,0.009892412936718999,0.015355097913450978,0.2808568652954742,0.2808568652954742
InfographicCharts,arrangement_only,center_grid_8_6_0,0.021272926213108407,0.007813822092095999,-0.679281864561575,0.679281864561575
InfographicCharts,arrangement_only,center_grid_8_6_1,0.02543772402127184,0.015158452683670514,-0.43198549941682624,0.43198549941682624
InfographicCharts,arrangement_only,center_grid_8_6_2,0.0299180080107558,0.024277590686116183,-0.23304951949779448,0.23304951949779448
InfographicCharts,arrangement_only,center_grid_8_6_3,0.0183036130193903,0.014963659835884102,-0.15083647614661205,0.15083647614661205
InfographicCharts,arrangement_only,center_grid_8_6_4,0.013074096570402574,0.037923142841685555,0.9718375477725725,0.9718375477725725
InfographicCharts,arrangement_only,center_grid_8_6_5,0.02093867906965028,0.017794952290872492,-0.14034440887228045,0.14034440887228045
InfographicCharts,arrangement_only,center_grid_8_6_6,0.015447041730161884,0.02472346172970362,0.37366516491144164,0.37366516491144164
InfographicCharts,arrangement_only,center_grid_8_6_7,0.012134771227259348,0.009345788205493456,-0.1510824811865962,0.1510824811865962
InfographicCharts,arrangement_only,center_grid_8_7_0,0.026103783007152388,0.002352350478029237,-1.8588517002496738,1.8588517002496738
InfographicCharts,arrangement_only,center_grid_8_7_1,0.019735778824675924,0.016753234464780546,-0.13816337245576762,0.13816337245576762
InfographicCharts,arrangement_only,center_grid_8_7_2,0.015215218778591723,0.02766760049265619,0.6405297550356343,0.6405297550356343
InfographicCharts,arrangement_only,center_grid_8_7_3,0.006508735771365431,0.014849158719297838,0.5227067055315489,0.5227067055315489
InfographicCharts,arrangement_only,center_grid_8_7_4,0.005586240660097167,0.009918897736119585,0.28680478154036165,0.28680478154036165
InfographicCharts,arrangement_only,center_grid_8_7_5,0.005426356589147278,0.007560816339720911,0.15905989830905323,0.15905989830905323
InfographicCharts,arrangement_only,center_grid_8_7_6,0.01284734677577473,0.019357814905818418,0.32800955524740716,0.32800955524740716
InfographicCharts,arrangement_only,center_grid_8_7_7,0.009954081873900702,0.0029362172219315036,-0.607989140901714,0.607989140901714
InfographicCharts,arrangement_base_only,center_x_mean,0.4392899300420473,0.46120062100482395,0.3196092333511859,0.3196092333511859
InfographicCharts,arrangement_base_only,center_x_std,0.25790320985656023,0.2589979624159204,0.029573598238396694,0.029573598238396694
InfographicCharts,arrangement_base_only,center_y_mean,0.5102350960496211,0.5231460550850471,0.194522788896685,0.194522788896685
InfographicCharts,arrangement_base_only,center_y_std,0.25775963252612705,0.2601546729407249,0.11182416272067755,0.11182416272067755
InfographicCharts,arrangement_base_only,center_x_span,0.8403550105830463,0.8169545517536293,-0.3614364128627025,0.3614364128627025
InfographicCharts,arrangement_base_only,center_y_span,0.8886438634550251,0.9043885891814676,0.5254725201494794,0.5254725201494794
InfographicCharts,arrangement_base_only,nearest_neighbor_mean_norm,0.0725898035534201,0.06272237260942624,-0.6063165756633592,0.6063165756633592
InfographicCharts,arrangement_base_only,nearest_neighbor_median_norm,0.06238553830711145,0.05425416742707045,-0.437568842028041,0.437568842028041
InfographicCharts,arrangement_base_only,nearest_neighbor_std_norm,0.04143828257043273,0.033617356561187445,-0.4973768663286054,0.4973768663286054
InfographicCharts,arrangement_base_only,pairwise_distance_mean_norm,0.4688611610778853,0.474611397621899,0.14281969405697173,0.14281969405697173
InfographicCharts,arrangement_base_only,pairwise_distance_std_norm,0.23263385504202427,0.23049718144509815,-0.10496841602218619,0.10496841602218619
InfographicCharts,arrangement_base_only,row_alignment_fraction,0.057501195287317036,0.05134416288406248,-0.292166957692064,0.292166957692064
InfographicCharts,arrangement_base_only,column_alignment_fraction,0.09280180559559144,0.09612836854570074,0.07011610542655064,0.07011610542655064
InfographicCharts,arrangement_base_only,angle_mean_abs_deg,2.4361018842783553,4.304380888017234,0.3775099243569361,0.3775099243569361
InfographicCharts,arrangement_base_only,angle_std_deg,8.262554370907795,12.844521926595435,0.41025389998524203,0.41025389998524203
InfographicCharts,arrangement_base_only,rotated_fraction_gt_5deg,0.032531973840363895,0.055041965435727966,0.3797257976774639,0.3797257976774639
InfographicCharts,arrangement_4x4_only,center_x_mean,0.4392899300420473,0.46120062100482395,0.3196092333511859,0.3196092333511859
InfographicCharts,arrangement_4x4_only,center_x_std,0.25790320985656023,0.2589979624159204,0.029573598238396694,0.029573598238396694
InfographicCharts,arrangement_4x4_only,center_y_mean,0.5102350960496211,0.5231460550850471,0.194522788896685,0.194522788896685
InfographicCharts,arrangement_4x4_only,center_y_std,0.25775963252612705,0.2601546729407249,0.11182416272067755,0.11182416272067755
InfographicCharts,arrangement_4x4_only,center_x_span,0.8403550105830463,0.8169545517536293,-0.3614364128627025,0.3614364128627025
InfographicCharts,arrangement_4x4_only,center_y_span,0.8886438634550251,0.9043885891814676,0.5254725201494794,0.5254725201494794
InfographicCharts,arrangement_4x4_only,nearest_neighbor_mean_norm,0.0725898035534201,0.06272237260942624,-0.6063165756633592,0.6063165756633592
InfographicCharts,arrangement_4x4_only,nearest_neighbor_median_norm,0.06238553830711145,0.05425416742707045,-0.437568842028041,0.437568842028041
InfographicCharts,arrangement_4x4_only,nearest_neighbor_std_norm,0.04143828257043273,0.033617356561187445,-0.4973768663286054,0.4973768663286054
InfographicCharts,arrangement_4x4_only,pairwise_distance_mean_norm,0.4688611610778853,0.474611397621899,0.14281969405697173,0.14281969405697173
InfographicCharts,arrangement_4x4_only,pairwise_distance_std_norm,0.23263385504202427,0.23049718144509815,-0.10496841602218619,0.10496841602218619
InfographicCharts,arrangement_4x4_only,row_alignment_fraction,0.057501195287317036,0.05134416288406248,-0.292166957692064,0.292166957692064
InfographicCharts,arrangement_4x4_only,column_alignment_fraction,0.09280180559559144,0.09612836854570074,0.07011610542655064,0.07011610542655064
InfographicCharts,arrangement_4x4_only,angle_mean_abs_deg,2.4361018842783553,4.304380888017234,0.3775099243569361,0.3775099243569361
InfographicCharts,arrangement_4x4_only,angle_std_deg,8.262554370907795,12.844521926595435,0.41025389998524203,0.41025389998524203
InfographicCharts,arrangement_4x4_only,rotated_fraction_gt_5deg,0.032531973840363895,0.055041965435727966,0.3797257976774639,0.3797257976774639
InfographicCharts,arrangement_4x4_only,center_grid_4_0_0,0.050797163121973715,0.04053257870242576,-0.2626399784045893,0.2626399784045893
InfographicCharts,arrangement_4x4_only,center_grid_4_0_1,0.07576492930980469,0.0822209094301022,0.1450583264749834,0.1450583264749834
InfographicCharts,arrangement_4x4_only,center_grid_4_0_2,0.045214939535631826,0.05879415246722205,0.3200496355145609,0.3200496355145609
InfographicCharts,arrangement_4x4_only,center_grid_4_0_3,0.03242161880940735,0.017214460001369124,-0.5034645359111184,0.5034645359111184
InfographicCharts,arrangement_4x4_only,center_grid_4_1_0,0.10156995297385463,0.09863136199084807,-0.04456928487939402,0.04456928487939402
InfographicCharts,arrangement_4x4_only,center_grid_4_1_1,0.07357589165936619,0.05286580324457345,-0.38935075149410625,0.38935075149410625
InfographicCharts,arrangement_4x4_only,center_grid_4_1_2,0.06364293023930556,0.04482874337108501,-0.3680402484353008,0.3680402484353008
InfographicCharts,arrangement_4x4_only,center_grid_4_1_3,0.06667145808975522,0.07062168447047154,0.06453501923868683,0.06453501923868683
InfographicCharts,arrangement_4x4_only,center_grid_4_2_0,0.0753708552866616,0.10362467329930782,0.4924716920698829,0.4924716920698829
InfographicCharts,arrangement_4x4_only,center_grid_4_2_1,0.06536787150651897,0.05126287480767516,-0.27621829164746153,0.27621829164746153
InfographicCharts,arrangement_4x4_only,center_grid_4_2_2,0.05647477756580613,0.05337969194961709,-0.0640602644968857,0.0640602644968857
InfographicCharts,arrangement_4x4_only,center_grid_4_2_3,0.035223209759207647,0.07262610554142604,0.7187706650624139,0.7187706650624139
InfographicCharts,arrangement_4x4_only,center_grid_4_3_0,0.09255021206620863,0.042077859718576305,-1.0565689122114006,1.0565689122114006
InfographicCharts,arrangement_4x4_only,center_grid_4_3_1,0.0699455755801033,0.08175800973395433,0.32914755679774615,0.32914755679774615
InfographicCharts,arrangement_4x4_only,center_grid_4_3_2,0.045025372889297324,0.07319780920839855,0.7001967534756963,0.7001967534756963
InfographicCharts,arrangement_4x4_only,center_grid_4_3_3,0.050383241607096695,0.056363282062947,0.1408793654210871,0.1408793654210871
InfographicCharts,arrangement_8x8_only,center_x_mean,0.4392899300420473,0.46120062100482395,0.3196092333511859,0.3196092333511859
InfographicCharts,arrangement_8x8_only,center_x_std,0.25790320985656023,0.2589979624159204,0.029573598238396694,0.029573598238396694
InfographicCharts,arrangement_8x8_only,center_y_mean,0.5102350960496211,0.5231460550850471,0.194522788896685,0.194522788896685
InfographicCharts,arrangement_8x8_only,center_y_std,0.25775963252612705,0.2601546729407249,0.11182416272067755,0.11182416272067755
InfographicCharts,arrangement_8x8_only,center_x_span,0.8403550105830463,0.8169545517536293,-0.3614364128627025,0.3614364128627025
InfographicCharts,arrangement_8x8_only,center_y_span,0.8886438634550251,0.9043885891814676,0.5254725201494794,0.5254725201494794
InfographicCharts,arrangement_8x8_only,nearest_neighbor_mean_norm,0.0725898035534201,0.06272237260942624,-0.6063165756633592,0.6063165756633592
InfographicCharts,arrangement_8x8_only,nearest_neighbor_median_norm,0.06238553830711145,0.05425416742707045,-0.437568842028041,0.437568842028041
InfographicCharts,arrangement_8x8_only,nearest_neighbor_std_norm,0.04143828257043273,0.033617356561187445,-0.4973768663286054,0.4973768663286054
InfographicCharts,arrangement_8x8_only,pairwise_distance_mean_norm,0.4688611610778853,0.474611397621899,0.14281969405697173,0.14281969405697173
InfographicCharts,arrangement_8x8_only,pairwise_distance_std_norm,0.23263385504202427,0.23049718144509815,-0.10496841602218619,0.10496841602218619
InfographicCharts,arrangement_8x8_only,row_alignment_fraction,0.057501195287317036,0.05134416288406248,-0.292166957692064,0.292166957692064
InfographicCharts,arrangement_8x8_only,column_alignment_fraction,0.09280180559559144,0.09612836854570074,0.07011610542655064,0.07011610542655064
InfographicCharts,arrangement_8x8_only,angle_mean_abs_deg,2.4361018842783553,4.304380888017234,0.3775099243569361,0.3775099243569361
InfographicCharts,arrangement_8x8_only,angle_std_deg,8.262554370907795,12.844521926595435,0.41025389998524203,0.41025389998524203
InfographicCharts,arrangement_8x8_only,rotated_fraction_gt_5deg,0.032531973840363895,0.055041965435727966,0.3797257976774639,0.3797257976774639
InfographicCharts,arrangement_8x8_only,center_grid_8_0_0,0.0077236597584950445,0.0015117157974300814,-0.526698013256046,0.526698013256046
InfographicCharts,arrangement_8x8_only,center_grid_8_0_1,0.006887502655135078,0.008499001637040336,0.11819753967655812,0.11819753967655812
InfographicCharts,arrangement_8x8_only,center_grid_8_0_2,0.01653459013570218,0.015923779050946274,-0.03171465759280494,0.03171465759280494
InfographicCharts,arrangement_8x8_only,center_grid_8_0_3,0.019049208233087516,0.015169723494975522,-0.20971265085620827,0.20971265085620827
InfographicCharts,arrangement_8x8_only,center_grid_8_0_4,0.009022733302260198,0.021772849730978764,0.6091216775400955,0.6091216775400955
InfographicCharts,arrangement_8x8_only,center_grid_8_0_5,0.005989024843303837,0.008200714300425474,0.1751775176631181,0.1751775176631181
InfographicCharts,arrangement_8x8_only,center_grid_8_0_6,0.008050203418308833,0.005861167289738715,-0.12864132915115678,0.12864132915115678
InfographicCharts,arrangement_8x8_only,center_grid_8_0_7,0.0,0.0014814814814814814,0.2721655269759087,0.2721655269759087
InfographicCharts,arrangement_8x8_only,center_grid_8_1_0,0.008209454589444411,0.01196289384784773,0.21366794562343253,0.21366794562343253
InfographicCharts,arrangement_8x8_only,center_grid_8_1_1,0.027976546118899152,0.018558967420107594,-0.3579383036248915,0.3579383036248915
InfographicCharts,arrangement_8x8_only,center_grid_8_1_2,0.021977318482082328,0.025151314328195017,0.12215527115391278,0.12215527115391278
InfographicCharts,arrangement_8x8_only,center_grid_8_1_3,0.018203812458932607,0.025976092555985358,0.34800186174377623,0.34800186174377623
InfographicCharts,arrangement_8x8_only,center_grid_8_1_4,0.018467966397307575,0.020640514359486484,0.09881449493650823,0.09881449493650823
InfographicCharts,arrangement_8x8_only,center_grid_8_1_5,0.01173521499276018,0.008180074076331322,-0.23585390768333908,0.23585390768333908
InfographicCharts,arrangement_8x8_only,center_grid_8_1_6,0.01480281118132161,0.007599463694643495,-0.45835662076358497,0.45835662076358497
InfographicCharts,arrangement_8x8_only,center_grid_8_1_7,0.009568604209776907,0.0022723475355054296,-0.6711060701029241,0.6711060701029241
InfographicCharts,arrangement_8x8_only,center_grid_8_2_0,0.01742388720485068,0.022362301309348683,0.17529526085993727,0.17529526085993727
InfographicCharts,arrangement_8x8_only,center_grid_8_2_1,0.03735255246813841,0.02563904952395571,-0.3938027641553627,0.3938027641553627
InfographicCharts,arrangement_8x8_only,center_grid_8_2_2,0.024207612462719137,0.01531106909563297,-0.378860358220486,0.378860358220486
InfographicCharts,arrangement_8x8_only,center_grid_8_2_3,0.016265716320753614,0.010183925692823307,-0.3577883808281228,0.3577883808281228
InfographicCharts,arrangement_8x8_only,center_grid_8_2_4,0.01429077738247203,0.0149883087344736,0.028322522673705497,0.028322522673705497
InfographicCharts,arrangement_8x8_only,center_grid_8_2_5,0.014102984616358201,0.008608668656124004,-0.2639029429110071,0.2639029429110071
InfographicCharts,arrangement_8x8_only,center_grid_8_2_6,0.026797244621971666,0.02359606113861934,-0.09031708268974131,0.09031708268974131
InfographicCharts,arrangement_8x8_only,center_grid_8_2_7,0.013547123542943554,0.013303505226615511,-0.0125234465202793,0.0125234465202793
InfographicCharts,arrangement_8x8_only,center_grid_8_3_0,0.01932194056878362,0.022627054683687618,0.12141099283311085,0.12141099283311085
InfographicCharts,arrangement_8x8_only,center_grid_8_3_1,0.02747157273208188,0.02800295647385603,0.018482403092498333,0.018482403092498333
InfographicCharts,arrangement_8x8_only,center_grid_8_3_2,0.022424413254988382,0.01147106810828,-0.47977044637935484,0.47977044637935484
InfographicCharts,arrangement_8x8_only,center_grid_8_3_3,0.010678149620905006,0.015899740347837164,0.23918701431635273,0.23918701431635273
InfographicCharts,arrangement_8x8_only,center_grid_8_3_4,0.018158732065041334,0.007754747792930863,-0.505147297557904,0.505147297557904
InfographicCharts,arrangement_8x8_only,center_grid_8_3_5,0.01709043617543397,0.013477018187556531,-0.15298103634797755,0.15298103634797755
InfographicCharts,arrangement_8x8_only,center_grid_8_3_6,0.013319579203589227,0.024932274008557628,0.46759132321431945,0.46759132321431945
InfographicCharts,arrangement_8x8_only,center_grid_8_3_7,0.013007510721250738,0.008789844096679045,-0.1819267800884485,0.1819267800884485
InfographicCharts,arrangement_8x8_only,center_grid_8_4_0,0.016244038713914014,0.020903971809951828,0.19692828143297422,0.19692828143297422
InfographicCharts,arrangement_8x8_only,center_grid_8_4_1,0.021992975588614565,0.03328318220209651,0.4111367745596665,0.4111367745596665
InfographicCharts,arrangement_8x8_only,center_grid_8_4_2,0.02257713805909364,0.013775293752645789,-0.39151265154100695,0.39151265154100695
InfographicCharts,arrangement_8x8_only,center_grid_8_4_3,0.0063890764149162,0.009602196728235925,0.20516126504479995,0.20516126504479995
InfographicCharts,arrangement_8x8_only,center_grid_8_4_4,0.009633185122411634,0.012691439325962504,0.15602799312378882,0.15602799312378882
InfographicCharts,arrangement_8x8_only,center_grid_8_4_5,0.014152165784303528,0.010727993294376048,-0.17233804941520675,0.17233804941520675
InfographicCharts,arrangement_8x8_only,center_grid_8_4_6,0.00927071281101781,0.022832228250212052,0.49113655582218896,0.49113655582218896
InfographicCharts,arrangement_8x8_only,center_grid_8_4_7,0.005471620286435096,0.008650862078845308,0.1839166037275623,0.1839166037275623
InfographicCharts,arrangement_8x8_only,center_grid_8_5_0,0.0168185004710834,0.01862324287997626,0.08668869532396214,0.08668869532396214
InfographicCharts,arrangement_8x8_only,center_grid_8_5_1,0.020315340513049573,0.030814276407283184,0.46720982957480467,0.46720982957480467
InfographicCharts,arrangement_8x8_only,center_grid_8_5_2,0.02722632476456158,0.013326381153304997,-0.6129338913380973,0.6129338913380973
InfographicCharts,arrangement_8x8_only,center_grid_8_5_3,0.009175332267947514,0.014559003173488438,0.2924566697119112,0.2924566697119112
InfographicCharts,arrangement_8x8_only,center_grid_8_5_4,0.01397459221723003,0.014643594048044476,0.03088186429310679,0.03088186429310679
InfographicCharts,arrangement_8x8_only,center_grid_8_5_5,0.018714834441860905,0.015316665281234043,-0.15320986409951282,0.15320986409951282
InfographicCharts,arrangement_8x8_only,center_grid_8_5_6,0.01058846372503572,0.02578791729891769,0.5380646854426157,0.5380646854426157
InfographicCharts,arrangement_8x8_only,center_grid_8_5_7,0.009892412936718999,0.015355097913450978,0.2808568652954742,0.2808568652954742
InfographicCharts,arrangement_8x8_only,center_grid_8_6_0,0.021272926213108407,0.007813822092095999,-0.679281864561575,0.679281864561575
InfographicCharts,arrangement_8x8_only,center_grid_8_6_1,0.02543772402127184,0.015158452683670514,-0.43198549941682624,0.43198549941682624
InfographicCharts,arrangement_8x8_only,center_grid_8_6_2,0.0299180080107558,0.024277590686116183,-0.23304951949779448,0.23304951949779448
InfographicCharts,arrangement_8x8_only,center_grid_8_6_3,0.0183036130193903,0.014963659835884102,-0.15083647614661205,0.15083647614661205
InfographicCharts,arrangement_8x8_only,center_grid_8_6_4,0.013074096570402574,0.037923142841685555,0.9718375477725725,0.9718375477725725
InfographicCharts,arrangement_8x8_only,center_grid_8_6_5,0.02093867906965028,0.017794952290872492,-0.14034440887228045,0.14034440887228045
InfographicCharts,arrangement_8x8_only,center_grid_8_6_6,0.015447041730161884,0.02472346172970362,0.37366516491144164,0.37366516491144164
InfographicCharts,arrangement_8x8_only,center_grid_8_6_7,0.012134771227259348,0.009345788205493456,-0.1510824811865962,0.1510824811865962
InfographicCharts,arrangement_8x8_only,center_grid_8_7_0,0.026103783007152388,0.002352350478029237,-1.8588517002496738,1.8588517002496738
InfographicCharts,arrangement_8x8_only,center_grid_8_7_1,0.019735778824675924,0.016753234464780546,-0.13816337245576762,0.13816337245576762
InfographicCharts,arrangement_8x8_only,center_grid_8_7_2,0.015215218778591723,0.02766760049265619,0.6405297550356343,0.6405297550356343
InfographicCharts,arrangement_8x8_only,center_grid_8_7_3,0.006508735771365431,0.014849158719297838,0.5227067055315489,0.5227067055315489
InfographicCharts,arrangement_8x8_only,center_grid_8_7_4,0.005586240660097167,0.009918897736119585,0.28680478154036165,0.28680478154036165
InfographicCharts,arrangement_8x8_only,center_grid_8_7_5,0.005426356589147278,0.007560816339720911,0.15905989830905323,0.15905989830905323
InfographicCharts,arrangement_8x8_only,center_grid_8_7_6,0.01284734677577473,0.019357814905818418,0.32800955524740716,0.32800955524740716
InfographicCharts,arrangement_8x8_only,center_grid_8_7_7,0.009954081873900702,0.0029362172219315036,-0.607989140901714,0.607989140901714
InfographicCharts,quantity_plus_arrangement,region_count,42.925925925925924,43.44444444444444,0.05085188965076533,0.05085188965076533
InfographicCharts,quantity_plus_arrangement,union_coverage_norm,0.23101057207979508,0.16385560234925656,-0.7778506100800168,0.7778506100800168
InfographicCharts,quantity_plus_arrangement,sum_box_area_norm,0.23427935324487056,0.16461521721794203,-0.7626825041047318,0.7626825041047318
InfographicCharts,quantity_plus_arrangement,mean_box_area_norm,0.0057328342123299176,0.00395138601605837,-0.75759866753139,0.75759866753139
InfographicCharts,quantity_plus_arrangement,median_box_area_norm,0.0033914360687032482,0.002056848422125485,-0.8085691632036268,0.8085691632036268
InfographicCharts,quantity_plus_arrangement,std_box_area_norm,0.009091718839155848,0.00644242783887129,-0.25006594375230157,0.25006594375230157
InfographicCharts,quantity_plus_arrangement,mean_box_width_norm,0.14844705460311036,0.13142453080715452,-0.3615620833998844,0.3615620833998844
InfographicCharts,quantity_plus_arrangement,mean_box_height_norm,0.03498738338591366,0.028922491024329137,-1.154610419232339,1.154610419232339
InfographicCharts,quantity_plus_arrangement,mean_confidence,0.8880690717117872,0.8809762594961514,-0.37697760576176303,0.37697760576176303
InfographicCharts,quantity_plus_arrangement,low_confidence_fraction,0.037516395671445754,0.050054178818593115,0.27103291057032175,0.27103291057032175
InfographicCharts,quantity_plus_arrangement,center_x_mean,0.4392899300420473,0.46120062100482395,0.3196092333511859,0.3196092333511859
InfographicCharts,quantity_plus_arrangement,center_x_std,0.25790320985656023,0.2589979624159204,0.029573598238396694,0.029573598238396694
InfographicCharts,quantity_plus_arrangement,center_y_mean,0.5102350960496211,0.5231460550850471,0.194522788896685,0.194522788896685
InfographicCharts,quantity_plus_arrangement,center_y_std,0.25775963252612705,0.2601546729407249,0.11182416272067755,0.11182416272067755
InfographicCharts,quantity_plus_arrangement,center_x_span,0.8403550105830463,0.8169545517536293,-0.3614364128627025,0.3614364128627025
InfographicCharts,quantity_plus_arrangement,center_y_span,0.8886438634550251,0.9043885891814676,0.5254725201494794,0.5254725201494794
InfographicCharts,quantity_plus_arrangement,nearest_neighbor_mean_norm,0.0725898035534201,0.06272237260942624,-0.6063165756633592,0.6063165756633592
InfographicCharts,quantity_plus_arrangement,nearest_neighbor_median_norm,0.06238553830711145,0.05425416742707045,-0.437568842028041,0.437568842028041
InfographicCharts,quantity_plus_arrangement,nearest_neighbor_std_norm,0.04143828257043273,0.033617356561187445,-0.4973768663286054,0.4973768663286054
InfographicCharts,quantity_plus_arrangement,pairwise_distance_mean_norm,0.4688611610778853,0.474611397621899,0.14281969405697173,0.14281969405697173
InfographicCharts,quantity_plus_arrangement,pairwise_distance_std_norm,0.23263385504202427,0.23049718144509815,-0.10496841602218619,0.10496841602218619
InfographicCharts,quantity_plus_arrangement,row_alignment_fraction,0.057501195287317036,0.05134416288406248,-0.292166957692064,0.292166957692064
InfographicCharts,quantity_plus_arrangement,column_alignment_fraction,0.09280180559559144,0.09612836854570074,0.07011610542655064,0.07011610542655064
InfographicCharts,quantity_plus_arrangement,angle_mean_abs_deg,2.4361018842783553,4.304380888017234,0.3775099243569361,0.3775099243569361
InfographicCharts,quantity_plus_arrangement,angle_std_deg,8.262554370907795,12.844521926595435,0.41025389998524203,0.41025389998524203
InfographicCharts,quantity_plus_arrangement,rotated_fraction_gt_5deg,0.032531973840363895,0.055041965435727966,0.3797257976774639,0.3797257976774639
InfographicCharts,quantity_plus_arrangement,center_grid_4_0_0,0.050797163121973715,0.04053257870242576,-0.2626399784045893,0.2626399784045893
InfographicCharts,quantity_plus_arrangement,center_grid_4_0_1,0.07576492930980469,0.0822209094301022,0.1450583264749834,0.1450583264749834
InfographicCharts,quantity_plus_arrangement,center_grid_4_0_2,0.045214939535631826,0.05879415246722205,0.3200496355145609,0.3200496355145609
InfographicCharts,quantity_plus_arrangement,center_grid_4_0_3,0.03242161880940735,0.017214460001369124,-0.5034645359111184,0.5034645359111184
InfographicCharts,quantity_plus_arrangement,center_grid_4_1_0,0.10156995297385463,0.09863136199084807,-0.04456928487939402,0.04456928487939402
InfographicCharts,quantity_plus_arrangement,center_grid_4_1_1,0.07357589165936619,0.05286580324457345,-0.38935075149410625,0.38935075149410625
InfographicCharts,quantity_plus_arrangement,center_grid_4_1_2,0.06364293023930556,0.04482874337108501,-0.3680402484353008,0.3680402484353008
InfographicCharts,quantity_plus_arrangement,center_grid_4_1_3,0.06667145808975522,0.07062168447047154,0.06453501923868683,0.06453501923868683
InfographicCharts,quantity_plus_arrangement,center_grid_4_2_0,0.0753708552866616,0.10362467329930782,0.4924716920698829,0.4924716920698829
InfographicCharts,quantity_plus_arrangement,center_grid_4_2_1,0.06536787150651897,0.05126287480767516,-0.27621829164746153,0.27621829164746153
InfographicCharts,quantity_plus_arrangement,center_grid_4_2_2,0.05647477756580613,0.05337969194961709,-0.0640602644968857,0.0640602644968857
InfographicCharts,quantity_plus_arrangement,center_grid_4_2_3,0.035223209759207647,0.07262610554142604,0.7187706650624139,0.7187706650624139
InfographicCharts,quantity_plus_arrangement,center_grid_4_3_0,0.09255021206620863,0.042077859718576305,-1.0565689122114006,1.0565689122114006
InfographicCharts,quantity_plus_arrangement,center_grid_4_3_1,0.0699455755801033,0.08175800973395433,0.32914755679774615,0.32914755679774615
InfographicCharts,quantity_plus_arrangement,center_grid_4_3_2,0.045025372889297324,0.07319780920839855,0.7001967534756963,0.7001967534756963
InfographicCharts,quantity_plus_arrangement,center_grid_4_3_3,0.050383241607096695,0.056363282062947,0.1408793654210871,0.1408793654210871
InfographicCharts,quantity_plus_arrangement,center_grid_8_0_0,0.0077236597584950445,0.0015117157974300814,-0.526698013256046,0.526698013256046
InfographicCharts,quantity_plus_arrangement,center_grid_8_0_1,0.006887502655135078,0.008499001637040336,0.11819753967655812,0.11819753967655812
InfographicCharts,quantity_plus_arrangement,center_grid_8_0_2,0.01653459013570218,0.015923779050946274,-0.03171465759280494,0.03171465759280494
InfographicCharts,quantity_plus_arrangement,center_grid_8_0_3,0.019049208233087516,0.015169723494975522,-0.20971265085620827,0.20971265085620827
InfographicCharts,quantity_plus_arrangement,center_grid_8_0_4,0.009022733302260198,0.021772849730978764,0.6091216775400955,0.6091216775400955
InfographicCharts,quantity_plus_arrangement,center_grid_8_0_5,0.005989024843303837,0.008200714300425474,0.1751775176631181,0.1751775176631181
InfographicCharts,quantity_plus_arrangement,center_grid_8_0_6,0.008050203418308833,0.005861167289738715,-0.12864132915115678,0.12864132915115678
InfographicCharts,quantity_plus_arrangement,center_grid_8_0_7,0.0,0.0014814814814814814,0.2721655269759087,0.2721655269759087
InfographicCharts,quantity_plus_arrangement,center_grid_8_1_0,0.008209454589444411,0.01196289384784773,0.21366794562343253,0.21366794562343253
InfographicCharts,quantity_plus_arrangement,center_grid_8_1_1,0.027976546118899152,0.018558967420107594,-0.3579383036248915,0.3579383036248915
InfographicCharts,quantity_plus_arrangement,center_grid_8_1_2,0.021977318482082328,0.025151314328195017,0.12215527115391278,0.12215527115391278
InfographicCharts,quantity_plus_arrangement,center_grid_8_1_3,0.018203812458932607,0.025976092555985358,0.34800186174377623,0.34800186174377623
InfographicCharts,quantity_plus_arrangement,center_grid_8_1_4,0.018467966397307575,0.020640514359486484,0.09881449493650823,0.09881449493650823
InfographicCharts,quantity_plus_arrangement,center_grid_8_1_5,0.01173521499276018,0.008180074076331322,-0.23585390768333908,0.23585390768333908
InfographicCharts,quantity_plus_arrangement,center_grid_8_1_6,0.01480281118132161,0.007599463694643495,-0.45835662076358497,0.45835662076358497
InfographicCharts,quantity_plus_arrangement,center_grid_8_1_7,0.009568604209776907,0.0022723475355054296,-0.6711060701029241,0.6711060701029241
InfographicCharts,quantity_plus_arrangement,center_grid_8_2_0,0.01742388720485068,0.022362301309348683,0.17529526085993727,0.17529526085993727
InfographicCharts,quantity_plus_arrangement,center_grid_8_2_1,0.03735255246813841,0.02563904952395571,-0.3938027641553627,0.3938027641553627
InfographicCharts,quantity_plus_arrangement,center_grid_8_2_2,0.024207612462719137,0.01531106909563297,-0.378860358220486,0.378860358220486
InfographicCharts,quantity_plus_arrangement,center_grid_8_2_3,0.016265716320753614,0.010183925692823307,-0.3577883808281228,0.3577883808281228
InfographicCharts,quantity_plus_arrangement,center_grid_8_2_4,0.01429077738247203,0.0149883087344736,0.028322522673705497,0.028322522673705497
InfographicCharts,quantity_plus_arrangement,center_grid_8_2_5,0.014102984616358201,0.008608668656124004,-0.2639029429110071,0.2639029429110071
InfographicCharts,quantity_plus_arrangement,center_grid_8_2_6,0.026797244621971666,0.02359606113861934,-0.09031708268974131,0.09031708268974131
InfographicCharts,quantity_plus_arrangement,center_grid_8_2_7,0.013547123542943554,0.013303505226615511,-0.0125234465202793,0.0125234465202793
InfographicCharts,quantity_plus_arrangement,center_grid_8_3_0,0.01932194056878362,0.022627054683687618,0.12141099283311085,0.12141099283311085
InfographicCharts,quantity_plus_arrangement,center_grid_8_3_1,0.02747157273208188,0.02800295647385603,0.018482403092498333,0.018482403092498333
InfographicCharts,quantity_plus_arrangement,center_grid_8_3_2,0.022424413254988382,0.01147106810828,-0.47977044637935484,0.47977044637935484
InfographicCharts,quantity_plus_arrangement,center_grid_8_3_3,0.010678149620905006,0.015899740347837164,0.23918701431635273,0.23918701431635273
InfographicCharts,quantity_plus_arrangement,center_grid_8_3_4,0.018158732065041334,0.007754747792930863,-0.505147297557904,0.505147297557904
InfographicCharts,quantity_plus_arrangement,center_grid_8_3_5,0.01709043617543397,0.013477018187556531,-0.15298103634797755,0.15298103634797755
InfographicCharts,quantity_plus_arrangement,center_grid_8_3_6,0.013319579203589227,0.024932274008557628,0.46759132321431945,0.46759132321431945
InfographicCharts,quantity_plus_arrangement,center_grid_8_3_7,0.013007510721250738,0.008789844096679045,-0.1819267800884485,0.1819267800884485
InfographicCharts,quantity_plus_arrangement,center_grid_8_4_0,0.016244038713914014,0.020903971809951828,0.19692828143297422,0.19692828143297422
InfographicCharts,quantity_plus_arrangement,center_grid_8_4_1,0.021992975588614565,0.03328318220209651,0.4111367745596665,0.4111367745596665
InfographicCharts,quantity_plus_arrangement,center_grid_8_4_2,0.02257713805909364,0.013775293752645789,-0.39151265154100695,0.39151265154100695
InfographicCharts,quantity_plus_arrangement,center_grid_8_4_3,0.0063890764149162,0.009602196728235925,0.20516126504479995,0.20516126504479995
InfographicCharts,quantity_plus_arrangement,center_grid_8_4_4,0.009633185122411634,0.012691439325962504,0.15602799312378882,0.15602799312378882
InfographicCharts,quantity_plus_arrangement,center_grid_8_4_5,0.014152165784303528,0.010727993294376048,-0.17233804941520675,0.17233804941520675
InfographicCharts,quantity_plus_arrangement,center_grid_8_4_6,0.00927071281101781,0.022832228250212052,0.49113655582218896,0.49113655582218896
InfographicCharts,quantity_plus_arrangement,center_grid_8_4_7,0.005471620286435096,0.008650862078845308,0.1839166037275623,0.1839166037275623
InfographicCharts,quantity_plus_arrangement,center_grid_8_5_0,0.0168185004710834,0.01862324287997626,0.08668869532396214,0.08668869532396214
InfographicCharts,quantity_plus_arrangement,center_grid_8_5_1,0.020315340513049573,0.030814276407283184,0.46720982957480467,0.46720982957480467
InfographicCharts,quantity_plus_arrangement,center_grid_8_5_2,0.02722632476456158,0.013326381153304997,-0.6129338913380973,0.6129338913380973
InfographicCharts,quantity_plus_arrangement,center_grid_8_5_3,0.009175332267947514,0.014559003173488438,0.2924566697119112,0.2924566697119112
InfographicCharts,quantity_plus_arrangement,center_grid_8_5_4,0.01397459221723003,0.014643594048044476,0.03088186429310679,0.03088186429310679
InfographicCharts,quantity_plus_arrangement,center_grid_8_5_5,0.018714834441860905,0.015316665281234043,-0.15320986409951282,0.15320986409951282
InfographicCharts,quantity_plus_arrangement,center_grid_8_5_6,0.01058846372503572,0.02578791729891769,0.5380646854426157,0.5380646854426157
InfographicCharts,quantity_plus_arrangement,center_grid_8_5_7,0.009892412936718999,0.015355097913450978,0.2808568652954742,0.2808568652954742
InfographicCharts,quantity_plus_arrangement,center_grid_8_6_0,0.021272926213108407,0.007813822092095999,-0.679281864561575,0.679281864561575
InfographicCharts,quantity_plus_arrangement,center_grid_8_6_1,0.02543772402127184,0.015158452683670514,-0.43198549941682624,0.43198549941682624
InfographicCharts,quantity_plus_arrangement,center_grid_8_6_2,0.0299180080107558,0.024277590686116183,-0.23304951949779448,0.23304951949779448
InfographicCharts,quantity_plus_arrangement,center_grid_8_6_3,0.0183036130193903,0.014963659835884102,-0.15083647614661205,0.15083647614661205
InfographicCharts,quantity_plus_arrangement,center_grid_8_6_4,0.013074096570402574,0.037923142841685555,0.9718375477725725,0.9718375477725725
InfographicCharts,quantity_plus_arrangement,center_grid_8_6_5,0.02093867906965028,0.017794952290872492,-0.14034440887228045,0.14034440887228045
InfographicCharts,quantity_plus_arrangement,center_grid_8_6_6,0.015447041730161884,0.02472346172970362,0.37366516491144164,0.37366516491144164
InfographicCharts,quantity_plus_arrangement,center_grid_8_6_7,0.012134771227259348,0.009345788205493456,-0.1510824811865962,0.1510824811865962
InfographicCharts,quantity_plus_arrangement,center_grid_8_7_0,0.026103783007152388,0.002352350478029237,-1.8588517002496738,1.8588517002496738
InfographicCharts,quantity_plus_arrangement,center_grid_8_7_1,0.019735778824675924,0.016753234464780546,-0.13816337245576762,0.13816337245576762
InfographicCharts,quantity_plus_arrangement,center_grid_8_7_2,0.015215218778591723,0.02766760049265619,0.6405297550356343,0.6405297550356343
InfographicCharts,quantity_plus_arrangement,center_grid_8_7_3,0.006508735771365431,0.014849158719297838,0.5227067055315489,0.5227067055315489
InfographicCharts,quantity_plus_arrangement,center_grid_8_7_4,0.005586240660097167,0.009918897736119585,0.28680478154036165,0.28680478154036165
InfographicCharts,quantity_plus_arrangement,center_grid_8_7_5,0.005426356589147278,0.007560816339720911,0.15905989830905323,0.15905989830905323
InfographicCharts,quantity_plus_arrangement,center_grid_8_7_6,0.01284734677577473,0.019357814905818418,0.32800955524740716,0.32800955524740716
InfographicCharts,quantity_plus_arrangement,center_grid_8_7_7,0.009954081873900702,0.0029362172219315036,-0.607989140901714,0.607989140901714
Receipts,quantity_only,region_count,53.25,53.96875,0.08135744358533664,0.08135744358533664
Receipts,quantity_only,union_coverage_norm,0.2670720749007514,0.21437955075107423,-0.7647899439090396,0.7647899439090396
Receipts,quantity_only,sum_box_area_norm,0.27218253356120325,0.2145347765728895,-0.8218415614939438,0.8218415614939438
Receipts,quantity_only,mean_box_area_norm,0.005170618607240518,0.004063869489156309,-0.8039036306717645,0.8039036306717645
Receipts,quantity_only,median_box_area_norm,0.0038492600668487906,0.002857054062422544,-0.7930342420817704,0.7930342420817704
Receipts,quantity_only,std_box_area_norm,0.0039711637337944035,0.0034095545451450905,-0.48287577885574895,0.48287577885574895
Receipts,quantity_only,mean_box_width_norm,0.24476814406533115,0.18083853415297352,-1.1285454409429496,1.1285454409429496
Receipts,quantity_only,mean_box_height_norm,0.021633123462794487,0.022082934837620805,0.13767823856254413,0.13767823856254413
Receipts,quantity_only,mean_confidence,0.8856092590299662,0.9091315488280901,1.1836434934035378,1.1836434934035378
Receipts,quantity_only,low_confidence_fraction,0.016399640244884967,0.006863758979314141,-0.48742595232837854,0.48742595232837854
Receipts,arrangement_only,center_x_mean,0.4690268174049809,0.5039182236911741,0.7245819139918873,0.7245819139918873
Receipts,arrangement_only,center_x_std,0.21006912218383503,0.2258544227868881,0.40553639100641775,0.40553639100641775
Receipts,arrangement_only,center_y_mean,0.5149465812092879,0.4869601461538045,-0.554724516452093,0.554724516452093
Receipts,arrangement_only,center_y_std,0.2035037009143329,0.20346869103727938,-0.0013215050981562478,0.0013215050981562478
Receipts,arrangement_only,center_x_span,0.6929659857336852,0.7045830237617208,0.09676605475920069,0.09676605475920069
Receipts,arrangement_only,center_y_span,0.7892508726160798,0.8592722365902276,0.7223850895666499,0.7223850895666499
Receipts,arrangement_only,nearest_neighbor_mean_norm,0.04134686528221687,0.04005044622432749,-0.16388556819853514,0.16388556819853514
Receipts,arrangement_only,nearest_neighbor_median_norm,0.03363395525016905,0.031141727882662593,-0.2985185428094835,0.2985185428094835
Receipts,arrangement_only,nearest_neighbor_std_norm,0.02538622729619703,0.020432050435619374,-0.6936830802072455,0.6936830802072455
Receipts,arrangement_only,pairwise_distance_mean_norm,0.3775119138737136,0.39199755653889157,0.2611379483727208,0.2611379483727208
Receipts,arrangement_only,pairwise_distance_std_norm,0.18145678952225444,0.18790472730745925,0.2537133932124434,0.2537133932124434
Receipts,arrangement_only,row_alignment_fraction,0.04746012551732569,0.03385203481265632,-0.8748136676343335,0.8748136676343335
Receipts,arrangement_only,column_alignment_fraction,0.10765642030499742,0.1065109329468118,-0.034546748922694354,0.034546748922694354
Receipts,arrangement_only,angle_mean_abs_deg,4.888741003578744,8.025339308427142,0.7126299365705666,0.7126299365705666
Receipts,arrangement_only,angle_std_deg,14.139555587624383,24.392367749738412,1.0606546343301317,1.0606546343301317
Receipts,arrangement_only,rotated_fraction_gt_5deg,0.06360901665119742,0.09124144172202411,0.514273183518322,0.514273183518322
Receipts,arrangement_only,center_grid_4_0_0,0.013686419777124408,0.0038765150674749034,-0.46508000199790756,0.46508000199790756
Receipts,arrangement_only,center_grid_4_0_1,0.09568444062672446,0.08006211622456741,-0.3506885846964174,0.3506885846964174
Receipts,arrangement_only,center_grid_4_0_2,0.014699942177853113,0.04229368127487897,0.7664154145742046,0.7664154145742046
Receipts,arrangement_only,center_grid_4_0_3,0.0011765482054890905,0.0021577613612674532,0.1626992964895505,0.1626992964895505
Receipts,arrangement_only,center_grid_4_1_0,0.07973705116844965,0.09779211843163793,0.442605386685238,0.442605386685238
Receipts,arrangement_only,center_grid_4_1_1,0.1499329216858376,0.09987431039427005,-0.6940457043626759,0.6940457043626759
Receipts,arrangement_only,center_grid_4_1_2,0.08382039291460722,0.13364778305969247,0.6572019619714177,0.6572019619714177
Receipts,arrangement_only,center_grid_4_1_3,0.04824907323972174,0.09349048959243322,1.1076474492943076,1.1076474492943076
Receipts,arrangement_only,center_grid_4_2_0,0.08516500499254767,0.0734865943414576,-0.24121968208788927,0.24121968208788927
Receipts,arrangement_only,center_grid_4_2_1,0.08121531231461533,0.06646866163480636,-0.37665470993930006,0.37665470993930006
Receipts,arrangement_only,center_grid_4_2_2,0.09399968866052591,0.07613270352195377,-0.2984417547571986,0.2984417547571986
Receipts,arrangement_only,center_grid_4_2_3,0.08785597527407976,0.10770674598858468,0.410561937200219,0.410561937200219
Receipts,arrangement_only,center_grid_4_3_0,0.03161693689202183,0.01399072378640517,-0.6123080999736081,0.6123080999736081
Receipts,arrangement_only,center_grid_4_3_1,0.07333170760894922,0.09768676197065984,0.5873073631552593,0.5873073631552593
Receipts,arrangement_only,center_grid_4_3_2,0.03858808593739703,0.00758931837547289,-0.8875120479441976,0.8875120479441976
Receipts,arrangement_only,center_grid_4_3_3,0.0212404985240555,0.0037437149744368064,-0.8425595819396872,0.8425595819396872
Receipts,arrangement_only,center_grid_8_0_0,0.0006377551020408156,0.0,-0.25,0.25
Receipts,arrangement_only,center_grid_8_0_1,0.0025853659151407566,0.0006009615384615375,-0.3614408760414084,0.3614408760414084
Receipts,arrangement_only,center_grid_8_0_2,0.005394456733742444,0.0014697488584474844,-0.2570683299522532,0.2570683299522532
Receipts,arrangement_only,center_grid_8_0_3,0.016837093920090623,0.01898754720717468,0.09397917414770234,0.09397917414770234
Receipts,arrangement_only,center_grid_8_0_4,0.0030699294092151187,0.014724061447114474,0.8048168489537667,0.8048168489537667
Receipts,arrangement_only,center_grid_8_0_5,0.0,0.002070710396909022,0.5219518545777327,0.5219518545777327
Receipts,arrangement_only,center_grid_8_0_6,0.0,0.0,0.0,0.0
Receipts,arrangement_only,center_grid_8_0_7,0.0,0.0,0.0,0.0
Receipts,arrangement_only,center_grid_8_1_0,0.0,0.0013676955592716407,0.4472578072887051,0.4472578072887051
Receipts,arrangement_only,center_grid_8_1_1,0.010463298759942837,0.001907857969741722,-0.45817451899260825,0.45817451899260825
Receipts,arrangement_only,center_grid_8_1_2,0.011041585393527713,0.004548511021060575,-0.42501015044425594,0.42501015044425594
Receipts,arrangement_only,center_grid_8_1_3,0.062411304579363655,0.055056309137884625,-0.22774139259393994,0.22774139259393994
Receipts,arrangement_only,center_grid_8_1_4,0.009797832267979225,0.020172357178655495,0.429556831297695,0.429556831297695
Receipts,arrangement_only,center_grid_8_1_5,0.0018321805006587593,0.005326552252199962,0.327682340926114,0.327682340926114
Receipts,arrangement_only,center_grid_8_1_6,0.0011765482054890905,0.0011962228997289938,0.004123538610730607,0.004123538610730607
Receipts,arrangement_only,center_grid_8_1_7,0.0,0.0009615384615384594,0.25,0.25
Receipts,arrangement_only,center_grid_8_2_0,0.005423962127814607,0.004977348824398503,-0.04221314790109949,0.04221314790109949
Receipts,arrangement_only,center_grid_8_2_1,0.022811824796228286,0.04188103599097509,0.7794415091754459,0.7794415091754459
Receipts,arrangement_only,center_grid_8_2_2,0.018452420742612673,0.028669493725878688,0.49782435685140464,0.49782435685140464
Receipts,arrangement_only,center_grid_8_2_3,0.05659500345218839,0.013284103561847494,-1.3588184030064463,1.3588184030064463
Receipts,arrangement_only,center_grid_8_2_4,0.013311745308271379,0.01591900125606527,0.1125037315169721,0.1125037315169721
Receipts,arrangement_only,center_grid_8_2_5,0.00964850079384116,0.03498471057769132,1.3136010264252482,1.3136010264252482
Receipts,arrangement_only,center_grid_8_2_6,0.006464735134301016,0.02579340229308904,1.03734995922391,1.03734995922391
Receipts,arrangement_only,center_grid_8_2_7,0.0028023800264207277,0.0033582488656144216,0.05605849813442678,0.05605849813442678
Receipts,arrangement_only,center_grid_8_3_0,0.012737574204067206,0.014848563182556094,0.09688569201654144,0.09688569201654144
Receipts,arrangement_only,center_grid_8_3_1,0.03876369004033951,0.0360851704337082,-0.08696763387358013,0.08696763387358013
Receipts,arrangement_only,center_grid_8_3_2,0.03622993962315148,0.04916324684765057,0.4396062856502928,0.4396062856502928
Receipts,arrangement_only,center_grid_8_3_3,0.03865555786788499,0.008757466258893254,-0.9952377505504157,0.9952377505504157
Receipts,arrangement_only,center_grid_8_3_4,0.03522784201205872,0.03316035408973582,-0.047820050379076794,0.047820050379076794
Receipts,arrangement_only,center_grid_8_3_5,0.025632304800435927,0.049583717136199995,0.8131398060384595,0.8131398060384595
Receipts,arrangement_only,center_grid_8_3_6,0.03397095775932177,0.053595611298959435,0.6139756622485558,0.6139756622485558
Receipts,arrangement_only,center_grid_8_3_7,0.0050110003196782126,0.010743227134770293,0.29547771829345015,0.29547771829345015
Receipts,arrangement_only,center_grid_8_4_0,0.007273331527418331,0.0064607784813530125,-0.05480718266022747,0.05480718266022747
Receipts,arrangement_only,center_grid_8_4_1,0.04400710481218686,0.036002358271924474,-0.2868813065931885,0.2868813065931885
Receipts,arrangement_only,center_grid_8_4_2,0.020837146044781416,0.0257828757978652,0.23975211704388147,0.23975211704388147
Receipts,arrangement_only,center_grid_8_4_3,0.030027880744169906,0.0036795165170451193,-0.9651851977245354,0.9651851977245354
Receipts,arrangement_only,center_grid_8_4_4,0.03668425798779258,0.027850000953553625,-0.29422264691437844,0.29422264691437844
Receipts,arrangement_only,center_grid_8_4_5,0.029399039869112638,0.02815514399105195,-0.04249936482801803,0.04249936482801803
Receipts,arrangement_only,center_grid_8_4_6,0.04107701099818355,0.05710259885432251,0.525911505520031,0.525911505520031
Receipts,arrangement_only,center_grid_8_4_7,0.005618532319592322,0.006702786506288343,0.08091830017983215,0.08091830017983215
Receipts,arrangement_only,center_grid_8_5_0,0.009314800214353075,0.0,-0.9219135814372937,0.9219135814372937
Receipts,arrangement_only,center_grid_8_5_1,0.02456976843858938,0.031023457588180092,0.23632634903377414,0.23632634903377414
Receipts,arrangement_only,center_grid_8_5_2,0.015500628208898875,0.016185519560565076,0.034247525397218766,0.034247525397218766
Receipts,arrangement_only,center_grid_8_5_3,0.014849657316765089,0.020820749759330938,0.23100629649869914,0.23100629649869914
Receipts,arrangement_only,center_grid_8_5_4,0.014715934622710515,0.015833369467198415,0.05747289412391042,0.05747289412391042
Receipts,arrangement_only,center_grid_8_5_5,0.013200456180910132,0.004294189110149744,-0.598647512016204,0.598647512016204
Receipts,arrangement_only,center_grid_8_5_6,0.04050939028963722,0.04092039200790547,0.013246043089579326,0.013246043089579326
Receipts,arrangement_only,center_grid_8_5_7,0.0006510416666666657,0.0029809686200682846,0.3480472719423256,0.3480472719423256
Receipts,arrangement_only,center_grid_8_6_0,0.007189516022972947,0.000434027777777775,-0.8491862476251837,0.8491862476251837
Receipts,arrangement_only,center_grid_8_6_1,0.015721205776539703,0.012918940906586577,-0.12762430172809122,0.12762430172809122
Receipts,arrangement_only,center_grid_8_6_2,0.007674440717840644,0.014812426538274234,0.3860199841967872,0.3860199841967872
Receipts,arrangement_only,center_grid_8_6_3,0.03286006903661723,0.04907440107854475,0.4879690731779755,0.4879690731779755
Receipts,arrangement_only,center_grid_8_6_4,0.014410153568793223,0.0037480885717144875,-0.634193112706128,0.634193112706128
Receipts,arrangement_only,center_grid_8_6_5,0.008702371167461326,0.0009943181818181782,-0.5654404826561795,0.5654404826561795
Receipts,arrangement_only,center_grid_8_6_6,0.015459828210302465,0.0031540923329273747,-0.7713348307779493,0.7713348307779493
Receipts,arrangement_only,center_grid_8_6_7,0.0006793478260869563,0.0005896226415094312,-0.02493646749576912,0.02493646749576912
Receipts,arrangement_only,center_grid_8_7_0,0.0033550359253630905,0.0,-0.5973119312882331,0.5973119312882331
Receipts,arrangement_only,center_grid_8_7_1,0.005351179167146065,0.0006377551020408156,-0.6797386363594556,0.6797386363594556
Receipts,arrangement_only,center_grid_8_7_2,0.007551923123688506,0.0013171029281277718,-0.5381899689336626,0.5381899689336626
Receipts,arrangement_only,center_grid_8_7_3,0.025245274730802812,0.03248283142571301,0.3471541092798988,0.3471541092798988
Receipts,arrangement_only,center_grid_8_7_4,0.012677129765631193,0.0023260782886068906,-0.6615803599936462,0.6615803599936462
Receipts,arrangement_only,center_grid_8_7_5,0.002798431435511266,0.0005208333333333313,-0.39064608690289243,0.39064608690289243
Receipts,arrangement_only,center_grid_8_7_6,0.004154352790696378,0.0,-0.6403226224543508,0.6403226224543508
Receipts,arrangement_only,center_grid_8_7_7,0.0009469696969696969,0.0,-0.24999999999999997,0.24999999999999997
Receipts,arrangement_base_only,center_x_mean,0.4690268174049809,0.5039182236911741,0.7245819139918873,0.7245819139918873
Receipts,arrangement_base_only,center_x_std,0.21006912218383503,0.2258544227868881,0.40553639100641775,0.40553639100641775
Receipts,arrangement_base_only,center_y_mean,0.5149465812092879,0.4869601461538045,-0.554724516452093,0.554724516452093
Receipts,arrangement_base_only,center_y_std,0.2035037009143329,0.20346869103727938,-0.0013215050981562478,0.0013215050981562478
Receipts,arrangement_base_only,center_x_span,0.6929659857336852,0.7045830237617208,0.09676605475920069,0.09676605475920069
Receipts,arrangement_base_only,center_y_span,0.7892508726160798,0.8592722365902276,0.7223850895666499,0.7223850895666499
Receipts,arrangement_base_only,nearest_neighbor_mean_norm,0.04134686528221687,0.04005044622432749,-0.16388556819853514,0.16388556819853514
Receipts,arrangement_base_only,nearest_neighbor_median_norm,0.03363395525016905,0.031141727882662593,-0.2985185428094835,0.2985185428094835
Receipts,arrangement_base_only,nearest_neighbor_std_norm,0.02538622729619703,0.020432050435619374,-0.6936830802072455,0.6936830802072455
Receipts,arrangement_base_only,pairwise_distance_mean_norm,0.3775119138737136,0.39199755653889157,0.2611379483727208,0.2611379483727208
Receipts,arrangement_base_only,pairwise_distance_std_norm,0.18145678952225444,0.18790472730745925,0.2537133932124434,0.2537133932124434
Receipts,arrangement_base_only,row_alignment_fraction,0.04746012551732569,0.03385203481265632,-0.8748136676343335,0.8748136676343335
Receipts,arrangement_base_only,column_alignment_fraction,0.10765642030499742,0.1065109329468118,-0.034546748922694354,0.034546748922694354
Receipts,arrangement_base_only,angle_mean_abs_deg,4.888741003578744,8.025339308427142,0.7126299365705666,0.7126299365705666
Receipts,arrangement_base_only,angle_std_deg,14.139555587624383,24.392367749738412,1.0606546343301317,1.0606546343301317
Receipts,arrangement_base_only,rotated_fraction_gt_5deg,0.06360901665119742,0.09124144172202411,0.514273183518322,0.514273183518322
Receipts,arrangement_4x4_only,center_x_mean,0.4690268174049809,0.5039182236911741,0.7245819139918873,0.7245819139918873
Receipts,arrangement_4x4_only,center_x_std,0.21006912218383503,0.2258544227868881,0.40553639100641775,0.40553639100641775
Receipts,arrangement_4x4_only,center_y_mean,0.5149465812092879,0.4869601461538045,-0.554724516452093,0.554724516452093
Receipts,arrangement_4x4_only,center_y_std,0.2035037009143329,0.20346869103727938,-0.0013215050981562478,0.0013215050981562478
Receipts,arrangement_4x4_only,center_x_span,0.6929659857336852,0.7045830237617208,0.09676605475920069,0.09676605475920069
Receipts,arrangement_4x4_only,center_y_span,0.7892508726160798,0.8592722365902276,0.7223850895666499,0.7223850895666499
Receipts,arrangement_4x4_only,nearest_neighbor_mean_norm,0.04134686528221687,0.04005044622432749,-0.16388556819853514,0.16388556819853514
Receipts,arrangement_4x4_only,nearest_neighbor_median_norm,0.03363395525016905,0.031141727882662593,-0.2985185428094835,0.2985185428094835
Receipts,arrangement_4x4_only,nearest_neighbor_std_norm,0.02538622729619703,0.020432050435619374,-0.6936830802072455,0.6936830802072455
Receipts,arrangement_4x4_only,pairwise_distance_mean_norm,0.3775119138737136,0.39199755653889157,0.2611379483727208,0.2611379483727208
Receipts,arrangement_4x4_only,pairwise_distance_std_norm,0.18145678952225444,0.18790472730745925,0.2537133932124434,0.2537133932124434
Receipts,arrangement_4x4_only,row_alignment_fraction,0.04746012551732569,0.03385203481265632,-0.8748136676343335,0.8748136676343335
Receipts,arrangement_4x4_only,column_alignment_fraction,0.10765642030499742,0.1065109329468118,-0.034546748922694354,0.034546748922694354
Receipts,arrangement_4x4_only,angle_mean_abs_deg,4.888741003578744,8.025339308427142,0.7126299365705666,0.7126299365705666
Receipts,arrangement_4x4_only,angle_std_deg,14.139555587624383,24.392367749738412,1.0606546343301317,1.0606546343301317
Receipts,arrangement_4x4_only,rotated_fraction_gt_5deg,0.06360901665119742,0.09124144172202411,0.514273183518322,0.514273183518322
Receipts,arrangement_4x4_only,center_grid_4_0_0,0.013686419777124408,0.0038765150674749034,-0.46508000199790756,0.46508000199790756
Receipts,arrangement_4x4_only,center_grid_4_0_1,0.09568444062672446,0.08006211622456741,-0.3506885846964174,0.3506885846964174
Receipts,arrangement_4x4_only,center_grid_4_0_2,0.014699942177853113,0.04229368127487897,0.7664154145742046,0.7664154145742046
Receipts,arrangement_4x4_only,center_grid_4_0_3,0.0011765482054890905,0.0021577613612674532,0.1626992964895505,0.1626992964895505
Receipts,arrangement_4x4_only,center_grid_4_1_0,0.07973705116844965,0.09779211843163793,0.442605386685238,0.442605386685238
Receipts,arrangement_4x4_only,center_grid_4_1_1,0.1499329216858376,0.09987431039427005,-0.6940457043626759,0.6940457043626759
Receipts,arrangement_4x4_only,center_grid_4_1_2,0.08382039291460722,0.13364778305969247,0.6572019619714177,0.6572019619714177
Receipts,arrangement_4x4_only,center_grid_4_1_3,0.04824907323972174,0.09349048959243322,1.1076474492943076,1.1076474492943076
Receipts,arrangement_4x4_only,center_grid_4_2_0,0.08516500499254767,0.0734865943414576,-0.24121968208788927,0.24121968208788927
Receipts,arrangement_4x4_only,center_grid_4_2_1,0.08121531231461533,0.06646866163480636,-0.37665470993930006,0.37665470993930006
Receipts,arrangement_4x4_only,center_grid_4_2_2,0.09399968866052591,0.07613270352195377,-0.2984417547571986,0.2984417547571986
Receipts,arrangement_4x4_only,center_grid_4_2_3,0.08785597527407976,0.10770674598858468,0.410561937200219,0.410561937200219
Receipts,arrangement_4x4_only,center_grid_4_3_0,0.03161693689202183,0.01399072378640517,-0.6123080999736081,0.6123080999736081
Receipts,arrangement_4x4_only,center_grid_4_3_1,0.07333170760894922,0.09768676197065984,0.5873073631552593,0.5873073631552593
Receipts,arrangement_4x4_only,center_grid_4_3_2,0.03858808593739703,0.00758931837547289,-0.8875120479441976,0.8875120479441976
Receipts,arrangement_4x4_only,center_grid_4_3_3,0.0212404985240555,0.0037437149744368064,-0.8425595819396872,0.8425595819396872
Receipts,arrangement_8x8_only,center_x_mean,0.4690268174049809,0.5039182236911741,0.7245819139918873,0.7245819139918873
Receipts,arrangement_8x8_only,center_x_std,0.21006912218383503,0.2258544227868881,0.40553639100641775,0.40553639100641775
Receipts,arrangement_8x8_only,center_y_mean,0.5149465812092879,0.4869601461538045,-0.554724516452093,0.554724516452093
Receipts,arrangement_8x8_only,center_y_std,0.2035037009143329,0.20346869103727938,-0.0013215050981562478,0.0013215050981562478
Receipts,arrangement_8x8_only,center_x_span,0.6929659857336852,0.7045830237617208,0.09676605475920069,0.09676605475920069
Receipts,arrangement_8x8_only,center_y_span,0.7892508726160798,0.8592722365902276,0.7223850895666499,0.7223850895666499
Receipts,arrangement_8x8_only,nearest_neighbor_mean_norm,0.04134686528221687,0.04005044622432749,-0.16388556819853514,0.16388556819853514
Receipts,arrangement_8x8_only,nearest_neighbor_median_norm,0.03363395525016905,0.031141727882662593,-0.2985185428094835,0.2985185428094835
Receipts,arrangement_8x8_only,nearest_neighbor_std_norm,0.02538622729619703,0.020432050435619374,-0.6936830802072455,0.6936830802072455
Receipts,arrangement_8x8_only,pairwise_distance_mean_norm,0.3775119138737136,0.39199755653889157,0.2611379483727208,0.2611379483727208
Receipts,arrangement_8x8_only,pairwise_distance_std_norm,0.18145678952225444,0.18790472730745925,0.2537133932124434,0.2537133932124434
Receipts,arrangement_8x8_only,row_alignment_fraction,0.04746012551732569,0.03385203481265632,-0.8748136676343335,0.8748136676343335
Receipts,arrangement_8x8_only,column_alignment_fraction,0.10765642030499742,0.1065109329468118,-0.034546748922694354,0.034546748922694354
Receipts,arrangement_8x8_only,angle_mean_abs_deg,4.888741003578744,8.025339308427142,0.7126299365705666,0.7126299365705666
Receipts,arrangement_8x8_only,angle_std_deg,14.139555587624383,24.392367749738412,1.0606546343301317,1.0606546343301317
Receipts,arrangement_8x8_only,rotated_fraction_gt_5deg,0.06360901665119742,0.09124144172202411,0.514273183518322,0.514273183518322
Receipts,arrangement_8x8_only,center_grid_8_0_0,0.0006377551020408156,0.0,-0.25,0.25
Receipts,arrangement_8x8_only,center_grid_8_0_1,0.0025853659151407566,0.0006009615384615375,-0.3614408760414084,0.3614408760414084
Receipts,arrangement_8x8_only,center_grid_8_0_2,0.005394456733742444,0.0014697488584474844,-0.2570683299522532,0.2570683299522532
Receipts,arrangement_8x8_only,center_grid_8_0_3,0.016837093920090623,0.01898754720717468,0.09397917414770234,0.09397917414770234
Receipts,arrangement_8x8_only,center_grid_8_0_4,0.0030699294092151187,0.014724061447114474,0.8048168489537667,0.8048168489537667
Receipts,arrangement_8x8_only,center_grid_8_0_5,0.0,0.002070710396909022,0.5219518545777327,0.5219518545777327
Receipts,arrangement_8x8_only,center_grid_8_0_6,0.0,0.0,0.0,0.0
Receipts,arrangement_8x8_only,center_grid_8_0_7,0.0,0.0,0.0,0.0
Receipts,arrangement_8x8_only,center_grid_8_1_0,0.0,0.0013676955592716407,0.4472578072887051,0.4472578072887051
Receipts,arrangement_8x8_only,center_grid_8_1_1,0.010463298759942837,0.001907857969741722,-0.45817451899260825,0.45817451899260825
Receipts,arrangement_8x8_only,center_grid_8_1_2,0.011041585393527713,0.004548511021060575,-0.42501015044425594,0.42501015044425594
Receipts,arrangement_8x8_only,center_grid_8_1_3,0.062411304579363655,0.055056309137884625,-0.22774139259393994,0.22774139259393994
Receipts,arrangement_8x8_only,center_grid_8_1_4,0.009797832267979225,0.020172357178655495,0.429556831297695,0.429556831297695
Receipts,arrangement_8x8_only,center_grid_8_1_5,0.0018321805006587593,0.005326552252199962,0.327682340926114,0.327682340926114
Receipts,arrangement_8x8_only,center_grid_8_1_6,0.0011765482054890905,0.0011962228997289938,0.004123538610730607,0.004123538610730607
Receipts,arrangement_8x8_only,center_grid_8_1_7,0.0,0.0009615384615384594,0.25,0.25
Receipts,arrangement_8x8_only,center_grid_8_2_0,0.005423962127814607,0.004977348824398503,-0.04221314790109949,0.04221314790109949
Receipts,arrangement_8x8_only,center_grid_8_2_1,0.022811824796228286,0.04188103599097509,0.7794415091754459,0.7794415091754459
Receipts,arrangement_8x8_only,center_grid_8_2_2,0.018452420742612673,0.028669493725878688,0.49782435685140464,0.49782435685140464
Receipts,arrangement_8x8_only,center_grid_8_2_3,0.05659500345218839,0.013284103561847494,-1.3588184030064463,1.3588184030064463
Receipts,arrangement_8x8_only,center_grid_8_2_4,0.013311745308271379,0.01591900125606527,0.1125037315169721,0.1125037315169721
Receipts,arrangement_8x8_only,center_grid_8_2_5,0.00964850079384116,0.03498471057769132,1.3136010264252482,1.3136010264252482
Receipts,arrangement_8x8_only,center_grid_8_2_6,0.006464735134301016,0.02579340229308904,1.03734995922391,1.03734995922391
Receipts,arrangement_8x8_only,center_grid_8_2_7,0.0028023800264207277,0.0033582488656144216,0.05605849813442678,0.05605849813442678
Receipts,arrangement_8x8_only,center_grid_8_3_0,0.012737574204067206,0.014848563182556094,0.09688569201654144,0.09688569201654144
Receipts,arrangement_8x8_only,center_grid_8_3_1,0.03876369004033951,0.0360851704337082,-0.08696763387358013,0.08696763387358013
Receipts,arrangement_8x8_only,center_grid_8_3_2,0.03622993962315148,0.04916324684765057,0.4396062856502928,0.4396062856502928
Receipts,arrangement_8x8_only,center_grid_8_3_3,0.03865555786788499,0.008757466258893254,-0.9952377505504157,0.9952377505504157
Receipts,arrangement_8x8_only,center_grid_8_3_4,0.03522784201205872,0.03316035408973582,-0.047820050379076794,0.047820050379076794
Receipts,arrangement_8x8_only,center_grid_8_3_5,0.025632304800435927,0.049583717136199995,0.8131398060384595,0.8131398060384595
Receipts,arrangement_8x8_only,center_grid_8_3_6,0.03397095775932177,0.053595611298959435,0.6139756622485558,0.6139756622485558
Receipts,arrangement_8x8_only,center_grid_8_3_7,0.0050110003196782126,0.010743227134770293,0.29547771829345015,0.29547771829345015
Receipts,arrangement_8x8_only,center_grid_8_4_0,0.007273331527418331,0.0064607784813530125,-0.05480718266022747,0.05480718266022747
Receipts,arrangement_8x8_only,center_grid_8_4_1,0.04400710481218686,0.036002358271924474,-0.2868813065931885,0.2868813065931885
Receipts,arrangement_8x8_only,center_grid_8_4_2,0.020837146044781416,0.0257828757978652,0.23975211704388147,0.23975211704388147
Receipts,arrangement_8x8_only,center_grid_8_4_3,0.030027880744169906,0.0036795165170451193,-0.9651851977245354,0.9651851977245354
Receipts,arrangement_8x8_only,center_grid_8_4_4,0.03668425798779258,0.027850000953553625,-0.29422264691437844,0.29422264691437844
Receipts,arrangement_8x8_only,center_grid_8_4_5,0.029399039869112638,0.02815514399105195,-0.04249936482801803,0.04249936482801803
Receipts,arrangement_8x8_only,center_grid_8_4_6,0.04107701099818355,0.05710259885432251,0.525911505520031,0.525911505520031
Receipts,arrangement_8x8_only,center_grid_8_4_7,0.005618532319592322,0.006702786506288343,0.08091830017983215,0.08091830017983215
Receipts,arrangement_8x8_only,center_grid_8_5_0,0.009314800214353075,0.0,-0.9219135814372937,0.9219135814372937
Receipts,arrangement_8x8_only,center_grid_8_5_1,0.02456976843858938,0.031023457588180092,0.23632634903377414,0.23632634903377414
Receipts,arrangement_8x8_only,center_grid_8_5_2,0.015500628208898875,0.016185519560565076,0.034247525397218766,0.034247525397218766
Receipts,arrangement_8x8_only,center_grid_8_5_3,0.014849657316765089,0.020820749759330938,0.23100629649869914,0.23100629649869914
Receipts,arrangement_8x8_only,center_grid_8_5_4,0.014715934622710515,0.015833369467198415,0.05747289412391042,0.05747289412391042
Receipts,arrangement_8x8_only,center_grid_8_5_5,0.013200456180910132,0.004294189110149744,-0.598647512016204,0.598647512016204
Receipts,arrangement_8x8_only,center_grid_8_5_6,0.04050939028963722,0.04092039200790547,0.013246043089579326,0.013246043089579326
Receipts,arrangement_8x8_only,center_grid_8_5_7,0.0006510416666666657,0.0029809686200682846,0.3480472719423256,0.3480472719423256
Receipts,arrangement_8x8_only,center_grid_8_6_0,0.007189516022972947,0.000434027777777775,-0.8491862476251837,0.8491862476251837
Receipts,arrangement_8x8_only,center_grid_8_6_1,0.015721205776539703,0.012918940906586577,-0.12762430172809122,0.12762430172809122
Receipts,arrangement_8x8_only,center_grid_8_6_2,0.007674440717840644,0.014812426538274234,0.3860199841967872,0.3860199841967872
Receipts,arrangement_8x8_only,center_grid_8_6_3,0.03286006903661723,0.04907440107854475,0.4879690731779755,0.4879690731779755
Receipts,arrangement_8x8_only,center_grid_8_6_4,0.014410153568793223,0.0037480885717144875,-0.634193112706128,0.634193112706128
Receipts,arrangement_8x8_only,center_grid_8_6_5,0.008702371167461326,0.0009943181818181782,-0.5654404826561795,0.5654404826561795
Receipts,arrangement_8x8_only,center_grid_8_6_6,0.015459828210302465,0.0031540923329273747,-0.7713348307779493,0.7713348307779493
Receipts,arrangement_8x8_only,center_grid_8_6_7,0.0006793478260869563,0.0005896226415094312,-0.02493646749576912,0.02493646749576912
Receipts,arrangement_8x8_only,center_grid_8_7_0,0.0033550359253630905,0.0,-0.5973119312882331,0.5973119312882331
Receipts,arrangement_8x8_only,center_grid_8_7_1,0.005351179167146065,0.0006377551020408156,-0.6797386363594556,0.6797386363594556
Receipts,arrangement_8x8_only,center_grid_8_7_2,0.007551923123688506,0.0013171029281277718,-0.5381899689336626,0.5381899689336626
Receipts,arrangement_8x8_only,center_grid_8_7_3,0.025245274730802812,0.03248283142571301,0.3471541092798988,0.3471541092798988
Receipts,arrangement_8x8_only,center_grid_8_7_4,0.012677129765631193,0.0023260782886068906,-0.6615803599936462,0.6615803599936462
Receipts,arrangement_8x8_only,center_grid_8_7_5,0.002798431435511266,0.0005208333333333313,-0.39064608690289243,0.39064608690289243
Receipts,arrangement_8x8_only,center_grid_8_7_6,0.004154352790696378,0.0,-0.6403226224543508,0.6403226224543508
Receipts,arrangement_8x8_only,center_grid_8_7_7,0.0009469696969696969,0.0,-0.24999999999999997,0.24999999999999997
Receipts,quantity_plus_arrangement,region_count,53.25,53.96875,0.08135744358533664,0.08135744358533664
Receipts,quantity_plus_arrangement,union_coverage_norm,0.2670720749007514,0.21437955075107423,-0.7647899439090396,0.7647899439090396
Receipts,quantity_plus_arrangement,sum_box_area_norm,0.27218253356120325,0.2145347765728895,-0.8218415614939438,0.8218415614939438
Receipts,quantity_plus_arrangement,mean_box_area_norm,0.005170618607240518,0.004063869489156309,-0.8039036306717645,0.8039036306717645
Receipts,quantity_plus_arrangement,median_box_area_norm,0.0038492600668487906,0.002857054062422544,-0.7930342420817704,0.7930342420817704
Receipts,quantity_plus_arrangement,std_box_area_norm,0.0039711637337944035,0.0034095545451450905,-0.48287577885574895,0.48287577885574895
Receipts,quantity_plus_arrangement,mean_box_width_norm,0.24476814406533115,0.18083853415297352,-1.1285454409429496,1.1285454409429496
Receipts,quantity_plus_arrangement,mean_box_height_norm,0.021633123462794487,0.022082934837620805,0.13767823856254413,0.13767823856254413
Receipts,quantity_plus_arrangement,mean_confidence,0.8856092590299662,0.9091315488280901,1.1836434934035378,1.1836434934035378
Receipts,quantity_plus_arrangement,low_confidence_fraction,0.016399640244884967,0.006863758979314141,-0.48742595232837854,0.48742595232837854
Receipts,quantity_plus_arrangement,center_x_mean,0.4690268174049809,0.5039182236911741,0.7245819139918873,0.7245819139918873
Receipts,quantity_plus_arrangement,center_x_std,0.21006912218383503,0.2258544227868881,0.40553639100641775,0.40553639100641775
Receipts,quantity_plus_arrangement,center_y_mean,0.5149465812092879,0.4869601461538045,-0.554724516452093,0.554724516452093
Receipts,quantity_plus_arrangement,center_y_std,0.2035037009143329,0.20346869103727938,-0.0013215050981562478,0.0013215050981562478
Receipts,quantity_plus_arrangement,center_x_span,0.6929659857336852,0.7045830237617208,0.09676605475920069,0.09676605475920069
Receipts,quantity_plus_arrangement,center_y_span,0.7892508726160798,0.8592722365902276,0.7223850895666499,0.7223850895666499
Receipts,quantity_plus_arrangement,nearest_neighbor_mean_norm,0.04134686528221687,0.04005044622432749,-0.16388556819853514,0.16388556819853514
Receipts,quantity_plus_arrangement,nearest_neighbor_median_norm,0.03363395525016905,0.031141727882662593,-0.2985185428094835,0.2985185428094835
Receipts,quantity_plus_arrangement,nearest_neighbor_std_norm,0.02538622729619703,0.020432050435619374,-0.6936830802072455,0.6936830802072455
Receipts,quantity_plus_arrangement,pairwise_distance_mean_norm,0.3775119138737136,0.39199755653889157,0.2611379483727208,0.2611379483727208
Receipts,quantity_plus_arrangement,pairwise_distance_std_norm,0.18145678952225444,0.18790472730745925,0.2537133932124434,0.2537133932124434
Receipts,quantity_plus_arrangement,row_alignment_fraction,0.04746012551732569,0.03385203481265632,-0.8748136676343335,0.8748136676343335
Receipts,quantity_plus_arrangement,column_alignment_fraction,0.10765642030499742,0.1065109329468118,-0.034546748922694354,0.034546748922694354
Receipts,quantity_plus_arrangement,angle_mean_abs_deg,4.888741003578744,8.025339308427142,0.7126299365705666,0.7126299365705666
Receipts,quantity_plus_arrangement,angle_std_deg,14.139555587624383,24.392367749738412,1.0606546343301317,1.0606546343301317
Receipts,quantity_plus_arrangement,rotated_fraction_gt_5deg,0.06360901665119742,0.09124144172202411,0.514273183518322,0.514273183518322
Receipts,quantity_plus_arrangement,center_grid_4_0_0,0.013686419777124408,0.0038765150674749034,-0.46508000199790756,0.46508000199790756
Receipts,quantity_plus_arrangement,center_grid_4_0_1,0.09568444062672446,0.08006211622456741,-0.3506885846964174,0.3506885846964174
Receipts,quantity_plus_arrangement,center_grid_4_0_2,0.014699942177853113,0.04229368127487897,0.7664154145742046,0.7664154145742046
Receipts,quantity_plus_arrangement,center_grid_4_0_3,0.0011765482054890905,0.0021577613612674532,0.1626992964895505,0.1626992964895505
Receipts,quantity_plus_arrangement,center_grid_4_1_0,0.07973705116844965,0.09779211843163793,0.442605386685238,0.442605386685238
Receipts,quantity_plus_arrangement,center_grid_4_1_1,0.1499329216858376,0.09987431039427005,-0.6940457043626759,0.6940457043626759
Receipts,quantity_plus_arrangement,center_grid_4_1_2,0.08382039291460722,0.13364778305969247,0.6572019619714177,0.6572019619714177
Receipts,quantity_plus_arrangement,center_grid_4_1_3,0.04824907323972174,0.09349048959243322,1.1076474492943076,1.1076474492943076
Receipts,quantity_plus_arrangement,center_grid_4_2_0,0.08516500499254767,0.0734865943414576,-0.24121968208788927,0.24121968208788927
Receipts,quantity_plus_arrangement,center_grid_4_2_1,0.08121531231461533,0.06646866163480636,-0.37665470993930006,0.37665470993930006
Receipts,quantity_plus_arrangement,center_grid_4_2_2,0.09399968866052591,0.07613270352195377,-0.2984417547571986,0.2984417547571986
Receipts,quantity_plus_arrangement,center_grid_4_2_3,0.08785597527407976,0.10770674598858468,0.410561937200219,0.410561937200219
Receipts,quantity_plus_arrangement,center_grid_4_3_0,0.03161693689202183,0.01399072378640517,-0.6123080999736081,0.6123080999736081
Receipts,quantity_plus_arrangement,center_grid_4_3_1,0.07333170760894922,0.09768676197065984,0.5873073631552593,0.5873073631552593
Receipts,quantity_plus_arrangement,center_grid_4_3_2,0.03858808593739703,0.00758931837547289,-0.8875120479441976,0.8875120479441976
Receipts,quantity_plus_arrangement,center_grid_4_3_3,0.0212404985240555,0.0037437149744368064,-0.8425595819396872,0.8425595819396872
Receipts,quantity_plus_arrangement,center_grid_8_0_0,0.0006377551020408156,0.0,-0.25,0.25
Receipts,quantity_plus_arrangement,center_grid_8_0_1,0.0025853659151407566,0.0006009615384615375,-0.3614408760414084,0.3614408760414084
Receipts,quantity_plus_arrangement,center_grid_8_0_2,0.005394456733742444,0.0014697488584474844,-0.2570683299522532,0.2570683299522532
Receipts,quantity_plus_arrangement,center_grid_8_0_3,0.016837093920090623,0.01898754720717468,0.09397917414770234,0.09397917414770234
Receipts,quantity_plus_arrangement,center_grid_8_0_4,0.0030699294092151187,0.014724061447114474,0.8048168489537667,0.8048168489537667
Receipts,quantity_plus_arrangement,center_grid_8_0_5,0.0,0.002070710396909022,0.5219518545777327,0.5219518545777327
Receipts,quantity_plus_arrangement,center_grid_8_0_6,0.0,0.0,0.0,0.0
Receipts,quantity_plus_arrangement,center_grid_8_0_7,0.0,0.0,0.0,0.0
Receipts,quantity_plus_arrangement,center_grid_8_1_0,0.0,0.0013676955592716407,0.4472578072887051,0.4472578072887051
Receipts,quantity_plus_arrangement,center_grid_8_1_1,0.010463298759942837,0.001907857969741722,-0.45817451899260825,0.45817451899260825
Receipts,quantity_plus_arrangement,center_grid_8_1_2,0.011041585393527713,0.004548511021060575,-0.42501015044425594,0.42501015044425594
Receipts,quantity_plus_arrangement,center_grid_8_1_3,0.062411304579363655,0.055056309137884625,-0.22774139259393994,0.22774139259393994
Receipts,quantity_plus_arrangement,center_grid_8_1_4,0.009797832267979225,0.020172357178655495,0.429556831297695,0.429556831297695
Receipts,quantity_plus_arrangement,center_grid_8_1_5,0.0018321805006587593,0.005326552252199962,0.327682340926114,0.327682340926114
Receipts,quantity_plus_arrangement,center_grid_8_1_6,0.0011765482054890905,0.0011962228997289938,0.004123538610730607,0.004123538610730607
Receipts,quantity_plus_arrangement,center_grid_8_1_7,0.0,0.0009615384615384594,0.25,0.25
Receipts,quantity_plus_arrangement,center_grid_8_2_0,0.005423962127814607,0.004977348824398503,-0.04221314790109949,0.04221314790109949
Receipts,quantity_plus_arrangement,center_grid_8_2_1,0.022811824796228286,0.04188103599097509,0.7794415091754459,0.7794415091754459
Receipts,quantity_plus_arrangement,center_grid_8_2_2,0.018452420742612673,0.028669493725878688,0.49782435685140464,0.49782435685140464
Receipts,quantity_plus_arrangement,center_grid_8_2_3,0.05659500345218839,0.013284103561847494,-1.3588184030064463,1.3588184030064463
Receipts,quantity_plus_arrangement,center_grid_8_2_4,0.013311745308271379,0.01591900125606527,0.1125037315169721,0.1125037315169721
Receipts,quantity_plus_arrangement,center_grid_8_2_5,0.00964850079384116,0.03498471057769132,1.3136010264252482,1.3136010264252482
Receipts,quantity_plus_arrangement,center_grid_8_2_6,0.006464735134301016,0.02579340229308904,1.03734995922391,1.03734995922391
Receipts,quantity_plus_arrangement,center_grid_8_2_7,0.0028023800264207277,0.0033582488656144216,0.05605849813442678,0.05605849813442678
Receipts,quantity_plus_arrangement,center_grid_8_3_0,0.012737574204067206,0.014848563182556094,0.09688569201654144,0.09688569201654144
Receipts,quantity_plus_arrangement,center_grid_8_3_1,0.03876369004033951,0.0360851704337082,-0.08696763387358013,0.08696763387358013
Receipts,quantity_plus_arrangement,center_grid_8_3_2,0.03622993962315148,0.04916324684765057,0.4396062856502928,0.4396062856502928
Receipts,quantity_plus_arrangement,center_grid_8_3_3,0.03865555786788499,0.008757466258893254,-0.9952377505504157,0.9952377505504157
Receipts,quantity_plus_arrangement,center_grid_8_3_4,0.03522784201205872,0.03316035408973582,-0.047820050379076794,0.047820050379076794
Receipts,quantity_plus_arrangement,center_grid_8_3_5,0.025632304800435927,0.049583717136199995,0.8131398060384595,0.8131398060384595
Receipts,quantity_plus_arrangement,center_grid_8_3_6,0.03397095775932177,0.053595611298959435,0.6139756622485558,0.6139756622485558
Receipts,quantity_plus_arrangement,center_grid_8_3_7,0.0050110003196782126,0.010743227134770293,0.29547771829345015,0.29547771829345015
Receipts,quantity_plus_arrangement,center_grid_8_4_0,0.007273331527418331,0.0064607784813530125,-0.05480718266022747,0.05480718266022747
Receipts,quantity_plus_arrangement,center_grid_8_4_1,0.04400710481218686,0.036002358271924474,-0.2868813065931885,0.2868813065931885
Receipts,quantity_plus_arrangement,center_grid_8_4_2,0.020837146044781416,0.0257828757978652,0.23975211704388147,0.23975211704388147
Receipts,quantity_plus_arrangement,center_grid_8_4_3,0.030027880744169906,0.0036795165170451193,-0.9651851977245354,0.9651851977245354
Receipts,quantity_plus_arrangement,center_grid_8_4_4,0.03668425798779258,0.027850000953553625,-0.29422264691437844,0.29422264691437844
Receipts,quantity_plus_arrangement,center_grid_8_4_5,0.029399039869112638,0.02815514399105195,-0.04249936482801803,0.04249936482801803
Receipts,quantity_plus_arrangement,center_grid_8_4_6,0.04107701099818355,0.05710259885432251,0.525911505520031,0.525911505520031
Receipts,quantity_plus_arrangement,center_grid_8_4_7,0.005618532319592322,0.006702786506288343,0.08091830017983215,0.08091830017983215
Receipts,quantity_plus_arrangement,center_grid_8_5_0,0.009314800214353075,0.0,-0.9219135814372937,0.9219135814372937
Receipts,quantity_plus_arrangement,center_grid_8_5_1,0.02456976843858938,0.031023457588180092,0.23632634903377414,0.23632634903377414
Receipts,quantity_plus_arrangement,center_grid_8_5_2,0.015500628208898875,0.016185519560565076,0.034247525397218766,0.034247525397218766
Receipts,quantity_plus_arrangement,center_grid_8_5_3,0.014849657316765089,0.020820749759330938,0.23100629649869914,0.23100629649869914
Receipts,quantity_plus_arrangement,center_grid_8_5_4,0.014715934622710515,0.015833369467198415,0.05747289412391042,0.05747289412391042
Receipts,quantity_plus_arrangement,center_grid_8_5_5,0.013200456180910132,0.004294189110149744,-0.598647512016204,0.598647512016204
Receipts,quantity_plus_arrangement,center_grid_8_5_6,0.04050939028963722,0.04092039200790547,0.013246043089579326,0.013246043089579326
Receipts,quantity_plus_arrangement,center_grid_8_5_7,0.0006510416666666657,0.0029809686200682846,0.3480472719423256,0.3480472719423256
Receipts,quantity_plus_arrangement,center_grid_8_6_0,0.007189516022972947,0.000434027777777775,-0.8491862476251837,0.8491862476251837
Receipts,quantity_plus_arrangement,center_grid_8_6_1,0.015721205776539703,0.012918940906586577,-0.12762430172809122,0.12762430172809122
Receipts,quantity_plus_arrangement,center_grid_8_6_2,0.007674440717840644,0.014812426538274234,0.3860199841967872,0.3860199841967872
Receipts,quantity_plus_arrangement,center_grid_8_6_3,0.03286006903661723,0.04907440107854475,0.4879690731779755,0.4879690731779755
Receipts,quantity_plus_arrangement,center_grid_8_6_4,0.014410153568793223,0.0037480885717144875,-0.634193112706128,0.634193112706128
Receipts,quantity_plus_arrangement,center_grid_8_6_5,0.008702371167461326,0.0009943181818181782,-0.5654404826561795,0.5654404826561795
Receipts,quantity_plus_arrangement,center_grid_8_6_6,0.015459828210302465,0.0031540923329273747,-0.7713348307779493,0.7713348307779493
Receipts,quantity_plus_arrangement,center_grid_8_6_7,0.0006793478260869563,0.0005896226415094312,-0.02493646749576912,0.02493646749576912
Receipts,quantity_plus_arrangement,center_grid_8_7_0,0.0033550359253630905,0.0,-0.5973119312882331,0.5973119312882331
Receipts,quantity_plus_arrangement,center_grid_8_7_1,0.005351179167146065,0.0006377551020408156,-0.6797386363594556,0.6797386363594556
Receipts,quantity_plus_arrangement,center_grid_8_7_2,0.007551923123688506,0.0013171029281277718,-0.5381899689336626,0.5381899689336626
Receipts,quantity_plus_arrangement,center_grid_8_7_3,0.025245274730802812,0.03248283142571301,0.3471541092798988,0.3471541092798988
Receipts,quantity_plus_arrangement,center_grid_8_7_4,0.012677129765631193,0.0023260782886068906,-0.6615803599936462,0.6615803599936462
Receipts,quantity_plus_arrangement,center_grid_8_7_5,0.002798431435511266,0.0005208333333333313,-0.39064608690289243,0.39064608690289243
Receipts,quantity_plus_arrangement,center_grid_8_7_6,0.004154352790696378,0.0,-0.6403226224543508,0.6403226224543508
Receipts,quantity_plus_arrangement,center_grid_8_7_7,0.0009469696969696969,0.0,-0.24999999999999997,0.24999999999999997
Tables,quantity_only,region_count,77.34615384615384,76.46153846153847,-0.023174892003941957,0.023174892003941957
Tables,quantity_only,union_coverage_norm,0.2872328253525854,0.24859858743854987,-0.6682126177476871,0.6682126177476871
Tables,quantity_only,sum_box_area_norm,0.2925931189949006,0.24914217510522033,-0.7343004373555259,0.7343004373555259
Tables,quantity_only,mean_box_area_norm,0.004472140279152269,0.003633829199957104,-0.4215021523978026,0.4215021523978026
Tables,quantity_only,median_box_area_norm,0.003112318336873777,0.002528679417438927,-0.4390883727731894,0.4390883727731894
Tables,quantity_only,std_box_area_norm,0.005005565382028962,0.0038799954034747118,-0.5413516707642153,0.5413516707642153
Tables,quantity_only,mean_box_width_norm,0.10286991137357572,0.13076875337404584,0.7405774055853616,0.7405774055853616
Tables,quantity_only,mean_box_height_norm,0.04516875397433588,0.029052869556861757,-1.6666708274847093,1.6666708274847093
Tables,quantity_only,mean_confidence,0.8866486111933742,0.9088352166040188,1.213566670996024,1.213566670996024
Tables,quantity_only,low_confidence_fraction,0.019304188490871562,0.008668580146473972,-0.5308721103382733,0.5308721103382733
Tables,arrangement_only,center_x_mean,0.5057132667044647,0.5097352472499195,0.05642022711285373,0.05642022711285373
Tables,arrangement_only,center_x_std,0.2598895517866559,0.2717423065299082,0.6769454128832391,0.6769454128832391
Tables,arrangement_only,center_y_mean,0.5095837114341062,0.4842009937678752,-1.1154474405497512,1.1154474405497512
Tables,arrangement_only,center_y_std,0.23445365888077288,0.2412806547253423,0.30236927157097804,0.30236927157097804
Tables,arrangement_only,center_x_span,0.8075001320370301,0.8485917548187181,0.895470416801304,0.895470416801304
Tables,arrangement_only,center_y_span,0.89413682159238,0.9034006380068197,0.1760602854451177,0.1760602854451177
Tables,arrangement_only,nearest_neighbor_mean_norm,0.05885405779694585,0.05709315663939764,-0.11484983774517682,0.11484983774517682
Tables,arrangement_only,nearest_neighbor_median_norm,0.05264650820309327,0.05175162037230125,-0.051829677464759645,0.051829677464759645
Tables,arrangement_only,nearest_neighbor_std_norm,0.020377239020153308,0.023565756071241225,0.36826400379894975,0.36826400379894975
Tables,arrangement_only,pairwise_distance_mean_norm,0.4513276915657198,0.4684542073119998,0.6548899347529998,0.6548899347529998
Tables,arrangement_only,pairwise_distance_std_norm,0.2142957155740781,0.22228064200753977,0.6221059678755861,0.6221059678755861
Tables,arrangement_only,row_alignment_fraction,0.051520646092651404,0.053600208489648235,0.10473179472735138,0.10473179472735138
Tables,arrangement_only,column_alignment_fraction,0.14626906269319667,0.14414127406959648,-0.04250853965171219,0.04250853965171219
Tables,arrangement_only,angle_mean_abs_deg,5.136096182758143,1.6955057837454686,-0.5574284186921429,0.5574284186921429
Tables,arrangement_only,angle_std_deg,11.808967157381524,4.828530127709798,-0.5635143814501973,0.5635143814501973
Tables,arrangement_only,rotated_fraction_gt_5deg,0.07611684717810603,0.017957081383027384,-0.8623422292585766,0.8623422292585766
Tables,arrangement_only,center_grid_4_0_0,0.040250325994420424,0.043263464697019055,0.1005517005456726,0.1005517005456726
Tables,arrangement_only,center_grid_4_0_1,0.049411312872096116,0.06844106291416235,0.968775910060996,0.968775910060996
Tables,arrangement_only,center_grid_4_0_2,0.04017232392979364,0.043586029746114044,0.12680968931735778,0.12680968931735778
Tables,arrangement_only,center_grid_4_0_3,0.04084097953131412,0.05901348391044757,0.6671643291645077,0.6671643291645077
Tables,arrangement_only,center_grid_4_1_0,0.06785305990785473,0.07048965994077834,0.08471640677227901,0.08471640677227901
Tables,arrangement_only,center_grid_4_1_1,0.0849058142627443,0.08630811437045523,0.039021291401148524,0.039021291401148524
Tables,arrangement_only,center_grid_4_1_2,0.08126738305088684,0.0693752619067919,-0.331529417849186,0.331529417849186
Tables,arrangement_only,center_grid_4_1_3,0.08126212064449699,0.08501322292247712,0.09106288883549737,0.09106288883549737
Tables,arrangement_only,center_grid_4_2_0,0.07356834157785816,0.06964392771575166,-0.13163433463921598,0.13163433463921598
Tables,arrangement_only,center_grid_4_2_1,0.0811877944523054,0.07558614580483745,-0.14117922804665484,0.14117922804665484
Tables,arrangement_only,center_grid_4_2_2,0.08282632799344242,0.06361940664422104,-0.49258541040876774,0.49258541040876774
Tables,arrangement_only,center_grid_4_2_3,0.08068602280122296,0.08833786748059712,0.19324457153015814,0.19324457153015814
Tables,arrangement_only,center_grid_4_3_0,0.048224817218452114,0.04827313749447182,0.0018557006486077336,0.0018557006486077336
Tables,arrangement_only,center_grid_4_3_1,0.05424336929044225,0.0540782620555369,-0.005853419173824215,0.005853419173824215
Tables,arrangement_only,center_grid_4_3_2,0.04620786309966027,0.032731084339195436,-0.44588753105533835,0.44588753105533835
Tables,arrangement_only,center_grid_4_3_3,0.04709214337300871,0.0422398680571424,-0.16138645584932823,0.16138645584932823
Tables,arrangement_only,center_grid_8_0_0,0.004872980476695635,0.008551798043710142,0.38411918343333173,0.38411918343333173
Tables,arrangement_only,center_grid_8_0_1,0.008638560567771751,0.004995642608744155,-0.40949621482305687,0.40949621482305687
Tables,arrangement_only,center_grid_8_0_2,0.006347721351228139,0.008080581706490193,0.1855256422216678,0.1855256422216678
Tables,arrangement_only,center_grid_8_0_3,0.010433079338616714,0.01938914424810371,0.7477040558221303,0.7477040558221303
Tables,arrangement_only,center_grid_8_0_4,0.0037352937794569805,0.002834744789265454,-0.14532557014151296,0.14532557014151296
Tables,arrangement_only,center_grid_8_0_5,0.00268948614009125,0.0039098927774951,0.17704150877047,0.17704150877047
Tables,arrangement_only,center_grid_8_0_6,0.002840596663979035,0.0066432564224168005,0.501219241464304,0.501219241464304
Tables,arrangement_only,center_grid_8_0_7,0.006112446445642646,0.006425513442656208,0.027210869705609417,0.027210869705609417
Tables,arrangement_only,center_grid_8_1_0,0.012295193692909889,0.016518663517092427,0.2975226801583287,0.2975226801583287
Tables,arrangement_only,center_grid_8_1_1,0.014443591257043083,0.01319736052747227,-0.07520656969350156,0.07520656969350156
Tables,arrangement_only,center_grid_8_1_2,0.010480132436379757,0.015430947030803601,0.29688079864173794,0.29688079864173794
Tables,arrangement_only,center_grid_8_1_3,0.022150379745871435,0.025540389928764805,0.1976350771318406,0.1976350771318406
Tables,arrangement_only,center_grid_8_1_4,0.014511501890978714,0.016877202657328543,0.13921417488249652,0.13921417488249652
Tables,arrangement_only,center_grid_8_1_5,0.01923604211926663,0.019964189522024937,0.03947135269793633,0.03947135269793633
Tables,arrangement_only,center_grid_8_1_6,0.01837016438033557,0.023613062593450137,0.3092885621738914,0.3092885621738914
Tables,arrangement_only,center_grid_8_1_7,0.01351777204135682,0.022331651451924377,0.5711861174442762,0.5711861174442762
Tables,arrangement_only,center_grid_8_2_0,0.012488142121577546,0.01979020361369169,0.501437240484475,0.501437240484475
Tables,arrangement_only,center_grid_8_2_1,0.016493740582581646,0.015573703672733944,-0.06286662287834904,0.06286662287834904
Tables,arrangement_only,center_grid_8_2_2,0.01799308315100256,0.01877261167539535,0.047977745536990496,0.047977745536990496
Tables,arrangement_only,center_grid_8_2_3,0.022002596334106242,0.025507325176794604,0.21837812005336107,0.21837812005336107
Tables,arrangement_only,center_grid_8_2_4,0.01638475730577943,0.01679606189366018,0.026360761307463947,0.026360761307463947
Tables,arrangement_only,center_grid_8_2_5,0.02341857453370333,0.01795694608076827,-0.29245448813476743,0.29245448813476743
Tables,arrangement_only,center_grid_8_2_6,0.025222945742417777,0.02002551235599406,-0.2945468879603996,0.2945468879603996
Tables,arrangement_only,center_grid_8_2_7,0.01604265856587809,0.021193411446012007,0.33271141274792865,0.33271141274792865
Tables,arrangement_only,center_grid_8_3_0,0.01655300001298657,0.019047272090402953,0.14985722395286388,0.14985722395286388
Tables,arrangement_only,center_grid_8_3_1,0.02231817719070888,0.016078480563949688,-0.34459645430289454,0.34459645430289454
Tables,arrangement_only,center_grid_8_3_2,0.018990861121900793,0.01811096385978482,-0.05016540837319001,0.05016540837319001
Tables,arrangement_only,center_grid_8_3_3,0.0259192736557346,0.023917213658480374,-0.12087774050043264,0.12087774050043264
Tables,arrangement_only,center_grid_8_3_4,0.018579111069028948,0.01778704511719769,-0.046401481977129524,0.046401481977129524
Tables,arrangement_only,center_grid_8_3_5,0.022884940142375035,0.016835208815165717,-0.3621112516560203,0.3621112516560203
Tables,arrangement_only,center_grid_8_3_6,0.022979569054499438,0.022444803446970942,-0.027203963260659547,0.027203963260659547
Tables,arrangement_only,center_grid_8_3_7,0.017016947281701587,0.021349495673500054,0.26163340913198535,0.26163340913198535
Tables,arrangement_only,center_grid_8_4_0,0.01626026739030268,0.017542183873294336,0.08029510184870943,0.08029510184870943
Tables,arrangement_only,center_grid_8_4_1,0.020330037842952068,0.014921106488257755,-0.32047749538534115,0.32047749538534115
Tables,arrangement_only,center_grid_8_4_2,0.01991580059579131,0.014369587201320486,-0.31741022533765706,0.31741022533765706
Tables,arrangement_only,center_grid_8_4_3,0.019806586921995325,0.023780173737176263,0.25860660555509724,0.25860660555509724
Tables,arrangement_only,center_grid_8_4_4,0.017887740836034484,0.01499778332795494,-0.18299109535586872,0.18299109535586872
Tables,arrangement_only,center_grid_8_4_5,0.02514953156583523,0.015688635111839416,-0.5347597732338829,0.5347597732338829
Tables,arrangement_only,center_grid_8_4_6,0.021133647333092104,0.02268485698911193,0.07818213479739901,0.07818213479739901
Tables,arrangement_only,center_grid_8_4_7,0.017161091415080168,0.021102030183787347,0.22217211523794805,0.22217211523794805
Tables,arrangement_only,center_grid_8_5_0,0.017831131570068062,0.021474619280051566,0.2289856236407889,0.2289856236407889
Tables,arrangement_only,center_grid_8_5_1,0.019146904774535255,0.015706018074147957,-0.2138704658458963,0.2138704658458963
Tables,arrangement_only,center_grid_8_5_2,0.014730452768859665,0.016041683780675643,0.08074056088693693,0.08074056088693693
Tables,arrangement_only,center_grid_8_5_3,0.026734954165658995,0.021394701085664984,-0.29243739903219007,0.29243739903219007
Tables,arrangement_only,center_grid_8_5_4,0.01465437938242402,0.01741332833348349,0.1817045954167526,0.1817045954167526
Tables,arrangement_only,center_grid_8_5_5,0.025134676209148596,0.015519659870943158,-0.5103209853965766,0.5103209853965766
Tables,arrangement_only,center_grid_8_5_6,0.025914663125589713,0.023317252966874973,-0.13632301519755072,0.13632301519755072
Tables,arrangement_only,center_grid_8_5_7,0.016476620927460887,0.021233727340822812,0.29077378379213314,0.29077378379213314
Tables,arrangement_only,center_grid_8_6_0,0.014100965631651918,0.017022449037086097,0.1861123797574536,0.1861123797574536
Tables,arrangement_only,center_grid_8_6_1,0.018688484703484345,0.018325636105070257,-0.022195372126641844,0.022195372126641844
Tables,arrangement_only,center_grid_8_6_2,0.01549460422960421,0.012107809971357242,-0.19825362540859526,0.19825362540859526
Tables,arrangement_only,center_grid_8_6_3,0.01999432909508777,0.021476062910160597,0.0998110305836338,0.0998110305836338
Tables,arrangement_only,center_grid_8_6_4,0.01618882143531973,0.014489064871025735,-0.11032947519150828,0.11032947519150828
Tables,arrangement_only,center_grid_8_6_5,0.020932062720902242,0.011684267176817677,-0.5948918823340147,0.5948918823340147
Tables,arrangement_only,center_grid_8_6_6,0.02204314305268953,0.01662081900009046,-0.3228382134198211,0.3228382134198211
Tables,arrangement_only,center_grid_8_6_7,0.015969758238452873,0.01808093794754565,0.1311508889098724,0.1311508889098724
Tables,arrangement_only,center_grid_8_7_0,0.007385068585099439,0.006093138214634862,-0.11721374591734557,0.11721374591734557
Tables,arrangement_only,center_grid_8_7_1,0.008050298298216341,0.006831914137680574,-0.12303275199524481,0.12303275199524481
Tables,arrangement_only,center_grid_8_7_2,0.005917418116383846,0.00851485229002365,0.2368801919659544,0.2368801919659544
Tables,arrangement_only,center_grid_8_7_3,0.012837017849366378,0.011979536883995343,-0.06262814327184142,0.06262814327184142
Tables,arrangement_only,center_grid_8_7_4,0.00502663206012487,0.003282066334534715,-0.1804776311403692,0.1804776311403692
Tables,arrangement_only,center_grid_8_7_5,0.004060346883313377,0.0032756859568172925,-0.09192829120958543,0.09192829120958543
Tables,arrangement_only,center_grid_8_7_6,0.0024234699310628346,0.005043194391974011,0.3147166319497475,0.3147166319497475
Tables,arrangement_only,center_grid_8_7_7,0.0066557721508034235,0.002494916717532231,-0.3898870534191639,0.3898870534191639
Tables,arrangement_base_only,center_x_mean,0.5057132667044647,0.5097352472499195,0.05642022711285373,0.05642022711285373
Tables,arrangement_base_only,center_x_std,0.2598895517866559,0.2717423065299082,0.6769454128832391,0.6769454128832391
Tables,arrangement_base_only,center_y_mean,0.5095837114341062,0.4842009937678752,-1.1154474405497512,1.1154474405497512
Tables,arrangement_base_only,center_y_std,0.23445365888077288,0.2412806547253423,0.30236927157097804,0.30236927157097804
Tables,arrangement_base_only,center_x_span,0.8075001320370301,0.8485917548187181,0.895470416801304,0.895470416801304
Tables,arrangement_base_only,center_y_span,0.89413682159238,0.9034006380068197,0.1760602854451177,0.1760602854451177
Tables,arrangement_base_only,nearest_neighbor_mean_norm,0.05885405779694585,0.05709315663939764,-0.11484983774517682,0.11484983774517682
Tables,arrangement_base_only,nearest_neighbor_median_norm,0.05264650820309327,0.05175162037230125,-0.051829677464759645,0.051829677464759645
Tables,arrangement_base_only,nearest_neighbor_std_norm,0.020377239020153308,0.023565756071241225,0.36826400379894975,0.36826400379894975
Tables,arrangement_base_only,pairwise_distance_mean_norm,0.4513276915657198,0.4684542073119998,0.6548899347529998,0.6548899347529998
Tables,arrangement_base_only,pairwise_distance_std_norm,0.2142957155740781,0.22228064200753977,0.6221059678755861,0.6221059678755861
Tables,arrangement_base_only,row_alignment_fraction,0.051520646092651404,0.053600208489648235,0.10473179472735138,0.10473179472735138
Tables,arrangement_base_only,column_alignment_fraction,0.14626906269319667,0.14414127406959648,-0.04250853965171219,0.04250853965171219
Tables,arrangement_base_only,angle_mean_abs_deg,5.136096182758143,1.6955057837454686,-0.5574284186921429,0.5574284186921429
Tables,arrangement_base_only,angle_std_deg,11.808967157381524,4.828530127709798,-0.5635143814501973,0.5635143814501973
Tables,arrangement_base_only,rotated_fraction_gt_5deg,0.07611684717810603,0.017957081383027384,-0.8623422292585766,0.8623422292585766
Tables,arrangement_4x4_only,center_x_mean,0.5057132667044647,0.5097352472499195,0.05642022711285373,0.05642022711285373
Tables,arrangement_4x4_only,center_x_std,0.2598895517866559,0.2717423065299082,0.6769454128832391,0.6769454128832391
Tables,arrangement_4x4_only,center_y_mean,0.5095837114341062,0.4842009937678752,-1.1154474405497512,1.1154474405497512
Tables,arrangement_4x4_only,center_y_std,0.23445365888077288,0.2412806547253423,0.30236927157097804,0.30236927157097804
Tables,arrangement_4x4_only,center_x_span,0.8075001320370301,0.8485917548187181,0.895470416801304,0.895470416801304
Tables,arrangement_4x4_only,center_y_span,0.89413682159238,0.9034006380068197,0.1760602854451177,0.1760602854451177
Tables,arrangement_4x4_only,nearest_neighbor_mean_norm,0.05885405779694585,0.05709315663939764,-0.11484983774517682,0.11484983774517682
Tables,arrangement_4x4_only,nearest_neighbor_median_norm,0.05264650820309327,0.05175162037230125,-0.051829677464759645,0.051829677464759645
Tables,arrangement_4x4_only,nearest_neighbor_std_norm,0.020377239020153308,0.023565756071241225,0.36826400379894975,0.36826400379894975
Tables,arrangement_4x4_only,pairwise_distance_mean_norm,0.4513276915657198,0.4684542073119998,0.6548899347529998,0.6548899347529998
Tables,arrangement_4x4_only,pairwise_distance_std_norm,0.2142957155740781,0.22228064200753977,0.6221059678755861,0.6221059678755861
Tables,arrangement_4x4_only,row_alignment_fraction,0.051520646092651404,0.053600208489648235,0.10473179472735138,0.10473179472735138
Tables,arrangement_4x4_only,column_alignment_fraction,0.14626906269319667,0.14414127406959648,-0.04250853965171219,0.04250853965171219
Tables,arrangement_4x4_only,angle_mean_abs_deg,5.136096182758143,1.6955057837454686,-0.5574284186921429,0.5574284186921429
Tables,arrangement_4x4_only,angle_std_deg,11.808967157381524,4.828530127709798,-0.5635143814501973,0.5635143814501973
Tables,arrangement_4x4_only,rotated_fraction_gt_5deg,0.07611684717810603,0.017957081383027384,-0.8623422292585766,0.8623422292585766
Tables,arrangement_4x4_only,center_grid_4_0_0,0.040250325994420424,0.043263464697019055,0.1005517005456726,0.1005517005456726
Tables,arrangement_4x4_only,center_grid_4_0_1,0.049411312872096116,0.06844106291416235,0.968775910060996,0.968775910060996
Tables,arrangement_4x4_only,center_grid_4_0_2,0.04017232392979364,0.043586029746114044,0.12680968931735778,0.12680968931735778
Tables,arrangement_4x4_only,center_grid_4_0_3,0.04084097953131412,0.05901348391044757,0.6671643291645077,0.6671643291645077
Tables,arrangement_4x4_only,center_grid_4_1_0,0.06785305990785473,0.07048965994077834,0.08471640677227901,0.08471640677227901
Tables,arrangement_4x4_only,center_grid_4_1_1,0.0849058142627443,0.08630811437045523,0.039021291401148524,0.039021291401148524
Tables,arrangement_4x4_only,center_grid_4_1_2,0.08126738305088684,0.0693752619067919,-0.331529417849186,0.331529417849186
Tables,arrangement_4x4_only,center_grid_4_1_3,0.08126212064449699,0.08501322292247712,0.09106288883549737,0.09106288883549737
Tables,arrangement_4x4_only,center_grid_4_2_0,0.07356834157785816,0.06964392771575166,-0.13163433463921598,0.13163433463921598
Tables,arrangement_4x4_only,center_grid_4_2_1,0.0811877944523054,0.07558614580483745,-0.14117922804665484,0.14117922804665484
Tables,arrangement_4x4_only,center_grid_4_2_2,0.08282632799344242,0.06361940664422104,-0.49258541040876774,0.49258541040876774
Tables,arrangement_4x4_only,center_grid_4_2_3,0.08068602280122296,0.08833786748059712,0.19324457153015814,0.19324457153015814
Tables,arrangement_4x4_only,center_grid_4_3_0,0.048224817218452114,0.04827313749447182,0.0018557006486077336,0.0018557006486077336
Tables,arrangement_4x4_only,center_grid_4_3_1,0.05424336929044225,0.0540782620555369,-0.005853419173824215,0.005853419173824215
Tables,arrangement_4x4_only,center_grid_4_3_2,0.04620786309966027,0.032731084339195436,-0.44588753105533835,0.44588753105533835
Tables,arrangement_4x4_only,center_grid_4_3_3,0.04709214337300871,0.0422398680571424,-0.16138645584932823,0.16138645584932823
Tables,arrangement_8x8_only,center_x_mean,0.5057132667044647,0.5097352472499195,0.05642022711285373,0.05642022711285373
Tables,arrangement_8x8_only,center_x_std,0.2598895517866559,0.2717423065299082,0.6769454128832391,0.6769454128832391
Tables,arrangement_8x8_only,center_y_mean,0.5095837114341062,0.4842009937678752,-1.1154474405497512,1.1154474405497512
Tables,arrangement_8x8_only,center_y_std,0.23445365888077288,0.2412806547253423,0.30236927157097804,0.30236927157097804
Tables,arrangement_8x8_only,center_x_span,0.8075001320370301,0.8485917548187181,0.895470416801304,0.895470416801304
Tables,arrangement_8x8_only,center_y_span,0.89413682159238,0.9034006380068197,0.1760602854451177,0.1760602854451177
Tables,arrangement_8x8_only,nearest_neighbor_mean_norm,0.05885405779694585,0.05709315663939764,-0.11484983774517682,0.11484983774517682
Tables,arrangement_8x8_only,nearest_neighbor_median_norm,0.05264650820309327,0.05175162037230125,-0.051829677464759645,0.051829677464759645
Tables,arrangement_8x8_only,nearest_neighbor_std_norm,0.020377239020153308,0.023565756071241225,0.36826400379894975,0.36826400379894975
Tables,arrangement_8x8_only,pairwise_distance_mean_norm,0.4513276915657198,0.4684542073119998,0.6548899347529998,0.6548899347529998
Tables,arrangement_8x8_only,pairwise_distance_std_norm,0.2142957155740781,0.22228064200753977,0.6221059678755861,0.6221059678755861
Tables,arrangement_8x8_only,row_alignment_fraction,0.051520646092651404,0.053600208489648235,0.10473179472735138,0.10473179472735138
Tables,arrangement_8x8_only,column_alignment_fraction,0.14626906269319667,0.14414127406959648,-0.04250853965171219,0.04250853965171219
Tables,arrangement_8x8_only,angle_mean_abs_deg,5.136096182758143,1.6955057837454686,-0.5574284186921429,0.5574284186921429
Tables,arrangement_8x8_only,angle_std_deg,11.808967157381524,4.828530127709798,-0.5635143814501973,0.5635143814501973
Tables,arrangement_8x8_only,rotated_fraction_gt_5deg,0.07611684717810603,0.017957081383027384,-0.8623422292585766,0.8623422292585766
Tables,arrangement_8x8_only,center_grid_8_0_0,0.004872980476695635,0.008551798043710142,0.38411918343333173,0.38411918343333173
Tables,arrangement_8x8_only,center_grid_8_0_1,0.008638560567771751,0.004995642608744155,-0.40949621482305687,0.40949621482305687
Tables,arrangement_8x8_only,center_grid_8_0_2,0.006347721351228139,0.008080581706490193,0.1855256422216678,0.1855256422216678
Tables,arrangement_8x8_only,center_grid_8_0_3,0.010433079338616714,0.01938914424810371,0.7477040558221303,0.7477040558221303
Tables,arrangement_8x8_only,center_grid_8_0_4,0.0037352937794569805,0.002834744789265454,-0.14532557014151296,0.14532557014151296
Tables,arrangement_8x8_only,center_grid_8_0_5,0.00268948614009125,0.0039098927774951,0.17704150877047,0.17704150877047
Tables,arrangement_8x8_only,center_grid_8_0_6,0.002840596663979035,0.0066432564224168005,0.501219241464304,0.501219241464304
Tables,arrangement_8x8_only,center_grid_8_0_7,0.006112446445642646,0.006425513442656208,0.027210869705609417,0.027210869705609417
Tables,arrangement_8x8_only,center_grid_8_1_0,0.012295193692909889,0.016518663517092427,0.2975226801583287,0.2975226801583287
Tables,arrangement_8x8_only,center_grid_8_1_1,0.014443591257043083,0.01319736052747227,-0.07520656969350156,0.07520656969350156
Tables,arrangement_8x8_only,center_grid_8_1_2,0.010480132436379757,0.015430947030803601,0.29688079864173794,0.29688079864173794
Tables,arrangement_8x8_only,center_grid_8_1_3,0.022150379745871435,0.025540389928764805,0.1976350771318406,0.1976350771318406
Tables,arrangement_8x8_only,center_grid_8_1_4,0.014511501890978714,0.016877202657328543,0.13921417488249652,0.13921417488249652
Tables,arrangement_8x8_only,center_grid_8_1_5,0.01923604211926663,0.019964189522024937,0.03947135269793633,0.03947135269793633
Tables,arrangement_8x8_only,center_grid_8_1_6,0.01837016438033557,0.023613062593450137,0.3092885621738914,0.3092885621738914
Tables,arrangement_8x8_only,center_grid_8_1_7,0.01351777204135682,0.022331651451924377,0.5711861174442762,0.5711861174442762
Tables,arrangement_8x8_only,center_grid_8_2_0,0.012488142121577546,0.01979020361369169,0.501437240484475,0.501437240484475
Tables,arrangement_8x8_only,center_grid_8_2_1,0.016493740582581646,0.015573703672733944,-0.06286662287834904,0.06286662287834904
Tables,arrangement_8x8_only,center_grid_8_2_2,0.01799308315100256,0.01877261167539535,0.047977745536990496,0.047977745536990496
Tables,arrangement_8x8_only,center_grid_8_2_3,0.022002596334106242,0.025507325176794604,0.21837812005336107,0.21837812005336107
Tables,arrangement_8x8_only,center_grid_8_2_4,0.01638475730577943,0.01679606189366018,0.026360761307463947,0.026360761307463947
Tables,arrangement_8x8_only,center_grid_8_2_5,0.02341857453370333,0.01795694608076827,-0.29245448813476743,0.29245448813476743
Tables,arrangement_8x8_only,center_grid_8_2_6,0.025222945742417777,0.02002551235599406,-0.2945468879603996,0.2945468879603996
Tables,arrangement_8x8_only,center_grid_8_2_7,0.01604265856587809,0.021193411446012007,0.33271141274792865,0.33271141274792865
Tables,arrangement_8x8_only,center_grid_8_3_0,0.01655300001298657,0.019047272090402953,0.14985722395286388,0.14985722395286388
Tables,arrangement_8x8_only,center_grid_8_3_1,0.02231817719070888,0.016078480563949688,-0.34459645430289454,0.34459645430289454
Tables,arrangement_8x8_only,center_grid_8_3_2,0.018990861121900793,0.01811096385978482,-0.05016540837319001,0.05016540837319001
Tables,arrangement_8x8_only,center_grid_8_3_3,0.0259192736557346,0.023917213658480374,-0.12087774050043264,0.12087774050043264
Tables,arrangement_8x8_only,center_grid_8_3_4,0.018579111069028948,0.01778704511719769,-0.046401481977129524,0.046401481977129524
Tables,arrangement_8x8_only,center_grid_8_3_5,0.022884940142375035,0.016835208815165717,-0.3621112516560203,0.3621112516560203
Tables,arrangement_8x8_only,center_grid_8_3_6,0.022979569054499438,0.022444803446970942,-0.027203963260659547,0.027203963260659547
Tables,arrangement_8x8_only,center_grid_8_3_7,0.017016947281701587,0.021349495673500054,0.26163340913198535,0.26163340913198535
Tables,arrangement_8x8_only,center_grid_8_4_0,0.01626026739030268,0.017542183873294336,0.08029510184870943,0.08029510184870943
Tables,arrangement_8x8_only,center_grid_8_4_1,0.020330037842952068,0.014921106488257755,-0.32047749538534115,0.32047749538534115
Tables,arrangement_8x8_only,center_grid_8_4_2,0.01991580059579131,0.014369587201320486,-0.31741022533765706,0.31741022533765706
Tables,arrangement_8x8_only,center_grid_8_4_3,0.019806586921995325,0.023780173737176263,0.25860660555509724,0.25860660555509724
Tables,arrangement_8x8_only,center_grid_8_4_4,0.017887740836034484,0.01499778332795494,-0.18299109535586872,0.18299109535586872
Tables,arrangement_8x8_only,center_grid_8_4_5,0.02514953156583523,0.015688635111839416,-0.5347597732338829,0.5347597732338829
Tables,arrangement_8x8_only,center_grid_8_4_6,0.021133647333092104,0.02268485698911193,0.07818213479739901,0.07818213479739901
Tables,arrangement_8x8_only,center_grid_8_4_7,0.017161091415080168,0.021102030183787347,0.22217211523794805,0.22217211523794805
Tables,arrangement_8x8_only,center_grid_8_5_0,0.017831131570068062,0.021474619280051566,0.2289856236407889,0.2289856236407889
Tables,arrangement_8x8_only,center_grid_8_5_1,0.019146904774535255,0.015706018074147957,-0.2138704658458963,0.2138704658458963
Tables,arrangement_8x8_only,center_grid_8_5_2,0.014730452768859665,0.016041683780675643,0.08074056088693693,0.08074056088693693
Tables,arrangement_8x8_only,center_grid_8_5_3,0.026734954165658995,0.021394701085664984,-0.29243739903219007,0.29243739903219007
Tables,arrangement_8x8_only,center_grid_8_5_4,0.01465437938242402,0.01741332833348349,0.1817045954167526,0.1817045954167526
Tables,arrangement_8x8_only,center_grid_8_5_5,0.025134676209148596,0.015519659870943158,-0.5103209853965766,0.5103209853965766
Tables,arrangement_8x8_only,center_grid_8_5_6,0.025914663125589713,0.023317252966874973,-0.13632301519755072,0.13632301519755072
Tables,arrangement_8x8_only,center_grid_8_5_7,0.016476620927460887,0.021233727340822812,0.29077378379213314,0.29077378379213314
Tables,arrangement_8x8_only,center_grid_8_6_0,0.014100965631651918,0.017022449037086097,0.1861123797574536,0.1861123797574536
Tables,arrangement_8x8_only,center_grid_8_6_1,0.018688484703484345,0.018325636105070257,-0.022195372126641844,0.022195372126641844
Tables,arrangement_8x8_only,center_grid_8_6_2,0.01549460422960421,0.012107809971357242,-0.19825362540859526,0.19825362540859526
Tables,arrangement_8x8_only,center_grid_8_6_3,0.01999432909508777,0.021476062910160597,0.0998110305836338,0.0998110305836338
Tables,arrangement_8x8_only,center_grid_8_6_4,0.01618882143531973,0.014489064871025735,-0.11032947519150828,0.11032947519150828
Tables,arrangement_8x8_only,center_grid_8_6_5,0.020932062720902242,0.011684267176817677,-0.5948918823340147,0.5948918823340147
Tables,arrangement_8x8_only,center_grid_8_6_6,0.02204314305268953,0.01662081900009046,-0.3228382134198211,0.3228382134198211
Tables,arrangement_8x8_only,center_grid_8_6_7,0.015969758238452873,0.01808093794754565,0.1311508889098724,0.1311508889098724
Tables,arrangement_8x8_only,center_grid_8_7_0,0.007385068585099439,0.006093138214634862,-0.11721374591734557,0.11721374591734557
Tables,arrangement_8x8_only,center_grid_8_7_1,0.008050298298216341,0.006831914137680574,-0.12303275199524481,0.12303275199524481
Tables,arrangement_8x8_only,center_grid_8_7_2,0.005917418116383846,0.00851485229002365,0.2368801919659544,0.2368801919659544
Tables,arrangement_8x8_only,center_grid_8_7_3,0.012837017849366378,0.011979536883995343,-0.06262814327184142,0.06262814327184142
Tables,arrangement_8x8_only,center_grid_8_7_4,0.00502663206012487,0.003282066334534715,-0.1804776311403692,0.1804776311403692
Tables,arrangement_8x8_only,center_grid_8_7_5,0.004060346883313377,0.0032756859568172925,-0.09192829120958543,0.09192829120958543
Tables,arrangement_8x8_only,center_grid_8_7_6,0.0024234699310628346,0.005043194391974011,0.3147166319497475,0.3147166319497475
Tables,arrangement_8x8_only,center_grid_8_7_7,0.0066557721508034235,0.002494916717532231,-0.3898870534191639,0.3898870534191639
Tables,quantity_plus_arrangement,region_count,77.34615384615384,76.46153846153847,-0.023174892003941957,0.023174892003941957
Tables,quantity_plus_arrangement,union_coverage_norm,0.2872328253525854,0.24859858743854987,-0.6682126177476871,0.6682126177476871
Tables,quantity_plus_arrangement,sum_box_area_norm,0.2925931189949006,0.24914217510522033,-0.7343004373555259,0.7343004373555259
Tables,quantity_plus_arrangement,mean_box_area_norm,0.004472140279152269,0.003633829199957104,-0.4215021523978026,0.4215021523978026
Tables,quantity_plus_arrangement,median_box_area_norm,0.003112318336873777,0.002528679417438927,-0.4390883727731894,0.4390883727731894
Tables,quantity_plus_arrangement,std_box_area_norm,0.005005565382028962,0.0038799954034747118,-0.5413516707642153,0.5413516707642153
Tables,quantity_plus_arrangement,mean_box_width_norm,0.10286991137357572,0.13076875337404584,0.7405774055853616,0.7405774055853616
Tables,quantity_plus_arrangement,mean_box_height_norm,0.04516875397433588,0.029052869556861757,-1.6666708274847093,1.6666708274847093
Tables,quantity_plus_arrangement,mean_confidence,0.8866486111933742,0.9088352166040188,1.213566670996024,1.213566670996024
Tables,quantity_plus_arrangement,low_confidence_fraction,0.019304188490871562,0.008668580146473972,-0.5308721103382733,0.5308721103382733
Tables,quantity_plus_arrangement,center_x_mean,0.5057132667044647,0.5097352472499195,0.05642022711285373,0.05642022711285373
Tables,quantity_plus_arrangement,center_x_std,0.2598895517866559,0.2717423065299082,0.6769454128832391,0.6769454128832391
Tables,quantity_plus_arrangement,center_y_mean,0.5095837114341062,0.4842009937678752,-1.1154474405497512,1.1154474405497512
Tables,quantity_plus_arrangement,center_y_std,0.23445365888077288,0.2412806547253423,0.30236927157097804,0.30236927157097804
Tables,quantity_plus_arrangement,center_x_span,0.8075001320370301,0.8485917548187181,0.895470416801304,0.895470416801304
Tables,quantity_plus_arrangement,center_y_span,0.89413682159238,0.9034006380068197,0.1760602854451177,0.1760602854451177
Tables,quantity_plus_arrangement,nearest_neighbor_mean_norm,0.05885405779694585,0.05709315663939764,-0.11484983774517682,0.11484983774517682
Tables,quantity_plus_arrangement,nearest_neighbor_median_norm,0.05264650820309327,0.05175162037230125,-0.051829677464759645,0.051829677464759645
Tables,quantity_plus_arrangement,nearest_neighbor_std_norm,0.020377239020153308,0.023565756071241225,0.36826400379894975,0.36826400379894975
Tables,quantity_plus_arrangement,pairwise_distance_mean_norm,0.4513276915657198,0.4684542073119998,0.6548899347529998,0.6548899347529998
Tables,quantity_plus_arrangement,pairwise_distance_std_norm,0.2142957155740781,0.22228064200753977,0.6221059678755861,0.6221059678755861
Tables,quantity_plus_arrangement,row_alignment_fraction,0.051520646092651404,0.053600208489648235,0.10473179472735138,0.10473179472735138
Tables,quantity_plus_arrangement,column_alignment_fraction,0.14626906269319667,0.14414127406959648,-0.04250853965171219,0.04250853965171219
Tables,quantity_plus_arrangement,angle_mean_abs_deg,5.136096182758143,1.6955057837454686,-0.5574284186921429,0.5574284186921429
Tables,quantity_plus_arrangement,angle_std_deg,11.808967157381524,4.828530127709798,-0.5635143814501973,0.5635143814501973
Tables,quantity_plus_arrangement,rotated_fraction_gt_5deg,0.07611684717810603,0.017957081383027384,-0.8623422292585766,0.8623422292585766
Tables,quantity_plus_arrangement,center_grid_4_0_0,0.040250325994420424,0.043263464697019055,0.1005517005456726,0.1005517005456726
Tables,quantity_plus_arrangement,center_grid_4_0_1,0.049411312872096116,0.06844106291416235,0.968775910060996,0.968775910060996
Tables,quantity_plus_arrangement,center_grid_4_0_2,0.04017232392979364,0.043586029746114044,0.12680968931735778,0.12680968931735778
Tables,quantity_plus_arrangement,center_grid_4_0_3,0.04084097953131412,0.05901348391044757,0.6671643291645077,0.6671643291645077
Tables,quantity_plus_arrangement,center_grid_4_1_0,0.06785305990785473,0.07048965994077834,0.08471640677227901,0.08471640677227901
Tables,quantity_plus_arrangement,center_grid_4_1_1,0.0849058142627443,0.08630811437045523,0.039021291401148524,0.039021291401148524
Tables,quantity_plus_arrangement,center_grid_4_1_2,0.08126738305088684,0.0693752619067919,-0.331529417849186,0.331529417849186
Tables,quantity_plus_arrangement,center_grid_4_1_3,0.08126212064449699,0.08501322292247712,0.09106288883549737,0.09106288883549737
Tables,quantity_plus_arrangement,center_grid_4_2_0,0.07356834157785816,0.06964392771575166,-0.13163433463921598,0.13163433463921598
Tables,quantity_plus_arrangement,center_grid_4_2_1,0.0811877944523054,0.07558614580483745,-0.14117922804665484,0.14117922804665484
Tables,quantity_plus_arrangement,center_grid_4_2_2,0.08282632799344242,0.06361940664422104,-0.49258541040876774,0.49258541040876774
Tables,quantity_plus_arrangement,center_grid_4_2_3,0.08068602280122296,0.08833786748059712,0.19324457153015814,0.19324457153015814
Tables,quantity_plus_arrangement,center_grid_4_3_0,0.048224817218452114,0.04827313749447182,0.0018557006486077336,0.0018557006486077336
Tables,quantity_plus_arrangement,center_grid_4_3_1,0.05424336929044225,0.0540782620555369,-0.005853419173824215,0.005853419173824215
Tables,quantity_plus_arrangement,center_grid_4_3_2,0.04620786309966027,0.032731084339195436,-0.44588753105533835,0.44588753105533835
Tables,quantity_plus_arrangement,center_grid_4_3_3,0.04709214337300871,0.0422398680571424,-0.16138645584932823,0.16138645584932823
Tables,quantity_plus_arrangement,center_grid_8_0_0,0.004872980476695635,0.008551798043710142,0.38411918343333173,0.38411918343333173
Tables,quantity_plus_arrangement,center_grid_8_0_1,0.008638560567771751,0.004995642608744155,-0.40949621482305687,0.40949621482305687
Tables,quantity_plus_arrangement,center_grid_8_0_2,0.006347721351228139,0.008080581706490193,0.1855256422216678,0.1855256422216678
Tables,quantity_plus_arrangement,center_grid_8_0_3,0.010433079338616714,0.01938914424810371,0.7477040558221303,0.7477040558221303
Tables,quantity_plus_arrangement,center_grid_8_0_4,0.0037352937794569805,0.002834744789265454,-0.14532557014151296,0.14532557014151296
Tables,quantity_plus_arrangement,center_grid_8_0_5,0.00268948614009125,0.0039098927774951,0.17704150877047,0.17704150877047
Tables,quantity_plus_arrangement,center_grid_8_0_6,0.002840596663979035,0.0066432564224168005,0.501219241464304,0.501219241464304
Tables,quantity_plus_arrangement,center_grid_8_0_7,0.006112446445642646,0.006425513442656208,0.027210869705609417,0.027210869705609417
Tables,quantity_plus_arrangement,center_grid_8_1_0,0.012295193692909889,0.016518663517092427,0.2975226801583287,0.2975226801583287
Tables,quantity_plus_arrangement,center_grid_8_1_1,0.014443591257043083,0.01319736052747227,-0.07520656969350156,0.07520656969350156
Tables,quantity_plus_arrangement,center_grid_8_1_2,0.010480132436379757,0.015430947030803601,0.29688079864173794,0.29688079864173794
Tables,quantity_plus_arrangement,center_grid_8_1_3,0.022150379745871435,0.025540389928764805,0.1976350771318406,0.1976350771318406
Tables,quantity_plus_arrangement,center_grid_8_1_4,0.014511501890978714,0.016877202657328543,0.13921417488249652,0.13921417488249652
Tables,quantity_plus_arrangement,center_grid_8_1_5,0.01923604211926663,0.019964189522024937,0.03947135269793633,0.03947135269793633
Tables,quantity_plus_arrangement,center_grid_8_1_6,0.01837016438033557,0.023613062593450137,0.3092885621738914,0.3092885621738914
Tables,quantity_plus_arrangement,center_grid_8_1_7,0.01351777204135682,0.022331651451924377,0.5711861174442762,0.5711861174442762
Tables,quantity_plus_arrangement,center_grid_8_2_0,0.012488142121577546,0.01979020361369169,0.501437240484475,0.501437240484475
Tables,quantity_plus_arrangement,center_grid_8_2_1,0.016493740582581646,0.015573703672733944,-0.06286662287834904,0.06286662287834904
Tables,quantity_plus_arrangement,center_grid_8_2_2,0.01799308315100256,0.01877261167539535,0.047977745536990496,0.047977745536990496
Tables,quantity_plus_arrangement,center_grid_8_2_3,0.022002596334106242,0.025507325176794604,0.21837812005336107,0.21837812005336107
Tables,quantity_plus_arrangement,center_grid_8_2_4,0.01638475730577943,0.01679606189366018,0.026360761307463947,0.026360761307463947
Tables,quantity_plus_arrangement,center_grid_8_2_5,0.02341857453370333,0.01795694608076827,-0.29245448813476743,0.29245448813476743
Tables,quantity_plus_arrangement,center_grid_8_2_6,0.025222945742417777,0.02002551235599406,-0.2945468879603996,0.2945468879603996
Tables,quantity_plus_arrangement,center_grid_8_2_7,0.01604265856587809,0.021193411446012007,0.33271141274792865,0.33271141274792865
Tables,quantity_plus_arrangement,center_grid_8_3_0,0.01655300001298657,0.019047272090402953,0.14985722395286388,0.14985722395286388
Tables,quantity_plus_arrangement,center_grid_8_3_1,0.02231817719070888,0.016078480563949688,-0.34459645430289454,0.34459645430289454
Tables,quantity_plus_arrangement,center_grid_8_3_2,0.018990861121900793,0.01811096385978482,-0.05016540837319001,0.05016540837319001
Tables,quantity_plus_arrangement,center_grid_8_3_3,0.0259192736557346,0.023917213658480374,-0.12087774050043264,0.12087774050043264
Tables,quantity_plus_arrangement,center_grid_8_3_4,0.018579111069028948,0.01778704511719769,-0.046401481977129524,0.046401481977129524
Tables,quantity_plus_arrangement,center_grid_8_3_5,0.022884940142375035,0.016835208815165717,-0.3621112516560203,0.3621112516560203
Tables,quantity_plus_arrangement,center_grid_8_3_6,0.022979569054499438,0.022444803446970942,-0.027203963260659547,0.027203963260659547
Tables,quantity_plus_arrangement,center_grid_8_3_7,0.017016947281701587,0.021349495673500054,0.26163340913198535,0.26163340913198535
Tables,quantity_plus_arrangement,center_grid_8_4_0,0.01626026739030268,0.017542183873294336,0.08029510184870943,0.08029510184870943
Tables,quantity_plus_arrangement,center_grid_8_4_1,0.020330037842952068,0.014921106488257755,-0.32047749538534115,0.32047749538534115
Tables,quantity_plus_arrangement,center_grid_8_4_2,0.01991580059579131,0.014369587201320486,-0.31741022533765706,0.31741022533765706
Tables,quantity_plus_arrangement,center_grid_8_4_3,0.019806586921995325,0.023780173737176263,0.25860660555509724,0.25860660555509724
Tables,quantity_plus_arrangement,center_grid_8_4_4,0.017887740836034484,0.01499778332795494,-0.18299109535586872,0.18299109535586872
Tables,quantity_plus_arrangement,center_grid_8_4_5,0.02514953156583523,0.015688635111839416,-0.5347597732338829,0.5347597732338829
Tables,quantity_plus_arrangement,center_grid_8_4_6,0.021133647333092104,0.02268485698911193,0.07818213479739901,0.07818213479739901
Tables,quantity_plus_arrangement,center_grid_8_4_7,0.017161091415080168,0.021102030183787347,0.22217211523794805,0.22217211523794805
Tables,quantity_plus_arrangement,center_grid_8_5_0,0.017831131570068062,0.021474619280051566,0.2289856236407889,0.2289856236407889
Tables,quantity_plus_arrangement,center_grid_8_5_1,0.019146904774535255,0.015706018074147957,-0.2138704658458963,0.2138704658458963
Tables,quantity_plus_arrangement,center_grid_8_5_2,0.014730452768859665,0.016041683780675643,0.08074056088693693,0.08074056088693693
Tables,quantity_plus_arrangement,center_grid_8_5_3,0.026734954165658995,0.021394701085664984,-0.29243739903219007,0.29243739903219007
Tables,quantity_plus_arrangement,center_grid_8_5_4,0.01465437938242402,0.01741332833348349,0.1817045954167526,0.1817045954167526
Tables,quantity_plus_arrangement,center_grid_8_5_5,0.025134676209148596,0.015519659870943158,-0.5103209853965766,0.5103209853965766
Tables,quantity_plus_arrangement,center_grid_8_5_6,0.025914663125589713,0.023317252966874973,-0.13632301519755072,0.13632301519755072
Tables,quantity_plus_arrangement,center_grid_8_5_7,0.016476620927460887,0.021233727340822812,0.29077378379213314,0.29077378379213314
Tables,quantity_plus_arrangement,center_grid_8_6_0,0.014100965631651918,0.017022449037086097,0.1861123797574536,0.1861123797574536
Tables,quantity_plus_arrangement,center_grid_8_6_1,0.018688484703484345,0.018325636105070257,-0.022195372126641844,0.022195372126641844
Tables,quantity_plus_arrangement,center_grid_8_6_2,0.01549460422960421,0.012107809971357242,-0.19825362540859526,0.19825362540859526
Tables,quantity_plus_arrangement,center_grid_8_6_3,0.01999432909508777,0.021476062910160597,0.0998110305836338,0.0998110305836338
Tables,quantity_plus_arrangement,center_grid_8_6_4,0.01618882143531973,0.014489064871025735,-0.11032947519150828,0.11032947519150828
Tables,quantity_plus_arrangement,center_grid_8_6_5,0.020932062720902242,0.011684267176817677,-0.5948918823340147,0.5948918823340147
Tables,quantity_plus_arrangement,center_grid_8_6_6,0.02204314305268953,0.01662081900009046,-0.3228382134198211,0.3228382134198211
Tables,quantity_plus_arrangement,center_grid_8_6_7,0.015969758238452873,0.01808093794754565,0.1311508889098724,0.1311508889098724
Tables,quantity_plus_arrangement,center_grid_8_7_0,0.007385068585099439,0.006093138214634862,-0.11721374591734557,0.11721374591734557
Tables,quantity_plus_arrangement,center_grid_8_7_1,0.008050298298216341,0.006831914137680574,-0.12303275199524481,0.12303275199524481
Tables,quantity_plus_arrangement,center_grid_8_7_2,0.005917418116383846,0.00851485229002365,0.2368801919659544,0.2368801919659544
Tables,quantity_plus_arrangement,center_grid_8_7_3,0.012837017849366378,0.011979536883995343,-0.06262814327184142,0.06262814327184142
Tables,quantity_plus_arrangement,center_grid_8_7_4,0.00502663206012487,0.003282066334534715,-0.1804776311403692,0.1804776311403692
Tables,quantity_plus_arrangement,center_grid_8_7_5,0.004060346883313377,0.0032756859568172925,-0.09192829120958543,0.09192829120958543
Tables,quantity_plus_arrangement,center_grid_8_7_6,0.0024234699310628346,0.005043194391974011,0.3147166319497475,0.3147166319497475
Tables,quantity_plus_arrangement,center_grid_8_7_7,0.0066557721508034235,0.002494916717532231,-0.3898870534191639,0.3898870534191639
UIScreenshots,quantity_only,region_count,26.333333333333332,27.8,0.16326077037686834,0.16326077037686834
UIScreenshots,quantity_only,union_coverage_norm,0.13937906829354468,0.0839866417199458,-0.9643128229737151,0.9643128229737151
UIScreenshots,quantity_only,sum_box_area_norm,0.14040425668724277,0.08401788029633542,-0.9642375128808743,0.9642375128808743
UIScreenshots,quantity_only,mean_box_area_norm,0.005452299052047852,0.0033105739718769594,-0.9678784469349041,0.9678784469349041
UIScreenshots,quantity_only,median_box_area_norm,0.00453256815843616,0.0023594529386939,-0.8143329217701302,0.8143329217701302
UIScreenshots,quantity_only,std_box_area_norm,0.004408638720693895,0.0025749759149213203,-1.1187624338389912,1.1187624338389912
UIScreenshots,quantity_only,mean_box_width_norm,0.22506688556832408,0.16159982917901336,-0.7993663224997539,0.7993663224997539
UIScreenshots,quantity_only,mean_box_height_norm,0.023754615910391495,0.019974625499987634,-1.355021579386763,1.355021579386763
UIScreenshots,quantity_only,mean_confidence,0.8659317878098262,0.8759335878121431,0.4331723710972675,0.4331723710972675
UIScreenshots,quantity_only,low_confidence_fraction,0.08118132736965752,0.073820487504698,-0.10123863295935559,0.10123863295935559
UIScreenshots,arrangement_only,center_x_mean,0.4207398039591889,0.44897703929412974,0.3036930787063382,0.3036930787063382
UIScreenshots,arrangement_only,center_x_std,0.24001389051251681,0.2558614636376633,0.3017225199721611,0.3017225199721611
UIScreenshots,arrangement_only,center_y_mean,0.44021100939779406,0.5137953931962712,1.289422339127663,1.289422339127663
UIScreenshots,arrangement_only,center_y_std,0.26688186603772407,0.29847498744811574,0.7313063523720608,0.7313063523720608
UIScreenshots,arrangement_only,center_x_span,0.8301244675960543,0.8100412521316774,-0.16599119756974295,0.16599119756974295
UIScreenshots,arrangement_only,center_y_span,0.8486447749508451,0.9437085929795007,1.5564793774505832,1.5564793774505832
UIScreenshots,arrangement_only,nearest_neighbor_mean_norm,0.09231745678081142,0.09077169212797497,-0.0631397405249842,0.0631397405249842
UIScreenshots,arrangement_only,nearest_neighbor_median_norm,0.07033080858188971,0.06618557904313603,-0.23185808951062858,0.23185808951062858
UIScreenshots,arrangement_only,nearest_neighbor_std_norm,0.07453712934209634,0.06877080843318636,-0.1915976348902792,0.1915976348902792
UIScreenshots,arrangement_only,pairwise_distance_mean_norm,0.4633512859249119,0.5039400357922614,0.5849337123194235,0.5849337123194235
UIScreenshots,arrangement_only,pairwise_distance_std_norm,0.2439500402686213,0.2642240945966747,0.7930880179176214,0.7930880179176214
UIScreenshots,arrangement_only,row_alignment_fraction,0.06872906194598466,0.05404713888707316,-0.3019203337750502,0.3019203337750502
UIScreenshots,arrangement_only,column_alignment_fraction,0.10928831307222327,0.09815303846962461,-0.26805710600275745,0.26805710600275745
UIScreenshots,arrangement_only,angle_mean_abs_deg,2.8069617865952288,4.447358284267285,0.42327705788407594,0.42327705788407594
UIScreenshots,arrangement_only,angle_std_deg,9.17306587083728,15.435500709850665,0.5977229482647618,0.5977229482647618
UIScreenshots,arrangement_only,rotated_fraction_gt_5deg,0.04029568523401538,0.04874651664125347,0.1788690245252061,0.1788690245252061
UIScreenshots,arrangement_only,center_grid_4_0_0,0.11054355336139014,0.11444009493545092,0.07199942931413168,0.07199942931413168
UIScreenshots,arrangement_only,center_grid_4_0_1,0.08612763352326919,0.0540435685172527,-0.6524114131481921,0.6524114131481921
UIScreenshots,arrangement_only,center_grid_4_0_2,0.05095666614641946,0.018663558663558646,-0.7457949317162577,0.7457949317162577
UIScreenshots,arrangement_only,center_grid_4_0_3,0.05523792980861288,0.0524210292631345,-0.0690014752470071,0.0690014752470071
UIScreenshots,arrangement_only,center_grid_4_1_0,0.08523627323200375,0.06996702128281072,-0.20389411640379948,0.20389411640379948
UIScreenshots,arrangement_only,center_grid_4_1_1,0.07589115949410066,0.10148977613373895,0.3197835407448223,0.3197835407448223
UIScreenshots,arrangement_only,center_grid_4_1_2,0.04982416329190522,0.047626463090859356,-0.030063768517002546,0.030063768517002546
UIScreenshots,arrangement_only,center_grid_4_1_3,0.03977898050715887,0.04009714457082876,0.006043588478738435,0.006043588478738435
UIScreenshots,arrangement_only,center_grid_4_2_0,0.10042411669783584,0.05543215069530858,-0.6801978007278421,0.6801978007278421
UIScreenshots,arrangement_only,center_grid_4_2_1,0.10876556178026765,0.0784158256604077,-0.3608151659988798,0.3608151659988798
UIScreenshots,arrangement_only,center_grid_4_2_2,0.029662698412698408,0.045802030213794906,0.2961099897353374,0.2961099897353374
UIScreenshots,arrangement_only,center_grid_4_2_3,0.037794853523031885,0.041721076194760384,0.07472386031770234,0.07472386031770234
UIScreenshots,arrangement_only,center_grid_4_3_0,0.060479096330614344,0.05898858737868023,-0.028512984450689297,0.028512984450689297
UIScreenshots,arrangement_only,center_grid_4_3_1,0.04412058257646491,0.09605343572835828,1.0134139196004202,1.0134139196004202
UIScreenshots,arrangement_only,center_grid_4_3_2,0.04037698412698412,0.0627729219524885,0.42142782437468673,0.42142782437468673
UIScreenshots,arrangement_only,center_grid_4_3_3,0.02477974718724243,0.06206531571856646,0.9221741639482225,0.9221741639482225
UIScreenshots,arrangement_only,center_grid_8_0_0,0.02361132331720567,0.044323535082048976,0.802414333282289,0.802414333282289
UIScreenshots,arrangement_only,center_grid_8_0_1,0.02999176503445952,0.020771626034783917,-0.3368300345693333,0.3368300345693333
UIScreenshots,arrangement_only,center_grid_8_0_2,0.0341838199926435,0.0,-1.6780930932653328,1.6780930932653328
UIScreenshots,arrangement_only,center_grid_8_0_3,0.011252269236140195,0.006666666666666667,-0.19640372298289202,0.19640372298289202
UIScreenshots,arrangement_only,center_grid_8_0_4,0.015997580850522018,0.0,-0.7582901497437254,0.7582901497437254
UIScreenshots,arrangement_only,center_grid_8_0_5,0.011323953823953813,0.0,-0.7751040820615026,0.7751040820615026
UIScreenshots,arrangement_only,center_grid_8_0_6,0.0019047619047619,0.01621680463785725,0.8697627050225234,0.8697627050225234
UIScreenshots,arrangement_only,center_grid_8_0_7,0.04091747875429087,0.025261463682516295,-0.6694614197781553,0.6694614197781553
UIScreenshots,arrangement_only,center_grid_8_1_0,0.01775267813218476,0.01099567099567098,-0.24399203243848883,0.24399203243848883
UIScreenshots,arrangement_only,center_grid_8_1_1,0.039187786877540175,0.038349262822947004,-0.025750352737859406,0.025750352737859406
UIScreenshots,arrangement_only,center_grid_8_1_2,0.016854964207905367,0.0265329991645781,0.33490496571414985,0.33490496571414985
UIScreenshots,arrangement_only,center_grid_8_1_3,0.023836580086580073,0.020843902686007925,-0.09270886892329207,0.09270886892329207
UIScreenshots,arrangement_only,center_grid_8_1_4,0.006666666666666667,0.0037037037037036934,-0.1517774027891806,0.1517774027891806
UIScreenshots,arrangement_only,center_grid_8_1_5,0.016968464805276938,0.014959854959854947,-0.07398876874673914,0.07398876874673914
UIScreenshots,arrangement_only,center_grid_8_1_6,0.005416666666666667,0.009090909090909082,0.23090612935141847,0.23090612935141847
UIScreenshots,arrangement_only,center_grid_8_1_7,0.006999022482893446,0.0018518518518518467,-0.4283744494922672,0.4283744494922672
UIScreenshots,arrangement_only,center_grid_8_2_0,0.007843137254901959,0.008869395711500966,0.035356665972039014,0.035356665972039014
UIScreenshots,arrangement_only,center_grid_8_2_1,0.02569328871985416,0.022799452009978308,-0.08521531030741693,0.08521531030741693
UIScreenshots,arrangement_only,center_grid_8_2_2,0.019816017316017304,0.03433852009703402,0.4170090890623983,0.4170090890623983
UIScreenshots,arrangement_only,center_grid_8_2_3,0.018452380952380946,0.0070175438596491195,-0.4721457930338533,0.4721457930338533
UIScreenshots,arrangement_only,center_grid_8_2_4,0.009424603174603174,0.013203761036578365,0.13937782321941625,0.13937782321941625
UIScreenshots,arrangement_only,center_grid_8_2_5,0.004233870967741933,0.010730994152046773,0.36296564351479244,0.36296564351479244
UIScreenshots,arrangement_only,center_grid_8_2_6,0.0021505376344086,0.02044566544566544,0.6560345167479376,0.6560345167479376
UIScreenshots,arrangement_only,center_grid_8_2_7,0.017284227473980788,0.01052631578947368,-0.21820505694530612,0.21820505694530612
UIScreenshots,arrangement_only,center_grid_8_3_0,0.008611323317205665,0.0037037037037037,-0.29010949914809525,0.29010949914809525
UIScreenshots,arrangement_only,center_grid_8_3_1,0.04308852394004196,0.03459446985762772,-0.20581249658014275,0.20581249658014275
UIScreenshots,arrangement_only,center_grid_8_3_2,0.009302054154995326,0.04630960943654441,0.782926235100007,0.782926235100007
UIScreenshots,arrangement_only,center_grid_8_3_3,0.028320707070707066,0.0138241027405114,-0.3930521228135704,0.3930521228135704
UIScreenshots,arrangement_only,center_grid_8_3_4,0.022083333333333333,0.003463787674313987,-0.5164560333129359,0.5164560333129359
UIScreenshots,arrangement_only,center_grid_8_3_5,0.01408235581622678,0.02022792022792021,0.1556417576687871,0.1556417576687871
UIScreenshots,arrangement_only,center_grid_8_3_6,0.014717741935483867,0.007415761626287933,-0.26400831721855067,0.26400831721855067
UIScreenshots,arrangement_only,center_grid_8_3_7,0.0056264734632856,0.0017094017094017066,-0.4095822291260612,0.4095822291260612
UIScreenshots,arrangement_only,center_grid_8_4_0,0.019286138697903396,0.00336700336700336,-0.8378000308139688,0.8378000308139688
UIScreenshots,arrangement_only,center_grid_8_4_1,0.03405208678453459,0.0278577562788089,-0.16397901977036264,0.16397901977036264
UIScreenshots,arrangement_only,center_grid_8_4_2,0.027030034235916583,0.0322670758893669,0.1330422369603496,0.1330422369603496
UIScreenshots,arrangement_only,center_grid_8_4_3,0.04303571428571428,0.011699346405228754,-0.7270902669048713,0.7270902669048713
UIScreenshots,arrangement_only,center_grid_8_4_4,0.009583333333333333,0.006878306878306873,-0.1387027928296652,0.1387027928296652
UIScreenshots,arrangement_only,center_grid_8_4_5,0.013829365079365073,0.017138906844789192,0.10320061267372328,0.10320061267372328
UIScreenshots,arrangement_only,center_grid_8_4_6,0.007899560117302046,0.012590771801298107,0.24869978494186976,0.24869978494186976
UIScreenshots,arrangement_only,center_grid_8_4_7,0.0140951942849476,0.0035087719298245597,-0.5780842369063044,0.5780842369063044
UIScreenshots,arrangement_only,center_grid_8_5_0,0.017447691197691195,0.00693957115009746,-0.39766376350179267,0.39766376350179267
UIScreenshots,arrangement_only,center_grid_8_5_1,0.029638200017706652,0.01726781989939883,-0.37020270794472077,0.37020270794472077
UIScreenshots,arrangement_only,center_grid_8_5_2,0.013362511671335195,0.016506670717197018,0.12769596543293985,0.12769596543293985
UIScreenshots,arrangement_only,center_grid_8_5_3,0.02533730158730158,0.017942732648614994,-0.22807721280920848,0.22807721280920848
UIScreenshots,arrangement_only,center_grid_8_5_4,0.004166666666666667,0.0039215686274509795,-0.018485774933841844,0.018485774933841844
UIScreenshots,arrangement_only,center_grid_8_5_5,0.0020833333333333333,0.017863247863247847,0.7604276053757834,0.7604276053757834
UIScreenshots,arrangement_only,center_grid_8_5_6,0.003665689149560113,0.017070025491078108,0.6325694898664657,0.6325694898664657
UIScreenshots,arrangement_only,center_grid_8_5_7,0.012134409971222108,0.008551506972559601,-0.19140000201970336,0.19140000201970336
UIScreenshots,arrangement_only,center_grid_8_6_0,0.023910144866027206,0.0067003367003366935,-0.6443480383016995,0.6443480383016995
UIScreenshots,arrangement_only,center_grid_8_6_1,0.01811225565495013,0.020038382669961607,0.07349844009273768,0.07349844009273768
UIScreenshots,arrangement_only,center_grid_8_6_2,0.008227124183006532,0.014265208475734781,0.2533665241413644,0.2533665241413644
UIScreenshots,arrangement_only,center_grid_8_6_3,0.010019841269841267,0.013445378151260491,0.14238885483945704,0.14238885483945704
UIScreenshots,arrangement_only,center_grid_8_6_4,0.01791666666666666,0.016953721659603998,-0.03514253278004749,0.03514253278004749
UIScreenshots,arrangement_only,center_grid_8_6_5,0.007321428571428566,0.0051282051282051265,-0.12225392970096675,0.12225392970096675
UIScreenshots,arrangement_only,center_grid_8_6_6,0.006456093189964153,0.011901548743654,0.3064080705947959,0.3064080705947959
UIScreenshots,arrangement_only,center_grid_8_6_7,0.007141624978437113,0.0,-0.6673387349991038,0.6673387349991038
UIScreenshots,arrangement_only,center_grid_8_7_0,0.008982683982683974,0.012457230878283494,0.19447969584191513,0.19447969584191513
UIScreenshots,arrangement_only,center_grid_8_7_1,0.009474011826952993,0.019792637130098416,0.4640097688536552,0.4640097688536552
UIScreenshots,arrangement_only,center_grid_8_7_2,0.008961640211640205,0.033215361636414246,0.6218998741556565,0.6218998741556565
UIScreenshots,arrangement_only,center_grid_8_7_3,0.01691197691197691,0.035127487464948745,0.5482183570957895,0.5482183570957895
UIScreenshots,arrangement_only,center_grid_8_7_4,0.00734126984126984,0.020111516164147726,0.5140325213874647,0.5140325213874647
UIScreenshots,arrangement_only,center_grid_8_7_5,0.007797619047619047,0.02057947900053161,0.5059466921654943,0.5059466921654943
UIScreenshots,arrangement_only,center_grid_8_7_6,0.007706093189964153,0.030688310657350892,0.696081738133146,0.696081738133146
UIScreenshots,arrangement_only,center_grid_8_7_7,0.003475935828877,0.019475456317561566,0.6746309459941743,0.6746309459941743
UIScreenshots,arrangement_base_only,center_x_mean,0.4207398039591889,0.44897703929412974,0.3036930787063382,0.3036930787063382
UIScreenshots,arrangement_base_only,center_x_std,0.24001389051251681,0.2558614636376633,0.3017225199721611,0.3017225199721611
UIScreenshots,arrangement_base_only,center_y_mean,0.44021100939779406,0.5137953931962712,1.289422339127663,1.289422339127663
UIScreenshots,arrangement_base_only,center_y_std,0.26688186603772407,0.29847498744811574,0.7313063523720608,0.7313063523720608
UIScreenshots,arrangement_base_only,center_x_span,0.8301244675960543,0.8100412521316774,-0.16599119756974295,0.16599119756974295
UIScreenshots,arrangement_base_only,center_y_span,0.8486447749508451,0.9437085929795007,1.5564793774505832,1.5564793774505832
UIScreenshots,arrangement_base_only,nearest_neighbor_mean_norm,0.09231745678081142,0.09077169212797497,-0.0631397405249842,0.0631397405249842
UIScreenshots,arrangement_base_only,nearest_neighbor_median_norm,0.07033080858188971,0.06618557904313603,-0.23185808951062858,0.23185808951062858
UIScreenshots,arrangement_base_only,nearest_neighbor_std_norm,0.07453712934209634,0.06877080843318636,-0.1915976348902792,0.1915976348902792
UIScreenshots,arrangement_base_only,pairwise_distance_mean_norm,0.4633512859249119,0.5039400357922614,0.5849337123194235,0.5849337123194235
UIScreenshots,arrangement_base_only,pairwise_distance_std_norm,0.2439500402686213,0.2642240945966747,0.7930880179176214,0.7930880179176214
UIScreenshots,arrangement_base_only,row_alignment_fraction,0.06872906194598466,0.05404713888707316,-0.3019203337750502,0.3019203337750502
UIScreenshots,arrangement_base_only,column_alignment_fraction,0.10928831307222327,0.09815303846962461,-0.26805710600275745,0.26805710600275745
UIScreenshots,arrangement_base_only,angle_mean_abs_deg,2.8069617865952288,4.447358284267285,0.42327705788407594,0.42327705788407594
UIScreenshots,arrangement_base_only,angle_std_deg,9.17306587083728,15.435500709850665,0.5977229482647618,0.5977229482647618
UIScreenshots,arrangement_base_only,rotated_fraction_gt_5deg,0.04029568523401538,0.04874651664125347,0.1788690245252061,0.1788690245252061
UIScreenshots,arrangement_4x4_only,center_x_mean,0.4207398039591889,0.44897703929412974,0.3036930787063382,0.3036930787063382
UIScreenshots,arrangement_4x4_only,center_x_std,0.24001389051251681,0.2558614636376633,0.3017225199721611,0.3017225199721611
UIScreenshots,arrangement_4x4_only,center_y_mean,0.44021100939779406,0.5137953931962712,1.289422339127663,1.289422339127663
UIScreenshots,arrangement_4x4_only,center_y_std,0.26688186603772407,0.29847498744811574,0.7313063523720608,0.7313063523720608
UIScreenshots,arrangement_4x4_only,center_x_span,0.8301244675960543,0.8100412521316774,-0.16599119756974295,0.16599119756974295
UIScreenshots,arrangement_4x4_only,center_y_span,0.8486447749508451,0.9437085929795007,1.5564793774505832,1.5564793774505832
UIScreenshots,arrangement_4x4_only,nearest_neighbor_mean_norm,0.09231745678081142,0.09077169212797497,-0.0631397405249842,0.0631397405249842
UIScreenshots,arrangement_4x4_only,nearest_neighbor_median_norm,0.07033080858188971,0.06618557904313603,-0.23185808951062858,0.23185808951062858
UIScreenshots,arrangement_4x4_only,nearest_neighbor_std_norm,0.07453712934209634,0.06877080843318636,-0.1915976348902792,0.1915976348902792
UIScreenshots,arrangement_4x4_only,pairwise_distance_mean_norm,0.4633512859249119,0.5039400357922614,0.5849337123194235,0.5849337123194235
UIScreenshots,arrangement_4x4_only,pairwise_distance_std_norm,0.2439500402686213,0.2642240945966747,0.7930880179176214,0.7930880179176214
UIScreenshots,arrangement_4x4_only,row_alignment_fraction,0.06872906194598466,0.05404713888707316,-0.3019203337750502,0.3019203337750502
UIScreenshots,arrangement_4x4_only,column_alignment_fraction,0.10928831307222327,0.09815303846962461,-0.26805710600275745,0.26805710600275745
UIScreenshots,arrangement_4x4_only,angle_mean_abs_deg,2.8069617865952288,4.447358284267285,0.42327705788407594,0.42327705788407594
UIScreenshots,arrangement_4x4_only,angle_std_deg,9.17306587083728,15.435500709850665,0.5977229482647618,0.5977229482647618
UIScreenshots,arrangement_4x4_only,rotated_fraction_gt_5deg,0.04029568523401538,0.04874651664125347,0.1788690245252061,0.1788690245252061
UIScreenshots,arrangement_4x4_only,center_grid_4_0_0,0.11054355336139014,0.11444009493545092,0.07199942931413168,0.07199942931413168
UIScreenshots,arrangement_4x4_only,center_grid_4_0_1,0.08612763352326919,0.0540435685172527,-0.6524114131481921,0.6524114131481921
UIScreenshots,arrangement_4x4_only,center_grid_4_0_2,0.05095666614641946,0.018663558663558646,-0.7457949317162577,0.7457949317162577
UIScreenshots,arrangement_4x4_only,center_grid_4_0_3,0.05523792980861288,0.0524210292631345,-0.0690014752470071,0.0690014752470071
UIScreenshots,arrangement_4x4_only,center_grid_4_1_0,0.08523627323200375,0.06996702128281072,-0.20389411640379948,0.20389411640379948
UIScreenshots,arrangement_4x4_only,center_grid_4_1_1,0.07589115949410066,0.10148977613373895,0.3197835407448223,0.3197835407448223
UIScreenshots,arrangement_4x4_only,center_grid_4_1_2,0.04982416329190522,0.047626463090859356,-0.030063768517002546,0.030063768517002546
UIScreenshots,arrangement_4x4_only,center_grid_4_1_3,0.03977898050715887,0.04009714457082876,0.006043588478738435,0.006043588478738435
UIScreenshots,arrangement_4x4_only,center_grid_4_2_0,0.10042411669783584,0.05543215069530858,-0.6801978007278421,0.6801978007278421
UIScreenshots,arrangement_4x4_only,center_grid_4_2_1,0.10876556178026765,0.0784158256604077,-0.3608151659988798,0.3608151659988798
UIScreenshots,arrangement_4x4_only,center_grid_4_2_2,0.029662698412698408,0.045802030213794906,0.2961099897353374,0.2961099897353374
UIScreenshots,arrangement_4x4_only,center_grid_4_2_3,0.037794853523031885,0.041721076194760384,0.07472386031770234,0.07472386031770234
UIScreenshots,arrangement_4x4_only,center_grid_4_3_0,0.060479096330614344,0.05898858737868023,-0.028512984450689297,0.028512984450689297
UIScreenshots,arrangement_4x4_only,center_grid_4_3_1,0.04412058257646491,0.09605343572835828,1.0134139196004202,1.0134139196004202
UIScreenshots,arrangement_4x4_only,center_grid_4_3_2,0.04037698412698412,0.0627729219524885,0.42142782437468673,0.42142782437468673
UIScreenshots,arrangement_4x4_only,center_grid_4_3_3,0.02477974718724243,0.06206531571856646,0.9221741639482225,0.9221741639482225
UIScreenshots,arrangement_8x8_only,center_x_mean,0.4207398039591889,0.44897703929412974,0.3036930787063382,0.3036930787063382
UIScreenshots,arrangement_8x8_only,center_x_std,0.24001389051251681,0.2558614636376633,0.3017225199721611,0.3017225199721611
UIScreenshots,arrangement_8x8_only,center_y_mean,0.44021100939779406,0.5137953931962712,1.289422339127663,1.289422339127663
UIScreenshots,arrangement_8x8_only,center_y_std,0.26688186603772407,0.29847498744811574,0.7313063523720608,0.7313063523720608
UIScreenshots,arrangement_8x8_only,center_x_span,0.8301244675960543,0.8100412521316774,-0.16599119756974295,0.16599119756974295
UIScreenshots,arrangement_8x8_only,center_y_span,0.8486447749508451,0.9437085929795007,1.5564793774505832,1.5564793774505832
UIScreenshots,arrangement_8x8_only,nearest_neighbor_mean_norm,0.09231745678081142,0.09077169212797497,-0.0631397405249842,0.0631397405249842
UIScreenshots,arrangement_8x8_only,nearest_neighbor_median_norm,0.07033080858188971,0.06618557904313603,-0.23185808951062858,0.23185808951062858
UIScreenshots,arrangement_8x8_only,nearest_neighbor_std_norm,0.07453712934209634,0.06877080843318636,-0.1915976348902792,0.1915976348902792
UIScreenshots,arrangement_8x8_only,pairwise_distance_mean_norm,0.4633512859249119,0.5039400357922614,0.5849337123194235,0.5849337123194235
UIScreenshots,arrangement_8x8_only,pairwise_distance_std_norm,0.2439500402686213,0.2642240945966747,0.7930880179176214,0.7930880179176214
UIScreenshots,arrangement_8x8_only,row_alignment_fraction,0.06872906194598466,0.05404713888707316,-0.3019203337750502,0.3019203337750502
UIScreenshots,arrangement_8x8_only,column_alignment_fraction,0.10928831307222327,0.09815303846962461,-0.26805710600275745,0.26805710600275745
UIScreenshots,arrangement_8x8_only,angle_mean_abs_deg,2.8069617865952288,4.447358284267285,0.42327705788407594,0.42327705788407594
UIScreenshots,arrangement_8x8_only,angle_std_deg,9.17306587083728,15.435500709850665,0.5977229482647618,0.5977229482647618
UIScreenshots,arrangement_8x8_only,rotated_fraction_gt_5deg,0.04029568523401538,0.04874651664125347,0.1788690245252061,0.1788690245252061
UIScreenshots,arrangement_8x8_only,center_grid_8_0_0,0.02361132331720567,0.044323535082048976,0.802414333282289,0.802414333282289
UIScreenshots,arrangement_8x8_only,center_grid_8_0_1,0.02999176503445952,0.020771626034783917,-0.3368300345693333,0.3368300345693333
UIScreenshots,arrangement_8x8_only,center_grid_8_0_2,0.0341838199926435,0.0,-1.6780930932653328,1.6780930932653328
UIScreenshots,arrangement_8x8_only,center_grid_8_0_3,0.011252269236140195,0.006666666666666667,-0.19640372298289202,0.19640372298289202
UIScreenshots,arrangement_8x8_only,center_grid_8_0_4,0.015997580850522018,0.0,-0.7582901497437254,0.7582901497437254
UIScreenshots,arrangement_8x8_only,center_grid_8_0_5,0.011323953823953813,0.0,-0.7751040820615026,0.7751040820615026
UIScreenshots,arrangement_8x8_only,center_grid_8_0_6,0.0019047619047619,0.01621680463785725,0.8697627050225234,0.8697627050225234
UIScreenshots,arrangement_8x8_only,center_grid_8_0_7,0.04091747875429087,0.025261463682516295,-0.6694614197781553,0.6694614197781553
UIScreenshots,arrangement_8x8_only,center_grid_8_1_0,0.01775267813218476,0.01099567099567098,-0.24399203243848883,0.24399203243848883
UIScreenshots,arrangement_8x8_only,center_grid_8_1_1,0.039187786877540175,0.038349262822947004,-0.025750352737859406,0.025750352737859406
UIScreenshots,arrangement_8x8_only,center_grid_8_1_2,0.016854964207905367,0.0265329991645781,0.33490496571414985,0.33490496571414985
UIScreenshots,arrangement_8x8_only,center_grid_8_1_3,0.023836580086580073,0.020843902686007925,-0.09270886892329207,0.09270886892329207
UIScreenshots,arrangement_8x8_only,center_grid_8_1_4,0.006666666666666667,0.0037037037037036934,-0.1517774027891806,0.1517774027891806
UIScreenshots,arrangement_8x8_only,center_grid_8_1_5,0.016968464805276938,0.014959854959854947,-0.07398876874673914,0.07398876874673914
UIScreenshots,arrangement_8x8_only,center_grid_8_1_6,0.005416666666666667,0.009090909090909082,0.23090612935141847,0.23090612935141847
UIScreenshots,arrangement_8x8_only,center_grid_8_1_7,0.006999022482893446,0.0018518518518518467,-0.4283744494922672,0.4283744494922672
UIScreenshots,arrangement_8x8_only,center_grid_8_2_0,0.007843137254901959,0.008869395711500966,0.035356665972039014,0.035356665972039014
UIScreenshots,arrangement_8x8_only,center_grid_8_2_1,0.02569328871985416,0.022799452009978308,-0.08521531030741693,0.08521531030741693
UIScreenshots,arrangement_8x8_only,center_grid_8_2_2,0.019816017316017304,0.03433852009703402,0.4170090890623983,0.4170090890623983
UIScreenshots,arrangement_8x8_only,center_grid_8_2_3,0.018452380952380946,0.0070175438596491195,-0.4721457930338533,0.4721457930338533
UIScreenshots,arrangement_8x8_only,center_grid_8_2_4,0.009424603174603174,0.013203761036578365,0.13937782321941625,0.13937782321941625
UIScreenshots,arrangement_8x8_only,center_grid_8_2_5,0.004233870967741933,0.010730994152046773,0.36296564351479244,0.36296564351479244
UIScreenshots,arrangement_8x8_only,center_grid_8_2_6,0.0021505376344086,0.02044566544566544,0.6560345167479376,0.6560345167479376
UIScreenshots,arrangement_8x8_only,center_grid_8_2_7,0.017284227473980788,0.01052631578947368,-0.21820505694530612,0.21820505694530612
UIScreenshots,arrangement_8x8_only,center_grid_8_3_0,0.008611323317205665,0.0037037037037037,-0.29010949914809525,0.29010949914809525
UIScreenshots,arrangement_8x8_only,center_grid_8_3_1,0.04308852394004196,0.03459446985762772,-0.20581249658014275,0.20581249658014275
UIScreenshots,arrangement_8x8_only,center_grid_8_3_2,0.009302054154995326,0.04630960943654441,0.782926235100007,0.782926235100007
UIScreenshots,arrangement_8x8_only,center_grid_8_3_3,0.028320707070707066,0.0138241027405114,-0.3930521228135704,0.3930521228135704
UIScreenshots,arrangement_8x8_only,center_grid_8_3_4,0.022083333333333333,0.003463787674313987,-0.5164560333129359,0.5164560333129359
UIScreenshots,arrangement_8x8_only,center_grid_8_3_5,0.01408235581622678,0.02022792022792021,0.1556417576687871,0.1556417576687871
UIScreenshots,arrangement_8x8_only,center_grid_8_3_6,0.014717741935483867,0.007415761626287933,-0.26400831721855067,0.26400831721855067
UIScreenshots,arrangement_8x8_only,center_grid_8_3_7,0.0056264734632856,0.0017094017094017066,-0.4095822291260612,0.4095822291260612
UIScreenshots,arrangement_8x8_only,center_grid_8_4_0,0.019286138697903396,0.00336700336700336,-0.8378000308139688,0.8378000308139688
UIScreenshots,arrangement_8x8_only,center_grid_8_4_1,0.03405208678453459,0.0278577562788089,-0.16397901977036264,0.16397901977036264
UIScreenshots,arrangement_8x8_only,center_grid_8_4_2,0.027030034235916583,0.0322670758893669,0.1330422369603496,0.1330422369603496
UIScreenshots,arrangement_8x8_only,center_grid_8_4_3,0.04303571428571428,0.011699346405228754,-0.7270902669048713,0.7270902669048713
UIScreenshots,arrangement_8x8_only,center_grid_8_4_4,0.009583333333333333,0.006878306878306873,-0.1387027928296652,0.1387027928296652
UIScreenshots,arrangement_8x8_only,center_grid_8_4_5,0.013829365079365073,0.017138906844789192,0.10320061267372328,0.10320061267372328
UIScreenshots,arrangement_8x8_only,center_grid_8_4_6,0.007899560117302046,0.012590771801298107,0.24869978494186976,0.24869978494186976
UIScreenshots,arrangement_8x8_only,center_grid_8_4_7,0.0140951942849476,0.0035087719298245597,-0.5780842369063044,0.5780842369063044
UIScreenshots,arrangement_8x8_only,center_grid_8_5_0,0.017447691197691195,0.00693957115009746,-0.39766376350179267,0.39766376350179267
UIScreenshots,arrangement_8x8_only,center_grid_8_5_1,0.029638200017706652,0.01726781989939883,-0.37020270794472077,0.37020270794472077
UIScreenshots,arrangement_8x8_only,center_grid_8_5_2,0.013362511671335195,0.016506670717197018,0.12769596543293985,0.12769596543293985
UIScreenshots,arrangement_8x8_only,center_grid_8_5_3,0.02533730158730158,0.017942732648614994,-0.22807721280920848,0.22807721280920848
UIScreenshots,arrangement_8x8_only,center_grid_8_5_4,0.004166666666666667,0.0039215686274509795,-0.018485774933841844,0.018485774933841844
UIScreenshots,arrangement_8x8_only,center_grid_8_5_5,0.0020833333333333333,0.017863247863247847,0.7604276053757834,0.7604276053757834
UIScreenshots,arrangement_8x8_only,center_grid_8_5_6,0.003665689149560113,0.017070025491078108,0.6325694898664657,0.6325694898664657
UIScreenshots,arrangement_8x8_only,center_grid_8_5_7,0.012134409971222108,0.008551506972559601,-0.19140000201970336,0.19140000201970336
UIScreenshots,arrangement_8x8_only,center_grid_8_6_0,0.023910144866027206,0.0067003367003366935,-0.6443480383016995,0.6443480383016995
UIScreenshots,arrangement_8x8_only,center_grid_8_6_1,0.01811225565495013,0.020038382669961607,0.07349844009273768,0.07349844009273768
UIScreenshots,arrangement_8x8_only,center_grid_8_6_2,0.008227124183006532,0.014265208475734781,0.2533665241413644,0.2533665241413644
UIScreenshots,arrangement_8x8_only,center_grid_8_6_3,0.010019841269841267,0.013445378151260491,0.14238885483945704,0.14238885483945704
UIScreenshots,arrangement_8x8_only,center_grid_8_6_4,0.01791666666666666,0.016953721659603998,-0.03514253278004749,0.03514253278004749
UIScreenshots,arrangement_8x8_only,center_grid_8_6_5,0.007321428571428566,0.0051282051282051265,-0.12225392970096675,0.12225392970096675
UIScreenshots,arrangement_8x8_only,center_grid_8_6_6,0.006456093189964153,0.011901548743654,0.3064080705947959,0.3064080705947959
UIScreenshots,arrangement_8x8_only,center_grid_8_6_7,0.007141624978437113,0.0,-0.6673387349991038,0.6673387349991038
UIScreenshots,arrangement_8x8_only,center_grid_8_7_0,0.008982683982683974,0.012457230878283494,0.19447969584191513,0.19447969584191513
UIScreenshots,arrangement_8x8_only,center_grid_8_7_1,0.009474011826952993,0.019792637130098416,0.4640097688536552,0.4640097688536552
UIScreenshots,arrangement_8x8_only,center_grid_8_7_2,0.008961640211640205,0.033215361636414246,0.6218998741556565,0.6218998741556565
UIScreenshots,arrangement_8x8_only,center_grid_8_7_3,0.01691197691197691,0.035127487464948745,0.5482183570957895,0.5482183570957895
UIScreenshots,arrangement_8x8_only,center_grid_8_7_4,0.00734126984126984,0.020111516164147726,0.5140325213874647,0.5140325213874647
UIScreenshots,arrangement_8x8_only,center_grid_8_7_5,0.007797619047619047,0.02057947900053161,0.5059466921654943,0.5059466921654943
UIScreenshots,arrangement_8x8_only,center_grid_8_7_6,0.007706093189964153,0.030688310657350892,0.696081738133146,0.696081738133146
UIScreenshots,arrangement_8x8_only,center_grid_8_7_7,0.003475935828877,0.019475456317561566,0.6746309459941743,0.6746309459941743
UIScreenshots,quantity_plus_arrangement,region_count,26.333333333333332,27.8,0.16326077037686834,0.16326077037686834
UIScreenshots,quantity_plus_arrangement,union_coverage_norm,0.13937906829354468,0.0839866417199458,-0.9643128229737151,0.9643128229737151
UIScreenshots,quantity_plus_arrangement,sum_box_area_norm,0.14040425668724277,0.08401788029633542,-0.9642375128808743,0.9642375128808743
UIScreenshots,quantity_plus_arrangement,mean_box_area_norm,0.005452299052047852,0.0033105739718769594,-0.9678784469349041,0.9678784469349041
UIScreenshots,quantity_plus_arrangement,median_box_area_norm,0.00453256815843616,0.0023594529386939,-0.8143329217701302,0.8143329217701302
UIScreenshots,quantity_plus_arrangement,std_box_area_norm,0.004408638720693895,0.0025749759149213203,-1.1187624338389912,1.1187624338389912
UIScreenshots,quantity_plus_arrangement,mean_box_width_norm,0.22506688556832408,0.16159982917901336,-0.7993663224997539,0.7993663224997539
UIScreenshots,quantity_plus_arrangement,mean_box_height_norm,0.023754615910391495,0.019974625499987634,-1.355021579386763,1.355021579386763
UIScreenshots,quantity_plus_arrangement,mean_confidence,0.8659317878098262,0.8759335878121431,0.4331723710972675,0.4331723710972675
UIScreenshots,quantity_plus_arrangement,low_confidence_fraction,0.08118132736965752,0.073820487504698,-0.10123863295935559,0.10123863295935559
UIScreenshots,quantity_plus_arrangement,center_x_mean,0.4207398039591889,0.44897703929412974,0.3036930787063382,0.3036930787063382
UIScreenshots,quantity_plus_arrangement,center_x_std,0.24001389051251681,0.2558614636376633,0.3017225199721611,0.3017225199721611
UIScreenshots,quantity_plus_arrangement,center_y_mean,0.44021100939779406,0.5137953931962712,1.289422339127663,1.289422339127663
UIScreenshots,quantity_plus_arrangement,center_y_std,0.26688186603772407,0.29847498744811574,0.7313063523720608,0.7313063523720608
UIScreenshots,quantity_plus_arrangement,center_x_span,0.8301244675960543,0.8100412521316774,-0.16599119756974295,0.16599119756974295
UIScreenshots,quantity_plus_arrangement,center_y_span,0.8486447749508451,0.9437085929795007,1.5564793774505832,1.5564793774505832
UIScreenshots,quantity_plus_arrangement,nearest_neighbor_mean_norm,0.09231745678081142,0.09077169212797497,-0.0631397405249842,0.0631397405249842
UIScreenshots,quantity_plus_arrangement,nearest_neighbor_median_norm,0.07033080858188971,0.06618557904313603,-0.23185808951062858,0.23185808951062858
UIScreenshots,quantity_plus_arrangement,nearest_neighbor_std_norm,0.07453712934209634,0.06877080843318636,-0.1915976348902792,0.1915976348902792
UIScreenshots,quantity_plus_arrangement,pairwise_distance_mean_norm,0.4633512859249119,0.5039400357922614,0.5849337123194235,0.5849337123194235
UIScreenshots,quantity_plus_arrangement,pairwise_distance_std_norm,0.2439500402686213,0.2642240945966747,0.7930880179176214,0.7930880179176214
UIScreenshots,quantity_plus_arrangement,row_alignment_fraction,0.06872906194598466,0.05404713888707316,-0.3019203337750502,0.3019203337750502
UIScreenshots,quantity_plus_arrangement,column_alignment_fraction,0.10928831307222327,0.09815303846962461,-0.26805710600275745,0.26805710600275745
UIScreenshots,quantity_plus_arrangement,angle_mean_abs_deg,2.8069617865952288,4.447358284267285,0.42327705788407594,0.42327705788407594
UIScreenshots,quantity_plus_arrangement,angle_std_deg,9.17306587083728,15.435500709850665,0.5977229482647618,0.5977229482647618
UIScreenshots,quantity_plus_arrangement,rotated_fraction_gt_5deg,0.04029568523401538,0.04874651664125347,0.1788690245252061,0.1788690245252061
UIScreenshots,quantity_plus_arrangement,center_grid_4_0_0,0.11054355336139014,0.11444009493545092,0.07199942931413168,0.07199942931413168
UIScreenshots,quantity_plus_arrangement,center_grid_4_0_1,0.08612763352326919,0.0540435685172527,-0.6524114131481921,0.6524114131481921
UIScreenshots,quantity_plus_arrangement,center_grid_4_0_2,0.05095666614641946,0.018663558663558646,-0.7457949317162577,0.7457949317162577
UIScreenshots,quantity_plus_arrangement,center_grid_4_0_3,0.05523792980861288,0.0524210292631345,-0.0690014752470071,0.0690014752470071
UIScreenshots,quantity_plus_arrangement,center_grid_4_1_0,0.08523627323200375,0.06996702128281072,-0.20389411640379948,0.20389411640379948
UIScreenshots,quantity_plus_arrangement,center_grid_4_1_1,0.07589115949410066,0.10148977613373895,0.3197835407448223,0.3197835407448223
UIScreenshots,quantity_plus_arrangement,center_grid_4_1_2,0.04982416329190522,0.047626463090859356,-0.030063768517002546,0.030063768517002546
UIScreenshots,quantity_plus_arrangement,center_grid_4_1_3,0.03977898050715887,0.04009714457082876,0.006043588478738435,0.006043588478738435
UIScreenshots,quantity_plus_arrangement,center_grid_4_2_0,0.10042411669783584,0.05543215069530858,-0.6801978007278421,0.6801978007278421
UIScreenshots,quantity_plus_arrangement,center_grid_4_2_1,0.10876556178026765,0.0784158256604077,-0.3608151659988798,0.3608151659988798
UIScreenshots,quantity_plus_arrangement,center_grid_4_2_2,0.029662698412698408,0.045802030213794906,0.2961099897353374,0.2961099897353374
UIScreenshots,quantity_plus_arrangement,center_grid_4_2_3,0.037794853523031885,0.041721076194760384,0.07472386031770234,0.07472386031770234
UIScreenshots,quantity_plus_arrangement,center_grid_4_3_0,0.060479096330614344,0.05898858737868023,-0.028512984450689297,0.028512984450689297
UIScreenshots,quantity_plus_arrangement,center_grid_4_3_1,0.04412058257646491,0.09605343572835828,1.0134139196004202,1.0134139196004202
UIScreenshots,quantity_plus_arrangement,center_grid_4_3_2,0.04037698412698412,0.0627729219524885,0.42142782437468673,0.42142782437468673
UIScreenshots,quantity_plus_arrangement,center_grid_4_3_3,0.02477974718724243,0.06206531571856646,0.9221741639482225,0.9221741639482225
UIScreenshots,quantity_plus_arrangement,center_grid_8_0_0,0.02361132331720567,0.044323535082048976,0.802414333282289,0.802414333282289
UIScreenshots,quantity_plus_arrangement,center_grid_8_0_1,0.02999176503445952,0.020771626034783917,-0.3368300345693333,0.3368300345693333
UIScreenshots,quantity_plus_arrangement,center_grid_8_0_2,0.0341838199926435,0.0,-1.6780930932653328,1.6780930932653328
UIScreenshots,quantity_plus_arrangement,center_grid_8_0_3,0.011252269236140195,0.006666666666666667,-0.19640372298289202,0.19640372298289202
UIScreenshots,quantity_plus_arrangement,center_grid_8_0_4,0.015997580850522018,0.0,-0.7582901497437254,0.7582901497437254
UIScreenshots,quantity_plus_arrangement,center_grid_8_0_5,0.011323953823953813,0.0,-0.7751040820615026,0.7751040820615026
UIScreenshots,quantity_plus_arrangement,center_grid_8_0_6,0.0019047619047619,0.01621680463785725,0.8697627050225234,0.8697627050225234
UIScreenshots,quantity_plus_arrangement,center_grid_8_0_7,0.04091747875429087,0.025261463682516295,-0.6694614197781553,0.6694614197781553
UIScreenshots,quantity_plus_arrangement,center_grid_8_1_0,0.01775267813218476,0.01099567099567098,-0.24399203243848883,0.24399203243848883
UIScreenshots,quantity_plus_arrangement,center_grid_8_1_1,0.039187786877540175,0.038349262822947004,-0.025750352737859406,0.025750352737859406
UIScreenshots,quantity_plus_arrangement,center_grid_8_1_2,0.016854964207905367,0.0265329991645781,0.33490496571414985,0.33490496571414985
UIScreenshots,quantity_plus_arrangement,center_grid_8_1_3,0.023836580086580073,0.020843902686007925,-0.09270886892329207,0.09270886892329207
UIScreenshots,quantity_plus_arrangement,center_grid_8_1_4,0.006666666666666667,0.0037037037037036934,-0.1517774027891806,0.1517774027891806
UIScreenshots,quantity_plus_arrangement,center_grid_8_1_5,0.016968464805276938,0.014959854959854947,-0.07398876874673914,0.07398876874673914
UIScreenshots,quantity_plus_arrangement,center_grid_8_1_6,0.005416666666666667,0.009090909090909082,0.23090612935141847,0.23090612935141847
UIScreenshots,quantity_plus_arrangement,center_grid_8_1_7,0.006999022482893446,0.0018518518518518467,-0.4283744494922672,0.4283744494922672
UIScreenshots,quantity_plus_arrangement,center_grid_8_2_0,0.007843137254901959,0.008869395711500966,0.035356665972039014,0.035356665972039014
UIScreenshots,quantity_plus_arrangement,center_grid_8_2_1,0.02569328871985416,0.022799452009978308,-0.08521531030741693,0.08521531030741693
UIScreenshots,quantity_plus_arrangement,center_grid_8_2_2,0.019816017316017304,0.03433852009703402,0.4170090890623983,0.4170090890623983
UIScreenshots,quantity_plus_arrangement,center_grid_8_2_3,0.018452380952380946,0.0070175438596491195,-0.4721457930338533,0.4721457930338533
UIScreenshots,quantity_plus_arrangement,center_grid_8_2_4,0.009424603174603174,0.013203761036578365,0.13937782321941625,0.13937782321941625
UIScreenshots,quantity_plus_arrangement,center_grid_8_2_5,0.004233870967741933,0.010730994152046773,0.36296564351479244,0.36296564351479244
UIScreenshots,quantity_plus_arrangement,center_grid_8_2_6,0.0021505376344086,0.02044566544566544,0.6560345167479376,0.6560345167479376
UIScreenshots,quantity_plus_arrangement,center_grid_8_2_7,0.017284227473980788,0.01052631578947368,-0.21820505694530612,0.21820505694530612
UIScreenshots,quantity_plus_arrangement,center_grid_8_3_0,0.008611323317205665,0.0037037037037037,-0.29010949914809525,0.29010949914809525
UIScreenshots,quantity_plus_arrangement,center_grid_8_3_1,0.04308852394004196,0.03459446985762772,-0.20581249658014275,0.20581249658014275
UIScreenshots,quantity_plus_arrangement,center_grid_8_3_2,0.009302054154995326,0.04630960943654441,0.782926235100007,0.782926235100007
UIScreenshots,quantity_plus_arrangement,center_grid_8_3_3,0.028320707070707066,0.0138241027405114,-0.3930521228135704,0.3930521228135704
UIScreenshots,quantity_plus_arrangement,center_grid_8_3_4,0.022083333333333333,0.003463787674313987,-0.5164560333129359,0.5164560333129359
UIScreenshots,quantity_plus_arrangement,center_grid_8_3_5,0.01408235581622678,0.02022792022792021,0.1556417576687871,0.1556417576687871
UIScreenshots,quantity_plus_arrangement,center_grid_8_3_6,0.014717741935483867,0.007415761626287933,-0.26400831721855067,0.26400831721855067
UIScreenshots,quantity_plus_arrangement,center_grid_8_3_7,0.0056264734632856,0.0017094017094017066,-0.4095822291260612,0.4095822291260612
UIScreenshots,quantity_plus_arrangement,center_grid_8_4_0,0.019286138697903396,0.00336700336700336,-0.8378000308139688,0.8378000308139688
UIScreenshots,quantity_plus_arrangement,center_grid_8_4_1,0.03405208678453459,0.0278577562788089,-0.16397901977036264,0.16397901977036264
UIScreenshots,quantity_plus_arrangement,center_grid_8_4_2,0.027030034235916583,0.0322670758893669,0.1330422369603496,0.1330422369603496
UIScreenshots,quantity_plus_arrangement,center_grid_8_4_3,0.04303571428571428,0.011699346405228754,-0.7270902669048713,0.7270902669048713
UIScreenshots,quantity_plus_arrangement,center_grid_8_4_4,0.009583333333333333,0.006878306878306873,-0.1387027928296652,0.1387027928296652
UIScreenshots,quantity_plus_arrangement,center_grid_8_4_5,0.013829365079365073,0.017138906844789192,0.10320061267372328,0.10320061267372328
UIScreenshots,quantity_plus_arrangement,center_grid_8_4_6,0.007899560117302046,0.012590771801298107,0.24869978494186976,0.24869978494186976
UIScreenshots,quantity_plus_arrangement,center_grid_8_4_7,0.0140951942849476,0.0035087719298245597,-0.5780842369063044,0.5780842369063044
UIScreenshots,quantity_plus_arrangement,center_grid_8_5_0,0.017447691197691195,0.00693957115009746,-0.39766376350179267,0.39766376350179267
UIScreenshots,quantity_plus_arrangement,center_grid_8_5_1,0.029638200017706652,0.01726781989939883,-0.37020270794472077,0.37020270794472077
UIScreenshots,quantity_plus_arrangement,center_grid_8_5_2,0.013362511671335195,0.016506670717197018,0.12769596543293985,0.12769596543293985
UIScreenshots,quantity_plus_arrangement,center_grid_8_5_3,0.02533730158730158,0.017942732648614994,-0.22807721280920848,0.22807721280920848
UIScreenshots,quantity_plus_arrangement,center_grid_8_5_4,0.004166666666666667,0.0039215686274509795,-0.018485774933841844,0.018485774933841844
UIScreenshots,quantity_plus_arrangement,center_grid_8_5_5,0.0020833333333333333,0.017863247863247847,0.7604276053757834,0.7604276053757834
UIScreenshots,quantity_plus_arrangement,center_grid_8_5_6,0.003665689149560113,0.017070025491078108,0.6325694898664657,0.6325694898664657
UIScreenshots,quantity_plus_arrangement,center_grid_8_5_7,0.012134409971222108,0.008551506972559601,-0.19140000201970336,0.19140000201970336
UIScreenshots,quantity_plus_arrangement,center_grid_8_6_0,0.023910144866027206,0.0067003367003366935,-0.6443480383016995,0.6443480383016995
UIScreenshots,quantity_plus_arrangement,center_grid_8_6_1,0.01811225565495013,0.020038382669961607,0.07349844009273768,0.07349844009273768
UIScreenshots,quantity_plus_arrangement,center_grid_8_6_2,0.008227124183006532,0.014265208475734781,0.2533665241413644,0.2533665241413644
UIScreenshots,quantity_plus_arrangement,center_grid_8_6_3,0.010019841269841267,0.013445378151260491,0.14238885483945704,0.14238885483945704
UIScreenshots,quantity_plus_arrangement,center_grid_8_6_4,0.01791666666666666,0.016953721659603998,-0.03514253278004749,0.03514253278004749
UIScreenshots,quantity_plus_arrangement,center_grid_8_6_5,0.007321428571428566,0.0051282051282051265,-0.12225392970096675,0.12225392970096675
UIScreenshots,quantity_plus_arrangement,center_grid_8_6_6,0.006456093189964153,0.011901548743654,0.3064080705947959,0.3064080705947959
UIScreenshots,quantity_plus_arrangement,center_grid_8_6_7,0.007141624978437113,0.0,-0.6673387349991038,0.6673387349991038
UIScreenshots,quantity_plus_arrangement,center_grid_8_7_0,0.008982683982683974,0.012457230878283494,0.19447969584191513,0.19447969584191513
UIScreenshots,quantity_plus_arrangement,center_grid_8_7_1,0.009474011826952993,0.019792637130098416,0.4640097688536552,0.4640097688536552
UIScreenshots,quantity_plus_arrangement,center_grid_8_7_2,0.008961640211640205,0.033215361636414246,0.6218998741556565,0.6218998741556565
UIScreenshots,quantity_plus_arrangement,center_grid_8_7_3,0.01691197691197691,0.035127487464948745,0.5482183570957895,0.5482183570957895
UIScreenshots,quantity_plus_arrangement,center_grid_8_7_4,0.00734126984126984,0.020111516164147726,0.5140325213874647,0.5140325213874647
UIScreenshots,quantity_plus_arrangement,center_grid_8_7_5,0.007797619047619047,0.02057947900053161,0.5059466921654943,0.5059466921654943
UIScreenshots,quantity_plus_arrangement,center_grid_8_7_6,0.007706093189964153,0.030688310657350892,0.696081738133146,0.696081738133146
UIScreenshots,quantity_plus_arrangement,center_grid_8_7_7,0.003475935828877,0.019475456317561566,0.6746309459941743,0.6746309459941743
