pilot_id,relative_path,category,label,image_width,image_height,region_count,union_coverage_norm,sum_box_area_norm,mean_box_area_norm,median_box_area_norm,std_box_area_norm,mean_box_width_norm,mean_box_height_norm,mean_confidence,low_confidence_fraction,center_x_mean,center_x_std,center_y_mean,center_y_std,center_x_span,center_y_span,nearest_neighbor_mean_norm,nearest_neighbor_median_norm,nearest_neighbor_std_norm,pairwise_distance_mean_norm,pairwise_distance_std_norm,row_alignment_fraction,column_alignment_fraction,angle_mean_abs_deg,angle_std_deg,rotated_fraction_gt_5deg,ocr_runtime_seconds,center_grid_0_0,center_grid_0_1,center_grid_0_2,center_grid_0_3,center_grid_1_0,center_grid_1_1,center_grid_1_2,center_grid_1_3,center_grid_2_0,center_grid_2_1,center_grid_2_2,center_grid_2_3,center_grid_3_0,center_grid_3_1,center_grid_3_2,center_grid_3_3
DVP_001_00009dcb92a2,Data/Tables/0_real/PMC3361340_table_0.jpg,Tables,0,684,278,89,0.24967657452984982,0.25043386343556734,0.002813863634107498,0.0020509907863183138,0.004123973543801912,0.05340364018660884,0.05516934766793307,0.9109757550563101,0.0,0.5254547835837782,0.2547770481569939,0.512436675361708,0.2132444505400051,0.8589181286549707,0.8309352517985611,0.06522786820884112,0.05935701932950031,0.012626677622615694,0.427883782838517,0.20048263724223808,0.067926455566905,0.10367722165474974,6.166877495008221,22.58545424002185,0.07865168539325842,0.8131012999983795,0.02247191011235955,0.033707865168539325,0.056179775280898875,0.02247191011235955,0.056179775280898875,0.0898876404494382,0.1348314606741573,0.0898876404494382,0.06741573033707865,0.06741573033707865,0.10112359550561797,0.06741573033707865,0.033707865168539325,0.0449438202247191,0.06741573033707865,0.0449438202247191
DVP_002_00095f59a74b,Data/Receipts/1_fake/receipt_0609.png,Receipts,1,1023,1537,61,0.23476373913967047,0.23585955044388943,0.003866550007276876,0.002724582488261209,0.003038309327745659,0.1747031392721504,0.02182237059632881,0.9071179965616659,0.0,0.5294153953091509,0.20733839243432303,0.4517523966045796,0.20775973511113477,0.6612903225806452,0.909238776837996,0.03907473572108648,0.028190392747831472,0.01979881630412033,0.37586776399628413,0.18412450740423833,0.03114754098360656,0.08688524590163935,9.005466392096542,26.789264246381254,0.09836065573770492,0.23645479999868257,0.0,0.09836065573770492,0.06557377049180328,0.0,0.01639344262295082,0.11475409836065574,0.19672131147540983,0.11475409836065574,0.04918032786885246,0.08196721311475409,0.06557377049180328,0.09836065573770492,0.0,0.09836065573770492,0.0,0.0
DVP_003_000cc7e882fa,Data/AcademicPosters/1_fake/academic_poster_0823.png,AcademicPosters,1,1402,1122,176,0.2533575594654573,0.2560319355339075,0.0014547269064426563,0.000839137366786943,0.0023222276666099483,0.08756160031124369,0.016098484848484848,0.8580044442056802,0.06818181818181818,0.49382551471110075,0.2632681246204128,0.5507353091273148,0.2454134635152123,0.8865905848787446,0.9523172905525846,0.02892431886863993,0.022283066879587633,0.017123898664008996,0.4596901039021134,0.22190355618152377,0.04857142857142857,0.052142857142857144,0.9493916503801262,6.916942345534331,0.017045454545454544,0.2930928000005224,0.017045454545454544,0.028409090909090908,0.005681818181818182,0.045454545454545456,0.11931818181818182,0.056818181818181816,0.13068181818181818,0.0625,0.0625,0.08522727272727272,0.08522727272727272,0.045454545454545456,0.03977272727272727,0.03977272727272727,0.13068181818181818,0.045454545454545456
DVP_004_000f693d4a62,Data/UIScreenshots/1_fake/ui_0844.png,UIScreenshots,1,941,1672,64,0.1437311442915084,0.14381683183419858,0.0022471379974093528,0.0016207434827044424,0.0018238531851064456,0.13529489904357067,0.017437948564593304,0.8723775774879844,0.078125,0.48466940102659384,0.26182847263435594,0.5620691360070019,0.2542505071943439,0.8134962805526036,0.954386778634899,0.061484615820464675,0.05366176464397786,0.04869674287832179,0.46980085974790936,0.22340676412388927,0.040674603174603176,0.06398809523809523,8.653019974604929,26.480397283823823,0.109375,0.2108819000004587,0.015625,0.078125,0.046875,0.015625,0.0625,0.046875,0.03125,0.03125,0.109375,0.109375,0.078125,0.125,0.03125,0.125,0.015625,0.078125
DVP_005_001093bb82c1,Data/CommercialPosters/1_fake/commercial_poster_0332.png,CommercialPosters,1,1448,1086,32,0.13436390321825747,0.13441986406601344,0.00420062075206292,0.0017010825880365882,0.007559921281597431,0.09515279696132597,0.030070211786372005,0.8695262008867678,0.09375,0.4803858506888244,0.21013771199010625,0.5216963040598663,0.2887224167777918,0.7707182320441989,0.9134438305709024,0.052463018137643605,0.032233562085156736,0.04372417325074847,0.4554642465231392,0.23625474285329057,0.08870967741935484,0.05040322580645161,5.761581402433242,21.82392042989379,0.0625,0.24901429999954416,0.0,0.0625,0.09375,0.0,0.03125,0.25,0.15625,0.0625,0.09375,0.0,0.0,0.0,0.03125,0.09375,0.0625,0.0625
DVP_006_001b9f70299d,Data/UIScreenshots/1_fake/ui_0850.png,UIScreenshots,1,941,1672,43,0.09875216522854814,0.09884437811754776,0.0022987064678499478,0.0021565422105161466,0.0010772623614819304,0.12112300126041073,0.01944475353288083,0.8920134949983513,0.023255813953488372,0.5050260519472307,0.30339108798167347,0.5446647799106641,0.2790376592595384,0.89798087141339,0.9183612440191388,0.06428128674049732,0.05396261391058876,0.04796927898998815,0.5329578757230514,0.25271150138008314,0.05537098560354374,0.07087486157253599,0.6293053413782149,1.2830062913554192,0.0,0.19764590000158933,0.023255813953488372,0.09302325581395349,0.0,0.046511627906976744,0.11627906976744186,0.0,0.09302325581395349,0.023255813953488372,0.11627906976744186,0.0,0.06976744186046512,0.13953488372093023,0.09302325581395349,0.0,0.11627906976744186,0.06976744186046512
DVP_007_0020f18400cc,Data/UIScreenshots/0_real/3942.jpg,UIScreenshots,0,1080,1920,8,0.042338927469135805,0.0423389274691358,0.005292365933641975,0.004828317901234568,0.0037200385241409556,0.22268518518518518,0.022005208333333335,0.881824023872179,0.125,0.47384259259259254,0.29131068443545827,0.19850260416666665,0.11093121482464613,0.7847222222222223,0.3375,0.15316998837285553,0.11700922703931327,0.07080691440513748,0.4033078389682117,0.2438037553347154,0.03571428571428571,0.03571428571428571,11.432184644115763,29.835236094909824,0.125,0.1916101000006165,0.0,0.375,0.0,0.125,0.25,0.125,0.0,0.125,0.0,0.0,0.0,0.0,0.0,0.0,0.0,0.0
DVP_008_002425e25739,Data/InfographicCharts/1_fake/infographic_chart_0455.png,InfographicCharts,1,1254,1254,37,0.22591816713337293,0.22814330664998,0.006166035314864324,0.004584373068382134,0.005231763948193137,0.23371697055907584,0.02754429070218544,0.8787778346924513,0.0,0.6354311523084447,0.2350225686721793,0.4570841749678669,0.2730205336356498,0.6981658692185008,0.9138755980861244,0.07042500119577826,0.05263157894736842,0.05853448195194627,0.4581479483043986,0.2384572589844909,0.03003003003003003,0.14864864864864866,0.1429951723782141,0.3805767786826352,0.0,0.34023960000013176,0.02702702702702703,0.10810810810810811,0.08108108108108109,0.02702702702702703,0.02702702702702703,0.02702702702702703,0.02702702702702703,0.21621621621621623,0.02702702702702703,0.02702702702702703,0.0,0.24324324324324326,0.0,0.08108108108108109,0.02702702702702703,0.05405405405405406
DVP_009_002812010de4,Data/InfographicCharts/1_fake/infographic_chart_0373.png,InfographicCharts,1,1347,1167,57,0.1925071996610577,0.19261152874552545,0.0033791496271144816,0.0024733626854306343,0.006358508712435261,0.12489092069446073,0.024579443467280023,0.8845281155687919,0.10526315789473684,0.4620647064032968,0.29100907435252665,0.49500300129511793,0.2302355007079945,0.8930957683741647,0.9108826049700085,0.0583881903531939,0.058411952079579034,0.01734734202285339,0.47758794621973866,0.22850985666442825,0.05639097744360902,0.10714285714285714,7.221562786707577,24.066040293268195,0.08771929824561403,0.306465699999535,0.07017543859649122,0.08771929824561403,0.0,0.017543859649122806,0.10526315789473684,0.07017543859649122,0.07017543859649122,0.10526315789473684,0.10526315789473684,0.08771929824561403,0.07017543859649122,0.10526315789473684,0.0,0.07017543859649122,0.03508771929824561,0.0
DVP_010_002cab38dc59,Data/AcademicPosters/1_fake/academic_poster_0393.png,AcademicPosters,1,1402,1122,209,0.21165404842378588,0.2145871317013383,0.001026732687566212,0.0006738527339349694,0.001481096056200533,0.06780129548355392,0.014639783708176615,0.8588445278535601,0.11004784688995216,0.5028080055467677,0.2667014211044947,0.6007054236266217,0.2582087258280515,0.9276034236804565,0.9518716577540106,0.02351143881687496,0.01916221033868093,0.016224574219516265,0.4737515834200377,0.22910093591634345,0.060406698564593304,0.04803091645196908,2.6453872883775023,14.192212080133201,0.0430622009569378,0.3007835000007617,0.009569377990430622,0.03349282296650718,0.03349282296650718,0.023923444976076555,0.05741626794258373,0.06220095693779904,0.04784688995215311,0.09090909090909091,0.06220095693779904,0.07177033492822966,0.06698564593301436,0.06220095693779904,0.08133971291866028,0.11961722488038277,0.09090909090909091,0.0861244019138756
DVP_011_002cb99f3691,Data/AcademicPosters/1_fake/academic_poster_0655.png,AcademicPosters,1,1402,1122,158,0.1454844756827296,0.14707598770282332,0.0009308606816634387,0.0006007460694042887,0.0017218277864207757,0.06196392134202496,0.013921794264311019,0.8580646520249207,0.12025316455696203,0.45702512205992146,0.30850255764807344,0.5565964688190027,0.26534079079561124,0.9290299572039943,0.9442959001782532,0.027758870512093598,0.024064171122994638,0.017088600758871104,0.5160094240798192,0.2588487873878325,0.05216479883899057,0.050955414012738856,4.0581578968655325,17.701575336687775,0.056962025316455694,0.28712869999981194,0.05063291139240506,0.03164556962025317,0.0759493670886076,0.056962025316455694,0.06329113924050633,0.012658227848101266,0.02531645569620253,0.06329113924050633,0.2088607594936709,0.04430379746835443,0.05063291139240506,0.04430379746835443,0.0379746835443038,0.0759493670886076,0.0759493670886076,0.08227848101265822
DVP_012_002d584c4e7f,Data/AcademicPosters/1_fake/academic_poster_0234.png,AcademicPosters,1,1402,1122,190,0.23377886054508829,0.23543492744004618,0.0012391311970528745,0.0007056382402526566,0.00145663466835085,0.07981830467752835,0.015554930106013696,0.8600427105799459,0.08421052631578947,0.5640581800619957,0.265130960848611,0.5798431645264316,0.2630233434753515,0.9186875891583451,0.9576648841354725,0.027732297261042347,0.0196110861469618,0.018575051326991155,0.4753235385489432,0.23344138090957067,0.055806182121971595,0.05524923419660262,3.7421448420587176,16.856707532880172,0.07894736842105263,0.2890996999994968,0.010526315789473684,0.05263157894736842,0.04736842105263158,0.02631578947368421,0.03684210526315789,0.07894736842105263,0.031578947368421054,0.06315789473684211,0.06315789473684211,0.04736842105263158,0.08421052631578947,0.13157894736842105,0.04736842105263158,0.09473684210526316,0.08421052631578947,0.1
DVP_013_003f16df2207,Data/UIScreenshots/0_real/6011.jpg,UIScreenshots,0,1080,1920,44,0.15562727974186308,0.15657552083333334,0.0035585345643939395,0.002507716049382716,0.004876869440680825,0.1393939393939394,0.02251420454545455,0.8994435337503646,0.0,0.474394803824533,0.3229784825286438,0.3930984530608079,0.31769460054363696,0.9074074074074073,0.8874777680088819,0.07473406053007901,0.05950986863674868,0.06235834527303719,0.5841800319888435,0.28065973382134396,0.09408033826638477,0.07716701902748414,2.0469275640731954,12.975909670303011,0.022727272727272728,0.18952040000112902,0.09090909090909091,0.11363636363636363,0.13636363636363635,0.045454545454545456,0.045454545454545456,0.06818181818181818,0.022727272727272728,0.09090909090909091,0.09090909090909091,0.0,0.0,0.09090909090909091,0.11363636363636363,0.022727272727272728,0.0,0.06818181818181818
DVP_014_0042fe15d832,Data/InfographicCharts/0_real/00013316.jpeg,InfographicCharts,0,1200,1200,30,0.3562454231207793,0.35906423611111116,0.011968807870370373,0.010997916666666666,0.009885641957733476,0.3135833333333334,0.03894444444444445,0.8678414040904152,0.03333333333333333,0.4327161102179213,0.22762071981342236,0.4842374326232343,0.26361972459892313,0.86,0.8637499999999999,0.10341591120023359,0.09641610298837311,0.0497577053586208,0.4477331221992019,0.22475347141244806,0.027586206896551724,0.04597701149425287,3.378725336750231,16.208473885732133,0.03333333333333333,0.33369929999935266,0.03333333333333333,0.1,0.1,0.03333333333333333,0.06666666666666667,0.1,0.06666666666666667,0.03333333333333333,0.0,0.23333333333333334,0.0,0.0,0.06666666666666667,0.1,0.0,0.06666666666666667
DVP_015_0046cf9c9f1a,Data/AcademicPosters/1_fake/academic_poster_0602.png,AcademicPosters,1,1402,1122,204,0.24533060315392238,0.24665393974993702,0.0012090879399506717,0.0005638748820757716,0.002659555274906599,0.07831599116108641,0.015243263080633321,0.8488431278029297,0.12254901960784313,0.4091498170926064,0.26172235659228066,0.5797875411115664,0.24253275003194005,0.9265335235378032,0.9367151843613246,0.026558887171810253,0.01857420081238921,0.01642191823329361,0.45192850447617483,0.2272806014496246,0.057278083647252,0.05099971022891915,2.0729491533186533,10.80982945912858,0.08823529411764706,0.29343619999963266,0.03431372549019608,0.0392156862745098,0.03431372549019608,0.014705882352941176,0.04411764705882353,0.06372549019607843,0.08333333333333333,0.058823529411764705,0.14215686274509803,0.12254901960784313,0.058823529411764705,0.014705882352941176,0.10784313725490197,0.08333333333333333,0.049019607843137254,0.049019607843137254
DVP_016_004b61a8ee7f,Data/Tables/1_fake/table_0726.png,Tables,1,1402,1122,120,0.3488862994296409,0.349044591251103,0.002908704927092525,0.0016528463285197363,0.004328696090834368,0.1224857346647646,0.023120915032679736,0.9078566012801959,0.008333333333333333,0.5274024292127677,0.2700789650646913,0.5031957219482118,0.20173795704154307,0.8363052781740371,0.9393939393939393,0.04239747529087499,0.04278074866310161,0.009550010660360453,0.4310767882248126,0.20824128860713162,0.05322128851540616,0.10798319327731093,0.22185262473115774,0.7586824008339798,0.0,0.27561040000000503,0.016666666666666666,0.058333333333333334,0.025,0.03333333333333333,0.06666666666666667,0.11666666666666667,0.09166666666666666,0.08333333333333333,0.075,0.125,0.1,0.1,0.025,0.05,0.016666666666666666,0.016666666666666666
DVP_017_0051c3354791,Data/InfographicCharts/1_fake/infographic_chart_0399.png,InfographicCharts,1,1402,1122,50,0.1570321717796832,0.1573258599250879,0.003146517198501758,0.0014780260437724565,0.00517751487187055,0.1070328102710414,0.027540106951871656,0.9002124164217851,0.02,0.44765338855469516,0.30419503744713666,0.5560332810071646,0.2756551142069555,0.848074179743224,0.9032976827094474,0.061486290875563746,0.04205315294159786,0.046788801568022224,0.5303154427172014,0.25036900559458836,0.04326530612244898,0.10530612244897959,0.5048344425989416,1.1700841177143633,0.0,0.2600670000010723,0.02,0.06,0.02,0.08,0.12,0.04,0.06,0.02,0.12,0.02,0.04,0.02,0.08,0.08,0.14,0.08
DVP_018_00553172e64a,Data/Receipts/1_fake/receipt_0214.png,Receipts,1,1015,1549,69,0.23290125203929438,0.23290125203929438,0.0033753804643375995,0.001903023402990011,0.002985576448904792,0.16014849717998145,0.021163724141802558,0.9141332361137687,0.014492753623188406,0.5130307801082391,0.250836562067989,0.44221325058667105,0.18517709696324036,0.7807881773399015,0.8760490639122014,0.03394286362714182,0.025354387565418114,0.01688364079387872,0.3983755199513587,0.1964055126140327,0.03836317135549872,0.10230179028132992,9.28219443367666,27.22280760328691,0.10144927536231885,0.20938030000070285,0.014492753623188406,0.10144927536231885,0.014492753623188406,0.0,0.11594202898550725,0.13043478260869565,0.2028985507246377,0.13043478260869565,0.043478260869565216,0.028985507246376812,0.07246376811594203,0.07246376811594203,0.0,0.07246376811594203,0.0,0.0
DVP_019_0062f18128e1,Data/InfographicCharts/0_real/00000395.jpeg,InfographicCharts,0,1200,1200,57,0.24100422463119922,0.24208368055555557,0.004247082115009747,0.0027083333333333334,0.003849533109091464,0.11635964912280702,0.03533625730994151,0.8866042290899906,0.03508771929824561,0.46065190461478167,0.2553190940351272,0.39855938329174206,0.2592973008722083,0.8383333333333334,0.8637499999999999,0.063605847012161,0.0496392345086122,0.03250352659193069,0.4612775571327876,0.2383238672069455,0.08646616541353383,0.046365914786967416,1.8978450299294463,11.873024705180883,0.017543859649122806,0.34679589999905147,0.08771929824561403,0.07017543859649122,0.12280701754385964,0.03508771929824561,0.12280701754385964,0.12280701754385964,0.12280701754385964,0.017543859649122806,0.0,0.03508771929824561,0.017543859649122806,0.017543859649122806,0.05263157894736842,0.05263157894736842,0.07017543859649122,0.05263157894736842
DVP_020_0067c7996c04,Data/CommercialPosters/0_real/5ecd32ca499b85dcc7980750_preview.jpg,CommercialPosters,0,576,1024,3,0.09849770370314384,0.0985599093967014,0.0328533031322338,0.032908121744791664,0.008025604487402896,0.5271990740740741,0.0673828125,0.8795277490957348,0.0,0.5550150157651657,0.04283413079189738,0.27628483150979216,0.05442177487357008,0.10492023048228083,0.13330078125,0.0981199295716425,0.08529103838639727,0.01814279190438245,0.11750049324747863,0.024147693675793714,0.0,0.0,1.1988120613225892,0.5246461997415258,0.0,0.1846138000000792,0.0,0.0,0.3333333333333333,0.0,0.0,0.0,0.6666666666666666,0.0,0.0,0.0,0.0,0.0,0.0,0.0,0.0,0.0
DVP_021_006c5fceb252,Data/InfographicCharts/0_real/00015440.jpeg,InfographicCharts,0,1200,1200,65,0.2951349577753346,0.30138645833333333,0.004636714743589744,0.0022,0.0055194336374352095,0.14123076923076922,0.03391025641025642,0.8676588549325608,0.09230769230769231,0.41660589825030525,0.28807548368353664,0.4327023905094402,0.23993889076871944,0.90375,0.8641666666666666,0.06442208605788714,0.059266347955648585,0.03815031913599235,0.4789510826985723,0.2368852337105625,0.051923076923076926,0.06153846153846154,8.889203720649625,26.6142756018185,0.09230769230769231,0.33799899999939953,0.09230769230769231,0.1076923076923077,0.046153846153846156,0.015384615384615385,0.12307692307692308,0.09230769230769231,0.03076923076923077,0.06153846153846154,0.09230769230769231,0.06153846153846154,0.03076923076923077,0.12307692307692308,0.046153846153846156,0.06153846153846154,0.0,0.015384615384615385
DVP_022_0071d7b81993,Data/CommercialPosters/1_fake/commercial_poster_0990.png,CommercialPosters,1,1086,1448,31,0.16524125484570068,0.16589497929448632,0.00535145094498343,0.0016552964398726128,0.01331673053533257,0.1445375155943682,0.021609338798788093,0.9016123151786857,0.0,0.34020334735692603,0.19648345122681296,0.6139992996606765,0.24945705589057665,0.6979742173112339,0.8794889502762431,0.04401232824334683,0.02135586477357211,0.03452805376754159,0.3916395777164459,0.23454186080081915,0.06451612903225806,0.1870967741935484,0.11370176366077227,0.5228931155681411,0.0,0.2452240000002348,0.0,0.03225806451612903,0.06451612903225806,0.0,0.0967741935483871,0.0967741935483871,0.06451612903225806,0.0,0.3225806451612903,0.0,0.0,0.0,0.16129032258064516,0.06451612903225806,0.03225806451612903,0.06451612903225806
DVP_023_0074132a6a8f,Data/Tables/1_fake/table_0293.png,Tables,1,1375,1144,78,0.3384477516621188,0.3384643992371265,0.00433928716970675,0.004150190718372537,0.002096023873048174,0.17802331002331004,0.0261901559978483,0.8865852704383675,0.0,0.48054881237897884,0.26519837077438796,0.5113561688338798,0.26483394198159066,0.8258181818181818,0.909965034965035,0.039638954569896245,0.033208465922765065,0.017373400713279245,0.48358241429802423,0.22523528246444555,0.030636030636030636,0.14219114219114218,0.4053883153067484,0.558955633383551,0.0,0.30216660000041884,0.038461538461538464,0.07692307692307693,0.0641025641025641,0.038461538461538464,0.0641025641025641,0.07692307692307693,0.08974358974358974,0.05128205128205128,0.05128205128205128,0.0641025641025641,0.08974358974358974,0.0641025641025641,0.038461538461538464,0.0641025641025641,0.07692307692307693,0.05128205128205128
DVP_024_007917063fc5,Data/AcademicPosters/1_fake/academic_poster_0216.png,AcademicPosters,1,1402,1122,201,0.22033594622361985,0.22230719547577815,0.0011060059476406872,0.0007653949921299087,0.0012430627174098091,0.07247641961377138,0.014832255833133797,0.865152205168659,0.08955223880597014,0.5562637720484692,0.2827445724436343,0.5474541656217526,0.26307764372296166,0.9038022957343671,0.9523172905525846,0.027251108323342446,0.0218389192671071,0.020828181119636947,0.4932590605729381,0.2376882881165001,0.04786069651741293,0.05865671641791045,0.24177990051121415,0.9264788341343383,0.009950248756218905,0.29424939999989874,0.014925373134328358,0.04477611940298507,0.04975124378109453,0.05970149253731343,0.06965174129353234,0.03482587064676617,0.0845771144278607,0.07462686567164178,0.0845771144278607,0.029850746268656716,0.08955223880597014,0.10945273631840796,0.024875621890547265,0.07462686567164178,0.07960199004975124,0.07462686567164178
DVP_025_007a18897b6b,Data/Tables/0_real/PMC5664791_table_1.jpg,Tables,0,685,261,54,0.2912701235523842,0.294448639427245,0.005452752581986018,0.0029364879603993622,0.006975164320924077,0.10905650175723168,0.05094366397048389,0.8546439644872947,0.05555555555555555,0.36063884888849423,0.25300625708800645,0.4590400254806159,0.23930508819229487,0.8580518162589101,0.7950191570881225,0.0671758856486297,0.06536969274773315,0.02595551395994833,0.44771863132231576,0.21606198039678187,0.0957372466806429,0.07826694619147449,3.8674502161733613,17.183692736062845,0.05555555555555555,0.163792099998318,0.1111111111111111,0.05555555555555555,0.09259259259259259,0.07407407407407407,0.1111111111111111,0.07407407407407407,0.05555555555555555,0.0,0.12962962962962962,0.05555555555555555,0.07407407407407407,0.018518518518518517,0.05555555555555555,0.05555555555555555,0.018518518518518517,0.018518518518518517
DVP_026_007a5bc356f2,Data/InfographicCharts/0_real/00057800.jpg,InfographicCharts,0,1066,567,14,0.10756474780865025,0.10756474780865025,0.007683196272046446,0.005727786215591094,0.008454954681192877,0.19358080943446798,0.037792894935752074,0.897069137651718,0.0,0.4456575072255468,0.24316170726768424,0.3913158033741934,0.24555342003827188,0.6632270168855534,0.8227513227513227,0.09636137967472662,0.041464610926541405,0.11721292375557726,0.45314413541431414,0.22777516685777496,0.03296703296703297,0.15384615384615385,0.23931530831002792,0.44440580158474163,0.0,0.20105510000030336,0.0,0.21428571428571427,0.07142857142857142,0.14285714285714285,0.21428571428571427,0.07142857142857142,0.0,0.0,0.14285714285714285,0.0,0.0,0.07142857142857142,0.0,0.0,0.07142857142857142,0.0
DVP_027_007f8f10cccb,Data/AcademicPosters/1_fake/academic_poster_0807.png,AcademicPosters,1,1402,1122,176,0.2735960422069681,0.2759477802273808,0.0015678851149283001,0.0007851020060468748,0.002679019042781991,0.08913808196083517,0.017283462971965646,0.8505391336064343,0.13068181818181818,0.4831389137258045,0.2673700798296221,0.570435491884239,0.2723493514045174,0.9234290416955857,0.945632798573975,0.03235685194790116,0.025732164167942596,0.021974833766458528,0.48826666237297744,0.23362838085600568,0.047857142857142855,0.053831168831168834,3.629243680559197,16.510409573727397,0.07386363636363637,0.28506689999994705,0.028409090909090908,0.03977272727272727,0.017045454545454544,0.05113636363636364,0.0625,0.07386363636363637,0.10227272727272728,0.03977272727272727,0.08522727272727272,0.05113636363636364,0.06818181818181818,0.06818181818181818,0.07386363636363637,0.13068181818181818,0.07386363636363637,0.03409090909090909
DVP_028_008b321370d4,Data/UIScreenshots/0_real/53059.jpg,UIScreenshots,0,540,960,14,0.039349922839506175,0.03934992283950617,0.0028107087742504405,0.0006963734567901234,0.004999794137924726,0.11044973544973545,0.020684523809523802,0.846431472979465,0.07142857142857142,0.45218253968253963,0.23401696253586865,0.06822916666666666,0.17351747226733003,0.8305555555555555,0.6760416666666667,0.09979074841705828,0.057871532921606114,0.14693103399547042,0.3552640092316286,0.23788496620527758,0.7252747252747253,0.02197802197802198,6.428571428571429,23.17854391369707,0.07142857142857142,0.18363599999975122,0.21428571428571427,0.35714285714285715,0.21428571428571427,0.14285714285714285,0.0,0.0,0.0,0.0,0.0,0.07142857142857142,0.0,0.0,0.0,0.0,0.0,0.0
DVP_029_0090071373da,Data/UIScreenshots/1_fake/ui_0153.png,UIScreenshots,1,941,1672,43,0.10401458784988658,0.10507724908348545,0.0024436569554298943,0.001983027320014847,0.0015843174534512035,0.1332575439290216,0.019291754756871036,0.8546186976331278,0.11627906976744186,0.2594282765445981,0.21347069058654802,0.5259785421070493,0.31148331418916886,0.8936630865343538,0.9747587818850217,0.07103922432074523,0.050570827446038406,0.10312673814265909,0.45865604891100725,0.28567094017986133,0.03433001107419712,0.13399778516057587,5.685753308564599,19.6584264458143,0.06976744186046512,0.19258869999976014,0.20930232558139536,0.0,0.0,0.023255813953488372,0.16279069767441862,0.09302325581395349,0.0,0.0,0.18604651162790697,0.023255813953488372,0.0,0.0,0.18604651162790697,0.023255813953488372,0.046511627906976744,0.046511627906976744
DVP_030_00993b6ea489,Data/Receipts/1_fake/receipt_1061.png,Receipts,1,1023,1537,41,0.19136821231391718,0.1913682123139172,0.004667517373510175,0.003907524464957252,0.004215026440749881,0.20544548553989936,0.02197819635971246,0.9201396457554928,0.0,0.5610045464940464,0.24876073063856052,0.5243667875706172,0.20690106844242276,0.7517106549364614,0.8256420008625073,0.04594131971226923,0.041697568120765256,0.017401530035124246,0.41917889570886446,0.19723959418613796,0.02804878048780488,0.09268292682926829,9.106334908518797,26.786253003807516,0.0975609756097561,0.2123078999993595,0.024390243902439025,0.0,0.04878048780487805,0.024390243902439025,0.0975609756097561,0.04878048780487805,0.07317073170731707,0.14634146341463414,0.04878048780487805,0.14634146341463414,0.04878048780487805,0.14634146341463414,0.0,0.12195121951219512,0.0,0.024390243902439025
DVP_031_00a25e8951c0,Data/AcademicPosters/0_real/NeurIPS_2022_54176_Streaming Radiance Fields for 3D Video Synthesis.png,AcademicPosters,0,4512,2208,148,0.23385065561904336,0.2415156302195755,0.0016318623663484832,0.0009008786553088705,0.0018084551345255038,0.07485743722445849,0.0213963963963964,0.8144485740545714,0.22297297297297297,0.6340042738030041,0.28199137038857397,0.49661399345573015,0.2617203434127295,0.9394946808510638,0.9406702898550725,0.031270966741461084,0.023329825194847352,0.023021968814593348,0.47623898895873296,0.2669149675743903,0.0652693509836367,0.059018201875344733,3.34945416181563,16.362117411298357,0.06756756756756757,0.2312007000000449,0.02702702702702703,0.033783783783783786,0.02027027027027027,0.04054054054054054,0.02027027027027027,0.02027027027027027,0.10810810810810811,0.3108108108108108,0.013513513513513514,0.02702702702702703,0.0472972972972973,0.06756756756756757,0.060810810810810814,0.08783783783783784,0.05405405405405406,0.060810810810810814
DVP_032_00b1b3aebe3c,Data/InfographicCharts/1_fake/infographic_chart_0359.png,InfographicCharts,1,1254,1254,37,0.1303395490210671,0.13118308494158407,0.0035454887822049747,0.0017227169707653212,0.005844217292014375,0.13664382085434718,0.025238156817104188,0.8825090666238653,0.0,0.48324339747265094,0.18979284828551324,0.5142097270307155,0.2352214317977021,0.7178839507803386,0.9204588753194687,0.04189544586465977,0.024335238468368596,0.03002574101490901,0.39301091623674234,0.18253311765224992,0.04054054054054054,0.11711711711711711,3.687348275904448,15.018946852640935,0.10810810810810811,0.32802710000032675,0.0,0.10810810810810811,0.02702702702702703,0.0,0.08108108108108109,0.13513513513513514,0.10810810810810811,0.02702702702702703,0.05405405405405406,0.10810810810810811,0.10810810810810811,0.08108108108108109,0.0,0.08108108108108109,0.08108108108108109,0.0
DVP_033_00b8639a4298,Data/UIScreenshots/1_fake/ui_0310.png,UIScreenshots,1,941,1672,15,0.09181543608804642,0.09181543608804642,0.0061210290725364274,0.0035942370175269106,0.005244992439614506,0.23854055968827487,0.023763955342902716,0.888643166543098,0.06666666666666667,0.4987416214963786,0.2178708158686819,0.531300141434203,0.29417900875198116,0.810308182784272,0.9437844181637627,0.1384881946753466,0.0892738287587723,0.09933485128836508,0.4805156557940933,0.2372062561573054,0.01904761904761905,0.047619047619047616,0.050389143223588916,0.18853890995575157,0.0,0.18402840000089782,0.06666666666666667,0.0,0.06666666666666667,0.06666666666666667,0.0,0.26666666666666666,0.06666666666666667,0.0,0.0,0.06666666666666667,0.0,0.06666666666666667,0.0,0.2,0.13333333333333333,0.0
DVP_034_00b8efaf230b,Data/Receipts/0_real/X51007339118.jpg,Receipts,0,623,1399,49,0.2703405532376061,0.27179813143302317,0.0055469006414902685,0.0035131721006864567,0.004842650772815733,0.29472270449110627,0.019095272133156337,0.8744528739284492,0.061224489795918366,0.5078346467878091,0.22591045562828196,0.48782626198871365,0.24933251130345807,0.7889245585874799,0.9497754460733407,0.05671139728035782,0.041355515071958324,0.04487286690187889,0.4330887152459771,0.20869929284703095,0.022108843537414966,0.08333333333333333,2.2949242267662693,12.828517354268786,0.02040816326530612,0.17456479999964358,0.061224489795918366,0.10204081632653061,0.02040816326530612,0.02040816326530612,0.04081632653061224,0.14285714285714285,0.02040816326530612,0.14285714285714285,0.04081632653061224,0.061224489795918366,0.061224489795918366,0.08163265306122448,0.02040816326530612,0.02040816326530612,0.16326530612244897,0.0
DVP_035_00bcfd0e9c96,Data/CommercialPosters/1_fake/commercial_poster_0049.png,CommercialPosters,1,1448,1086,33,0.1585733290599595,0.1585733290599595,0.004805252395756348,0.0016292237721681267,0.011503792731121195,0.09718734304369664,0.030191416931748424,0.8851916335964326,0.06060606060606061,0.488594508622133,0.26187543482508535,0.5726044980188627,0.3114115431846181,0.8238950276243093,0.8609576427255985,0.058978328817536216,0.06651470364592307,0.028504664165105432,0.5301575168345399,0.24574791111590535,0.07575757575757576,0.06818181818181818,0.0,0.0,0.0,0.2318416000016441,0.0,0.09090909090909091,0.09090909090909091,0.0,0.030303030303030304,0.09090909090909091,0.12121212121212122,0.030303030303030304,0.09090909090909091,0.0,0.0,0.09090909090909091,0.12121212121212122,0.06060606060606061,0.12121212121212122,0.06060606060606061
DVP_036_00bf168fd92d,Data/CommercialPosters/1_fake/commercial_poster_0257.png,CommercialPosters,1,1086,1448,24,0.15255248657179624,0.1647112165888302,0.006862967357867925,0.0023583045898069857,0.015985437013022047,0.1395027624309392,0.029465930018416204,0.8718281577341903,0.041666666666666664,0.7560617357710452,0.053686507581818005,0.601131683160065,0.2296285989931356,0.22836095764272568,0.756560773480663,0.044987480053423845,0.03072185613461908,0.024054837585905566,0.2883404739230479,0.18143490804292378,0.04710144927536232,0.17391304347826086,0.39450286053468037,0.8897156081096042,0.0,0.23816330000045127,0.0,0.0,0.08333333333333333,0.041666666666666664,0.0,0.0,0.125,0.041666666666666664,0.0,0.0,0.08333333333333333,0.2916666666666667,0.0,0.0,0.125,0.20833333333333334
DVP_037_00c137df1a71,Data/InfographicCharts/1_fake/infographic_chart_0165.png,InfographicCharts,1,1693,929,112,0.2302354134806122,0.23053356536158193,0.0020583354050141243,0.0009772399108085787,0.004058600471383848,0.06152961775377604,0.0329847762571121,0.8853644324824729,0.03571428571428571,0.4634829345189483,0.28817778740797706,0.6009220183405126,0.2050432567357163,0.9204116442834233,0.9090419806243272,0.053385025851706,0.05708880466948252,0.011157418369074827,0.44903606577142463,0.22538593392001138,0.08027670527670527,0.04407979407979408,3.647549302485948,16.313164408244745,0.09821428571428571,0.17925650000142923,0.026785714285714284,0.017857142857142856,0.0,0.03571428571428571,0.0625,0.03571428571428571,0.0625,0.07142857142857142,0.13392857142857142,0.10714285714285714,0.08035714285714286,0.08928571428571429,0.10714285714285714,0.0625,0.0625,0.044642857142857144
DVP_038_00c49d3e5261,Data/AcademicPosters/0_real/ICLR_2022_6636_Map Induction_ Compositional spatial submap learning for eff.png,AcademicPosters,0,2044,2880,120,0.3202170872754479,0.3244208999238965,0.0027035074993658043,0.001488095238095238,0.0025740973503810107,0.2104778212654925,0.012433449074074072,0.8199536463327602,0.21666666666666667,0.6015812357005159,0.3010678793737044,0.5035973184492469,0.2695599827395966,0.9197651663405089,0.9505392616592719,0.027477500642204836,0.01697180251771714,0.024160792353956642,0.5135326322610481,0.256198658889521,0.045098039215686274,0.11764705882352941,0.9411998218052289,8.245138899590255,0.016666666666666666,0.2620738999994501,0.05,0.025,0.041666666666666664,0.08333333333333333,0.1,0.008333333333333333,0.10833333333333334,0.11666666666666667,0.025,0.0,0.041666666666666664,0.14166666666666666,0.125,0.0,0.075,0.058333333333333334
DVP_039_00c60ed30745,Data/Receipts/0_real/X51005715006.jpg,Receipts,0,619,931,46,0.31196124398233066,0.3122157459191482,0.006787298824329309,0.0045359186102806055,0.00601518787727505,0.23442438716021632,0.027716807546817355,0.9000942131043318,0.0,0.4652229307011003,0.24632142962676942,0.6186017066592573,0.21636676801713747,0.7924071082390953,0.880236305048335,0.05108990140774199,0.03918799251741063,0.023603944838009663,0.4234725413316753,0.20106202485830302,0.03864734299516908,0.08792270531400966,7.944670727207492,25.358812764273434,0.08695652173913043,0.22025529999882565,0.0,0.08695652173913043,0.0,0.0,0.021739130434782608,0.13043478260869565,0.0,0.0,0.13043478260869565,0.08695652173913043,0.10869565217391304,0.13043478260869565,0.08695652173913043,0.08695652173913043,0.043478260869565216,0.08695652173913043
DVP_040_00c7f8f86a6c,Data/Receipts/0_real/X51006311764.jpg,Receipts,0,873,1733,48,0.19549812431331073,0.19604351616653742,0.004084239920136196,0.003314806111934029,0.002649792274346889,0.1924398625429553,0.022804866320446242,0.8696230007689856,0.0,0.3954814204008518,0.1964859915580711,0.5370318336681361,0.2090250805372169,0.6025200458190149,0.7769763416041546,0.04324921611477992,0.0325959963694263,0.026061359290225853,0.37080248716201547,0.17494006449055038,0.03368794326241135,0.10195035460992907,2.7914158362430577,12.74894013163199,0.020833333333333332,0.19624320000002626,0.0,0.125,0.0,0.0,0.125,0.125,0.020833333333333332,0.0,0.125,0.08333333333333333,0.22916666666666666,0.0,0.0625,0.0625,0.041666666666666664,0.0
DVP_041_00cc2dbc33ae,Data/AcademicPosters/0_real/ICLR_2023_11930_Exploring The Role of Mean Teachers in Self-supervised Maske.png,AcademicPosters,0,4266,2400,226,0.32412910817880525,0.3313458645882169,0.00146613214419565,0.00040763205188310675,0.003383971973712531,0.06194793987445494,0.020103244837758112,0.82410576005912,0.22123893805309736,0.6871130011676725,0.2874644804786877,0.514680285901659,0.1946057262241853,0.9620253164556962,0.9534362274186893,0.025610217906322404,0.018342697216563546,0.020124246808162834,0.41546623870496224,0.26357809503798774,0.06426745329400196,0.06729596853490659,3.6306167904846243,16.788539653491497,0.05752212389380531,0.23578529999940656,0.01327433628318584,0.022123893805309734,0.0,0.022123893805309734,0.035398230088495575,0.01327433628318584,0.048672566371681415,0.3185840707964602,0.05752212389380531,0.030973451327433628,0.06637168141592921,0.25663716814159293,0.04424778761061947,0.02654867256637168,0.035398230088495575,0.008849557522123894
DVP_042_00d29d8e111a,Data/AcademicPosters/1_fake/academic_poster_0336.png,AcademicPosters,1,1536,1024,170,0.22826569320126197,0.2290976842244466,0.0013476334366143918,0.0008742014567057291,0.0021055208765022922,0.0802045036764706,0.017400045955882352,0.8422414620480307,0.13529411764705881,0.5561133267298585,0.2809501706341133,0.5549064123551911,0.2492342802105104,0.9166666666666667,0.95703125,0.02986649577761632,0.025150738822439754,0.01596041373227493,0.4789036396049166,0.2332852180118185,0.04622345979812043,0.052697528715628265,5.338657644526123,19.18500401683601,0.13529411764705881,0.25434950000089884,0.023529411764705882,0.041176470588235294,0.01764705882352941,0.058823529411764705,0.09411764705882353,0.052941176470588235,0.047058823529411764,0.08823529411764706,0.041176470588235294,0.08235294117647059,0.06470588235294118,0.11176470588235295,0.029411764705882353,0.08823529411764706,0.08823529411764706,0.07058823529411765
DVP_043_00d9532b88f5,Data/UIScreenshots/1_fake/ui_0547.png,UIScreenshots,1,941,1672,58,0.13566449211619522,0.13566449211619525,0.002339042967520608,0.002380268369697309,0.0011359246760867816,0.11686027337022244,0.021067068140570862,0.8955525785626207,0.0,0.44328839752618915,0.3152702129677925,0.5228667945126729,0.25274411405150765,0.8767268862911796,0.9001196172248803,0.056861212601144885,0.05493185709388999,0.04337968981367442,0.5178335619087635,0.25323335990337276,0.032667876588021776,0.1336963097398669,3.421480985244945,16.503481679214094,0.034482758620689655,0.19814810000025318,0.05172413793103448,0.06896551724137931,0.05172413793103448,0.017241379310344827,0.15517241379310345,0.0,0.10344827586206896,0.0,0.13793103448275862,0.0,0.08620689655172414,0.08620689655172414,0.10344827586206896,0.0,0.06896551724137931,0.06896551724137931
DVP_044_00fc768ab465,Data/Tables/0_real/PMC5732374_table_1.jpg,Tables,0,530,314,73,0.253743540439851,0.25678404037976205,0.003517589594243316,0.0026078596322557383,0.005132690622832702,0.08281209614887566,0.043800715469854284,0.9220951008982781,0.0,0.5507354092131337,0.24389011887777395,0.5120961399222688,0.22896628513156214,0.8028301886792453,0.8694267515923566,0.06014257864990908,0.054148346143597224,0.019332884116146427,0.43217276792005666,0.2003775248278075,0.0547945205479452,0.158675799086758,0.10776622758784449,0.6554864648979016,0.0,0.15399489999981597,0.0273972602739726,0.0821917808219178,0.0273972602739726,0.0547945205479452,0.0136986301369863,0.1095890410958904,0.0547945205479452,0.1095890410958904,0.0136986301369863,0.136986301369863,0.0821917808219178,0.1232876712328767,0.0,0.0821917808219178,0.0273972602739726,0.0547945205479452
DVP_045_0102932205a0,Data/Tables/1_fake/table_0463.png,Tables,1,1345,1169,66,0.17186264751431815,0.17186264751431812,0.0026039795077926987,0.0017401203964879587,0.0034293099988907147,0.08218992903007773,0.0326489877388081,0.9240290523749463,0.0,0.6189383979399642,0.29044373111351957,0.5038069559000644,0.25492132232782055,0.8989781301289227,0.8789563729683489,0.04831000697764317,0.03935689501980553,0.02025922709399976,0.4958670261260217,0.23957447169666088,0.03776223776223776,0.21585081585081586,1.6199840640768837,11.051440551389716,0.015151515151515152,0.32105310000042664,0.030303030303030304,0.07575757575757576,0.0,0.12121212121212122,0.030303030303030304,0.07575757575757576,0.0,0.15151515151515152,0.030303030303030304,0.09090909090909091,0.0,0.18181818181818182,0.030303030303030304,0.06060606060606061,0.0,0.12121212121212122
DVP_046_0107906549df,Data/InfographicCharts/1_fake/infographic_chart_0608.png,InfographicCharts,1,1536,1024,75,0.1834430694580078,0.18344306945800778,0.0024459075927734373,0.0011800130208333333,0.005143671717102454,0.0833420138888889,0.028815104166666668,0.8925419267863994,0.0,0.4749802290283338,0.28285774355684107,0.5749095574028225,0.20917862281146452,0.8880208333333333,0.8994140625,0.06836223452154615,0.0664070478403869,0.019345168533586345,0.45008084945182514,0.21977398840574364,0.056576576576576575,0.0590990990990991,1.9255290488068098,10.386554361984908,0.02666666666666667,0.21933639999951993,0.0,0.06666666666666667,0.013333333333333334,0.02666666666666667,0.05333333333333334,0.02666666666666667,0.06666666666666667,0.09333333333333334,0.14666666666666667,0.13333333333333333,0.09333333333333334,0.06666666666666667,0.04,0.06666666666666667,0.04,0.06666666666666667
DVP_047_010c0e55105c,Data/Tables/0_real/PMC5714864_table_1.jpg,Tables,0,389,306,66,0.2983165749161704,0.29993111211922646,0.004544410789685249,0.003265873615941664,0.003582195457235037,0.11692763106644855,0.04179045355515943,0.893667638235103,0.0,0.5931398180492646,0.2971167682406831,0.4784649316393366,0.23938691600963863,0.8611825192802056,0.9133986928104575,0.0656464505880046,0.05352186413455949,0.023907633232710817,0.4912576999837238,0.23305435717609407,0.046153846153846156,0.12074592074592075,0.4737698090175817,1.871556071680972,0.06060606060606061,0.17153830000097514,0.030303030303030304,0.07575757575757576,0.030303030303030304,0.06060606060606061,0.06060606060606061,0.07575757575757576,0.09090909090909091,0.10606060606060606,0.06060606060606061,0.06060606060606061,0.10606060606060606,0.06060606060606061,0.030303030303030304,0.015151515151515152,0.045454545454545456,0.09090909090909091
DVP_048_010e09ec457f,Data/UIScreenshots/1_fake/ui_0536.png,UIScreenshots,1,941,1672,60,0.1254623162492403,0.1263067641570354,0.00210511273595059,0.0017262507055001044,0.0013920094639179306,0.1415692525681899,0.015510366826156302,0.8490207148298019,0.16666666666666666,0.39824682371956993,0.3088700779459605,0.5579566618587134,0.28666983823703523,0.8958554729011691,0.9745813397129187,0.06058319876279964,0.04703531207263565,0.03597993437582744,0.5303209669332866,0.2827366024174941,0.03672316384180791,0.12542372881355932,18.1219655790985,36.06417706797395,0.2,0.19235309999930905,0.08333333333333333,0.05,0.0,0.03333333333333333,0.11666666666666667,0.08333333333333333,0.0,0.1,0.11666666666666667,0.06666666666666667,0.0,0.05,0.11666666666666667,0.1,0.016666666666666666,0.06666666666666667
DVP_049_0118f3cf4061,Data/CommercialPosters/0_real/5a6f2b1d8c32ec6f8bc5567e_preview.jpg,CommercialPosters,0,1024,576,3,0.11633145686761519,0.11872948540581597,0.03957649513527199,0.03889126247829861,0.01625585411299347,0.2555338541666667,0.16203703703703706,0.9173729520105981,0.0,0.6868447173786291,0.09340049647208107,0.47573077478950393,0.07312089919957813,0.21923368434528767,0.15965523570627582,0.1792815397359814,0.15920208828730026,0.028396632563736982,0.20304982769110924,0.03133246555202947,0.3333333333333333,0.0,1.4105055670443676,0.24247893160481454,0.0,0.188487500001429,0.0,0.0,0.0,0.0,0.0,0.0,0.3333333333333333,0.3333333333333333,0.0,0.0,0.3333333333333333,0.0,0.0,0.0,0.0,0.0
DVP_050_0134146f813d,Data/Receipts/1_fake/receipt_0944.png,Receipts,1,1024,1536,52,0.2021926244099935,0.2021926244099935,0.0038883197001921828,0.002398808797200521,0.0035785710490963863,0.17698317307692307,0.021296574519230768,0.9098131381355071,0.0,0.548220492599657,0.19965171105912582,0.46861278949171375,0.1967757752450883,0.68798828125,0.8883463541666666,0.036110073529401716,0.02988053794512411,0.01369713310393083,0.360106331093721,0.1748372989684632,0.03695324283559578,0.11463046757164404,10.427164680855945,29.291740964021564,0.1346153846153846,0.20534760000009555,0.0,0.09615384615384616,0.0,0.0,0.07692307692307693,0.1346153846153846,0.21153846153846154,0.11538461538461539,0.0,0.07692307692307693,0.09615384615384616,0.09615384615384616,0.0,0.09615384615384616,0.0,0.0
DVP_051_013feef01c56,Data/CommercialPosters/1_fake/commercial_poster_0729.png,CommercialPosters,1,1086,1448,34,0.1365355288552275,0.13663349714599676,0.004018632268999905,0.0021764318346000834,0.00551395968186763,0.14811504712382187,0.022668183295417615,0.9273654583195853,0.0,0.48569830661596747,0.2702689339982884,0.7285549163475061,0.2279371351804803,0.7610497237569062,0.8484223314859904,0.0392711113517803,0.02246418970826034,0.028252114783245047,0.44763623119987184,0.23916285056794812,0.11586452762923351,0.08912655971479501,0.26522223690681346,0.7450283142357123,0.0,0.23866939999970782,0.058823529411764705,0.0,0.0,0.0,0.0,0.058823529411764705,0.0,0.029411764705882353,0.08823529411764706,0.058823529411764705,0.058823529411764705,0.08823529411764706,0.11764705882352941,0.11764705882352941,0.14705882352941177,0.17647058823529413
DVP_052_0143021eaa7a,Data/UIScreenshots/0_real/8555.jpg,UIScreenshots,0,1080,1920,14,0.1072878086419753,0.1072878086419753,0.007663414902998236,0.005128279320987654,0.007117075940403395,0.29431216931216925,0.02671130952380952,0.8802774860552919,0.0,0.4380140060695616,0.2576326964610269,0.27704546063921065,0.22760936913442467,0.9023148148148148,0.8791572822822823,0.12555266173016788,0.08289424802540848,0.1331205651521887,0.44237539689590516,0.24258381272885493,0.03296703296703297,0.23076923076923078,6.98146644700437,23.350768544522385,0.07142857142857142,0.18506100000013248,0.14285714285714285,0.14285714285714285,0.07142857142857142,0.14285714285714285,0.07142857142857142,0.21428571428571427,0.14285714285714285,0.0,0.0,0.0,0.0,0.0,0.07142857142857142,0.0,0.0,0.0
DVP_053_0147eb1ff5d1,Data/InfographicCharts/1_fake/infographic_chart_0596.png,InfographicCharts,1,1402,1122,42,0.16581481509735266,0.16581481509735266,0.003947971788032206,0.0009955220578699642,0.009659400130841505,0.11796073636301882,0.03624480095068331,0.8744491738400952,0.023809523809523808,0.40335441466921074,0.2732405665798964,0.5636994552656897,0.2522049376830641,0.9536376604850214,0.9220097625484851,0.07430972617536724,0.06909438672864046,0.026023006252397687,0.47898862741152326,0.23205632536528467,0.059233449477351915,0.06155632984901278,19.516017775327434,36.89800974182759,0.23809523809523808,0.266352900000129,0.023809523809523808,0.0,0.047619047619047616,0.07142857142857142,0.14285714285714285,0.07142857142857142,0.07142857142857142,0.0,0.16666666666666666,0.07142857142857142,0.047619047619047616,0.047619047619047616,0.0,0.11904761904761904,0.09523809523809523,0.023809523809523808
DVP_054_0155a51ce8a6,Data/UIScreenshots/1_fake/ui_0683.png,UIScreenshots,1,941,1672,20,0.05643047455369173,0.05643047455369173,0.0028215237276845865,0.0024209458531847926,0.002024170788211506,0.13193411264612115,0.021291866028708133,0.8907628756344106,0.05,0.4146918172157279,0.2689947967078819,0.6227571770334929,0.3187517029613835,0.8528161530286928,0.9563397129186603,0.11663623365259634,0.07572120222089654,0.11550950407797071,0.531974281842539,0.28850776306002135,0.042105263157894736,0.05789473684210526,4.5,19.615045245933032,0.05,0.1851514000009047,0.05,0.1,0.0,0.05,0.0,0.0,0.0,0.0,0.15,0.1,0.05,0.05,0.15,0.2,0.0,0.1
DVP_055_015b3d437c3f,Data/Tables/0_real/PMC4663529_table_3.jpg,Tables,0,600,337,114,0.3486498516320475,0.34864985163204754,0.003058332031860066,0.0019782393669634025,0.004999027506580726,0.07105263157894737,0.04432817949919308,0.8945177282176641,0.0,0.5132492974732041,0.23572175977187543,0.5395932033919304,0.22169794984128208,0.8033333333333333,0.9376854599406529,0.05708230131687793,0.05250584229561833,0.015013058921486638,0.4158371621418136,0.19586288725709583,0.05480515447911815,0.10666045645086167,11.46877073151644,29.43246897374218,0.15789473684210525,0.18956539999999222,0.02631578947368421,0.043859649122807015,0.02631578947368421,0.017543859649122806,0.05263157894736842,0.12280701754385964,0.08771929824561403,0.08771929824561403,0.043859649122807015,0.11403508771929824,0.07017543859649122,0.07017543859649122,0.03508771929824561,0.09649122807017543,0.05263157894736842,0.05263157894736842
DVP_056_016cbad5c739,Data/AcademicPosters/0_real/NeurIPS_2022_55073_Biologically Inspired Dynamic Thresholds for Spiking Neural .png,AcademicPosters,0,4320,2880,63,0.14631795777242224,0.14683806745113168,0.0023307629754147885,0.0008608217592592593,0.0046778045107723435,0.09035126396237507,0.01986331569664903,0.7977762029336767,0.31746031746031744,0.44787365623791464,0.2616371540209588,0.5442117290878712,0.28227662471865633,0.8998842592592593,0.9055555555555556,0.050635812985365444,0.041656899896989216,0.038773107462433336,0.49013187578393996,0.2466119419864964,0.04915514592933948,0.055299539170506916,3.0257569524686363,15.812458203681649,0.047619047619047616,0.22679690000040864,0.06349206349206349,0.047619047619047616,0.047619047619047616,0.07936507936507936,0.06349206349206349,0.0,0.031746031746031744,0.031746031746031744,0.14285714285714285,0.06349206349206349,0.09523809523809523,0.031746031746031744,0.06349206349206349,0.09523809523809523,0.12698412698412698,0.015873015873015872
DVP_057_01794c2b6b86,Data/UIScreenshots/1_fake/ui_0553.png,UIScreenshots,1,941,1672,35,0.10428318886941647,0.10446804020969244,0.0029848011488483556,0.0013105776711123767,0.0041994491544978885,0.14094428419614394,0.017019822282980174,0.8343065416924335,0.2,0.4039104419419831,0.21884755814108103,0.4386336405191052,0.23349270321003585,0.7534537725823592,0.9348086124401913,0.058682574448829024,0.0495248806184325,0.03395683054224426,0.40074248245086197,0.22417839959801728,0.047058823529411764,0.07899159663865546,5.916490368547272,21.166298814317265,0.08571428571428572,0.1927073000006203,0.08571428571428572,0.11428571428571428,0.0,0.05714285714285714,0.14285714285714285,0.17142857142857143,0.0,0.11428571428571428,0.0,0.2,0.0,0.0,0.0,0.11428571428571428,0.0,0.0
DVP_058_017aab6a650f,Data/Tables/0_real/PMC4700601_table_0.jpg,Tables,0,370,256,52,0.33288550352213914,0.3362172719594595,0.0064657167684511446,0.0036528716216216216,0.007698707928311055,0.1391891891891892,0.04837740384615385,0.8855048471595484,0.038461538461538464,0.648972534481384,0.2807734821825313,0.4961652138997617,0.25873326284484915,0.841891891891892,0.931640625,0.07773168824829993,0.068359375,0.03131600923887968,0.4929023969294397,0.23306063085930726,0.04675716440422323,0.12594268476621417,8.812764921290595,26.531237359642823,0.11538461538461539,0.14392310000039288,0.019230769230769232,0.019230769230769232,0.07692307692307693,0.09615384615384616,0.019230769230769232,0.038461538461538464,0.11538461538461539,0.11538461538461539,0.038461538461538464,0.038461538461538464,0.11538461538461539,0.07692307692307693,0.057692307692307696,0.038461538461538464,0.038461538461538464,0.09615384615384616
DVP_059_017d3d27150e,Data/Tables/0_real/PMC6163741_table_1.jpg,Tables,0,573,258,53,0.28582162565945624,0.29059620926173957,0.005482947344561124,0.003138655519028099,0.006242191184774867,0.1026704863512134,0.05682316805616498,0.8950476378023532,0.0,0.5588593631663867,0.24055725857902216,0.5350665496562821,0.22070728204556944,0.7207678883071553,0.8585271317829458,0.07278005620847901,0.06976744186046513,0.023844561253297886,0.42443890746118174,0.19263910127299655,0.06821480406386067,0.15312046444121916,10.486306300796558,28.555038675532327,0.1320754716981132,0.16026380000039353,0.018867924528301886,0.07547169811320754,0.0,0.03773584905660377,0.03773584905660377,0.07547169811320754,0.05660377358490566,0.09433962264150944,0.07547169811320754,0.11320754716981132,0.05660377358490566,0.11320754716981132,0.03773584905660377,0.07547169811320754,0.05660377358490566,0.07547169811320754
DVP_060_017dd1a3bd75,Data/UIScreenshots/0_real/37309.jpg,UIScreenshots,0,540,960,30,0.2373647294067792,0.23793692129629623,0.00793123070987654,0.007625385802469136,0.005336381458072366,0.39358024691358023,0.021423611111111115,0.8649390108231851,0.0,0.46587691452000424,0.24304570702817824,0.4453310981639344,0.23832409582468178,0.8014040509778508,0.8583333333333333,0.08510660429540348,0.062040425018803864,0.07983416917201529,0.43275240369006657,0.2290317533505787,0.013793103448275862,0.11494252873563218,0.43857308705323655,0.8763519006295009,0.0,0.18915990000095917,0.06666666666666667,0.06666666666666667,0.03333333333333333,0.03333333333333333,0.03333333333333333,0.26666666666666666,0.0,0.1,0.06666666666666667,0.2,0.0,0.0,0.03333333333333333,0.06666666666666667,0.0,0.03333333333333333
DVP_061_01820d9ac11f,Data/InfographicCharts/0_real/00008926.jpeg,InfographicCharts,0,1200,1200,20,0.1843892361111111,0.18438923611111113,0.009219461805555556,0.0029815972222222223,0.012169689955697408,0.21254166666666668,0.03804166666666666,0.8886962228116211,0.05,0.31576057177483746,0.25535009070997605,0.6118123412080834,0.27439863301161527,0.8233333333333334,0.863338422269242,0.10204099446532829,0.09189204228611436,0.044494827627758506,0.4859529902583645,0.24420389225847275,0.06842105263157895,0.08947368421052632,4.573312281846675,19.632788268421763,0.05,0.6747841999986122,0.0,0.15,0.0,0.0,0.15,0.05,0.0,0.0,0.1,0.0,0.0,0.0,0.25,0.1,0.1,0.1
DVP_062_019b773ed49c,Data/AcademicPosters/0_real/ICML_2024_32933_Don_t trust your eyes_ on the _un_reliability of feature vis.png,AcademicPosters,0,4080,2448,145,0.3283663091754547,0.33486384443483275,0.0023094058236885016,0.0007848543829296424,0.003321864502938739,0.11309668695064232,0.021816542709037635,0.8190408892956834,0.2689655172413793,0.5314704623610802,0.2798685977873906,0.651032398763821,0.19731501868087564,0.8958587394264826,0.8957329207288129,0.028837226005723707,0.020194204415243153,0.023496872043187622,0.4251291975593505,0.2353998064197756,0.08323754789272031,0.061206896551724135,3.391420011104827,15.058238383333872,0.1103448275862069,0.24609140000029583,0.006896551724137931,0.034482758620689655,0.006896551724137931,0.013793103448275862,0.041379310344827586,0.013793103448275862,0.04827586206896552,0.0,0.08275862068965517,0.0896551724137931,0.12413793103448276,0.23448275862068965,0.0896551724137931,0.07586206896551724,0.04827586206896552,0.0896551724137931
DVP_063_019c92e3ffab,Data/CommercialPosters/0_real/5b3f4a3d1eb1c99e2a3b84c2_preview.jpg,CommercialPosters,0,1024,576,8,0.04407606413541521,0.04431576199001736,0.00553947024875217,0.004673428005642361,0.003870712830950083,0.10302734375,0.053385416666666664,0.8925906220103179,0.0,0.4971599150336844,0.015549915341088613,0.5115585144921604,0.18764281431029328,0.0602955861134572,0.5885416666666667,0.07365133659932493,0.060399835249756235,0.045248010913582964,0.242724100484079,0.14871885622581316,0.03571428571428571,0.5357142857142857,0.7009165846510061,0.8565835399341984,0.0,0.19155729999874893,0.0,0.125,0.0,0.0,0.0,0.125,0.125,0.0,0.0,0.375,0.25,0.0,0.0,0.0,0.0,0.0
DVP_064_01a3c38c16b2,Data/Receipts/1_fake/receipt_0367.png,Receipts,1,1023,1537,53,0.206158484969323,0.20615848496932304,0.003889782735270246,0.002119119713092051,0.0036038454665644685,0.16794850513657572,0.022624323295810267,0.9098813940944264,0.0,0.5943727623627187,0.2222675349745834,0.51178475842973,0.18473114265450755,0.7869012707722385,0.8373454782042941,0.039373431487276976,0.03038365241992491,0.01795008844688281,0.3694160617038729,0.1838513270857991,0.040638606676342524,0.1269956458635704,10.388185279599039,28.591020509868557,0.1320754716981132,0.2093738999992638,0.0,0.09433962264150944,0.0,0.0,0.09433962264150944,0.03773584905660377,0.1509433962264151,0.11320754716981132,0.05660377358490566,0.0,0.20754716981132076,0.1509433962264151,0.0,0.05660377358490566,0.018867924528301886,0.018867924528301886
DVP_065_01abd78c859f,Data/UIScreenshots/1_fake/ui_0377.png,UIScreenshots,1,941,1672,41,0.1429915238293783,0.1429915238293783,0.0034875981421799585,0.003336824817332676,0.002189572479345778,0.1977139006246598,0.018890769051231184,0.8393426071180397,0.17073170731707318,0.47564553629612927,0.2620663896303344,0.5142994742004178,0.29973600548823826,0.8079024402965127,0.9569377990430622,0.06380617834024274,0.04963702073263432,0.03803427424197027,0.508494918230602,0.2576817271975185,0.025609756097560974,0.10365853658536585,13.607147891790596,31.993454757094355,0.14634146341463414,0.1907446000004711,0.0975609756097561,0.07317073170731707,0.0,0.07317073170731707,0.0,0.1951219512195122,0.0,0.07317073170731707,0.0,0.17073170731707318,0.0,0.04878048780487805,0.0975609756097561,0.07317073170731707,0.04878048780487805,0.04878048780487805
DVP_066_01ad978401b4,Data/UIScreenshots/0_real/71879.jpg,UIScreenshots,0,540,960,12,0.14076099537037037,0.14076099537037037,0.011730082947530864,0.00814621913580247,0.010154399668969775,0.3895061728395061,0.028472222222222218,0.8901762230960643,0.0,0.5609573401270304,0.20200366189317676,0.5402765178779342,0.30675347673925485,0.6861111111111111,0.896875,0.15430121224124047,0.10658717602652049,0.11874485236493575,0.4804660161232599,0.25196548802168023,0.015151515151515152,0.10606060606060606,0.3348880004966297,0.7784600664621223,0.0,0.18319220000012137,0.0,0.16666666666666666,0.0,0.08333333333333333,0.0,0.25,0.0,0.0,0.0,0.16666666666666666,0.0,0.0,0.0,0.0,0.25,0.08333333333333333
DVP_067_01b2837fcc3a,Data/CommercialPosters/1_fake/commercial_poster_0369.png,CommercialPosters,1,1086,1448,28,0.20817172588245486,0.21655798815664967,0.007734213862737488,0.0022816763835047773,0.026027171601297066,0.14483030781373324,0.032261247040252565,0.8495516653588995,0.14285714285714285,0.39798581194387356,0.26707745446839976,0.511331942071543,0.25208762868871276,0.8001841620626151,0.9112615560970718,0.050521255772819455,0.027334149571949126,0.06145603050535321,0.470049316970463,0.24249066160877567,0.09259259259259259,0.1111111111111111,6.044977285167355,17.813234985886258,0.14285714285714285,0.23853919999965,0.0,0.10714285714285714,0.03571428571428571,0.03571428571428571,0.10714285714285714,0.14285714285714285,0.07142857142857142,0.10714285714285714,0.14285714285714285,0.0,0.0,0.0,0.14285714285714285,0.10714285714285714,0.0,0.0
DVP_068_01b7dd76924d,Data/Tables/0_real/PMC5859550_table_3.jpg,Tables,0,685,337,43,0.31451331127539145,0.3208949728172584,0.007462673786447869,0.004492191730381858,0.007327486885529192,0.19857409607876425,0.040369884756055484,0.8592147650975068,0.023255813953488372,0.42795006173783884,0.23019359124697011,0.4892191129807303,0.26467235787622384,0.7927007299270072,0.9406528189910979,0.07741087884603719,0.08605341246290799,0.03125673646293786,0.45436994392463653,0.21327944263210286,0.036544850498338874,0.08970099667774087,0.3163058101911194,0.8273686663814708,0.0,0.18141339999965567,0.13953488372093023,0.06976744186046512,0.023255813953488372,0.046511627906976744,0.046511627906976744,0.09302325581395349,0.046511627906976744,0.046511627906976744,0.09302325581395349,0.09302325581395349,0.046511627906976744,0.06976744186046512,0.023255813953488372,0.09302325581395349,0.046511627906976744,0.023255813953488372
DVP_069_01bcfb59c00e,Data/Receipts/1_fake/receipt_0550.png,Receipts,1,1023,1537,44,0.22681206408126886,0.22726509538900666,0.005165115804295606,0.004450024199431297,0.0038527175423603874,0.20163511952368254,0.025374105400130118,0.9078585907142994,0.0,0.5211997447952729,0.24138120807439167,0.5086956028753168,0.21331747653425698,0.7091403167310126,0.8703575907914552,0.044058755062511244,0.037557123077818076,0.0198824330241117,0.41601563511229,0.19823202094338988,0.02748414376321353,0.1014799154334038,10.385087519893025,28.571582715054124,0.11363636363636363,0.2096718000011606,0.0,0.06818181818181818,0.045454545454545456,0.0,0.06818181818181818,0.06818181818181818,0.11363636363636363,0.13636363636363635,0.13636363636363635,0.045454545454545456,0.045454545454545456,0.13636363636363635,0.0,0.13636363636363635,0.0,0.0
DVP_070_01c3147af964,Data/CommercialPosters/1_fake/commercial_poster_0730.png,CommercialPosters,1,1086,1448,30,0.07979285583468149,0.07979285583468147,0.002659761861156049,0.0011017291901956594,0.0036589453937203808,0.1414057704112953,0.015239410681399631,0.892287910808079,0.0,0.25464698743382536,0.14466625067626976,0.6788844676289768,0.2512047490452979,0.4562615101289135,0.8874309392265194,0.0364702310897396,0.027056931329601026,0.031193084743998963,0.34739184534573836,0.23060469755433177,0.14022988505747128,0.12413793103448276,0.29246733021446025,0.7504562504419002,0.0,0.2336926999996649,0.13333333333333333,0.0,0.0,0.0,0.03333333333333333,0.0,0.0,0.0,0.13333333333333333,0.06666666666666667,0.0,0.0,0.36666666666666664,0.13333333333333333,0.13333333333333333,0.0
DVP_071_01c448a8c43e,Data/Tables/1_fake/table_0065.png,Tables,1,1402,1122,46,0.24625725663109232,0.24625725663109232,0.0053534186224150505,0.0031785506317687237,0.005958155411489151,0.17834770204056322,0.031969309462915596,0.917182626140423,0.0,0.5438552288794891,0.2723953044717035,0.48804102086595685,0.23107121619025958,0.869472182596291,0.9055258467023173,0.0849662176949162,0.0815515819398299,0.03466705855198081,0.4635679592233335,0.21438696256778694,0.07149758454106281,0.12367149758454106,0.2328675823296177,0.5843250777925052,0.0,0.25519139999960316,0.043478260869565216,0.06521739130434782,0.043478260869565216,0.06521739130434782,0.06521739130434782,0.06521739130434782,0.06521739130434782,0.08695652173913043,0.06521739130434782,0.06521739130434782,0.06521739130434782,0.13043478260869565,0.043478260869565216,0.06521739130434782,0.021739130434782608,0.043478260869565216
DVP_072_01d0a9a5868e,Data/InfographicCharts/0_real/00057060.jpg,InfographicCharts,0,1199,1012,44,0.12074085123637286,0.12074085123637288,0.0027441102553721107,0.0013052296544880946,0.00436496380466201,0.08982864508302373,0.030407833273445917,0.8953536968746189,0.0,0.5012108969363083,0.22006918862405694,0.5515187894578385,0.23597388427250485,0.7373219214462419,0.8727720187933476,0.0534078955554315,0.03941255323220802,0.027194888223909926,0.41728509230852245,0.19734212097921286,0.03488372093023256,0.13002114164904863,4.285820839326103,18.105123483855923,0.045454545454545456,0.28277560000060475,0.0,0.045454545454545456,0.06818181818181818,0.022727272727272728,0.045454545454545456,0.09090909090909091,0.11363636363636363,0.022727272727272728,0.022727272727272728,0.1590909090909091,0.1590909090909091,0.0,0.022727272727272728,0.06818181818181818,0.09090909090909091,0.06818181818181818
DVP_073_01d2c3267b57,Data/CommercialPosters/0_real/5cd68d107d4459dfe1349845_preview.jpg,CommercialPosters,0,1024,1024,4,0.3248996211925176,0.3385739326477051,0.08464348316192627,0.07378697395324707,0.06378570621796195,0.513427734375,0.25830078125,0.9182088717016823,0.0,0.3873715051635286,0.03845005761520971,0.5176040399266785,0.23471488918517552,0.10167810458676818,0.63185497402236,0.21294533510914876,0.20912856262870766,0.00993364884738774,0.35530226621094835,0.15688295845700867,0.0,0.0,13.156649526531663,0.6966228715504518,1.0,0.3114300999986881,0.0,0.25,0.0,0.0,0.0,0.25,0.0,0.0,0.0,0.25,0.0,0.0,0.0,0.25,0.0,0.0
DVP_074_01dd36157623,Data/AcademicPosters/1_fake/academic_poster_0442.png,AcademicPosters,1,1402,1122,191,0.22759691875586976,0.23099576362771798,0.0012094019038100417,0.0006814812554512144,0.002003546560790966,0.0768423568425062,0.014880869053951898,0.8538071118334896,0.10471204188481675,0.5584987398924716,0.27669794865552094,0.5926370813732096,0.2354435856522371,0.9062054208273895,0.9322638146167558,0.023238553281931928,0.018270944741533013,0.013225155332207824,0.46193414691145585,0.22802882098055174,0.06773215761917883,0.05720584182970515,2.4194461540290435,13.445144694404547,0.041884816753926704,0.2779004999993049,0.015706806282722512,0.031413612565445025,0.03664921465968586,0.010471204188481676,0.06282722513089005,0.07329842931937172,0.07329842931937172,0.07853403141361257,0.04712041884816754,0.06282722513089005,0.07329842931937172,0.08376963350785341,0.06806282722513089,0.05235602094240838,0.07329842931937172,0.15706806282722513
DVP_075_01dd5c9ef4fd,Data/Receipts/1_fake/receipt_0458.png,Receipts,1,1024,1536,56,0.2333390428375461,0.23342831929524738,0.004168362844557989,0.002334912618001302,0.0035030435602849143,0.18477957589285715,0.022867838541666664,0.9029544214843986,0.0,0.505886683297591,0.22292892574493922,0.478573275753634,0.20741382501396216,0.6806640625,0.8938802083333333,0.040310350761215266,0.03152346170228315,0.016918992782990708,0.39291574336301105,0.18553807288396143,0.03571428571428571,0.10974025974025974,10.045426553835968,27.98029721453545,0.10714285714285714,0.20732780000071216,0.017857142857142856,0.08928571428571429,0.017857142857142856,0.0,0.10714285714285714,0.05357142857142857,0.17857142857142858,0.10714285714285714,0.08928571428571429,0.07142857142857142,0.07142857142857142,0.10714285714285714,0.0,0.08928571428571429,0.0,0.0
DVP_076_01dd70ff61f2,Data/InfographicCharts/1_fake/infographic_chart_0480.png,InfographicCharts,1,1313,1198,58,0.1810481292125617,0.18143338669297776,0.0031281618395340993,0.0016230401773964476,0.005877769398785916,0.10188565275625706,0.030194001496747454,0.893347250945806,0.034482758620689655,0.4773118435506037,0.23780075413553348,0.46180300622947906,0.23478558507290972,0.841964965727342,0.926742389765109,0.07235031247947862,0.07109524172440307,0.018636201563085025,0.4340099096320797,0.19723261633752961,0.0677555958862674,0.03569267997580157,1.276653779183353,5.433830465238493,0.017241379310344827,0.28956970000035653,0.05172413793103448,0.05172413793103448,0.08620689655172414,0.017241379310344827,0.10344827586206896,0.10344827586206896,0.10344827586206896,0.10344827586206896,0.05172413793103448,0.08620689655172414,0.06896551724137931,0.017241379310344827,0.017241379310344827,0.06896551724137931,0.05172413793103448,0.017241379310344827
DVP_077_01ece75e67f5,Data/UIScreenshots/0_real/52107.jpg,UIScreenshots,0,1080,1920,23,0.26897810570987657,0.26897810570987657,0.011694700248255504,0.009328703703703704,0.006828728853292594,0.47145732689210956,0.025181159420289857,0.875482817193235,0.08695652173913043,0.3982791270413545,0.2197889840783102,0.46956512285864954,0.2906750661229114,0.7967592592592592,0.8786458333333333,0.09615055972877692,0.08194844949932206,0.06995553061111735,0.46319038949945573,0.25124828363894314,0.015810276679841896,0.07114624505928854,0.1274246604137943,0.27050097290723174,0.0,0.18416130000150588,0.08695652173913043,0.08695652173913043,0.0,0.08695652173913043,0.043478260869565216,0.21739130434782608,0.0,0.0,0.08695652173913043,0.17391304347826086,0.0,0.0,0.043478260869565216,0.13043478260869565,0.0,0.043478260869565216
DVP_078_01f03f916ae9,Data/InfographicCharts/1_fake/infographic_chart_0115.png,InfographicCharts,1,1177,1337,52,0.1577509685108648,0.15899384170167552,0.0030575738788783755,0.0015216226744337524,0.005695335312086325,0.11409385007515847,0.023387607157240663,0.892104635051266,0.038461538461538464,0.4426737251523139,0.25750324733250946,0.5641061487599882,0.30760125754051443,0.8300764655904843,0.9048206445584556,0.05307689854594132,0.04508134430208647,0.034195674179046474,0.5137714092463094,0.2533825023723681,0.11840120663650075,0.06862745098039216,0.1612293389135081,0.645584962594621,0.0,0.2801857000013115,0.038461538461538464,0.17307692307692307,0.07692307692307693,0.0,0.09615384615384616,0.038461538461538464,0.0,0.0,0.07692307692307693,0.0,0.038461538461538464,0.038461538461538464,0.038461538461538464,0.1346153846153846,0.09615384615384616,0.15384615384615385
DVP_079_01f0f7822803,Data/Receipts/0_real/X51008099085.jpg,Receipts,0,932,1740,44,0.24720513714664877,0.2524314291352178,0.005737077934891314,0.004906023383158206,0.0037857345833105962,0.21173917284432306,0.028304597701149424,0.9091996335845445,0.0,0.4404647032249862,0.22591217266683425,0.5751024449874539,0.2107046831943114,0.7001072961373391,0.7364942528735632,0.05498211577880802,0.05048360479799599,0.023335715584657895,0.39986737375398346,0.18817641617936134,0.035940803382663845,0.08139534883720931,0.4194272603921893,0.918160319285423,0.0,0.18858360000012908,0.0,0.09090909090909091,0.0,0.0,0.06818181818181818,0.11363636363636363,0.06818181818181818,0.022727272727272728,0.09090909090909091,0.11363636363636363,0.13636363636363635,0.045454545454545456,0.09090909090909091,0.022727272727272728,0.09090909090909091,0.045454545454545456
DVP_080_02038acf881a,Data/Tables/0_real/PMC1326198_table_0.jpg,Tables,0,363,595,80,0.3722715101996317,0.3920804685510567,0.004901005856888209,0.004861448711716091,0.003667396393829551,0.21308539944903582,0.023655462184873948,0.8279369834370627,0.1625,0.5583179150855129,0.2756619003347637,0.5181505580865402,0.26905251881089404,0.8544656006587256,0.9554621848739496,0.04481027086460734,0.0411764705882353,0.022057520950188533,0.49190183588630954,0.24196381966774325,0.02689873417721519,0.17848101265822786,12.311245688635065,30.002207157199365,0.1875,0.14938740000070538,0.025,0.125,0.0,0.0625,0.0125,0.15,0.0,0.1,0.0,0.15,0.0,0.125,0.025,0.1125,0.0,0.1125
DVP_081_02055dc1a918,Data/AcademicPosters/0_real/ICML_2024_33332_Visual Transformer with Differentiable Channel Selection_ An.png,AcademicPosters,0,4071,2880,269,0.422316959409312,0.42693313477442074,0.0015871120251837202,0.00025809246977264664,0.002513626852330725,0.10099817459426043,0.013837257331681124,0.8182539297900377,0.18587360594795538,0.6670641062831376,0.27168251062403753,0.5429618245863727,0.22842124435295888,0.864406779661017,0.9331597222222222,0.01896552009715794,0.013662974927615446,0.017292538908388937,0.44172563983503205,0.24040376113511666,0.053764634078677244,0.1205959052322033,2.047365902574302,12.508595935053561,0.040892193308550186,0.26926149999962945,0.026022304832713755,0.01486988847583643,0.040892193308550186,0.026022304832713755,0.04460966542750929,0.0037174721189591076,0.06691449814126393,0.22676579925650558,0.05204460966542751,0.01858736059479554,0.03345724907063197,0.1524163568773234,0.04460966542750929,0.07434944237918216,0.01858736059479554,0.15613382899628253
DVP_082_020a623627d7,Data/AcademicPosters/0_real/NeurIPS_2022_60029_Deep Neural Imputation_ A Framework for Recovering Incomplet.png,AcademicPosters,0,2500,1768,144,0.17351938049560453,0.17611176470588236,0.001222998366013072,0.0005544117647058823,0.0020121612976375025,0.07599722222222222,0.017797102815485168,0.8092847648301111,0.2986111111111111,0.4968959149103086,0.2469878268171146,0.5271238468983817,0.2616247770012255,0.8672000000000001,0.9242081447963801,0.027135242906454634,0.018531423378966336,0.01814709258906018,0.4592542358378401,0.22315255900264627,0.05108780108780109,0.05914918414918415,5.0340684643811455,19.58860795662704,0.10416666666666667,0.23740600000019185,0.027777777777777776,0.041666666666666664,0.06944444444444445,0.04861111111111111,0.04861111111111111,0.041666666666666664,0.1388888888888889,0.04861111111111111,0.09027777777777778,0.027777777777777776,0.13194444444444445,0.013888888888888888,0.06944444444444445,0.06944444444444445,0.06944444444444445,0.0625
DVP_083_020bcbf9555b,Data/Receipts/1_fake/receipt_0726.png,Receipts,1,1023,1537,65,0.23903727602806243,0.2390372760280624,0.0036774965542778833,0.002119119713092051,0.003169189096197896,0.16886983983758175,0.021440368349932435,0.9056233871568778,0.015384615384615385,0.5100199064931533,0.2630380693236301,0.48501063200786976,0.19199467984883706,0.7854349951124144,0.8981782693558881,0.03228656429161134,0.025091675177674716,0.013265966448958402,0.41598340946035445,0.20584912504095593,0.03798076923076923,0.08990384615384615,8.52183162065196,26.112627930867276,0.09230769230769231,0.21493779999946128,0.015384615384615385,0.07692307692307693,0.0,0.015384615384615385,0.12307692307692308,0.06153846153846154,0.18461538461538463,0.1076923076923077,0.07692307692307693,0.046153846153846156,0.1076923076923077,0.09230769230769231,0.0,0.09230769230769231,0.0,0.0
DVP_084_020c57b53519,Data/Receipts/1_fake/receipt_0978.png,Receipts,1,1024,1536,52,0.1995731989542643,0.1995731989542643,0.0038379461337358523,0.002651532491048177,0.002844720684762819,0.15771484375,0.02410106169871795,0.9101090265315772,0.0,0.4672532350314987,0.21791782205151655,0.4940557971164277,0.21415971238161968,0.63818359375,0.8720703125,0.040388528549822084,0.03662109375,0.015608598217872402,0.39547062575487685,0.18430677688129896,0.03770739064856712,0.1048265460030166,7.105928269349035,24.036595505916782,0.07692307692307693,1.0086045999996713,0.0,0.09615384615384616,0.0,0.0,0.1346153846153846,0.057692307692307696,0.19230769230769232,0.11538461538461539,0.07692307692307693,0.019230769230769232,0.057692307692307696,0.07692307692307693,0.057692307692307696,0.11538461538461539,0.0,0.0
DVP_085_02153df6c4ff,Data/Tables/0_real/PMC5905144_table_0.jpg,Tables,0,685,232,62,0.2895104455071734,0.293543921469922,0.004734579378547129,0.002765542411276114,0.00597488722407484,0.08377678361196139,0.05700778642936595,0.9016383768422122,0.016129032258064516,0.42448438747865974,0.2520984646794977,0.5305039747192316,0.19259393817148235,0.8036496350364963,0.8168103448275862,0.07457455568405225,0.07543456605943395,0.010129595309082478,0.4085176651346971,0.19417855172717063,0.09783183500793231,0.07615018508725542,0.10178042610522564,0.7711740121675679,0.016129032258064516,0.18791330000021844,0.016129032258064516,0.016129032258064516,0.0,0.0,0.12903225806451613,0.11290322580645161,0.11290322580645161,0.06451612903225806,0.16129032258064516,0.0967741935483871,0.0967741935483871,0.04838709677419355,0.04838709677419355,0.04838709677419355,0.03225806451612903,0.016129032258064516
DVP_086_021959f1cc95,Data/Receipts/0_real/X51007103688.jpg,Receipts,0,842,1280,31,0.26665011678001865,0.2727824376484561,0.008799433472530841,0.007387544536817102,0.005263223591583386,0.3209715730595356,0.03276209677419355,0.8722473453579599,0.0,0.5269649391823209,0.21341506557247092,0.5708815674097055,0.1892106508699815,0.7378368003071091,0.6867234187039193,0.04427302710854341,0.028475795080774177,0.024270011420575305,0.37132570059275166,0.17387827931895322,0.034408602150537634,0.13548387096774195,1.4546048515983054,0.5938352972341823,0.0,0.44974589999947057,0.0,0.0,0.03225806451612903,0.0,0.03225806451612903,0.03225806451612903,0.22580645161290322,0.03225806451612903,0.0967741935483871,0.0967741935483871,0.06451612903225806,0.1935483870967742,0.0,0.12903225806451613,0.03225806451612903,0.03225806451612903
DVP_087_021de251c037,Data/CommercialPosters/0_real/5b51f32200f9c6103ae8b3e5_preview.jpg,CommercialPosters,0,940,788,5,0.03172723836267415,0.032068797926341944,0.006413759585268389,0.006962144940058322,0.004743998363416888,0.07489361702127659,0.13730964467005075,0.876899878208037,0.0,0.7859574468085107,0.08068754460967362,0.6414974619289341,0.15586370669779917,0.22446808510638294,0.4041878172588832,0.13263087152970104,0.06258350796436371,0.12563149019026848,0.23602159902126746,0.14595801484410897,0.2,0.0,53.96619727827431,67.29564014557879,0.6,0.6114433000002464,0.0,0.0,0.0,0.0,0.0,0.0,0.0,0.2,0.0,0.0,0.4,0.4,0.0,0.0,0.0,0.0
DVP_088_021e6b7f3d69,Data/Receipts/0_real/X51008114216.jpg,Receipts,0,936,1663,35,0.28755580226915506,0.2961576365439865,0.008461646758399615,0.0071259334638769396,0.005386778447827332,0.31373626373626373,0.027867021733528046,0.9137817317052374,0.0,0.4871232836468842,0.24737538658839747,0.5694134542455906,0.19094597778930245,0.8151709401709402,0.70625375826819,0.04988294373305088,0.03391713283177856,0.026919241912609797,0.40586406769976086,0.19060079727658438,0.030252100840336135,0.1092436974789916,0.24283445908185278,0.5599582749075783,0.0,0.4222900999993726,0.0,0.05714285714285714,0.0,0.0,0.08571428571428572,0.17142857142857143,0.05714285714285714,0.05714285714285714,0.17142857142857143,0.0,0.08571428571428572,0.14285714285714285,0.0,0.14285714285714285,0.0,0.02857142857142857
DVP_089_022217b75e79,Data/CommercialPosters/0_real/5cdd82ea7d4459dfe1a5c7b9_preview.jpg,CommercialPosters,0,940,788,6,0.19214277999783994,0.19891321957014796,0.033152203261691326,0.038906739388702885,0.01222945286854029,0.2953900709219858,0.11209813874788493,0.8387061381718418,0.16666666666666666,0.2537234042553192,0.04709574988745692,0.5953891708967851,0.19115338444131824,0.1595744680851064,0.5881979695431472,0.1510090755066892,0.13889466859729155,0.024468481387504515,0.27536678085999505,0.13111612599829608,0.06666666666666667,0.4,0.0,0.0,0.0,0.5992764000002353,0.0,0.0,0.0,0.0,0.3333333333333333,0.0,0.0,0.0,0.3333333333333333,0.16666666666666666,0.0,0.0,0.0,0.16666666666666666,0.0,0.0
DVP_090_022e6e2fb2a9,Data/Receipts/1_fake/receipt_0681.png,Receipts,1,921,1707,57,0.21912613769577527,0.21912613769577527,0.00384431820518904,0.002307036174098224,0.003250342481957418,0.18707735680134108,0.02011325912907636,0.9117227304509242,0.017543859649122806,0.5309586341035543,0.22711115863253412,0.48871564316220695,0.17773980189080532,0.6859550330789483,0.8131224370240188,0.03652584316992666,0.024604569420035083,0.020844490547910575,0.368721600246876,0.18263789983379958,0.03320802005012531,0.09461152882205513,9.553410198704562,27.65316271155876,0.10526315789473684,0.3805381000001944,0.0,0.0,0.08771929824561403,0.0,0.03508771929824561,0.12280701754385964,0.21052631578947367,0.08771929824561403,0.10526315789473684,0.10526315789473684,0.07017543859649122,0.10526315789473684,0.0,0.07017543859649122,0.0,0.0
DVP_091_0232ea61c149,Data/AcademicPosters/1_fake/academic_poster_0968.png,AcademicPosters,1,1402,1122,182,0.2051310369555673,0.20655461639979555,0.0011349154747241515,0.000717081022527024,0.0015385772412981626,0.06749776614255928,0.016126030831913184,0.855794865438515,0.06593406593406594,0.5316371342303597,0.2593812813486055,0.5520101906314373,0.25453331785956657,0.9204707560627675,0.9518716577540107,0.0296524532067103,0.025001471159967863,0.017067754161060038,0.46237227726480107,0.22760247473628115,0.046505980207637666,0.056523586910327245,4.706359885819068,19.586008265050523,0.04945054945054945,0.6050393999994412,0.04945054945054945,0.027472527472527472,0.054945054945054944,0.016483516483516484,0.08241758241758242,0.03296703296703297,0.0989010989010989,0.04395604395604396,0.038461538461538464,0.038461538461538464,0.14285714285714285,0.08241758241758242,0.04395604395604396,0.06593406593406594,0.10989010989010989,0.07142857142857142
DVP_092_023f9b1d5afe,Data/UIScreenshots/1_fake/ui_0134.png,UIScreenshots,1,941,1672,59,0.12797104525878505,0.12819922051772267,0.0021728681443681807,0.0019906543481687505,0.001617982576164344,0.1286046218411715,0.01740531992539129,0.8806261728714869,0.05084745762711865,0.4341938171867584,0.30631647336240736,0.5216369870637171,0.23840200619923135,0.8581296493092454,0.944677033492823,0.05465736336075241,0.04153744150768547,0.03272877916264086,0.4942235111881859,0.2495377184565739,0.03623611922852133,0.08766803039158387,6.443297537559425,22.723911529690838,0.0847457627118644,0.409745799999655,0.11864406779661017,0.03389830508474576,0.0,0.01694915254237288,0.11864406779661017,0.01694915254237288,0.03389830508474576,0.06779661016949153,0.1016949152542373,0.06779661016949153,0.0847457627118644,0.15254237288135594,0.1016949152542373,0.03389830508474576,0.01694915254237288,0.03389830508474576
DVP_093_02444e18871c,Data/InfographicCharts/1_fake/infographic_chart_0437.png,InfographicCharts,1,1402,1122,84,0.15644743096367414,0.15719871789981715,0.0018714133083311566,0.000709452501010779,0.0039813465518761144,0.07933394470484341,0.02203760291995586,0.8748197385089486,0.047619047619047616,0.42323033745891725,0.2789607706331675,0.5275498757156725,0.24670737784763,0.9277035504591633,0.8975044563279857,0.05001415361751693,0.0382856669632391,0.03156285557640086,0.4786713827688257,0.22711839532208195,0.04159495123350545,0.12019506597819851,6.797373810538703,23.316276399704357,0.10714285714285714,0.5860198999998829,0.011904761904761904,0.07142857142857142,0.0,0.047619047619047616,0.09523809523809523,0.10714285714285714,0.10714285714285714,0.011904761904761904,0.09523809523809523,0.09523809523809523,0.09523809523809523,0.023809523809523808,0.08333333333333333,0.047619047619047616,0.08333333333333333,0.023809523809523808
DVP_094_0247d1ae6c06,Data/Tables/1_fake/table_1000.png,Tables,1,1536,1024,142,0.29047908368324965,0.293701171875,0.0020683181117957744,0.0015354156494140625,0.00211261525554951,0.07961047535211267,0.028698558538732395,0.8967887303092744,0.02112676056338028,0.5262166515592339,0.27723111436944897,0.4755003286018009,0.24965132888479322,0.896484375,0.9150390625,0.0535982198901466,0.05950498103834451,0.013245182484213637,0.4792129307450916,0.22515538142872077,0.06153231445410049,0.08730396563779842,0.42165557012349386,1.1328268277694293,0.007042253521126761,0.48296970000046713,0.028169014084507043,0.09859154929577464,0.06338028169014084,0.07746478873239436,0.056338028169014086,0.08450704225352113,0.056338028169014086,0.08450704225352113,0.056338028169014086,0.08450704225352113,0.056338028169014086,0.08450704225352113,0.04929577464788732,0.04929577464788732,0.028169014084507043,0.04225352112676056
DVP_095_02492978d021,Data/CommercialPosters/0_real/5b27b8f61eb1c99e2ab9474e_preview.jpg,CommercialPosters,0,940,788,2,0.06306431580084243,0.06306431580084243,0.031532157900421215,0.031532157900421215,0.01417607193001404,0.38085106382978723,0.0850253807106599,0.8877395755514399,0.0,0.4988056358019765,0.0022581939852575617,0.2944077164497021,0.04313868091670717,0.004516387970515123,0.08627736183341433,0.08639549134783663,0.08639549134783663,0.0,0.08639549134783663,0.0,0.0,1.0,0.9188944042208149,0.4185073054285837,0.0,0.5743779999993421,0.0,0.0,0.0,0.0,0.0,0.5,0.5,0.0,0.0,0.0,0.0,0.0,0.0,0.0,0.0,0.0
DVP_096_024ea845b456,Data/Receipts/0_real/X51005568829.jpg,Receipts,0,936,1841,83,0.2335150976937185,0.2342975993166107,0.0028228626423688037,0.0018036462903383056,0.0029149278813983604,0.14060086499845534,0.01958731176743912,0.889024811380038,0.03614457831325301,0.45551579380356033,0.24856357279526814,0.5480816781360619,0.19723609241108558,0.7569444444444445,0.8280825638240087,0.03753668937460514,0.032820065933688934,0.014484997129771474,0.405392878511459,0.19870636648683332,0.0496620628856891,0.10461357625624448,17.487776240811836,35.47646631158478,0.1927710843373494,0.38433599999916623,0.0,0.060240963855421686,0.0,0.0,0.0963855421686747,0.10843373493975904,0.07228915662650602,0.060240963855421686,0.13253012048192772,0.10843373493975904,0.14457831325301204,0.07228915662650602,0.012048192771084338,0.04819277108433735,0.024096385542168676,0.060240963855421686
DVP_097_02500044356e,Data/InfographicCharts/0_real/00016747.jpeg,InfographicCharts,0,960,684,34,0.17703460038986354,0.17749908625730995,0.005220561360509116,0.0034478557504873295,0.005368356481772767,0.14200367647058826,0.03766769865841073,0.8805170847633071,0.029411764705882353,0.3802683786919739,0.2902292674342409,0.5321859490330639,0.2517709344881942,0.8569912371457237,0.9078947368421053,0.07991758975363114,0.07198000097790537,0.04297781770532805,0.49252227976229096,0.24821730744982878,0.053475935828877004,0.12299465240641712,0.4770328913202524,0.8761286957761951,0.0,0.5196262999997998,0.029411764705882353,0.058823529411764705,0.0,0.029411764705882353,0.2647058823529412,0.0,0.0,0.11764705882352941,0.14705882352941177,0.0,0.058823529411764705,0.029411764705882353,0.17647058823529413,0.0,0.058823529411764705,0.029411764705882353
DVP_098_026c06614ebc,Data/Tables/1_fake/table_0483.png,Tables,1,1358,1158,183,0.27517304149024785,0.2762447188158956,0.0015095339826005222,0.0014384152250719207,0.0009510750350745213,0.06849915900110254,0.023570882527817884,0.8782628692957386,0.01639344262295082,0.4567555539777915,0.2685272902844009,0.5008600813588553,0.26005742370915846,0.9016936671575847,0.9220771222915543,0.030672766113332067,0.025972062428813888,0.017473697344650763,0.4793251223357691,0.2263990602854911,0.05542544886807182,0.09595868612262055,1.8997837972934593,9.559129901381969,0.03278688524590164,0.7326223000000027,0.06557377049180328,0.08196721311475409,0.0546448087431694,0.03825136612021858,0.08743169398907104,0.08196721311475409,0.07650273224043716,0.04918032786885246,0.07103825136612021,0.06557377049180328,0.06557377049180328,0.03825136612021858,0.06557377049180328,0.060109289617486336,0.060109289617486336,0.03825136612021858
DVP_099_0275720d8098,Data/UIScreenshots/0_real/8592.jpg,UIScreenshots,0,540,960,21,0.10830922067901234,0.10830922067901236,0.005157581937095827,0.004128086419753086,0.003972341432026359,0.23527336860670198,0.023015873015873014,0.8680097371949972,0.09523809523809523,0.4005087585126917,0.2652992464971082,0.4478640931544692,0.2516626867909994,0.8601851851851852,0.8963541666666667,0.102835531939106,0.06372775994563608,0.07555682844533954,0.4707843726896971,0.2432477142179229,0.023809523809523808,0.09047619047619047,0.5788564767144676,1.4857485986246295,0.047619047619047616,0.4636372000004485,0.14285714285714285,0.047619047619047616,0.09523809523809523,0.047619047619047616,0.047619047619047616,0.09523809523809523,0.047619047619047616,0.0,0.14285714285714285,0.14285714285714285,0.0,0.09523809523809523,0.0,0.047619047619047616,0.047619047619047616,0.0
DVP_100_0275cd7b3eb8,Data/CommercialPosters/1_fake/commercial_poster_0315.png,CommercialPosters,1,1086,1448,42,0.16715065362426906,0.16785583468148105,0.003996567492416216,0.00244383565825219,0.006190944199403183,0.16539507147241952,0.021178637200736646,0.8659948807087571,0.047619047619047616,0.3671095414461221,0.24161001770283558,0.6326880140916069,0.26185331565633063,0.7601289134438306,0.9036602209944752,0.03888293235088825,0.02333055346861803,0.027779295898350712,0.4446658753716851,0.24969921587449503,0.07317073170731707,0.11962833914053426,0.5210236552605109,1.1501067797491453,0.0,0.5453594999999041,0.047619047619047616,0.023809523809523808,0.0,0.0,0.21428571428571427,0.047619047619047616,0.0,0.0,0.23809523809523808,0.0,0.023809523809523808,0.023809523809523808,0.07142857142857142,0.09523809523809523,0.09523809523809523,0.11904761904761904
DVP_101_028675fa3647,Data/Receipts/0_real/X51006620186.jpg,Receipts,0,888,2603,58,0.2999711935557285,0.30001678589846087,0.005172703205145877,0.004415816123461149,0.0030815765820987225,0.30022910841876355,0.017645422390610302,0.9098740480673654,0.017241379310344827,0.4928324871240733,0.26557971371230604,0.5323713084566977,0.20570838958231377,0.7820945945945946,0.7929312331924703,0.04732696971265981,0.050633871144505356,0.02216021814887554,0.43284436396591225,0.20567548648870165,0.05565638233514821,0.08166969147005444,0.05667768417568026,0.27246867081216536,0.0,0.259897899999487,0.0,0.10344827586206896,0.0,0.0,0.10344827586206896,0.10344827586206896,0.05172413793103448,0.08620689655172414,0.15517241379310345,0.034482758620689655,0.05172413793103448,0.13793103448275862,0.017241379310344827,0.08620689655172414,0.017241379310344827,0.05172413793103448
DVP_102_02928c727622,Data/CommercialPosters/0_real/5bf28e0d41fdeab19f9d2597_preview.jpg,CommercialPosters,0,1024,512,5,0.0909128189086914,0.0909128189086914,0.01818256378173828,0.002140045166015625,0.020346169108879562,0.16171875,0.08203125,0.8828860409361086,0.0,0.6047327971250291,0.23224373521360175,0.5941488615915721,0.3499708779023448,0.7158203125,0.93359375,0.268677256759083,0.220703125,0.16155366149674516,0.5860211155253766,0.31244387011534086,0.1,0.0,18.7134257701156,36.37446425060414,0.2,0.41246440000031726,0.2,0.0,0.0,0.0,0.0,0.0,0.2,0.0,0.0,0.0,0.2,0.0,0.0,0.0,0.2,0.2
DVP_103_02a4e6d7446a,Data/AcademicPosters/0_real/NeurIPS_2022_63439_Structured Priors for Disentangling Pathology and Anatomy in.png,AcademicPosters,0,2500,1666,189,0.20393006166084973,0.20468355342136857,0.0010829817641342253,0.0004837935174069628,0.0016056451755524699,0.06693333333333333,0.018140589569160998,0.8426292368590081,0.19047619047619047,0.549220686854013,0.3157891867978382,0.5982827532018576,0.27451180704355993,0.9022,0.8907563025210085,0.029689661287952494,0.022307709840672606,0.018587765440004143,0.5292174223026898,0.26823600367486866,0.07114713497692221,0.060790273556231005,9.35842421015228,26.680333303726393,0.14814814814814814,0.5049887000004674,0.026455026455026454,0.015873015873015872,0.06349206349206349,0.07407407407407407,0.05291005291005291,0.026455026455026454,0.015873015873015872,0.06878306878306878,0.1164021164021164,0.031746031746031744,0.010582010582010581,0.026455026455026454,0.12169312169312169,0.026455026455026454,0.047619047619047616,0.2751322751322751
DVP_104_02b7f3ee0064,Data/CommercialPosters/0_real/5c373fba048d064dbc2a96ca_preview.jpg,CommercialPosters,0,1024,1024,3,0.11018991470336914,0.11018991470336914,0.03672997156778971,0.04480123519897461,0.02307607457978871,0.3665364583333333,0.08821614583333333,0.9385637842477376,0.0,0.25867878916343673,0.05880114576958,0.38647524022932817,0.12000222596407858,0.13525390625,0.29345703125,0.1547807217969036,0.13437617464332194,0.02885638731867653,0.2176974522189976,0.07862662550182838,0.0,0.0,0.32362918374928523,0.3987347117288783,0.0,0.757711800000834,0.3333333333333333,0.0,0.0,0.0,0.0,0.3333333333333333,0.0,0.0,0.0,0.3333333333333333,0.0,0.0,0.0,0.0,0.0,0.0
DVP_105_02baf01caec4,Data/InfographicCharts/0_real/00014510.jpeg,InfographicCharts,0,1200,1200,25,0.17950099863172267,0.18323194444444443,0.0073292777777777774,0.004035416666666666,0.011169627365727002,0.1726,0.03623333333333333,0.8795846738281096,0.08,0.3748725256391577,0.20400112412999005,0.5188419549554161,0.32184530804969885,0.7904166666666667,0.8624999999999999,0.06852383376032377,0.059972505274407936,0.04611711369480503,0.4827718757447214,0.26350163122150166,0.08333333333333333,0.03666666666666667,0.24519024697601766,0.5209105753803288,0.0,0.7529914999995526,0.16,0.16,0.04,0.0,0.04,0.04,0.04,0.0,0.0,0.0,0.0,0.0,0.12,0.2,0.16,0.04
DVP_106_02beb0a67404,Data/InfographicCharts/0_real/00055388.jpg,InfographicCharts,0,1200,1202,61,0.16415030918235507,0.16537333610648916,0.002711038296827691,0.0015099833610648919,0.002834762501378119,0.1379371584699454,0.02278988570960967,0.896718617974035,0.0,0.5135794642873899,0.20393058992027988,0.5217746355130217,0.23235582947055103,0.6994799109111758,0.8772878535773712,0.03866031064816942,0.027270724116819238,0.028096496773197876,0.39518848621606356,0.1953606705142001,0.017486338797814208,0.08579234972677596,0.6618889684720862,1.3382390626631266,0.0,0.7713411000004271,0.01639344262295082,0.08196721311475409,0.0,0.04918032786885246,0.0,0.16393442622950818,0.09836065573770492,0.08196721311475409,0.0,0.14754098360655737,0.14754098360655737,0.0,0.03278688524590164,0.08196721311475409,0.09836065573770492,0.0
DVP_107_02c420df5932,Data/Receipts/0_real/X51005705784.jpg,Receipts,0,787,2204,85,0.2738145214139394,0.2776368829228133,0.0032663162696801563,0.0018673452680467765,0.0032291819087108178,0.19352716944465204,0.017150635208711434,0.8799768417879261,0.023529411764705882,0.5239025635238959,0.23644107924104205,0.558324129702264,0.22483374915712712,0.9147638273823397,0.9026665688430547,0.03526007355451403,0.02880529484317849,0.028473926665715025,0.4163369964857853,0.20520072145418086,0.05630252100840336,0.08627450980392157,9.003151521084124,26.141894944902237,0.1411764705882353,0.2899508999998943,0.023529411764705882,0.09411764705882353,0.011764705882352941,0.0,0.058823529411764705,0.09411764705882353,0.07058823529411765,0.047058823529411764,0.058823529411764705,0.1411764705882353,0.07058823529411765,0.10588235294117647,0.011764705882352941,0.07058823529411765,0.07058823529411765,0.07058823529411765
DVP_108_02cc39f73e5d,Data/AcademicPosters/0_real/NeurIPS_2023_71807_Practical Differentially Private Hyperparameter Tuning with .png,AcademicPosters,0,3370,2383,195,0.3502484101246788,0.36029329909808727,0.0018476579440927553,0.0008163661743482208,0.0020258600581153302,0.12255953739633266,0.013529595317257928,0.7950318609392807,0.31794871794871793,0.5522545454236445,0.30393802118294977,0.5657655934747879,0.26028487262704425,0.9224035608308606,0.9211078472513639,0.026244650646709507,0.01987869659805873,0.01681260935702807,0.5100762347667117,0.2484473687354914,0.05450700502246894,0.08474755485064764,0.2680263268700227,1.8847213687937123,0.015384615384615385,0.5300702000004094,0.046153846153846156,0.035897435897435895,0.015384615384615385,0.02564102564102564,0.06666666666666667,0.06153846153846154,0.020512820512820513,0.1282051282051282,0.05641025641025641,0.06666666666666667,0.035897435897435895,0.11282051282051282,0.06153846153846154,0.07692307692307693,0.03076923076923077,0.15897435897435896
DVP_109_02cdf19a37bd,Data/Receipts/0_real/X51005676539.jpg,Receipts,0,933,1861,58,0.26682587956264375,0.2676622820885405,0.004614866932561043,0.0032062191551868813,0.003865047980107534,0.19867317145285876,0.02376364209082992,0.924039843900177,0.0,0.5127624557362676,0.22853464360663783,0.577430816453467,0.22322835848366757,0.8043944265809218,0.8412144008597527,0.0387451671319147,0.031105925877217357,0.021823253376202723,0.4124233598168893,0.19392255143946135,0.03145795523290986,0.0780399274047187,6.382447718910424,22.82804055103397,0.06896551724137931,0.3994784000005893,0.0,0.08620689655172414,0.0,0.0,0.08620689655172414,0.10344827586206896,0.08620689655172414,0.017241379310344827,0.05172413793103448,0.06896551724137931,0.08620689655172414,0.15517241379310345,0.034482758620689655,0.08620689655172414,0.06896551724137931,0.06896551724137931
DVP_110_02ce358ab638,Data/UIScreenshots/0_real/8560.jpg,UIScreenshots,0,1080,1920,20,0.09168199542548501,0.09182677469135803,0.004591338734567902,0.002487943672839506,0.00455180029870334,0.1988425925925926,0.021979166666666668,0.8540204165615934,0.1,0.48381944444444447,0.2489527738415362,0.32419270833333336,0.256183642058029,0.8972222222222223,0.878125,0.10416143824370008,0.06250217010121417,0.1070069600173356,0.4616741712103488,0.23559375333153576,0.12105263157894737,0.15789473684210525,0.18726843442910876,0.6353991228121136,0.0,0.4139353000009578,0.15,0.15,0.15,0.1,0.0,0.1,0.0,0.0,0.05,0.15,0.05,0.05,0.0,0.05,0.0,0.0
DVP_111_02d2900ddb7d,Data/UIScreenshots/0_real/56610.jpg,UIScreenshots,0,1080,1920,22,0.06591917438271605,0.06601176697530864,0.003000534862514029,0.0013917824074074073,0.003408829185014461,0.13480639730639732,0.018986742424242423,0.8103716335945773,0.2727272727272727,0.5980951798325548,0.23565737326456757,0.4784332178830001,0.286927229582693,0.7620370370370371,0.8817708333333333,0.1301555769060917,0.12284259000100883,0.053089689293115624,0.4877608377436756,0.22570403134081096,0.06926406926406926,0.0735930735930736,16.571326876691288,34.72360587250818,0.18181818181818182,0.46759560000100464,0.09090909090909091,0.0,0.045454545454545456,0.09090909090909091,0.045454545454545456,0.045454545454545456,0.13636363636363635,0.13636363636363635,0.0,0.0,0.13636363636363635,0.0,0.045454545454545456,0.045454545454545456,0.13636363636363635,0.045454545454545456
DVP_112_02e23210677c,Data/CommercialPosters/1_fake/commercial_poster_0288.png,CommercialPosters,1,1448,1086,27,0.1708929825096914,0.17545061200818043,0.006498170815117794,0.00210807057171637,0.023769072130200748,0.099524248004911,0.032023736443625946,0.8516445527299796,0.2222222222222222,0.6501783904410849,0.2549739054419807,0.5857286736202564,0.2427930637376951,0.868439226519337,0.783609576427256,0.0579420422950448,0.040269004798655465,0.04595859768645352,0.4205428298838304,0.28390042971905816,0.06552706552706553,0.150997150997151,3.868950098233235,17.17168171598609,0.07407407407407407,0.5269325000008394,0.037037037037037035,0.0,0.037037037037037035,0.0,0.1111111111111111,0.0,0.1111111111111111,0.07407407407407407,0.0,0.0,0.25925925925925924,0.037037037037037035,0.0,0.0,0.18518518518518517,0.14814814814814814
DVP_113_0301352ea55d,Data/CommercialPosters/1_fake/commercial_poster_0487.png,CommercialPosters,1,1448,1086,8,0.17857817518016322,0.19019629539187854,0.023774536923984818,0.007438977239197012,0.041009148409907645,0.20752762430939226,0.07838397790055249,0.8189630034293298,0.125,0.2693160578239093,0.06771435269451474,0.5520822974958389,0.15220546528160073,0.267430259031753,0.4977182706624889,0.10159888802178452,0.11104327444928566,0.05010260005162222,0.22436899646129516,0.11441632597509248,0.10714285714285714,0.2857142857142857,1.3650734233443842,2.2647072153845973,0.125,0.5885935000005702,0.0,0.125,0.0,0.0,0.0,0.125,0.0,0.0,0.125,0.625,0.0,0.0,0.0,0.0,0.0,0.0
DVP_114_0312b40955d7,Data/InfographicCharts/0_real/00027443.jpeg,InfographicCharts,0,1200,1200,22,0.27513619147794177,0.2761315972222222,0.012551436237373736,0.008206770833333335,0.014511278519946257,0.30734848484848487,0.03882575757575757,0.895745329952738,0.0,0.3836804112643767,0.23153087347562248,0.5541677978196677,0.27056697496816073,0.8604166666666666,0.8658333333333333,0.12375032497242291,0.10603647667267072,0.06712793967439877,0.46073580718032014,0.23114068088044007,0.03463203463203463,0.06493506493506493,0.20842009420710508,0.6068302399377262,0.0,0.749853000001167,0.0,0.09090909090909091,0.045454545454545456,0.0,0.13636363636363635,0.13636363636363635,0.0,0.045454545454545456,0.09090909090909091,0.09090909090909091,0.0,0.045454545454545456,0.13636363636363635,0.09090909090909091,0.045454545454545456,0.045454545454545456
DVP_115_0318c2e08df7,Data/Tables/1_fake/table_0487.png,Tables,1,1312,1199,139,0.2076688614845344,0.20962622561484165,0.0015081023425528176,0.000996765597347383,0.0021297530069013986,0.06184198982277594,0.025884880085922924,0.9076446419712333,0.0,0.5152695533974175,0.301317065897753,0.5166810340424267,0.24105278578895906,0.897484756097561,0.9426719235726742,0.02905752316027621,0.026271893244370292,0.011249483656652041,0.49416383972466876,0.23612896284956628,0.026900218955270568,0.15900323219685122,10.853870054147889,28.859073317634792,0.1510791366906475,0.7309069000002637,0.02877697841726619,0.03597122302158273,0.04316546762589928,0.050359712230215826,0.06474820143884892,0.05755395683453238,0.05755395683453238,0.1223021582733813,0.07194244604316546,0.06474820143884892,0.05755395683453238,0.1223021582733813,0.050359712230215826,0.050359712230215826,0.04316546762589928,0.07913669064748201
DVP_116_031ee141cbe8,Data/Tables/1_fake/table_0411.png,Tables,1,1312,1199,363,0.35588059917817694,0.35618382442685975,0.000981222656823305,0.0008009723550112898,0.0013255267378896932,0.04028295706510784,0.024411987032352492,0.8909507551183536,0.02203856749311295,0.5570656361292261,0.2543385586050667,0.5442336153368719,0.23086874340937769,0.9291158536585366,0.9455831837265517,0.033931249429508016,0.03169307756463724,0.008933477888741216,0.43872239013359976,0.21012256565886767,0.03835441304050043,0.05812519976256792,6.841906127105169,23.65970680422399,0.08264462809917356,0.7432845999992423,0.01652892561983471,0.03856749311294766,0.03581267217630854,0.027548209366391185,0.046831955922865015,0.0881542699724518,0.11019283746556474,0.0881542699724518,0.04132231404958678,0.07713498622589532,0.09641873278236915,0.07713498622589532,0.03856749311294766,0.06887052341597796,0.08264462809917356,0.06611570247933884
DVP_117_0325723ec38b,Data/CommercialPosters/0_real/5ca7253923c829c8213e6cd2_preview.jpg,CommercialPosters,0,1024,576,8,0.12647840711805555,0.12647840711805555,0.015809800889756944,0.005641513400607639,0.016566421223317966,0.19091796875,0.08355034722222224,0.8707339655112454,0.125,0.31308970584462237,0.20011755787232666,0.6038394689173562,0.2574594732176336,0.6409481155069787,0.71875,0.15485158211683708,0.10482306679362609,0.14216206953361987,0.4481753171957907,0.20538843773540555,0.07142857142857142,0.0,4.330331936556496,11.388147292795427,0.125,0.483458900000187,0.125,0.0,0.0,0.0,0.125,0.0,0.0,0.125,0.0,0.125,0.0,0.0,0.25,0.25,0.0,0.0
DVP_118_038d09fb52e0,Data/AcademicPosters/0_real/ICLR_2023_13489_Understanding forest resilience to drought with Shapley valu.png,AcademicPosters,0,4200,2800,181,0.29383707842640727,0.2974656887755102,0.0016434568440635924,0.0011173469387755102,0.0015643882515162123,0.11292159957905815,0.015224940805051301,0.8189859166752261,0.2265193370165746,0.4578310505389676,0.2717395118913327,0.5648984546173484,0.2631381463863002,0.8922619185359623,0.9420661128273635,0.02659831184990606,0.019729713708699997,0.018803542673806326,0.48383912326860795,0.23164114130618235,0.04137507673419276,0.06206261510128913,2.2220436478214345,12.67954748974704,0.03867403314917127,0.5094196000009106,0.04419889502762431,0.03314917127071823,0.03314917127071823,0.03867403314917127,0.07734806629834254,0.06629834254143646,0.049723756906077346,0.04419889502762431,0.11049723756906077,0.0718232044198895,0.08839779005524862,0.06077348066298342,0.07734806629834254,0.06629834254143646,0.06077348066298342,0.07734806629834254
DVP_119_03c8de266eae,Data/Tables/1_fake/table_0921.png,Tables,1,1402,1122,119,0.3707447038583885,0.372345910222473,0.003128957228760277,0.0023451346561189643,0.002341809640622797,0.12314340857598387,0.025607034257553295,0.9099908925728887,0.0,0.5322987218106138,0.2856960854123901,0.4797219572405818,0.24174486797274922,0.8634094151212554,0.9385056616130741,0.03574631075407723,0.03387560260780249,0.009603129923121703,0.47955161419521053,0.22919394514465388,0.032616436405070504,0.15923657598632673,0.1638630905418767,0.496886373345506,0.0,0.6067132999996829,0.03361344537815126,0.05042016806722689,0.04201680672268908,0.07563025210084033,0.06722689075630252,0.06722689075630252,0.06722689075630252,0.13445378151260504,0.058823529411764705,0.058823529411764705,0.058823529411764705,0.11764705882352941,0.058823529411764705,0.03361344537815126,0.025210084033613446,0.05042016806722689
DVP_120_042ba6e59683,Data/Tables/1_fake/table_0548.png,Tables,1,1314,1197,93,0.18142057081375101,0.18157869305429988,0.0019524590650999987,0.0011444135452787219,0.0023923046420823903,0.07785469959575128,0.02532316454217982,0.9048558317201655,0.0,0.5953398231225561,0.2667711224705536,0.5090926874578053,0.26101984655622423,0.8378995433789954,0.9160401002506265,0.03598422146057252,0.027579424420826587,0.02057540616582891,0.47782722071023553,0.23088038651250928,0.024544179523141654,0.19097709209911173,15.802274426169644,34.12305980501214,0.17204301075268819,0.710723300000609,0.03225806451612903,0.06451612903225806,0.053763440860215055,0.06451612903225806,0.03225806451612903,0.07526881720430108,0.07526881720430108,0.08602150537634409,0.021505376344086023,0.08602150537634409,0.08602150537634409,0.08602150537634409,0.03225806451612903,0.06451612903225806,0.06451612903225806,0.07526881720430108
