scope,feature_group,feature,real_mean,fake_mean,cohen_d_fake_minus_real,absolute_cohen_d
pooled,quantity_only,region_count,60.156666666666666,81.98333333333333,0.3332265482010571,0.3332265482010571
pooled,quantity_only,union_coverage_norm,0.20583322741501317,0.19006125805943738,-0.17363128858669552,0.17363128858669552
pooled,quantity_only,sum_box_area_norm,0.20938280025910536,0.1912190863252687,-0.19508449890403476,0.19508449890403476
pooled,quantity_only,mean_box_area_norm,0.007379170499535655,0.003392242222058376,-0.6318905283299492,0.6318905283299492
pooled,quantity_only,median_box_area_norm,0.00522178987593586,0.0019761158790121075,-0.5734444120173614,0.5734444120173614
pooled,quantity_only,std_box_area_norm,0.007325249108595371,0.004584040671770801,-0.3791898993390362,0.3791898993390362
pooled,quantity_only,mean_box_width_norm,0.1775981877824742,0.12894715632539727,-0.6492737654788259,0.6492737654788259
pooled,quantity_only,mean_box_height_norm,0.03917164793668936,0.023841193386982592,-0.6539042049697702,0.6539042049697702
pooled,quantity_only,mean_confidence,0.871100255655031,0.8826797210290912,0.3751182346730877,0.3751182346730877
pooled,quantity_only,low_confidence_fraction,0.07993073317590962,0.051052396843223026,-0.33839696948060105,0.33839696948060105
pooled,arrangement_only,center_x_mean,0.47784286373057494,0.4836104700931706,0.061041742505679834,0.061041742505679834
pooled,arrangement_only,center_x_std,0.22229229133378728,0.25064781416933507,0.4435434755136523,0.4435434755136523
pooled,arrangement_only,center_y_mean,0.5009818084335155,0.5355586365401309,0.3988137849484795,0.3988137849484795
pooled,arrangement_only,center_y_std,0.2301670328227214,0.24373093762488954,0.270216794961143,0.270216794961143
pooled,arrangement_only,center_x_span,0.7193242407300855,0.806573839844763,0.44587348216758754,0.44587348216758754
pooled,arrangement_only,center_y_span,0.7863416299473566,0.8990179158284929,0.7343325231128792,0.7343325231128792
pooled,arrangement_only,nearest_neighbor_mean_norm,0.07682528523236064,0.04960348134106949,-0.7516045779461722,0.7516045779461722
pooled,arrangement_only,nearest_neighbor_median_norm,0.06353935796473084,0.040459656936145075,-0.6986297888152989,0.6986297888152989
pooled,arrangement_only,nearest_neighbor_std_norm,0.04508386384521757,0.029413457304388876,-0.4907547332631434,0.4907547332631434
pooled,arrangement_only,pairwise_distance_mean_norm,0.42013443335522493,0.44856049776661183,0.3403776393177185,0.3403776393177185
pooled,arrangement_only,pairwise_distance_std_norm,0.21094844047527844,0.2247722744576385,0.3076788064927041,0.3076788064927041
pooled,arrangement_only,row_alignment_fraction,0.06969534753858411,0.05445560711179143,-0.2921154859840184,0.2921154859840184
pooled,arrangement_only,column_alignment_fraction,0.14501243512571924,0.09946669208550296,-0.33688070913586166,0.33688070913586166
pooled,arrangement_only,angle_mean_abs_deg,4.910667270849933,4.423786467567203,-0.07774289624423399,0.07774289624423399
pooled,arrangement_only,angle_std_deg,12.864078639762832,14.207212662821378,0.10903803473123733,0.10903803473123733
pooled,arrangement_only,rotated_fraction_gt_5deg,0.07221495743055041,0.06799816447867352,-0.043612565693970824,0.043612565693970824
pooled,arrangement_only,center_grid_4_0_0,0.04669729549230762,0.041294624978831226,-0.10146505165421543,0.10146505165421543
pooled,arrangement_only,center_grid_4_0_1,0.0723237514263238,0.054295863623417165,-0.32202431297254697,0.32202431297254697
pooled,arrangement_only,center_grid_4_0_2,0.03791426437217917,0.03544216133694773,-0.0561251224680697,0.0561251224680697
pooled,arrangement_only,center_grid_4_0_3,0.040580819026655106,0.02969666791656734,-0.2193145743659236,0.2193145743659236
pooled,arrangement_only,center_grid_4_1_0,0.07135403208774467,0.07898617291026802,0.12239799841944765,0.12239799841944765
pooled,arrangement_only,center_grid_4_1_1,0.09474991598020803,0.07157879359092748,-0.28678004121120865,0.28678004121120865
pooled,arrangement_only,center_grid_4_1_2,0.07282967987970594,0.07572453753615144,0.036483349157690095,0.036483349157690095
pooled,arrangement_only,center_grid_4_1_3,0.05915896021623846,0.06663682057114184,0.11925743219061681,0.11925743219061681
pooled,arrangement_only,center_grid_4_2_0,0.07378236185508188,0.08277806750366387,0.12290707005164847,0.12290707005164847
pooled,arrangement_only,center_grid_4_2_1,0.08195401287348372,0.07016860534888465,-0.15741789188575878,0.15741789188575878
pooled,arrangement_only,center_grid_4_2_2,0.07105641357233897,0.07061278066840372,-0.005941298520324329,0.005941298520324329
pooled,arrangement_only,center_grid_4_2_3,0.05939117594112729,0.07552212758974937,0.25871904862592887,0.25871904862592887
pooled,arrangement_only,center_grid_4_3_0,0.052496686788827955,0.058462200461725546,0.1041242773191277,0.1041242773191277
pooled,arrangement_only,center_grid_4_3_1,0.06670615519329598,0.07671115263657181,0.16482619339087984,0.16482619339087984
pooled,arrangement_only,center_grid_4_3_2,0.057148891846471164,0.06040877084303568,0.049208591066996654,0.049208591066996654
pooled,arrangement_only,center_grid_4_3_3,0.04185558344800985,0.05168065248371259,0.19405067633167836,0.19405067633167836
pooled,arrangement_only,center_grid_8_0_0,0.00857437682409351,0.009111190871180206,0.0280323850344328,0.0280323850344328
pooled,arrangement_only,center_grid_8_0_1,0.011172596072997828,0.0074268010218829575,-0.15426239418466903,0.15426239418466903
pooled,arrangement_only,center_grid_8_0_2,0.012826179427012523,0.00791978526632395,-0.2103542210011781,0.2103542210011781
pooled,arrangement_only,center_grid_8_0_3,0.01843317517019475,0.011337722747560485,-0.28033759138820824,0.28033759138820824
pooled,arrangement_only,center_grid_8_0_4,0.008485692871914498,0.007513211097259909,-0.05354454902190032,0.05354454902190032
pooled,arrangement_only,center_grid_8_0_5,0.004647392945997603,0.003159668928767301,-0.12342056370477959,0.12342056370477959
pooled,arrangement_only,center_grid_8_0_6,0.0055279901303542395,0.005416551621329432,-0.00694543643904619,0.00694543643904619
pooled,arrangement_only,center_grid_8_0_7,0.014764693572966949,0.006008449970823011,-0.3504848382072806,0.3504848382072806
pooled,arrangement_only,center_grid_8_1_0,0.007971838303101662,0.009107663176544437,0.06583874729372678,0.06583874729372678
pooled,arrangement_only,center_grid_8_1_1,0.018978484292114597,0.01564896990922359,-0.11421982175817615,0.11421982175817615
pooled,arrangement_only,center_grid_8_1_2,0.0141500841502303,0.012854201791754415,-0.05229383157286351,0.05229383157286351
pooled,arrangement_only,center_grid_8_1_3,0.02691431267888619,0.022184153817778274,-0.14950633707494532,0.14950633707494532
pooled,arrangement_only,center_grid_8_1_4,0.016818804623374567,0.01359659056571984,-0.10187368448741733,0.10187368448741733
pooled,arrangement_only,center_grid_8_1_5,0.007962373930892478,0.011172690745200654,0.19863117326777244,0.19863117326777244
pooled,arrangement_only,center_grid_8_1_6,0.01350520515301491,0.010578972825177706,-0.10584462709828686,0.10584462709828686
pooled,arrangement_only,center_grid_8_1_7,0.0067829301703189885,0.007692693499237161,0.06009083083163205,0.06009083083163205
pooled,arrangement_only,center_grid_8_2_0,0.01066708342639481,0.014754305195060248,0.18552592312558897,0.18552592312558897
pooled,arrangement_only,center_grid_8_2_1,0.0234282822007622,0.023088015842392475,-0.010593886863298084,0.010593886863298084
pooled,arrangement_only,center_grid_8_2_2,0.02112959361239498,0.018792338217991856,-0.0746956975699132,0.0746956975699132
pooled,arrangement_only,center_grid_8_2_3,0.026935940103857886,0.0145186346856398,-0.3262219117323775,0.3262219117323775
pooled,arrangement_only,center_grid_8_2_4,0.022585288656215223,0.015746434299359204,-0.14279661263835916,0.14279661263835916
pooled,arrangement_only,center_grid_8_2_5,0.012061512257592314,0.017622940812923562,0.2563381032313163,0.2563381032313163
pooled,arrangement_only,center_grid_8_2_6,0.01707205068519413,0.01850439827142288,0.05280715011042315,0.05280715011042315
pooled,arrangement_only,center_grid_8_2_7,0.011006128986254794,0.010984283322841066,-0.0010824158949687185,0.0010824158949687185
pooled,arrangement_only,center_grid_8_3_0,0.011653987987394544,0.0157675164160472,0.1966144441912054,0.1966144441912054
pooled,arrangement_only,center_grid_8_3_1,0.025604678473193084,0.025376335456768047,-0.0065378331077989875,0.0065378331077989875
pooled,arrangement_only,center_grid_8_3_2,0.02328444818196632,0.02320004018122897,-0.0021475623833802147,0.0021475623833802147
pooled,arrangement_only,center_grid_8_3_3,0.023399934081988785,0.0150677805060668,-0.2804118574069537,0.2804118574069537
pooled,arrangement_only,center_grid_8_3_4,0.02288093149249284,0.018548548090376038,-0.11542935244695583,0.11542935244695583
pooled,arrangement_only,center_grid_8_3_5,0.015301947473405507,0.023806614333492578,0.30027125555823797,0.30027125555823797
pooled,arrangement_only,center_grid_8_3_6,0.020750356250530545,0.024983584028666718,0.12487570101637646,0.12487570101637646
pooled,arrangement_only,center_grid_8_3_7,0.010330424294258966,0.01216455494821114,0.08187806228268824,0.08187806228268824
pooled,arrangement_only,center_grid_8_4_0,0.011304665082535935,0.01635811569396856,0.241650547603976,0.241650547603976
pooled,arrangement_only,center_grid_8_4_1,0.026717140845339625,0.025898199814682464,-0.020357635923073415,0.020357635923073415
pooled,arrangement_only,center_grid_8_4_2,0.020772428866184366,0.02000359393940289,-0.02071501929063587,0.02071501929063587
pooled,arrangement_only,center_grid_8_4_3,0.0249341741722,0.015005374238745504,-0.28951841786536503,0.28951841786536503
pooled,arrangement_only,center_grid_8_4_4,0.019597872594503234,0.018778277175630985,-0.02505178768024259,0.02505178768024259
pooled,arrangement_only,center_grid_8_4_5,0.01754087306263645,0.018462925634324563,0.028501269298181708,0.028501269298181708
pooled,arrangement_only,center_grid_8_4_6,0.02104607760107098,0.025755606795978315,0.14398143281771827,0.14398143281771827
pooled,arrangement_only,center_grid_8_4_7,0.008381750346460578,0.012575877350247172,0.23508397548073434,0.23508397548073434
pooled,arrangement_only,center_grid_8_5_0,0.012499456591214576,0.014231388278757778,0.08611652600398534,0.08611652600398534
pooled,arrangement_only,center_grid_8_5_1,0.023261099335991707,0.026290363716255007,0.08465440598502808,0.08465440598502808
pooled,arrangement_only,center_grid_8_5_2,0.014341933150688178,0.018968939710862363,0.16579554869929605,0.16579554869929605
pooled,arrangement_only,center_grid_8_5_3,0.021905476684411132,0.01619069745987384,-0.16764149030403744,0.16764149030403744
pooled,arrangement_only,center_grid_8_5_4,0.0160315603855844,0.016355272013913603,0.010920061845259387,0.010920061845259387
pooled,arrangement_only,center_grid_8_5_5,0.01788610752961485,0.017016305844534525,-0.02547291013568718,0.02547291013568718
pooled,arrangement_only,center_grid_8_5_6,0.02048751271078556,0.02364926888889737,0.10659228334977179,0.10659228334977179
pooled,arrangement_only,center_grid_8_5_7,0.009475835282810128,0.013541374554626446,0.18319265347591226,0.18319265347591226
pooled,arrangement_only,center_grid_8_6_0,0.011544758435125068,0.011465938030749369,-0.0043713382046256495,0.0043713382046256495
pooled,arrangement_only,center_grid_8_6_1,0.02019836781517271,0.021565736950782767,0.03962223064872568,0.03962223064872568
pooled,arrangement_only,center_grid_8_6_2,0.015041872737100694,0.017900865370639712,0.11580508431846798,0.11580508431846798
pooled,arrangement_only,center_grid_8_6_3,0.028849681358753935,0.023488668906411395,-0.12919224685362415,0.12919224685362415
pooled,arrangement_only,center_grid_8_6_4,0.02021111089322571,0.018327177826492586,-0.059806998492989115,0.059806998492989115
pooled,arrangement_only,center_grid_8_6_5,0.01668807853097979,0.01681360666178202,0.0038322354357448315,0.0038322354357448315
pooled,arrangement_only,center_grid_8_6_6,0.015915552852644635,0.01849075179277571,0.09553577869522481,0.09553577869522481
pooled,arrangement_only,center_grid_8_6_7,0.009684633710555106,0.010890254189290011,0.05933254505646597,0.05933254505646597
pooled,arrangement_only,center_grid_8_7_0,0.009359903089862598,0.007817848739490993,-0.09370876849153043,0.09370876849153043
pooled,arrangement_only,center_grid_8_7_1,0.011393657448667554,0.01761267674070236,0.27469673331748706,0.27469673331748706
pooled,arrangement_only,center_grid_8_7_2,0.008003284826404482,0.015104240314572788,0.3278222150908472,0.3278222150908472
pooled,arrangement_only,center_grid_8_7_3,0.01481131627103684,0.020217378044947873,0.22254620994597527,0.22254620994597527
pooled,arrangement_only,center_grid_8_7_4,0.012289664783744594,0.013124748274665109,0.0331295911724824,0.0331295911724824
pooled,arrangement_only,center_grid_8_7_5,0.007960037638521043,0.012143238080095922,0.19867203524454097,0.19867203524454097
pooled,arrangement_only,center_grid_8_7_6,0.009721553772921639,0.014531166584566595,0.22182187797223565,0.22182187797223565
pooled,arrangement_only,center_grid_8_7_7,0.006533843111888449,0.007768479917080245,0.0673879208800917,0.0673879208800917
pooled,arrangement_base_only,center_x_mean,0.47784286373057494,0.4836104700931706,0.061041742505679834,0.061041742505679834
pooled,arrangement_base_only,center_x_std,0.22229229133378728,0.25064781416933507,0.4435434755136523,0.4435434755136523
pooled,arrangement_base_only,center_y_mean,0.5009818084335155,0.5355586365401309,0.3988137849484795,0.3988137849484795
pooled,arrangement_base_only,center_y_std,0.2301670328227214,0.24373093762488954,0.270216794961143,0.270216794961143
pooled,arrangement_base_only,center_x_span,0.7193242407300855,0.806573839844763,0.44587348216758754,0.44587348216758754
pooled,arrangement_base_only,center_y_span,0.7863416299473566,0.8990179158284929,0.7343325231128792,0.7343325231128792
pooled,arrangement_base_only,nearest_neighbor_mean_norm,0.07682528523236064,0.04960348134106949,-0.7516045779461722,0.7516045779461722
pooled,arrangement_base_only,nearest_neighbor_median_norm,0.06353935796473084,0.040459656936145075,-0.6986297888152989,0.6986297888152989
pooled,arrangement_base_only,nearest_neighbor_std_norm,0.04508386384521757,0.029413457304388876,-0.4907547332631434,0.4907547332631434
pooled,arrangement_base_only,pairwise_distance_mean_norm,0.42013443335522493,0.44856049776661183,0.3403776393177185,0.3403776393177185
pooled,arrangement_base_only,pairwise_distance_std_norm,0.21094844047527844,0.2247722744576385,0.3076788064927041,0.3076788064927041
pooled,arrangement_base_only,row_alignment_fraction,0.06969534753858411,0.05445560711179143,-0.2921154859840184,0.2921154859840184
pooled,arrangement_base_only,column_alignment_fraction,0.14501243512571924,0.09946669208550296,-0.33688070913586166,0.33688070913586166
pooled,arrangement_base_only,angle_mean_abs_deg,4.910667270849933,4.423786467567203,-0.07774289624423399,0.07774289624423399
pooled,arrangement_base_only,angle_std_deg,12.864078639762832,14.207212662821378,0.10903803473123733,0.10903803473123733
pooled,arrangement_base_only,rotated_fraction_gt_5deg,0.07221495743055041,0.06799816447867352,-0.043612565693970824,0.043612565693970824
pooled,arrangement_4x4_only,center_x_mean,0.47784286373057494,0.4836104700931706,0.061041742505679834,0.061041742505679834
pooled,arrangement_4x4_only,center_x_std,0.22229229133378728,0.25064781416933507,0.4435434755136523,0.4435434755136523
pooled,arrangement_4x4_only,center_y_mean,0.5009818084335155,0.5355586365401309,0.3988137849484795,0.3988137849484795
pooled,arrangement_4x4_only,center_y_std,0.2301670328227214,0.24373093762488954,0.270216794961143,0.270216794961143
pooled,arrangement_4x4_only,center_x_span,0.7193242407300855,0.806573839844763,0.44587348216758754,0.44587348216758754
pooled,arrangement_4x4_only,center_y_span,0.7863416299473566,0.8990179158284929,0.7343325231128792,0.7343325231128792
pooled,arrangement_4x4_only,nearest_neighbor_mean_norm,0.07682528523236064,0.04960348134106949,-0.7516045779461722,0.7516045779461722
pooled,arrangement_4x4_only,nearest_neighbor_median_norm,0.06353935796473084,0.040459656936145075,-0.6986297888152989,0.6986297888152989
pooled,arrangement_4x4_only,nearest_neighbor_std_norm,0.04508386384521757,0.029413457304388876,-0.4907547332631434,0.4907547332631434
pooled,arrangement_4x4_only,pairwise_distance_mean_norm,0.42013443335522493,0.44856049776661183,0.3403776393177185,0.3403776393177185
pooled,arrangement_4x4_only,pairwise_distance_std_norm,0.21094844047527844,0.2247722744576385,0.3076788064927041,0.3076788064927041
pooled,arrangement_4x4_only,row_alignment_fraction,0.06969534753858411,0.05445560711179143,-0.2921154859840184,0.2921154859840184
pooled,arrangement_4x4_only,column_alignment_fraction,0.14501243512571924,0.09946669208550296,-0.33688070913586166,0.33688070913586166
pooled,arrangement_4x4_only,angle_mean_abs_deg,4.910667270849933,4.423786467567203,-0.07774289624423399,0.07774289624423399
pooled,arrangement_4x4_only,angle_std_deg,12.864078639762832,14.207212662821378,0.10903803473123733,0.10903803473123733
pooled,arrangement_4x4_only,rotated_fraction_gt_5deg,0.07221495743055041,0.06799816447867352,-0.043612565693970824,0.043612565693970824
pooled,arrangement_4x4_only,center_grid_4_0_0,0.04669729549230762,0.041294624978831226,-0.10146505165421543,0.10146505165421543
pooled,arrangement_4x4_only,center_grid_4_0_1,0.0723237514263238,0.054295863623417165,-0.32202431297254697,0.32202431297254697
pooled,arrangement_4x4_only,center_grid_4_0_2,0.03791426437217917,0.03544216133694773,-0.0561251224680697,0.0561251224680697
pooled,arrangement_4x4_only,center_grid_4_0_3,0.040580819026655106,0.02969666791656734,-0.2193145743659236,0.2193145743659236
pooled,arrangement_4x4_only,center_grid_4_1_0,0.07135403208774467,0.07898617291026802,0.12239799841944765,0.12239799841944765
pooled,arrangement_4x4_only,center_grid_4_1_1,0.09474991598020803,0.07157879359092748,-0.28678004121120865,0.28678004121120865
pooled,arrangement_4x4_only,center_grid_4_1_2,0.07282967987970594,0.07572453753615144,0.036483349157690095,0.036483349157690095
pooled,arrangement_4x4_only,center_grid_4_1_3,0.05915896021623846,0.06663682057114184,0.11925743219061681,0.11925743219061681
pooled,arrangement_4x4_only,center_grid_4_2_0,0.07378236185508188,0.08277806750366387,0.12290707005164847,0.12290707005164847
pooled,arrangement_4x4_only,center_grid_4_2_1,0.08195401287348372,0.07016860534888465,-0.15741789188575878,0.15741789188575878
pooled,arrangement_4x4_only,center_grid_4_2_2,0.07105641357233897,0.07061278066840372,-0.005941298520324329,0.005941298520324329
pooled,arrangement_4x4_only,center_grid_4_2_3,0.05939117594112729,0.07552212758974937,0.25871904862592887,0.25871904862592887
pooled,arrangement_4x4_only,center_grid_4_3_0,0.052496686788827955,0.058462200461725546,0.1041242773191277,0.1041242773191277
pooled,arrangement_4x4_only,center_grid_4_3_1,0.06670615519329598,0.07671115263657181,0.16482619339087984,0.16482619339087984
pooled,arrangement_4x4_only,center_grid_4_3_2,0.057148891846471164,0.06040877084303568,0.049208591066996654,0.049208591066996654
pooled,arrangement_4x4_only,center_grid_4_3_3,0.04185558344800985,0.05168065248371259,0.19405067633167836,0.19405067633167836
pooled,arrangement_8x8_only,center_x_mean,0.47784286373057494,0.4836104700931706,0.061041742505679834,0.061041742505679834
pooled,arrangement_8x8_only,center_x_std,0.22229229133378728,0.25064781416933507,0.4435434755136523,0.4435434755136523
pooled,arrangement_8x8_only,center_y_mean,0.5009818084335155,0.5355586365401309,0.3988137849484795,0.3988137849484795
pooled,arrangement_8x8_only,center_y_std,0.2301670328227214,0.24373093762488954,0.270216794961143,0.270216794961143
pooled,arrangement_8x8_only,center_x_span,0.7193242407300855,0.806573839844763,0.44587348216758754,0.44587348216758754
pooled,arrangement_8x8_only,center_y_span,0.7863416299473566,0.8990179158284929,0.7343325231128792,0.7343325231128792
pooled,arrangement_8x8_only,nearest_neighbor_mean_norm,0.07682528523236064,0.04960348134106949,-0.7516045779461722,0.7516045779461722
pooled,arrangement_8x8_only,nearest_neighbor_median_norm,0.06353935796473084,0.040459656936145075,-0.6986297888152989,0.6986297888152989
pooled,arrangement_8x8_only,nearest_neighbor_std_norm,0.04508386384521757,0.029413457304388876,-0.4907547332631434,0.4907547332631434
pooled,arrangement_8x8_only,pairwise_distance_mean_norm,0.42013443335522493,0.44856049776661183,0.3403776393177185,0.3403776393177185
pooled,arrangement_8x8_only,pairwise_distance_std_norm,0.21094844047527844,0.2247722744576385,0.3076788064927041,0.3076788064927041
pooled,arrangement_8x8_only,row_alignment_fraction,0.06969534753858411,0.05445560711179143,-0.2921154859840184,0.2921154859840184
pooled,arrangement_8x8_only,column_alignment_fraction,0.14501243512571924,0.09946669208550296,-0.33688070913586166,0.33688070913586166
pooled,arrangement_8x8_only,angle_mean_abs_deg,4.910667270849933,4.423786467567203,-0.07774289624423399,0.07774289624423399
pooled,arrangement_8x8_only,angle_std_deg,12.864078639762832,14.207212662821378,0.10903803473123733,0.10903803473123733
pooled,arrangement_8x8_only,rotated_fraction_gt_5deg,0.07221495743055041,0.06799816447867352,-0.043612565693970824,0.043612565693970824
pooled,arrangement_8x8_only,center_grid_8_0_0,0.00857437682409351,0.009111190871180206,0.0280323850344328,0.0280323850344328
pooled,arrangement_8x8_only,center_grid_8_0_1,0.011172596072997828,0.0074268010218829575,-0.15426239418466903,0.15426239418466903
pooled,arrangement_8x8_only,center_grid_8_0_2,0.012826179427012523,0.00791978526632395,-0.2103542210011781,0.2103542210011781
pooled,arrangement_8x8_only,center_grid_8_0_3,0.01843317517019475,0.011337722747560485,-0.28033759138820824,0.28033759138820824
pooled,arrangement_8x8_only,center_grid_8_0_4,0.008485692871914498,0.007513211097259909,-0.05354454902190032,0.05354454902190032
pooled,arrangement_8x8_only,center_grid_8_0_5,0.004647392945997603,0.003159668928767301,-0.12342056370477959,0.12342056370477959
pooled,arrangement_8x8_only,center_grid_8_0_6,0.0055279901303542395,0.005416551621329432,-0.00694543643904619,0.00694543643904619
pooled,arrangement_8x8_only,center_grid_8_0_7,0.014764693572966949,0.006008449970823011,-0.3504848382072806,0.3504848382072806
pooled,arrangement_8x8_only,center_grid_8_1_0,0.007971838303101662,0.009107663176544437,0.06583874729372678,0.06583874729372678
pooled,arrangement_8x8_only,center_grid_8_1_1,0.018978484292114597,0.01564896990922359,-0.11421982175817615,0.11421982175817615
pooled,arrangement_8x8_only,center_grid_8_1_2,0.0141500841502303,0.012854201791754415,-0.05229383157286351,0.05229383157286351
pooled,arrangement_8x8_only,center_grid_8_1_3,0.02691431267888619,0.022184153817778274,-0.14950633707494532,0.14950633707494532
pooled,arrangement_8x8_only,center_grid_8_1_4,0.016818804623374567,0.01359659056571984,-0.10187368448741733,0.10187368448741733
pooled,arrangement_8x8_only,center_grid_8_1_5,0.007962373930892478,0.011172690745200654,0.19863117326777244,0.19863117326777244
pooled,arrangement_8x8_only,center_grid_8_1_6,0.01350520515301491,0.010578972825177706,-0.10584462709828686,0.10584462709828686
pooled,arrangement_8x8_only,center_grid_8_1_7,0.0067829301703189885,0.007692693499237161,0.06009083083163205,0.06009083083163205
pooled,arrangement_8x8_only,center_grid_8_2_0,0.01066708342639481,0.014754305195060248,0.18552592312558897,0.18552592312558897
pooled,arrangement_8x8_only,center_grid_8_2_1,0.0234282822007622,0.023088015842392475,-0.010593886863298084,0.010593886863298084
pooled,arrangement_8x8_only,center_grid_8_2_2,0.02112959361239498,0.018792338217991856,-0.0746956975699132,0.0746956975699132
pooled,arrangement_8x8_only,center_grid_8_2_3,0.026935940103857886,0.0145186346856398,-0.3262219117323775,0.3262219117323775
pooled,arrangement_8x8_only,center_grid_8_2_4,0.022585288656215223,0.015746434299359204,-0.14279661263835916,0.14279661263835916
pooled,arrangement_8x8_only,center_grid_8_2_5,0.012061512257592314,0.017622940812923562,0.2563381032313163,0.2563381032313163
pooled,arrangement_8x8_only,center_grid_8_2_6,0.01707205068519413,0.01850439827142288,0.05280715011042315,0.05280715011042315
pooled,arrangement_8x8_only,center_grid_8_2_7,0.011006128986254794,0.010984283322841066,-0.0010824158949687185,0.0010824158949687185
pooled,arrangement_8x8_only,center_grid_8_3_0,0.011653987987394544,0.0157675164160472,0.1966144441912054,0.1966144441912054
pooled,arrangement_8x8_only,center_grid_8_3_1,0.025604678473193084,0.025376335456768047,-0.0065378331077989875,0.0065378331077989875
pooled,arrangement_8x8_only,center_grid_8_3_2,0.02328444818196632,0.02320004018122897,-0.0021475623833802147,0.0021475623833802147
pooled,arrangement_8x8_only,center_grid_8_3_3,0.023399934081988785,0.0150677805060668,-0.2804118574069537,0.2804118574069537
pooled,arrangement_8x8_only,center_grid_8_3_4,0.02288093149249284,0.018548548090376038,-0.11542935244695583,0.11542935244695583
pooled,arrangement_8x8_only,center_grid_8_3_5,0.015301947473405507,0.023806614333492578,0.30027125555823797,0.30027125555823797
pooled,arrangement_8x8_only,center_grid_8_3_6,0.020750356250530545,0.024983584028666718,0.12487570101637646,0.12487570101637646
pooled,arrangement_8x8_only,center_grid_8_3_7,0.010330424294258966,0.01216455494821114,0.08187806228268824,0.08187806228268824
pooled,arrangement_8x8_only,center_grid_8_4_0,0.011304665082535935,0.01635811569396856,0.241650547603976,0.241650547603976
pooled,arrangement_8x8_only,center_grid_8_4_1,0.026717140845339625,0.025898199814682464,-0.020357635923073415,0.020357635923073415
pooled,arrangement_8x8_only,center_grid_8_4_2,0.020772428866184366,0.02000359393940289,-0.02071501929063587,0.02071501929063587
pooled,arrangement_8x8_only,center_grid_8_4_3,0.0249341741722,0.015005374238745504,-0.28951841786536503,0.28951841786536503
pooled,arrangement_8x8_only,center_grid_8_4_4,0.019597872594503234,0.018778277175630985,-0.02505178768024259,0.02505178768024259
pooled,arrangement_8x8_only,center_grid_8_4_5,0.01754087306263645,0.018462925634324563,0.028501269298181708,0.028501269298181708
pooled,arrangement_8x8_only,center_grid_8_4_6,0.02104607760107098,0.025755606795978315,0.14398143281771827,0.14398143281771827
pooled,arrangement_8x8_only,center_grid_8_4_7,0.008381750346460578,0.012575877350247172,0.23508397548073434,0.23508397548073434
pooled,arrangement_8x8_only,center_grid_8_5_0,0.012499456591214576,0.014231388278757778,0.08611652600398534,0.08611652600398534
pooled,arrangement_8x8_only,center_grid_8_5_1,0.023261099335991707,0.026290363716255007,0.08465440598502808,0.08465440598502808
pooled,arrangement_8x8_only,center_grid_8_5_2,0.014341933150688178,0.018968939710862363,0.16579554869929605,0.16579554869929605
pooled,arrangement_8x8_only,center_grid_8_5_3,0.021905476684411132,0.01619069745987384,-0.16764149030403744,0.16764149030403744
pooled,arrangement_8x8_only,center_grid_8_5_4,0.0160315603855844,0.016355272013913603,0.010920061845259387,0.010920061845259387
pooled,arrangement_8x8_only,center_grid_8_5_5,0.01788610752961485,0.017016305844534525,-0.02547291013568718,0.02547291013568718
pooled,arrangement_8x8_only,center_grid_8_5_6,0.02048751271078556,0.02364926888889737,0.10659228334977179,0.10659228334977179
pooled,arrangement_8x8_only,center_grid_8_5_7,0.009475835282810128,0.013541374554626446,0.18319265347591226,0.18319265347591226
pooled,arrangement_8x8_only,center_grid_8_6_0,0.011544758435125068,0.011465938030749369,-0.0043713382046256495,0.0043713382046256495
pooled,arrangement_8x8_only,center_grid_8_6_1,0.02019836781517271,0.021565736950782767,0.03962223064872568,0.03962223064872568
pooled,arrangement_8x8_only,center_grid_8_6_2,0.015041872737100694,0.017900865370639712,0.11580508431846798,0.11580508431846798
pooled,arrangement_8x8_only,center_grid_8_6_3,0.028849681358753935,0.023488668906411395,-0.12919224685362415,0.12919224685362415
pooled,arrangement_8x8_only,center_grid_8_6_4,0.02021111089322571,0.018327177826492586,-0.059806998492989115,0.059806998492989115
pooled,arrangement_8x8_only,center_grid_8_6_5,0.01668807853097979,0.01681360666178202,0.0038322354357448315,0.0038322354357448315
pooled,arrangement_8x8_only,center_grid_8_6_6,0.015915552852644635,0.01849075179277571,0.09553577869522481,0.09553577869522481
pooled,arrangement_8x8_only,center_grid_8_6_7,0.009684633710555106,0.010890254189290011,0.05933254505646597,0.05933254505646597
pooled,arrangement_8x8_only,center_grid_8_7_0,0.009359903089862598,0.007817848739490993,-0.09370876849153043,0.09370876849153043
pooled,arrangement_8x8_only,center_grid_8_7_1,0.011393657448667554,0.01761267674070236,0.27469673331748706,0.27469673331748706
pooled,arrangement_8x8_only,center_grid_8_7_2,0.008003284826404482,0.015104240314572788,0.3278222150908472,0.3278222150908472
pooled,arrangement_8x8_only,center_grid_8_7_3,0.01481131627103684,0.020217378044947873,0.22254620994597527,0.22254620994597527
pooled,arrangement_8x8_only,center_grid_8_7_4,0.012289664783744594,0.013124748274665109,0.0331295911724824,0.0331295911724824
pooled,arrangement_8x8_only,center_grid_8_7_5,0.007960037638521043,0.012143238080095922,0.19867203524454097,0.19867203524454097
pooled,arrangement_8x8_only,center_grid_8_7_6,0.009721553772921639,0.014531166584566595,0.22182187797223565,0.22182187797223565
pooled,arrangement_8x8_only,center_grid_8_7_7,0.006533843111888449,0.007768479917080245,0.0673879208800917,0.0673879208800917
pooled,quantity_plus_arrangement,region_count,60.156666666666666,81.98333333333333,0.3332265482010571,0.3332265482010571
pooled,quantity_plus_arrangement,union_coverage_norm,0.20583322741501317,0.19006125805943738,-0.17363128858669552,0.17363128858669552
pooled,quantity_plus_arrangement,sum_box_area_norm,0.20938280025910536,0.1912190863252687,-0.19508449890403476,0.19508449890403476
pooled,quantity_plus_arrangement,mean_box_area_norm,0.007379170499535655,0.003392242222058376,-0.6318905283299492,0.6318905283299492
pooled,quantity_plus_arrangement,median_box_area_norm,0.00522178987593586,0.0019761158790121075,-0.5734444120173614,0.5734444120173614
pooled,quantity_plus_arrangement,std_box_area_norm,0.007325249108595371,0.004584040671770801,-0.3791898993390362,0.3791898993390362
pooled,quantity_plus_arrangement,mean_box_width_norm,0.1775981877824742,0.12894715632539727,-0.6492737654788259,0.6492737654788259
pooled,quantity_plus_arrangement,mean_box_height_norm,0.03917164793668936,0.023841193386982592,-0.6539042049697702,0.6539042049697702
pooled,quantity_plus_arrangement,mean_confidence,0.871100255655031,0.8826797210290912,0.3751182346730877,0.3751182346730877
pooled,quantity_plus_arrangement,low_confidence_fraction,0.07993073317590962,0.051052396843223026,-0.33839696948060105,0.33839696948060105
pooled,quantity_plus_arrangement,center_x_mean,0.47784286373057494,0.4836104700931706,0.061041742505679834,0.061041742505679834
pooled,quantity_plus_arrangement,center_x_std,0.22229229133378728,0.25064781416933507,0.4435434755136523,0.4435434755136523
pooled,quantity_plus_arrangement,center_y_mean,0.5009818084335155,0.5355586365401309,0.3988137849484795,0.3988137849484795
pooled,quantity_plus_arrangement,center_y_std,0.2301670328227214,0.24373093762488954,0.270216794961143,0.270216794961143
pooled,quantity_plus_arrangement,center_x_span,0.7193242407300855,0.806573839844763,0.44587348216758754,0.44587348216758754
pooled,quantity_plus_arrangement,center_y_span,0.7863416299473566,0.8990179158284929,0.7343325231128792,0.7343325231128792
pooled,quantity_plus_arrangement,nearest_neighbor_mean_norm,0.07682528523236064,0.04960348134106949,-0.7516045779461722,0.7516045779461722
pooled,quantity_plus_arrangement,nearest_neighbor_median_norm,0.06353935796473084,0.040459656936145075,-0.6986297888152989,0.6986297888152989
pooled,quantity_plus_arrangement,nearest_neighbor_std_norm,0.04508386384521757,0.029413457304388876,-0.4907547332631434,0.4907547332631434
pooled,quantity_plus_arrangement,pairwise_distance_mean_norm,0.42013443335522493,0.44856049776661183,0.3403776393177185,0.3403776393177185
pooled,quantity_plus_arrangement,pairwise_distance_std_norm,0.21094844047527844,0.2247722744576385,0.3076788064927041,0.3076788064927041
pooled,quantity_plus_arrangement,row_alignment_fraction,0.06969534753858411,0.05445560711179143,-0.2921154859840184,0.2921154859840184
pooled,quantity_plus_arrangement,column_alignment_fraction,0.14501243512571924,0.09946669208550296,-0.33688070913586166,0.33688070913586166
pooled,quantity_plus_arrangement,angle_mean_abs_deg,4.910667270849933,4.423786467567203,-0.07774289624423399,0.07774289624423399
pooled,quantity_plus_arrangement,angle_std_deg,12.864078639762832,14.207212662821378,0.10903803473123733,0.10903803473123733
pooled,quantity_plus_arrangement,rotated_fraction_gt_5deg,0.07221495743055041,0.06799816447867352,-0.043612565693970824,0.043612565693970824
pooled,quantity_plus_arrangement,center_grid_4_0_0,0.04669729549230762,0.041294624978831226,-0.10146505165421543,0.10146505165421543
pooled,quantity_plus_arrangement,center_grid_4_0_1,0.0723237514263238,0.054295863623417165,-0.32202431297254697,0.32202431297254697
pooled,quantity_plus_arrangement,center_grid_4_0_2,0.03791426437217917,0.03544216133694773,-0.0561251224680697,0.0561251224680697
pooled,quantity_plus_arrangement,center_grid_4_0_3,0.040580819026655106,0.02969666791656734,-0.2193145743659236,0.2193145743659236
pooled,quantity_plus_arrangement,center_grid_4_1_0,0.07135403208774467,0.07898617291026802,0.12239799841944765,0.12239799841944765
pooled,quantity_plus_arrangement,center_grid_4_1_1,0.09474991598020803,0.07157879359092748,-0.28678004121120865,0.28678004121120865
pooled,quantity_plus_arrangement,center_grid_4_1_2,0.07282967987970594,0.07572453753615144,0.036483349157690095,0.036483349157690095
pooled,quantity_plus_arrangement,center_grid_4_1_3,0.05915896021623846,0.06663682057114184,0.11925743219061681,0.11925743219061681
pooled,quantity_plus_arrangement,center_grid_4_2_0,0.07378236185508188,0.08277806750366387,0.12290707005164847,0.12290707005164847
pooled,quantity_plus_arrangement,center_grid_4_2_1,0.08195401287348372,0.07016860534888465,-0.15741789188575878,0.15741789188575878
pooled,quantity_plus_arrangement,center_grid_4_2_2,0.07105641357233897,0.07061278066840372,-0.005941298520324329,0.005941298520324329
pooled,quantity_plus_arrangement,center_grid_4_2_3,0.05939117594112729,0.07552212758974937,0.25871904862592887,0.25871904862592887
pooled,quantity_plus_arrangement,center_grid_4_3_0,0.052496686788827955,0.058462200461725546,0.1041242773191277,0.1041242773191277
pooled,quantity_plus_arrangement,center_grid_4_3_1,0.06670615519329598,0.07671115263657181,0.16482619339087984,0.16482619339087984
pooled,quantity_plus_arrangement,center_grid_4_3_2,0.057148891846471164,0.06040877084303568,0.049208591066996654,0.049208591066996654
pooled,quantity_plus_arrangement,center_grid_4_3_3,0.04185558344800985,0.05168065248371259,0.19405067633167836,0.19405067633167836
pooled,quantity_plus_arrangement,center_grid_8_0_0,0.00857437682409351,0.009111190871180206,0.0280323850344328,0.0280323850344328
pooled,quantity_plus_arrangement,center_grid_8_0_1,0.011172596072997828,0.0074268010218829575,-0.15426239418466903,0.15426239418466903
pooled,quantity_plus_arrangement,center_grid_8_0_2,0.012826179427012523,0.00791978526632395,-0.2103542210011781,0.2103542210011781
pooled,quantity_plus_arrangement,center_grid_8_0_3,0.01843317517019475,0.011337722747560485,-0.28033759138820824,0.28033759138820824
pooled,quantity_plus_arrangement,center_grid_8_0_4,0.008485692871914498,0.007513211097259909,-0.05354454902190032,0.05354454902190032
pooled,quantity_plus_arrangement,center_grid_8_0_5,0.004647392945997603,0.003159668928767301,-0.12342056370477959,0.12342056370477959
pooled,quantity_plus_arrangement,center_grid_8_0_6,0.0055279901303542395,0.005416551621329432,-0.00694543643904619,0.00694543643904619
pooled,quantity_plus_arrangement,center_grid_8_0_7,0.014764693572966949,0.006008449970823011,-0.3504848382072806,0.3504848382072806
pooled,quantity_plus_arrangement,center_grid_8_1_0,0.007971838303101662,0.009107663176544437,0.06583874729372678,0.06583874729372678
pooled,quantity_plus_arrangement,center_grid_8_1_1,0.018978484292114597,0.01564896990922359,-0.11421982175817615,0.11421982175817615
pooled,quantity_plus_arrangement,center_grid_8_1_2,0.0141500841502303,0.012854201791754415,-0.05229383157286351,0.05229383157286351
pooled,quantity_plus_arrangement,center_grid_8_1_3,0.02691431267888619,0.022184153817778274,-0.14950633707494532,0.14950633707494532
pooled,quantity_plus_arrangement,center_grid_8_1_4,0.016818804623374567,0.01359659056571984,-0.10187368448741733,0.10187368448741733
pooled,quantity_plus_arrangement,center_grid_8_1_5,0.007962373930892478,0.011172690745200654,0.19863117326777244,0.19863117326777244
pooled,quantity_plus_arrangement,center_grid_8_1_6,0.01350520515301491,0.010578972825177706,-0.10584462709828686,0.10584462709828686
pooled,quantity_plus_arrangement,center_grid_8_1_7,0.0067829301703189885,0.007692693499237161,0.06009083083163205,0.06009083083163205
pooled,quantity_plus_arrangement,center_grid_8_2_0,0.01066708342639481,0.014754305195060248,0.18552592312558897,0.18552592312558897
pooled,quantity_plus_arrangement,center_grid_8_2_1,0.0234282822007622,0.023088015842392475,-0.010593886863298084,0.010593886863298084
pooled,quantity_plus_arrangement,center_grid_8_2_2,0.02112959361239498,0.018792338217991856,-0.0746956975699132,0.0746956975699132
pooled,quantity_plus_arrangement,center_grid_8_2_3,0.026935940103857886,0.0145186346856398,-0.3262219117323775,0.3262219117323775
pooled,quantity_plus_arrangement,center_grid_8_2_4,0.022585288656215223,0.015746434299359204,-0.14279661263835916,0.14279661263835916
pooled,quantity_plus_arrangement,center_grid_8_2_5,0.012061512257592314,0.017622940812923562,0.2563381032313163,0.2563381032313163
pooled,quantity_plus_arrangement,center_grid_8_2_6,0.01707205068519413,0.01850439827142288,0.05280715011042315,0.05280715011042315
pooled,quantity_plus_arrangement,center_grid_8_2_7,0.011006128986254794,0.010984283322841066,-0.0010824158949687185,0.0010824158949687185
pooled,quantity_plus_arrangement,center_grid_8_3_0,0.011653987987394544,0.0157675164160472,0.1966144441912054,0.1966144441912054
pooled,quantity_plus_arrangement,center_grid_8_3_1,0.025604678473193084,0.025376335456768047,-0.0065378331077989875,0.0065378331077989875
pooled,quantity_plus_arrangement,center_grid_8_3_2,0.02328444818196632,0.02320004018122897,-0.0021475623833802147,0.0021475623833802147
pooled,quantity_plus_arrangement,center_grid_8_3_3,0.023399934081988785,0.0150677805060668,-0.2804118574069537,0.2804118574069537
pooled,quantity_plus_arrangement,center_grid_8_3_4,0.02288093149249284,0.018548548090376038,-0.11542935244695583,0.11542935244695583
pooled,quantity_plus_arrangement,center_grid_8_3_5,0.015301947473405507,0.023806614333492578,0.30027125555823797,0.30027125555823797
pooled,quantity_plus_arrangement,center_grid_8_3_6,0.020750356250530545,0.024983584028666718,0.12487570101637646,0.12487570101637646
pooled,quantity_plus_arrangement,center_grid_8_3_7,0.010330424294258966,0.01216455494821114,0.08187806228268824,0.08187806228268824
pooled,quantity_plus_arrangement,center_grid_8_4_0,0.011304665082535935,0.01635811569396856,0.241650547603976,0.241650547603976
pooled,quantity_plus_arrangement,center_grid_8_4_1,0.026717140845339625,0.025898199814682464,-0.020357635923073415,0.020357635923073415
pooled,quantity_plus_arrangement,center_grid_8_4_2,0.020772428866184366,0.02000359393940289,-0.02071501929063587,0.02071501929063587
pooled,quantity_plus_arrangement,center_grid_8_4_3,0.0249341741722,0.015005374238745504,-0.28951841786536503,0.28951841786536503
pooled,quantity_plus_arrangement,center_grid_8_4_4,0.019597872594503234,0.018778277175630985,-0.02505178768024259,0.02505178768024259
pooled,quantity_plus_arrangement,center_grid_8_4_5,0.01754087306263645,0.018462925634324563,0.028501269298181708,0.028501269298181708
pooled,quantity_plus_arrangement,center_grid_8_4_6,0.02104607760107098,0.025755606795978315,0.14398143281771827,0.14398143281771827
pooled,quantity_plus_arrangement,center_grid_8_4_7,0.008381750346460578,0.012575877350247172,0.23508397548073434,0.23508397548073434
pooled,quantity_plus_arrangement,center_grid_8_5_0,0.012499456591214576,0.014231388278757778,0.08611652600398534,0.08611652600398534
pooled,quantity_plus_arrangement,center_grid_8_5_1,0.023261099335991707,0.026290363716255007,0.08465440598502808,0.08465440598502808
pooled,quantity_plus_arrangement,center_grid_8_5_2,0.014341933150688178,0.018968939710862363,0.16579554869929605,0.16579554869929605
pooled,quantity_plus_arrangement,center_grid_8_5_3,0.021905476684411132,0.01619069745987384,-0.16764149030403744,0.16764149030403744
pooled,quantity_plus_arrangement,center_grid_8_5_4,0.0160315603855844,0.016355272013913603,0.010920061845259387,0.010920061845259387
pooled,quantity_plus_arrangement,center_grid_8_5_5,0.01788610752961485,0.017016305844534525,-0.02547291013568718,0.02547291013568718
pooled,quantity_plus_arrangement,center_grid_8_5_6,0.02048751271078556,0.02364926888889737,0.10659228334977179,0.10659228334977179
pooled,quantity_plus_arrangement,center_grid_8_5_7,0.009475835282810128,0.013541374554626446,0.18319265347591226,0.18319265347591226
pooled,quantity_plus_arrangement,center_grid_8_6_0,0.011544758435125068,0.011465938030749369,-0.0043713382046256495,0.0043713382046256495
pooled,quantity_plus_arrangement,center_grid_8_6_1,0.02019836781517271,0.021565736950782767,0.03962223064872568,0.03962223064872568
pooled,quantity_plus_arrangement,center_grid_8_6_2,0.015041872737100694,0.017900865370639712,0.11580508431846798,0.11580508431846798
pooled,quantity_plus_arrangement,center_grid_8_6_3,0.028849681358753935,0.023488668906411395,-0.12919224685362415,0.12919224685362415
pooled,quantity_plus_arrangement,center_grid_8_6_4,0.02021111089322571,0.018327177826492586,-0.059806998492989115,0.059806998492989115
pooled,quantity_plus_arrangement,center_grid_8_6_5,0.01668807853097979,0.01681360666178202,0.0038322354357448315,0.0038322354357448315
pooled,quantity_plus_arrangement,center_grid_8_6_6,0.015915552852644635,0.01849075179277571,0.09553577869522481,0.09553577869522481
pooled,quantity_plus_arrangement,center_grid_8_6_7,0.009684633710555106,0.010890254189290011,0.05933254505646597,0.05933254505646597
pooled,quantity_plus_arrangement,center_grid_8_7_0,0.009359903089862598,0.007817848739490993,-0.09370876849153043,0.09370876849153043
pooled,quantity_plus_arrangement,center_grid_8_7_1,0.011393657448667554,0.01761267674070236,0.27469673331748706,0.27469673331748706
pooled,quantity_plus_arrangement,center_grid_8_7_2,0.008003284826404482,0.015104240314572788,0.3278222150908472,0.3278222150908472
pooled,quantity_plus_arrangement,center_grid_8_7_3,0.01481131627103684,0.020217378044947873,0.22254620994597527,0.22254620994597527
pooled,quantity_plus_arrangement,center_grid_8_7_4,0.012289664783744594,0.013124748274665109,0.0331295911724824,0.0331295911724824
pooled,quantity_plus_arrangement,center_grid_8_7_5,0.007960037638521043,0.012143238080095922,0.19867203524454097,0.19867203524454097
pooled,quantity_plus_arrangement,center_grid_8_7_6,0.009721553772921639,0.014531166584566595,0.22182187797223565,0.22182187797223565
pooled,quantity_plus_arrangement,center_grid_8_7_7,0.006533843111888449,0.007768479917080245,0.0673879208800917,0.0673879208800917
AcademicPosters,quantity_only,region_count,180.14,194.8,0.2784723689506898,0.2784723689506898
AcademicPosters,quantity_only,union_coverage_norm,0.2987544574522035,0.21805072975683096,-1.4181397836411276,1.4181397836411276
AcademicPosters,quantity_only,sum_box_area_norm,0.3062693017757362,0.22017930984066944,-1.4388660936894204,1.4388660936894204
AcademicPosters,quantity_only,mean_box_area_norm,0.0018801992713308698,0.001145753240518692,-1.4677974715366346,1.4677974715366346
AcademicPosters,quantity_only,median_box_area_norm,0.0009497053597030902,0.00066186325656548,-0.598168600934738,0.598168600934738
AcademicPosters,quantity_only,std_box_area_norm,0.002711115195187146,0.0018485618786591362,-0.8708616300942689,0.8708616300942689
AcademicPosters,quantity_only,mean_box_width_norm,0.10196461107065904,0.07674868446967631,-0.926024767742336,0.926024767742336
AcademicPosters,quantity_only,mean_box_height_norm,0.01800883431573412,0.014808685915630882,-1.0186757009926612,1.0186757009926612
AcademicPosters,quantity_only,mean_confidence,0.8212293742739629,0.8560892190642342,2.0159608791286887,2.0159608791286887
AcademicPosters,quantity_only,low_confidence_fraction,0.22233795222936997,0.09881280867654522,-1.8564275132034411,1.8564275132034411
AcademicPosters,arrangement_only,center_x_mean,0.53349923678701,0.5042495713993747,-0.447367133432544,0.447367133432544
AcademicPosters,arrangement_only,center_x_std,0.27084617039429426,0.2750485715780897,0.21813511337618288,0.21813511337618288
AcademicPosters,arrangement_only,center_y_mean,0.5554714841315448,0.5594240690425966,0.08620278866791257,0.08620278866791257
AcademicPosters,arrangement_only,center_y_std,0.24229381878650286,0.24653567617348962,0.19600230961993473,0.19600230961993473
AcademicPosters,arrangement_only,center_x_span,0.9074313100624533,0.9166663306824765,0.38882843799933103,0.38882843799933103
AcademicPosters,arrangement_only,center_y_span,0.9303634092756087,0.9475746235150712,0.9126358313385676,0.9126358313385676
AcademicPosters,arrangement_only,nearest_neighbor_mean_norm,0.029404539919824807,0.026878111954681115,-0.4309892929096938,0.4309892929096938
AcademicPosters,arrangement_only,nearest_neighbor_median_norm,0.02202374251347872,0.02142907893380013,-0.09861595315078373,0.09861595315078373
AcademicPosters,arrangement_only,nearest_neighbor_std_norm,0.02150048500479005,0.017167888173253452,-0.8749672658412313,0.8749672658412313
AcademicPosters,arrangement_only,pairwise_distance_mean_norm,0.4579446375391209,0.47035431509671144,0.41306334501295827,0.41306334501295827
AcademicPosters,arrangement_only,pairwise_distance_std_norm,0.23874177528852283,0.23123728144372432,-0.5922245716383134,0.5922245716383134
AcademicPosters,arrangement_only,row_alignment_fraction,0.05824053165756255,0.052286780097098653,-0.4926612330289481,0.4926612330289481
AcademicPosters,arrangement_only,column_alignment_fraction,0.07221091594499701,0.054227940048257164,-1.1938381091600905,1.1938381091600905
AcademicPosters,arrangement_only,angle_mean_abs_deg,4.103329895742782,3.0491803740342074,-0.43403031981131923,0.43403031981131923
AcademicPosters,arrangement_only,angle_std_deg,16.351778396319883,14.256417800072313,-0.35926713083431355,0.35926713083431355
AcademicPosters,arrangement_only,rotated_fraction_gt_5deg,0.07670300708486981,0.05749415081471688,-0.5150698079470357,0.5150698079470357
AcademicPosters,arrangement_only,center_grid_4_0_0,0.033838516394105615,0.030933416719330288,-0.16416269759548444,0.16416269759548444
AcademicPosters,arrangement_only,center_grid_4_0_1,0.0321416421748798,0.036234625424538126,0.25606977070570647,0.25606977070570647
AcademicPosters,arrangement_only,center_grid_4_0_2,0.02994989262912954,0.031272666453587616,0.0671020972606087,0.0671020972606087
AcademicPosters,arrangement_only,center_grid_4_0_3,0.03496953412165696,0.037844526680433456,0.1133173792935598,0.1133173792935598
AcademicPosters,arrangement_only,center_grid_4_1_0,0.061147168178288844,0.06455073945742296,0.14150573797964644,0.14150573797964644
AcademicPosters,arrangement_only,center_grid_4_1_1,0.05328451864611863,0.053729876131599345,0.014006405900402065,0.014006405900402065
AcademicPosters,arrangement_only,center_grid_4_1_2,0.06463349619870314,0.07113098439366525,0.19361471230894317,0.19361471230894317
AcademicPosters,arrangement_only,center_grid_4_1_3,0.10497259211835257,0.0713812060936485,-0.48624491055262203,0.48624491055262203
AcademicPosters,arrangement_only,center_grid_4_2_0,0.07381686344886985,0.08056853073535641,0.1907215261585113,0.1907215261585113
AcademicPosters,arrangement_only,center_grid_4_2_1,0.06684077802411863,0.07396916603273876,0.17446176602240296,0.17446176602240296
AcademicPosters,arrangement_only,center_grid_4_2_2,0.07537363232149608,0.09214732715052994,0.34941535504467286,0.34941535504467286
AcademicPosters,arrangement_only,center_grid_4_2_3,0.09326750739282995,0.08912740555470051,-0.06880827520811757,0.06880827520811757
AcademicPosters,arrangement_only,center_grid_4_3_0,0.07177630466457947,0.06945982680288885,-0.05762560093899971,0.05762560093899971
AcademicPosters,arrangement_only,center_grid_4_3_1,0.057347564474167625,0.07207820736270841,0.48565939607833675,0.48565939607833675
AcademicPosters,arrangement_only,center_grid_4_3_2,0.07358931460258672,0.07093404456035757,-0.05110620721820283,0.05110620721820283
AcademicPosters,arrangement_only,center_grid_4_3_3,0.07305067461011588,0.05463745044649327,-0.44150384987670566,0.44150384987670566
AcademicPosters,arrangement_only,center_grid_8_0_0,0.007208189523428533,0.002568738684454836,-0.6095158034128085,0.6095158034128085
AcademicPosters,arrangement_only,center_grid_8_0_1,0.004699246374876374,0.00368853674929982,-0.13846839243584771,0.13846839243584771
AcademicPosters,arrangement_only,center_grid_8_0_2,0.002805036726579846,0.008446502164264364,0.8826383027274802,0.8826383027274802
AcademicPosters,arrangement_only,center_grid_8_0_3,0.010418764286389435,0.008130724156911349,-0.29753975682740397,0.29753975682740397
AcademicPosters,arrangement_only,center_grid_8_0_4,0.009177653304609613,0.004274515029191634,-0.5320023125682614,0.5320023125682614
AcademicPosters,arrangement_only,center_grid_8_0_5,0.002569335075220312,0.003953980927028712,0.2108769088919997,0.2108769088919997
AcademicPosters,arrangement_only,center_grid_8_0_6,0.00338729065226012,0.011178617225789236,0.7971820685823905,0.7971820685823905
AcademicPosters,arrangement_only,center_grid_8_0_7,0.010088792862995355,0.004627391779900166,-0.5615600631634212,0.5615600631634212
AcademicPosters,arrangement_only,center_grid_8_1_0,0.007256870202795648,0.009847179657340338,0.3414400009513206,0.3414400009513206
AcademicPosters,arrangement_only,center_grid_8_1_1,0.014674210293004999,0.014828961628235217,0.013661374619715514,0.013661374619715514
AcademicPosters,arrangement_only,center_grid_8_1_2,0.005019806394498462,0.0071345425909268055,0.30397026853955905,0.30397026853955905
AcademicPosters,arrangement_only,center_grid_8_1_3,0.013898034767412009,0.012522856512435539,-0.12002964461870883,0.12002964461870883
AcademicPosters,arrangement_only,center_grid_8_1_4,0.010348827032899124,0.011072358902309974,0.06589433728443891,0.06589433728443891
AcademicPosters,arrangement_only,center_grid_8_1_5,0.007854077216400447,0.011971811595057245,0.5056744183397678,0.5056744183397678
AcademicPosters,arrangement_only,center_grid_8_1_6,0.01302934632143382,0.014261676234660632,0.10467973237533842,0.10467973237533842
AcademicPosters,arrangement_only,center_grid_8_1_7,0.008464104284967609,0.007776841440083357,-0.05760752870465847,0.05760752870465847
AcademicPosters,arrangement_only,center_grid_8_2_0,0.010301129036768166,0.01647697116699994,0.5558365094179784,0.5558365094179784
AcademicPosters,arrangement_only,center_grid_8_2_1,0.020324451784828182,0.01360619504047551,-0.5404865815047484,0.5404865815047484
AcademicPosters,arrangement_only,center_grid_8_2_2,0.008964159089211719,0.01053856907109993,0.13923322205952823,0.13923322205952823
AcademicPosters,arrangement_only,center_grid_8_2_3,0.01909282605980751,0.014023160578594823,-0.30777190716937447,0.30777190716937447
AcademicPosters,arrangement_only,center_grid_8_2_4,0.018585277132425644,0.017188318337366032,-0.08691956335252708,0.08691956335252708
AcademicPosters,arrangement_only,center_grid_8_2_5,0.017689118339866573,0.019498959135853127,0.11485945309029702,0.11485945309029702
AcademicPosters,arrangement_only,center_grid_8_2_6,0.03327414191351616,0.02148209161972135,-0.3880482790341333,0.3880482790341333
AcademicPosters,arrangement_only,center_grid_8_2_7,0.02562149977479471,0.016603843398764476,-0.369009008629536,0.369009008629536
AcademicPosters,arrangement_only,center_grid_8_3_0,0.009474758263042636,0.018606556282421197,0.8441825783505998,0.8441825783505998
AcademicPosters,arrangement_only,center_grid_8_3_1,0.021046829093649792,0.01586101696752618,-0.350556770510714,0.350556770510714
AcademicPosters,arrangement_only,center_grid_8_3_2,0.009055945249178389,0.012615819067671997,0.3282325529594153,0.3282325529594153
AcademicPosters,arrangement_only,center_grid_8_3_3,0.016171588247920934,0.0165523274142325,0.03027543687632595,0.03027543687632595
AcademicPosters,arrangement_only,center_grid_8_3_4,0.012271724065284357,0.017451927031770998,0.44928303103132855,0.44928303103132855
AcademicPosters,arrangement_only,center_grid_8_3_5,0.01608737666112647,0.016991779888674997,0.06318523270828712,0.06318523270828712
AcademicPosters,arrangement_only,center_grid_8_3_6,0.026474509824744287,0.01953248747791552,-0.3241505780924771,0.3241505780924771
AcademicPosters,arrangement_only,center_grid_8_3_7,0.019602440605297335,0.013762783597247048,-0.2536631767291618,0.2536631767291618
AcademicPosters,arrangement_only,center_grid_8_4_0,0.014200757860486747,0.02041245564425533,0.43186671698781587,0.43186671698781587
AcademicPosters,arrangement_only,center_grid_8_4_1,0.022736760272916788,0.016633537552467707,-0.3587353778910713,0.3587353778910713
AcademicPosters,arrangement_only,center_grid_8_4_2,0.011590086713637059,0.017380354966365103,0.30008740095389885,0.30008740095389885
AcademicPosters,arrangement_only,center_grid_8_4_3,0.02043500180724596,0.017009111263039417,-0.24585005232655205,0.24585005232655205
AcademicPosters,arrangement_only,center_grid_8_4_4,0.015634992604206026,0.022958352209373745,0.46275174918658496,0.46275174918658496
AcademicPosters,arrangement_only,center_grid_8_4_5,0.01708969695272513,0.020745162155445196,0.23016615143858424,0.23016615143858424
AcademicPosters,arrangement_only,center_grid_8_4_6,0.029227337692114302,0.02875484394298938,-0.023058747948662646,0.023058747948662646
AcademicPosters,arrangement_only,center_grid_8_4_7,0.02132478547790051,0.02030296173311255,-0.0449795443352577,0.0449795443352577
AcademicPosters,arrangement_only,center_grid_8_5_0,0.015557651398488788,0.02305592277381168,0.5888791577711834,0.5888791577711834
AcademicPosters,arrangement_only,center_grid_8_5_1,0.021321693916977417,0.02046661476482158,-0.05351734644835203,0.05351734644835203
AcademicPosters,arrangement_only,center_grid_8_5_2,0.012363351357420336,0.022023409069838355,0.5938539821742476,0.5938539821742476
AcademicPosters,arrangement_only,center_grid_8_5_3,0.022452338145815185,0.01755629073349575,-0.2870784040378141,0.2870784040378141
AcademicPosters,arrangement_only,center_grid_8_5_4,0.01981167827377805,0.024234568593526563,0.23751764376632586,0.23751764376632586
AcademicPosters,arrangement_only,center_grid_8_5_5,0.02283726449078678,0.024209244192184336,0.055816869841824754,0.055816869841824754
AcademicPosters,arrangement_only,center_grid_8_5_6,0.026297714708228635,0.021450518344500468,-0.22612478629320987,0.22612478629320987
AcademicPosters,arrangement_only,center_grid_8_5_7,0.01641766951458641,0.018619081534098015,0.10466960045442186,0.10466960045442186
AcademicPosters,arrangement_only,center_grid_8_6_0,0.016706457099148482,0.018351728727667504,0.11743579494930591,0.11743579494930591
AcademicPosters,arrangement_only,center_grid_8_6_1,0.02432829488680697,0.019341834250437638,-0.27039644795992196,0.27039644795992196
AcademicPosters,arrangement_only,center_grid_8_6_2,0.012602369901130615,0.017612224120699092,0.33212497498328675,0.33212497498328675
AcademicPosters,arrangement_only,center_grid_8_6_3,0.021572731869102774,0.02201362486002559,0.02663247758349031,0.02663247758349031
AcademicPosters,arrangement_only,center_grid_8_6_4,0.020613228194690976,0.023981046974247713,0.19739492259439412,0.19739492259439412
AcademicPosters,arrangement_only,center_grid_8_6_5,0.022108921901634687,0.01854498436058954,-0.1368436645662157,0.1368436645662157
AcademicPosters,arrangement_only,center_grid_8_6_6,0.026281054053034797,0.022156733466881674,-0.20800517145024275,0.20800517145024275
AcademicPosters,arrangement_only,center_grid_8_6_7,0.01684955835579846,0.009426316168452803,-0.4755315206838077,0.4755315206838077
AcademicPosters,arrangement_only,center_grid_8_7_0,0.011482507781641789,0.014162400978304155,0.23753425509715212,0.23753425509715212
AcademicPosters,arrangement_only,center_grid_8_7_1,0.01925904489698214,0.017603862846479433,-0.10881627807261686,0.10881627807261686
AcademicPosters,arrangement_only,center_grid_8_7_2,0.007487872748464449,0.014455716251317976,0.6131889756828047,0.6131889756828047
AcademicPosters,arrangement_only,center_grid_8_7_3,0.015684589955469695,0.01799664213066565,0.1910332320410847,0.1910332320410847
AcademicPosters,arrangement_only,center_grid_8_7_4,0.01597509367262485,0.015427568837618926,-0.04265612548540884,0.04265612548540884
AcademicPosters,arrangement_only,center_grid_8_7_5,0.014892070833636108,0.012980444387901269,-0.11995576218716363,0.11995576218716363
AcademicPosters,arrangement_only,center_grid_8_7_6,0.020140741942374866,0.015636511390404527,-0.2840897790047033,0.2840897790047033
AcademicPosters,arrangement_only,center_grid_8_7_7,0.009779320258907683,0.007417889420754176,-0.19680262050900005,0.19680262050900005
AcademicPosters,arrangement_base_only,center_x_mean,0.53349923678701,0.5042495713993747,-0.447367133432544,0.447367133432544
AcademicPosters,arrangement_base_only,center_x_std,0.27084617039429426,0.2750485715780897,0.21813511337618288,0.21813511337618288
AcademicPosters,arrangement_base_only,center_y_mean,0.5554714841315448,0.5594240690425966,0.08620278866791257,0.08620278866791257
AcademicPosters,arrangement_base_only,center_y_std,0.24229381878650286,0.24653567617348962,0.19600230961993473,0.19600230961993473
AcademicPosters,arrangement_base_only,center_x_span,0.9074313100624533,0.9166663306824765,0.38882843799933103,0.38882843799933103
AcademicPosters,arrangement_base_only,center_y_span,0.9303634092756087,0.9475746235150712,0.9126358313385676,0.9126358313385676
AcademicPosters,arrangement_base_only,nearest_neighbor_mean_norm,0.029404539919824807,0.026878111954681115,-0.4309892929096938,0.4309892929096938
AcademicPosters,arrangement_base_only,nearest_neighbor_median_norm,0.02202374251347872,0.02142907893380013,-0.09861595315078373,0.09861595315078373
AcademicPosters,arrangement_base_only,nearest_neighbor_std_norm,0.02150048500479005,0.017167888173253452,-0.8749672658412313,0.8749672658412313
AcademicPosters,arrangement_base_only,pairwise_distance_mean_norm,0.4579446375391209,0.47035431509671144,0.41306334501295827,0.41306334501295827
AcademicPosters,arrangement_base_only,pairwise_distance_std_norm,0.23874177528852283,0.23123728144372432,-0.5922245716383134,0.5922245716383134
AcademicPosters,arrangement_base_only,row_alignment_fraction,0.05824053165756255,0.052286780097098653,-0.4926612330289481,0.4926612330289481
AcademicPosters,arrangement_base_only,column_alignment_fraction,0.07221091594499701,0.054227940048257164,-1.1938381091600905,1.1938381091600905
AcademicPosters,arrangement_base_only,angle_mean_abs_deg,4.103329895742782,3.0491803740342074,-0.43403031981131923,0.43403031981131923
AcademicPosters,arrangement_base_only,angle_std_deg,16.351778396319883,14.256417800072313,-0.35926713083431355,0.35926713083431355
AcademicPosters,arrangement_base_only,rotated_fraction_gt_5deg,0.07670300708486981,0.05749415081471688,-0.5150698079470357,0.5150698079470357
AcademicPosters,arrangement_4x4_only,center_x_mean,0.53349923678701,0.5042495713993747,-0.447367133432544,0.447367133432544
AcademicPosters,arrangement_4x4_only,center_x_std,0.27084617039429426,0.2750485715780897,0.21813511337618288,0.21813511337618288
AcademicPosters,arrangement_4x4_only,center_y_mean,0.5554714841315448,0.5594240690425966,0.08620278866791257,0.08620278866791257
AcademicPosters,arrangement_4x4_only,center_y_std,0.24229381878650286,0.24653567617348962,0.19600230961993473,0.19600230961993473
AcademicPosters,arrangement_4x4_only,center_x_span,0.9074313100624533,0.9166663306824765,0.38882843799933103,0.38882843799933103
AcademicPosters,arrangement_4x4_only,center_y_span,0.9303634092756087,0.9475746235150712,0.9126358313385676,0.9126358313385676
AcademicPosters,arrangement_4x4_only,nearest_neighbor_mean_norm,0.029404539919824807,0.026878111954681115,-0.4309892929096938,0.4309892929096938
AcademicPosters,arrangement_4x4_only,nearest_neighbor_median_norm,0.02202374251347872,0.02142907893380013,-0.09861595315078373,0.09861595315078373
AcademicPosters,arrangement_4x4_only,nearest_neighbor_std_norm,0.02150048500479005,0.017167888173253452,-0.8749672658412313,0.8749672658412313
AcademicPosters,arrangement_4x4_only,pairwise_distance_mean_norm,0.4579446375391209,0.47035431509671144,0.41306334501295827,0.41306334501295827
AcademicPosters,arrangement_4x4_only,pairwise_distance_std_norm,0.23874177528852283,0.23123728144372432,-0.5922245716383134,0.5922245716383134
AcademicPosters,arrangement_4x4_only,row_alignment_fraction,0.05824053165756255,0.052286780097098653,-0.4926612330289481,0.4926612330289481
AcademicPosters,arrangement_4x4_only,column_alignment_fraction,0.07221091594499701,0.054227940048257164,-1.1938381091600905,1.1938381091600905
AcademicPosters,arrangement_4x4_only,angle_mean_abs_deg,4.103329895742782,3.0491803740342074,-0.43403031981131923,0.43403031981131923
AcademicPosters,arrangement_4x4_only,angle_std_deg,16.351778396319883,14.256417800072313,-0.35926713083431355,0.35926713083431355
AcademicPosters,arrangement_4x4_only,rotated_fraction_gt_5deg,0.07670300708486981,0.05749415081471688,-0.5150698079470357,0.5150698079470357
AcademicPosters,arrangement_4x4_only,center_grid_4_0_0,0.033838516394105615,0.030933416719330288,-0.16416269759548444,0.16416269759548444
AcademicPosters,arrangement_4x4_only,center_grid_4_0_1,0.0321416421748798,0.036234625424538126,0.25606977070570647,0.25606977070570647
AcademicPosters,arrangement_4x4_only,center_grid_4_0_2,0.02994989262912954,0.031272666453587616,0.0671020972606087,0.0671020972606087
AcademicPosters,arrangement_4x4_only,center_grid_4_0_3,0.03496953412165696,0.037844526680433456,0.1133173792935598,0.1133173792935598
AcademicPosters,arrangement_4x4_only,center_grid_4_1_0,0.061147168178288844,0.06455073945742296,0.14150573797964644,0.14150573797964644
AcademicPosters,arrangement_4x4_only,center_grid_4_1_1,0.05328451864611863,0.053729876131599345,0.014006405900402065,0.014006405900402065
AcademicPosters,arrangement_4x4_only,center_grid_4_1_2,0.06463349619870314,0.07113098439366525,0.19361471230894317,0.19361471230894317
AcademicPosters,arrangement_4x4_only,center_grid_4_1_3,0.10497259211835257,0.0713812060936485,-0.48624491055262203,0.48624491055262203
AcademicPosters,arrangement_4x4_only,center_grid_4_2_0,0.07381686344886985,0.08056853073535641,0.1907215261585113,0.1907215261585113
AcademicPosters,arrangement_4x4_only,center_grid_4_2_1,0.06684077802411863,0.07396916603273876,0.17446176602240296,0.17446176602240296
AcademicPosters,arrangement_4x4_only,center_grid_4_2_2,0.07537363232149608,0.09214732715052994,0.34941535504467286,0.34941535504467286
AcademicPosters,arrangement_4x4_only,center_grid_4_2_3,0.09326750739282995,0.08912740555470051,-0.06880827520811757,0.06880827520811757
AcademicPosters,arrangement_4x4_only,center_grid_4_3_0,0.07177630466457947,0.06945982680288885,-0.05762560093899971,0.05762560093899971
AcademicPosters,arrangement_4x4_only,center_grid_4_3_1,0.057347564474167625,0.07207820736270841,0.48565939607833675,0.48565939607833675
AcademicPosters,arrangement_4x4_only,center_grid_4_3_2,0.07358931460258672,0.07093404456035757,-0.05110620721820283,0.05110620721820283
AcademicPosters,arrangement_4x4_only,center_grid_4_3_3,0.07305067461011588,0.05463745044649327,-0.44150384987670566,0.44150384987670566
AcademicPosters,arrangement_8x8_only,center_x_mean,0.53349923678701,0.5042495713993747,-0.447367133432544,0.447367133432544
AcademicPosters,arrangement_8x8_only,center_x_std,0.27084617039429426,0.2750485715780897,0.21813511337618288,0.21813511337618288
AcademicPosters,arrangement_8x8_only,center_y_mean,0.5554714841315448,0.5594240690425966,0.08620278866791257,0.08620278866791257
AcademicPosters,arrangement_8x8_only,center_y_std,0.24229381878650286,0.24653567617348962,0.19600230961993473,0.19600230961993473
AcademicPosters,arrangement_8x8_only,center_x_span,0.9074313100624533,0.9166663306824765,0.38882843799933103,0.38882843799933103
AcademicPosters,arrangement_8x8_only,center_y_span,0.9303634092756087,0.9475746235150712,0.9126358313385676,0.9126358313385676
AcademicPosters,arrangement_8x8_only,nearest_neighbor_mean_norm,0.029404539919824807,0.026878111954681115,-0.4309892929096938,0.4309892929096938
AcademicPosters,arrangement_8x8_only,nearest_neighbor_median_norm,0.02202374251347872,0.02142907893380013,-0.09861595315078373,0.09861595315078373
AcademicPosters,arrangement_8x8_only,nearest_neighbor_std_norm,0.02150048500479005,0.017167888173253452,-0.8749672658412313,0.8749672658412313
AcademicPosters,arrangement_8x8_only,pairwise_distance_mean_norm,0.4579446375391209,0.47035431509671144,0.41306334501295827,0.41306334501295827
AcademicPosters,arrangement_8x8_only,pairwise_distance_std_norm,0.23874177528852283,0.23123728144372432,-0.5922245716383134,0.5922245716383134
AcademicPosters,arrangement_8x8_only,row_alignment_fraction,0.05824053165756255,0.052286780097098653,-0.4926612330289481,0.4926612330289481
AcademicPosters,arrangement_8x8_only,column_alignment_fraction,0.07221091594499701,0.054227940048257164,-1.1938381091600905,1.1938381091600905
AcademicPosters,arrangement_8x8_only,angle_mean_abs_deg,4.103329895742782,3.0491803740342074,-0.43403031981131923,0.43403031981131923
AcademicPosters,arrangement_8x8_only,angle_std_deg,16.351778396319883,14.256417800072313,-0.35926713083431355,0.35926713083431355
AcademicPosters,arrangement_8x8_only,rotated_fraction_gt_5deg,0.07670300708486981,0.05749415081471688,-0.5150698079470357,0.5150698079470357
AcademicPosters,arrangement_8x8_only,center_grid_8_0_0,0.007208189523428533,0.002568738684454836,-0.6095158034128085,0.6095158034128085
AcademicPosters,arrangement_8x8_only,center_grid_8_0_1,0.004699246374876374,0.00368853674929982,-0.13846839243584771,0.13846839243584771
AcademicPosters,arrangement_8x8_only,center_grid_8_0_2,0.002805036726579846,0.008446502164264364,0.8826383027274802,0.8826383027274802
AcademicPosters,arrangement_8x8_only,center_grid_8_0_3,0.010418764286389435,0.008130724156911349,-0.29753975682740397,0.29753975682740397
AcademicPosters,arrangement_8x8_only,center_grid_8_0_4,0.009177653304609613,0.004274515029191634,-0.5320023125682614,0.5320023125682614
AcademicPosters,arrangement_8x8_only,center_grid_8_0_5,0.002569335075220312,0.003953980927028712,0.2108769088919997,0.2108769088919997
AcademicPosters,arrangement_8x8_only,center_grid_8_0_6,0.00338729065226012,0.011178617225789236,0.7971820685823905,0.7971820685823905
AcademicPosters,arrangement_8x8_only,center_grid_8_0_7,0.010088792862995355,0.004627391779900166,-0.5615600631634212,0.5615600631634212
AcademicPosters,arrangement_8x8_only,center_grid_8_1_0,0.007256870202795648,0.009847179657340338,0.3414400009513206,0.3414400009513206
AcademicPosters,arrangement_8x8_only,center_grid_8_1_1,0.014674210293004999,0.014828961628235217,0.013661374619715514,0.013661374619715514
AcademicPosters,arrangement_8x8_only,center_grid_8_1_2,0.005019806394498462,0.0071345425909268055,0.30397026853955905,0.30397026853955905
AcademicPosters,arrangement_8x8_only,center_grid_8_1_3,0.013898034767412009,0.012522856512435539,-0.12002964461870883,0.12002964461870883
AcademicPosters,arrangement_8x8_only,center_grid_8_1_4,0.010348827032899124,0.011072358902309974,0.06589433728443891,0.06589433728443891
AcademicPosters,arrangement_8x8_only,center_grid_8_1_5,0.007854077216400447,0.011971811595057245,0.5056744183397678,0.5056744183397678
AcademicPosters,arrangement_8x8_only,center_grid_8_1_6,0.01302934632143382,0.014261676234660632,0.10467973237533842,0.10467973237533842
AcademicPosters,arrangement_8x8_only,center_grid_8_1_7,0.008464104284967609,0.007776841440083357,-0.05760752870465847,0.05760752870465847
AcademicPosters,arrangement_8x8_only,center_grid_8_2_0,0.010301129036768166,0.01647697116699994,0.5558365094179784,0.5558365094179784
AcademicPosters,arrangement_8x8_only,center_grid_8_2_1,0.020324451784828182,0.01360619504047551,-0.5404865815047484,0.5404865815047484
AcademicPosters,arrangement_8x8_only,center_grid_8_2_2,0.008964159089211719,0.01053856907109993,0.13923322205952823,0.13923322205952823
AcademicPosters,arrangement_8x8_only,center_grid_8_2_3,0.01909282605980751,0.014023160578594823,-0.30777190716937447,0.30777190716937447
AcademicPosters,arrangement_8x8_only,center_grid_8_2_4,0.018585277132425644,0.017188318337366032,-0.08691956335252708,0.08691956335252708
AcademicPosters,arrangement_8x8_only,center_grid_8_2_5,0.017689118339866573,0.019498959135853127,0.11485945309029702,0.11485945309029702
AcademicPosters,arrangement_8x8_only,center_grid_8_2_6,0.03327414191351616,0.02148209161972135,-0.3880482790341333,0.3880482790341333
AcademicPosters,arrangement_8x8_only,center_grid_8_2_7,0.02562149977479471,0.016603843398764476,-0.369009008629536,0.369009008629536
AcademicPosters,arrangement_8x8_only,center_grid_8_3_0,0.009474758263042636,0.018606556282421197,0.8441825783505998,0.8441825783505998
AcademicPosters,arrangement_8x8_only,center_grid_8_3_1,0.021046829093649792,0.01586101696752618,-0.350556770510714,0.350556770510714
AcademicPosters,arrangement_8x8_only,center_grid_8_3_2,0.009055945249178389,0.012615819067671997,0.3282325529594153,0.3282325529594153
AcademicPosters,arrangement_8x8_only,center_grid_8_3_3,0.016171588247920934,0.0165523274142325,0.03027543687632595,0.03027543687632595
AcademicPosters,arrangement_8x8_only,center_grid_8_3_4,0.012271724065284357,0.017451927031770998,0.44928303103132855,0.44928303103132855
AcademicPosters,arrangement_8x8_only,center_grid_8_3_5,0.01608737666112647,0.016991779888674997,0.06318523270828712,0.06318523270828712
AcademicPosters,arrangement_8x8_only,center_grid_8_3_6,0.026474509824744287,0.01953248747791552,-0.3241505780924771,0.3241505780924771
AcademicPosters,arrangement_8x8_only,center_grid_8_3_7,0.019602440605297335,0.013762783597247048,-0.2536631767291618,0.2536631767291618
AcademicPosters,arrangement_8x8_only,center_grid_8_4_0,0.014200757860486747,0.02041245564425533,0.43186671698781587,0.43186671698781587
AcademicPosters,arrangement_8x8_only,center_grid_8_4_1,0.022736760272916788,0.016633537552467707,-0.3587353778910713,0.3587353778910713
AcademicPosters,arrangement_8x8_only,center_grid_8_4_2,0.011590086713637059,0.017380354966365103,0.30008740095389885,0.30008740095389885
AcademicPosters,arrangement_8x8_only,center_grid_8_4_3,0.02043500180724596,0.017009111263039417,-0.24585005232655205,0.24585005232655205
AcademicPosters,arrangement_8x8_only,center_grid_8_4_4,0.015634992604206026,0.022958352209373745,0.46275174918658496,0.46275174918658496
AcademicPosters,arrangement_8x8_only,center_grid_8_4_5,0.01708969695272513,0.020745162155445196,0.23016615143858424,0.23016615143858424
AcademicPosters,arrangement_8x8_only,center_grid_8_4_6,0.029227337692114302,0.02875484394298938,-0.023058747948662646,0.023058747948662646
AcademicPosters,arrangement_8x8_only,center_grid_8_4_7,0.02132478547790051,0.02030296173311255,-0.0449795443352577,0.0449795443352577
AcademicPosters,arrangement_8x8_only,center_grid_8_5_0,0.015557651398488788,0.02305592277381168,0.5888791577711834,0.5888791577711834
AcademicPosters,arrangement_8x8_only,center_grid_8_5_1,0.021321693916977417,0.02046661476482158,-0.05351734644835203,0.05351734644835203
AcademicPosters,arrangement_8x8_only,center_grid_8_5_2,0.012363351357420336,0.022023409069838355,0.5938539821742476,0.5938539821742476
AcademicPosters,arrangement_8x8_only,center_grid_8_5_3,0.022452338145815185,0.01755629073349575,-0.2870784040378141,0.2870784040378141
AcademicPosters,arrangement_8x8_only,center_grid_8_5_4,0.01981167827377805,0.024234568593526563,0.23751764376632586,0.23751764376632586
AcademicPosters,arrangement_8x8_only,center_grid_8_5_5,0.02283726449078678,0.024209244192184336,0.055816869841824754,0.055816869841824754
AcademicPosters,arrangement_8x8_only,center_grid_8_5_6,0.026297714708228635,0.021450518344500468,-0.22612478629320987,0.22612478629320987
AcademicPosters,arrangement_8x8_only,center_grid_8_5_7,0.01641766951458641,0.018619081534098015,0.10466960045442186,0.10466960045442186
AcademicPosters,arrangement_8x8_only,center_grid_8_6_0,0.016706457099148482,0.018351728727667504,0.11743579494930591,0.11743579494930591
AcademicPosters,arrangement_8x8_only,center_grid_8_6_1,0.02432829488680697,0.019341834250437638,-0.27039644795992196,0.27039644795992196
AcademicPosters,arrangement_8x8_only,center_grid_8_6_2,0.012602369901130615,0.017612224120699092,0.33212497498328675,0.33212497498328675
AcademicPosters,arrangement_8x8_only,center_grid_8_6_3,0.021572731869102774,0.02201362486002559,0.02663247758349031,0.02663247758349031
AcademicPosters,arrangement_8x8_only,center_grid_8_6_4,0.020613228194690976,0.023981046974247713,0.19739492259439412,0.19739492259439412
AcademicPosters,arrangement_8x8_only,center_grid_8_6_5,0.022108921901634687,0.01854498436058954,-0.1368436645662157,0.1368436645662157
AcademicPosters,arrangement_8x8_only,center_grid_8_6_6,0.026281054053034797,0.022156733466881674,-0.20800517145024275,0.20800517145024275
AcademicPosters,arrangement_8x8_only,center_grid_8_6_7,0.01684955835579846,0.009426316168452803,-0.4755315206838077,0.4755315206838077
AcademicPosters,arrangement_8x8_only,center_grid_8_7_0,0.011482507781641789,0.014162400978304155,0.23753425509715212,0.23753425509715212
AcademicPosters,arrangement_8x8_only,center_grid_8_7_1,0.01925904489698214,0.017603862846479433,-0.10881627807261686,0.10881627807261686
AcademicPosters,arrangement_8x8_only,center_grid_8_7_2,0.007487872748464449,0.014455716251317976,0.6131889756828047,0.6131889756828047
AcademicPosters,arrangement_8x8_only,center_grid_8_7_3,0.015684589955469695,0.01799664213066565,0.1910332320410847,0.1910332320410847
AcademicPosters,arrangement_8x8_only,center_grid_8_7_4,0.01597509367262485,0.015427568837618926,-0.04265612548540884,0.04265612548540884
AcademicPosters,arrangement_8x8_only,center_grid_8_7_5,0.014892070833636108,0.012980444387901269,-0.11995576218716363,0.11995576218716363
AcademicPosters,arrangement_8x8_only,center_grid_8_7_6,0.020140741942374866,0.015636511390404527,-0.2840897790047033,0.2840897790047033
AcademicPosters,arrangement_8x8_only,center_grid_8_7_7,0.009779320258907683,0.007417889420754176,-0.19680262050900005,0.19680262050900005
AcademicPosters,quantity_plus_arrangement,region_count,180.14,194.8,0.2784723689506898,0.2784723689506898
AcademicPosters,quantity_plus_arrangement,union_coverage_norm,0.2987544574522035,0.21805072975683096,-1.4181397836411276,1.4181397836411276
AcademicPosters,quantity_plus_arrangement,sum_box_area_norm,0.3062693017757362,0.22017930984066944,-1.4388660936894204,1.4388660936894204
AcademicPosters,quantity_plus_arrangement,mean_box_area_norm,0.0018801992713308698,0.001145753240518692,-1.4677974715366346,1.4677974715366346
AcademicPosters,quantity_plus_arrangement,median_box_area_norm,0.0009497053597030902,0.00066186325656548,-0.598168600934738,0.598168600934738
AcademicPosters,quantity_plus_arrangement,std_box_area_norm,0.002711115195187146,0.0018485618786591362,-0.8708616300942689,0.8708616300942689
AcademicPosters,quantity_plus_arrangement,mean_box_width_norm,0.10196461107065904,0.07674868446967631,-0.926024767742336,0.926024767742336
AcademicPosters,quantity_plus_arrangement,mean_box_height_norm,0.01800883431573412,0.014808685915630882,-1.0186757009926612,1.0186757009926612
AcademicPosters,quantity_plus_arrangement,mean_confidence,0.8212293742739629,0.8560892190642342,2.0159608791286887,2.0159608791286887
AcademicPosters,quantity_plus_arrangement,low_confidence_fraction,0.22233795222936997,0.09881280867654522,-1.8564275132034411,1.8564275132034411
AcademicPosters,quantity_plus_arrangement,center_x_mean,0.53349923678701,0.5042495713993747,-0.447367133432544,0.447367133432544
AcademicPosters,quantity_plus_arrangement,center_x_std,0.27084617039429426,0.2750485715780897,0.21813511337618288,0.21813511337618288
AcademicPosters,quantity_plus_arrangement,center_y_mean,0.5554714841315448,0.5594240690425966,0.08620278866791257,0.08620278866791257
AcademicPosters,quantity_plus_arrangement,center_y_std,0.24229381878650286,0.24653567617348962,0.19600230961993473,0.19600230961993473
AcademicPosters,quantity_plus_arrangement,center_x_span,0.9074313100624533,0.9166663306824765,0.38882843799933103,0.38882843799933103
AcademicPosters,quantity_plus_arrangement,center_y_span,0.9303634092756087,0.9475746235150712,0.9126358313385676,0.9126358313385676
AcademicPosters,quantity_plus_arrangement,nearest_neighbor_mean_norm,0.029404539919824807,0.026878111954681115,-0.4309892929096938,0.4309892929096938
AcademicPosters,quantity_plus_arrangement,nearest_neighbor_median_norm,0.02202374251347872,0.02142907893380013,-0.09861595315078373,0.09861595315078373
AcademicPosters,quantity_plus_arrangement,nearest_neighbor_std_norm,0.02150048500479005,0.017167888173253452,-0.8749672658412313,0.8749672658412313
AcademicPosters,quantity_plus_arrangement,pairwise_distance_mean_norm,0.4579446375391209,0.47035431509671144,0.41306334501295827,0.41306334501295827
AcademicPosters,quantity_plus_arrangement,pairwise_distance_std_norm,0.23874177528852283,0.23123728144372432,-0.5922245716383134,0.5922245716383134
AcademicPosters,quantity_plus_arrangement,row_alignment_fraction,0.05824053165756255,0.052286780097098653,-0.4926612330289481,0.4926612330289481
AcademicPosters,quantity_plus_arrangement,column_alignment_fraction,0.07221091594499701,0.054227940048257164,-1.1938381091600905,1.1938381091600905
AcademicPosters,quantity_plus_arrangement,angle_mean_abs_deg,4.103329895742782,3.0491803740342074,-0.43403031981131923,0.43403031981131923
AcademicPosters,quantity_plus_arrangement,angle_std_deg,16.351778396319883,14.256417800072313,-0.35926713083431355,0.35926713083431355
AcademicPosters,quantity_plus_arrangement,rotated_fraction_gt_5deg,0.07670300708486981,0.05749415081471688,-0.5150698079470357,0.5150698079470357
AcademicPosters,quantity_plus_arrangement,center_grid_4_0_0,0.033838516394105615,0.030933416719330288,-0.16416269759548444,0.16416269759548444
AcademicPosters,quantity_plus_arrangement,center_grid_4_0_1,0.0321416421748798,0.036234625424538126,0.25606977070570647,0.25606977070570647
AcademicPosters,quantity_plus_arrangement,center_grid_4_0_2,0.02994989262912954,0.031272666453587616,0.0671020972606087,0.0671020972606087
AcademicPosters,quantity_plus_arrangement,center_grid_4_0_3,0.03496953412165696,0.037844526680433456,0.1133173792935598,0.1133173792935598
AcademicPosters,quantity_plus_arrangement,center_grid_4_1_0,0.061147168178288844,0.06455073945742296,0.14150573797964644,0.14150573797964644
AcademicPosters,quantity_plus_arrangement,center_grid_4_1_1,0.05328451864611863,0.053729876131599345,0.014006405900402065,0.014006405900402065
AcademicPosters,quantity_plus_arrangement,center_grid_4_1_2,0.06463349619870314,0.07113098439366525,0.19361471230894317,0.19361471230894317
AcademicPosters,quantity_plus_arrangement,center_grid_4_1_3,0.10497259211835257,0.0713812060936485,-0.48624491055262203,0.48624491055262203
AcademicPosters,quantity_plus_arrangement,center_grid_4_2_0,0.07381686344886985,0.08056853073535641,0.1907215261585113,0.1907215261585113
AcademicPosters,quantity_plus_arrangement,center_grid_4_2_1,0.06684077802411863,0.07396916603273876,0.17446176602240296,0.17446176602240296
AcademicPosters,quantity_plus_arrangement,center_grid_4_2_2,0.07537363232149608,0.09214732715052994,0.34941535504467286,0.34941535504467286
AcademicPosters,quantity_plus_arrangement,center_grid_4_2_3,0.09326750739282995,0.08912740555470051,-0.06880827520811757,0.06880827520811757
AcademicPosters,quantity_plus_arrangement,center_grid_4_3_0,0.07177630466457947,0.06945982680288885,-0.05762560093899971,0.05762560093899971
AcademicPosters,quantity_plus_arrangement,center_grid_4_3_1,0.057347564474167625,0.07207820736270841,0.48565939607833675,0.48565939607833675
AcademicPosters,quantity_plus_arrangement,center_grid_4_3_2,0.07358931460258672,0.07093404456035757,-0.05110620721820283,0.05110620721820283
AcademicPosters,quantity_plus_arrangement,center_grid_4_3_3,0.07305067461011588,0.05463745044649327,-0.44150384987670566,0.44150384987670566
AcademicPosters,quantity_plus_arrangement,center_grid_8_0_0,0.007208189523428533,0.002568738684454836,-0.6095158034128085,0.6095158034128085
AcademicPosters,quantity_plus_arrangement,center_grid_8_0_1,0.004699246374876374,0.00368853674929982,-0.13846839243584771,0.13846839243584771
AcademicPosters,quantity_plus_arrangement,center_grid_8_0_2,0.002805036726579846,0.008446502164264364,0.8826383027274802,0.8826383027274802
AcademicPosters,quantity_plus_arrangement,center_grid_8_0_3,0.010418764286389435,0.008130724156911349,-0.29753975682740397,0.29753975682740397
AcademicPosters,quantity_plus_arrangement,center_grid_8_0_4,0.009177653304609613,0.004274515029191634,-0.5320023125682614,0.5320023125682614
AcademicPosters,quantity_plus_arrangement,center_grid_8_0_5,0.002569335075220312,0.003953980927028712,0.2108769088919997,0.2108769088919997
AcademicPosters,quantity_plus_arrangement,center_grid_8_0_6,0.00338729065226012,0.011178617225789236,0.7971820685823905,0.7971820685823905
AcademicPosters,quantity_plus_arrangement,center_grid_8_0_7,0.010088792862995355,0.004627391779900166,-0.5615600631634212,0.5615600631634212
AcademicPosters,quantity_plus_arrangement,center_grid_8_1_0,0.007256870202795648,0.009847179657340338,0.3414400009513206,0.3414400009513206
AcademicPosters,quantity_plus_arrangement,center_grid_8_1_1,0.014674210293004999,0.014828961628235217,0.013661374619715514,0.013661374619715514
AcademicPosters,quantity_plus_arrangement,center_grid_8_1_2,0.005019806394498462,0.0071345425909268055,0.30397026853955905,0.30397026853955905
AcademicPosters,quantity_plus_arrangement,center_grid_8_1_3,0.013898034767412009,0.012522856512435539,-0.12002964461870883,0.12002964461870883
AcademicPosters,quantity_plus_arrangement,center_grid_8_1_4,0.010348827032899124,0.011072358902309974,0.06589433728443891,0.06589433728443891
AcademicPosters,quantity_plus_arrangement,center_grid_8_1_5,0.007854077216400447,0.011971811595057245,0.5056744183397678,0.5056744183397678
AcademicPosters,quantity_plus_arrangement,center_grid_8_1_6,0.01302934632143382,0.014261676234660632,0.10467973237533842,0.10467973237533842
AcademicPosters,quantity_plus_arrangement,center_grid_8_1_7,0.008464104284967609,0.007776841440083357,-0.05760752870465847,0.05760752870465847
AcademicPosters,quantity_plus_arrangement,center_grid_8_2_0,0.010301129036768166,0.01647697116699994,0.5558365094179784,0.5558365094179784
AcademicPosters,quantity_plus_arrangement,center_grid_8_2_1,0.020324451784828182,0.01360619504047551,-0.5404865815047484,0.5404865815047484
AcademicPosters,quantity_plus_arrangement,center_grid_8_2_2,0.008964159089211719,0.01053856907109993,0.13923322205952823,0.13923322205952823
AcademicPosters,quantity_plus_arrangement,center_grid_8_2_3,0.01909282605980751,0.014023160578594823,-0.30777190716937447,0.30777190716937447
AcademicPosters,quantity_plus_arrangement,center_grid_8_2_4,0.018585277132425644,0.017188318337366032,-0.08691956335252708,0.08691956335252708
AcademicPosters,quantity_plus_arrangement,center_grid_8_2_5,0.017689118339866573,0.019498959135853127,0.11485945309029702,0.11485945309029702
AcademicPosters,quantity_plus_arrangement,center_grid_8_2_6,0.03327414191351616,0.02148209161972135,-0.3880482790341333,0.3880482790341333
AcademicPosters,quantity_plus_arrangement,center_grid_8_2_7,0.02562149977479471,0.016603843398764476,-0.369009008629536,0.369009008629536
AcademicPosters,quantity_plus_arrangement,center_grid_8_3_0,0.009474758263042636,0.018606556282421197,0.8441825783505998,0.8441825783505998
AcademicPosters,quantity_plus_arrangement,center_grid_8_3_1,0.021046829093649792,0.01586101696752618,-0.350556770510714,0.350556770510714
AcademicPosters,quantity_plus_arrangement,center_grid_8_3_2,0.009055945249178389,0.012615819067671997,0.3282325529594153,0.3282325529594153
AcademicPosters,quantity_plus_arrangement,center_grid_8_3_3,0.016171588247920934,0.0165523274142325,0.03027543687632595,0.03027543687632595
AcademicPosters,quantity_plus_arrangement,center_grid_8_3_4,0.012271724065284357,0.017451927031770998,0.44928303103132855,0.44928303103132855
AcademicPosters,quantity_plus_arrangement,center_grid_8_3_5,0.01608737666112647,0.016991779888674997,0.06318523270828712,0.06318523270828712
AcademicPosters,quantity_plus_arrangement,center_grid_8_3_6,0.026474509824744287,0.01953248747791552,-0.3241505780924771,0.3241505780924771
AcademicPosters,quantity_plus_arrangement,center_grid_8_3_7,0.019602440605297335,0.013762783597247048,-0.2536631767291618,0.2536631767291618
AcademicPosters,quantity_plus_arrangement,center_grid_8_4_0,0.014200757860486747,0.02041245564425533,0.43186671698781587,0.43186671698781587
AcademicPosters,quantity_plus_arrangement,center_grid_8_4_1,0.022736760272916788,0.016633537552467707,-0.3587353778910713,0.3587353778910713
AcademicPosters,quantity_plus_arrangement,center_grid_8_4_2,0.011590086713637059,0.017380354966365103,0.30008740095389885,0.30008740095389885
AcademicPosters,quantity_plus_arrangement,center_grid_8_4_3,0.02043500180724596,0.017009111263039417,-0.24585005232655205,0.24585005232655205
AcademicPosters,quantity_plus_arrangement,center_grid_8_4_4,0.015634992604206026,0.022958352209373745,0.46275174918658496,0.46275174918658496
AcademicPosters,quantity_plus_arrangement,center_grid_8_4_5,0.01708969695272513,0.020745162155445196,0.23016615143858424,0.23016615143858424
AcademicPosters,quantity_plus_arrangement,center_grid_8_4_6,0.029227337692114302,0.02875484394298938,-0.023058747948662646,0.023058747948662646
AcademicPosters,quantity_plus_arrangement,center_grid_8_4_7,0.02132478547790051,0.02030296173311255,-0.0449795443352577,0.0449795443352577
AcademicPosters,quantity_plus_arrangement,center_grid_8_5_0,0.015557651398488788,0.02305592277381168,0.5888791577711834,0.5888791577711834
AcademicPosters,quantity_plus_arrangement,center_grid_8_5_1,0.021321693916977417,0.02046661476482158,-0.05351734644835203,0.05351734644835203
AcademicPosters,quantity_plus_arrangement,center_grid_8_5_2,0.012363351357420336,0.022023409069838355,0.5938539821742476,0.5938539821742476
AcademicPosters,quantity_plus_arrangement,center_grid_8_5_3,0.022452338145815185,0.01755629073349575,-0.2870784040378141,0.2870784040378141
AcademicPosters,quantity_plus_arrangement,center_grid_8_5_4,0.01981167827377805,0.024234568593526563,0.23751764376632586,0.23751764376632586
AcademicPosters,quantity_plus_arrangement,center_grid_8_5_5,0.02283726449078678,0.024209244192184336,0.055816869841824754,0.055816869841824754
AcademicPosters,quantity_plus_arrangement,center_grid_8_5_6,0.026297714708228635,0.021450518344500468,-0.22612478629320987,0.22612478629320987
AcademicPosters,quantity_plus_arrangement,center_grid_8_5_7,0.01641766951458641,0.018619081534098015,0.10466960045442186,0.10466960045442186
AcademicPosters,quantity_plus_arrangement,center_grid_8_6_0,0.016706457099148482,0.018351728727667504,0.11743579494930591,0.11743579494930591
AcademicPosters,quantity_plus_arrangement,center_grid_8_6_1,0.02432829488680697,0.019341834250437638,-0.27039644795992196,0.27039644795992196
AcademicPosters,quantity_plus_arrangement,center_grid_8_6_2,0.012602369901130615,0.017612224120699092,0.33212497498328675,0.33212497498328675
AcademicPosters,quantity_plus_arrangement,center_grid_8_6_3,0.021572731869102774,0.02201362486002559,0.02663247758349031,0.02663247758349031
AcademicPosters,quantity_plus_arrangement,center_grid_8_6_4,0.020613228194690976,0.023981046974247713,0.19739492259439412,0.19739492259439412
AcademicPosters,quantity_plus_arrangement,center_grid_8_6_5,0.022108921901634687,0.01854498436058954,-0.1368436645662157,0.1368436645662157
AcademicPosters,quantity_plus_arrangement,center_grid_8_6_6,0.026281054053034797,0.022156733466881674,-0.20800517145024275,0.20800517145024275
AcademicPosters,quantity_plus_arrangement,center_grid_8_6_7,0.01684955835579846,0.009426316168452803,-0.4755315206838077,0.4755315206838077
AcademicPosters,quantity_plus_arrangement,center_grid_8_7_0,0.011482507781641789,0.014162400978304155,0.23753425509715212,0.23753425509715212
AcademicPosters,quantity_plus_arrangement,center_grid_8_7_1,0.01925904489698214,0.017603862846479433,-0.10881627807261686,0.10881627807261686
AcademicPosters,quantity_plus_arrangement,center_grid_8_7_2,0.007487872748464449,0.014455716251317976,0.6131889756828047,0.6131889756828047
AcademicPosters,quantity_plus_arrangement,center_grid_8_7_3,0.015684589955469695,0.01799664213066565,0.1910332320410847,0.1910332320410847
AcademicPosters,quantity_plus_arrangement,center_grid_8_7_4,0.01597509367262485,0.015427568837618926,-0.04265612548540884,0.04265612548540884
AcademicPosters,quantity_plus_arrangement,center_grid_8_7_5,0.014892070833636108,0.012980444387901269,-0.11995576218716363,0.11995576218716363
AcademicPosters,quantity_plus_arrangement,center_grid_8_7_6,0.020140741942374866,0.015636511390404527,-0.2840897790047033,0.2840897790047033
AcademicPosters,quantity_plus_arrangement,center_grid_8_7_7,0.009779320258907683,0.007417889420754176,-0.19680262050900005,0.19680262050900005
CommercialPosters,quantity_only,region_count,7.52,29.9,3.049863454302263,3.049863454302263
CommercialPosters,quantity_only,union_coverage_norm,0.11233094400915174,0.15071783258321791,0.6791364463718272,0.6791364463718272
CommercialPosters,quantity_only,sum_box_area_norm,0.11402629527861899,0.15381022786239731,0.679321380651798,0.679321380651798
CommercialPosters,quantity_only,mean_box_area_norm,0.019188934344242566,0.005835313259904613,-1.216000126612747,1.216000126612747
CommercialPosters,quantity_only,median_box_area_norm,0.014653402582126081,0.002250188867861126,-1.1272480388466617,1.1272480388466617
CommercialPosters,quantity_only,std_box_area_norm,0.01656527412536088,0.011187606179310597,-0.4574397237223968,0.4574397237223968
CommercialPosters,quantity_only,mean_box_width_norm,0.23440290346859846,0.13022855508412998,-1.3335373290877264,1.3335373290877264
CommercialPosters,quantity_only,mean_box_height_norm,0.08144852674711694,0.032661480734094604,-1.2743070265349135,1.2743070265349135
CommercialPosters,quantity_only,mean_confidence,0.8836483274132207,0.873469010025854,-0.33963606280107084,0.33963606280107084
CommercialPosters,quantity_only,low_confidence_fraction,0.06380525846702317,0.060903256979130405,-0.03130961421637161,0.03130961421637161
CommercialPosters,arrangement_only,center_x_mean,0.4694565543447662,0.46734436574733473,-0.013094016349021301,0.013094016349021301
CommercialPosters,arrangement_only,center_x_std,0.10511948388138925,0.19960144627516144,1.2044561027658787,1.2044561027658787
CommercialPosters,arrangement_only,center_y_mean,0.5375359415411797,0.6193851130882958,0.7825850519350889,0.7825850519350889
CommercialPosters,arrangement_only,center_y_std,0.17993491869634642,0.23790187475967664,0.8328505792384931,0.8328505792384931
CommercialPosters,arrangement_only,center_x_span,0.32060960836935004,0.6775616173980685,1.4699201824991555,1.4699201824991555
CommercialPosters,arrangement_only,center_y_span,0.5066344783997075,0.8112266985910906,1.4824289405596922,1.4824289405596922
CommercialPosters,arrangement_only,nearest_neighbor_mean_norm,0.12149314163306975,0.05222149670191834,-1.6643502466956324,1.6643502466956324
CommercialPosters,arrangement_only,nearest_neighbor_median_norm,0.10186253185080191,0.03775907253184247,-1.6095344823570115,1.6095344823570115
CommercialPosters,arrangement_only,nearest_neighbor_std_norm,0.0643338021239677,0.03920137334390819,-0.5232992154288582,0.5232992154288582
CommercialPosters,arrangement_only,pairwise_distance_mean_norm,0.3005696344761351,0.39256592884043817,0.8491306545699479,0.8491306545699479
CommercialPosters,arrangement_only,pairwise_distance_std_norm,0.15272432101713682,0.22473304962830004,1.0657053185432783,1.0657053185432783
CommercialPosters,arrangement_only,row_alignment_fraction,0.07436656523357286,0.08821706655702061,0.20348895915657927,0.20348895915657927
CommercialPosters,arrangement_only,column_alignment_fraction,0.33953051928179806,0.12358533840955184,-0.7931924994740003,0.7931924994740003
CommercialPosters,arrangement_only,angle_mean_abs_deg,7.624594284762246,3.1154315988850403,-0.4431396668223019,0.4431396668223019
CommercialPosters,arrangement_only,angle_std_deg,12.92402241475746,8.530507548093327,-0.2791737049564853,0.2791737049564853
CommercialPosters,arrangement_only,rotated_fraction_gt_5deg,0.11769890077243017,0.08009274426972089,-0.20199066328582072,0.20199066328582072
CommercialPosters,arrangement_only,center_grid_4_0_0,0.03852380952380952,0.04202072530846091,0.04581814342306501,0.04581814342306501
CommercialPosters,arrangement_only,center_grid_4_0_1,0.03312554112554113,0.023135589694270743,-0.1896993985356693,0.1896993985356693
CommercialPosters,arrangement_only,center_grid_4_0_2,0.039893374741200825,0.024441778864518312,-0.226244539884394,0.226244539884394
CommercialPosters,arrangement_only,center_grid_4_0_3,0.026439393939393936,0.01325769116374672,-0.2156781861201423,0.2156781861201423
CommercialPosters,arrangement_only,center_grid_4_1_0,0.06362914862914862,0.0734715264152514,0.09430779821872153,0.09430779821872153
CommercialPosters,arrangement_only,center_grid_4_1_1,0.0955062130253946,0.06267708433945529,-0.29680363128448356,0.29680363128448356
CommercialPosters,arrangement_only,center_grid_4_1_2,0.0893586956521739,0.06252921608407154,-0.19771395433106387,0.19771395433106387
CommercialPosters,arrangement_only,center_grid_4_1_3,0.04079468599033817,0.03442916926440984,-0.07936228910819233,0.07936228910819233
CommercialPosters,arrangement_only,center_grid_4_2_0,0.0722077922077922,0.09714524532834945,0.18338738211439645,0.18338738211439645
CommercialPosters,arrangement_only,center_grid_4_2_1,0.12836669582193877,0.05827056969463293,-0.5086221461655239,0.5086221461655239
CommercialPosters,arrangement_only,center_grid_4_2_2,0.1097466000893111,0.06639206455055388,-0.31719383331013873,0.31719383331013873
CommercialPosters,arrangement_only,center_grid_4_2_3,0.03912648221343873,0.049994811198534314,0.12517977195391938,0.12517977195391938
CommercialPosters,arrangement_only,center_grid_4_3_0,0.04174694423223834,0.09505279902464597,0.5905774505177377,0.5905774505177377
CommercialPosters,arrangement_only,center_grid_4_3_1,0.0789119769119769,0.08752888817723332,0.08129012959110773,0.08129012959110773
CommercialPosters,arrangement_only,center_grid_4_3_2,0.0804266145193255,0.11894050469403988,0.3495732898706173,0.3495732898706173
CommercialPosters,arrangement_only,center_grid_4_3_3,0.022196031376977662,0.09071233619782525,0.8951684764679199,0.8951684764679199
CommercialPosters,arrangement_only,center_grid_8_0_0,0.0006060606060606061,0.007548635004474822,0.4768574167113011,0.4768574167113011
CommercialPosters,arrangement_only,center_grid_8_0_1,0.01304040404040404,0.014364797908050097,0.03368804771947373,0.03368804771947373
CommercialPosters,arrangement_only,center_grid_8_0_2,0.00111111111111111,0.0059154247731833896,0.3858322189880998,0.3858322189880998
CommercialPosters,arrangement_only,center_grid_8_0_3,0.01315079365079365,0.003365877068796978,-0.30317419400094375,0.30317419400094375
CommercialPosters,arrangement_only,center_grid_8_0_4,0.005928571428571427,0.0031966011466011465,-0.1474104102190648,0.1474104102190648
CommercialPosters,arrangement_only,center_grid_8_0_5,0.00125,0.002000291375291374,0.08876177115027005,0.08876177115027005
CommercialPosters,arrangement_only,center_grid_8_0_6,0.0022222222222222222,0.001,-0.10031136556926172,0.10031136556926172
CommercialPosters,arrangement_only,center_grid_8_0_7,0.0006060606060606061,0.003361548361548358,0.2623071556233132,0.2623071556233132
CommercialPosters,arrangement_only,center_grid_8_1_0,0.0025,0.004143549314281018,0.09986772147955414,0.09986772147955414
CommercialPosters,arrangement_only,center_grid_8_1_1,0.02237734487734487,0.015963743081654956,-0.1298216681127551,0.1298216681127551
CommercialPosters,arrangement_only,center_grid_8_1_2,0.011818181818181816,0.010419764042766561,-0.03974268158390381,0.03974268158390381
CommercialPosters,arrangement_only,center_grid_8_1_3,0.007045454545454545,0.003434523809523808,-0.15605555719028696,0.15605555719028696
CommercialPosters,arrangement_only,center_grid_8_1_4,0.029345238095238094,0.008375364473103927,-0.3452509547680981,0.3452509547680981
CommercialPosters,arrangement_only,center_grid_8_1_5,0.003369565217391304,0.010869521869521863,0.3936141785714481,0.3936141785714481
CommercialPosters,arrangement_only,center_grid_8_1_6,0.02111111111111111,0.008383322289377848,-0.236237887800745,0.236237887800745
CommercialPosters,arrangement_only,center_grid_8_1_7,0.0025,0.000512820512820512,-0.15573171138403186,0.15573171138403186
CommercialPosters,arrangement_only,center_grid_8_2_0,0.00952380952380952,0.014061072038416366,0.13324548718485665,0.13324548718485665
CommercialPosters,arrangement_only,center_grid_8_2_1,0.024556277056277054,0.01607320673783002,-0.16932456284222006,0.16932456284222006
CommercialPosters,arrangement_only,center_grid_8_2_2,0.018629573041337742,0.0232023024883529,0.09593517148217837,0.09593517148217837
CommercialPosters,arrangement_only,center_grid_8_2_3,0.029007936507936503,0.013118177353582545,-0.23537616961935887,0.23537616961935887
CommercialPosters,arrangement_only,center_grid_8_2_4,0.04166666666666666,0.015362416383068553,-0.2596710587838424,0.2596710587838424
CommercialPosters,arrangement_only,center_grid_8_2_5,0.00625,0.013911731380927828,0.286761934528954,0.286761934528954
CommercialPosters,arrangement_only,center_grid_8_2_6,0.007369565217391304,0.008877243205150178,0.05435487328471782,0.05435487328471782
CommercialPosters,arrangement_only,center_grid_8_2_7,0.0,0.0026810810810810803,0.3064422359727599,0.3064422359727599
CommercialPosters,arrangement_only,center_grid_8_3_0,0.004722222222222222,0.010465070360880742,0.26614379034297314,0.26614379034297314
CommercialPosters,arrangement_only,center_grid_8_3_1,0.024826839826839822,0.03287217727812425,0.13787545996872305,0.13787545996872305
CommercialPosters,arrangement_only,center_grid_8_3_2,0.03512957304133774,0.015835607274205712,-0.2709014745854613,0.2709014745854613
CommercialPosters,arrangement_only,center_grid_8_3_3,0.012739130434782609,0.010520997223314121,-0.057998691070714724,0.057998691070714724
CommercialPosters,arrangement_only,center_grid_8_3_4,0.030702898550724632,0.01147474746216126,-0.3073481955529205,0.3073481955529205
CommercialPosters,arrangement_only,center_grid_8_3_5,0.010739130434782609,0.02178032085791389,0.2678333756063433,0.2678333756063433
CommercialPosters,arrangement_only,center_grid_8_3_6,0.02370289855072464,0.01686690077423438,-0.11896329695358557,0.11896329695358557
CommercialPosters,arrangement_only,center_grid_8_3_7,0.009722222222222222,0.006003944203944202,-0.11061189494599838,0.11061189494599838
CommercialPosters,arrangement_only,center_grid_8_4_0,0.001818181818181818,0.014333464647183724,0.5143097699561807,0.5143097699561807
CommercialPosters,arrangement_only,center_grid_8_4_1,0.03515873015873015,0.03703895269925721,0.024031078668717433,0.024031078668717433
CommercialPosters,arrangement_only,center_grid_8_4_2,0.04164357864357864,0.019744530381160693,-0.298295615312225,0.298295615312225
CommercialPosters,arrangement_only,center_grid_8_4_3,0.027016908212560378,0.010944086983649192,-0.3266651470219954,0.3266651470219954
CommercialPosters,arrangement_only,center_grid_8_4_4,0.027762939958592126,0.009040445612493104,-0.32647265184200686,0.32647265184200686
CommercialPosters,arrangement_only,center_grid_8_4_5,0.025333333333333333,0.01816412989946862,-0.11451341541986725,0.11451341541986725
CommercialPosters,arrangement_only,center_grid_8_4_6,0.013478260869565216,0.014069615443076451,0.0124430349957022,0.0124430349957022
CommercialPosters,arrangement_only,center_grid_8_4_7,0.0,0.004204752344996246,0.4317185269389171,0.4317185269389171
CommercialPosters,arrangement_only,center_grid_8_5_0,0.006969696969696968,0.009306582330706602,0.09140716122999967,0.09140716122999967
CommercialPosters,arrangement_only,center_grid_8_5_1,0.028261183261183254,0.03646624565120189,0.13002089691607696,0.13002089691607696
CommercialPosters,arrangement_only,center_grid_8_5_2,0.011479500891265594,0.020003586381110258,0.16878524444413712,0.16878524444413712
CommercialPosters,arrangement_only,center_grid_8_5_3,0.04822670807453416,0.007578365948712751,-0.6217995386320014,0.6217995386320014
CommercialPosters,arrangement_only,center_grid_8_5_4,0.026999999999999993,0.01448542869645587,-0.2204275761127111,0.2204275761127111
CommercialPosters,arrangement_only,center_grid_8_5_5,0.02965032679738562,0.024702060342136276,-0.07199286485648873,0.07199286485648873
CommercialPosters,arrangement_only,center_grid_8_5_6,0.01331488801054018,0.025382799572817766,0.27553085273553696,0.27553085273553696
CommercialPosters,arrangement_only,center_grid_8_5_7,0.012333333333333333,0.006337643837643836,-0.15812117490105287,0.15812117490105287
CommercialPosters,arrangement_only,center_grid_8_6_0,0.0,0.007897163160067841,0.44902583189415596,0.44902583189415596
CommercialPosters,arrangement_only,center_grid_8_6_1,0.03035979543332484,0.0364329031143401,0.09315601738261697,0.09315601738261697
CommercialPosters,arrangement_only,center_grid_8_6_2,0.007503607503607501,0.018014313592961267,0.33281481672030777,0.33281481672030777
CommercialPosters,arrangement_only,center_grid_8_6_3,0.05561291486291486,0.020878354967430318,-0.45007727810171283,0.45007727810171283
CommercialPosters,arrangement_only,center_grid_8_6_4,0.02859207161125319,0.023541113417502212,-0.09169821543665096,0.09169821543665096
CommercialPosters,arrangement_only,center_grid_8_6_5,0.022878787878787877,0.03656888291695771,0.2244926404710704,0.2244926404710704
CommercialPosters,arrangement_only,center_grid_8_6_6,0.012985947343364222,0.03155574646453932,0.39455055793023874,0.39455055793023874
CommercialPosters,arrangement_only,center_grid_8_6_7,0.0,0.012920899470899467,0.528897471377907,0.528897471377907
CommercialPosters,arrangement_only,center_grid_8_7_0,0.001818181818181818,0.009266441870459084,0.37757313728471276,0.37757313728471276
CommercialPosters,arrangement_only,center_grid_8_7_1,0.009568966980731683,0.04145629087977894,0.9311787693248808,0.9311787693248808
CommercialPosters,arrangement_only,center_grid_8_7_2,0.005656565656565654,0.021155181554644523,0.5091656625306249,0.5091656625306249
CommercialPosters,arrangement_only,center_grid_8_7_3,0.010138888888888887,0.027481038062197215,0.473965226476252,0.473965226476252
CommercialPosters,arrangement_only,center_grid_8_7_4,0.02188757321110262,0.02942206134115355,0.1672365457227976,0.1672365457227976
CommercialPosters,arrangement_only,center_grid_8_7_5,0.007068181818181818,0.02940844701842638,0.687387473985354,0.687387473985354
CommercialPosters,arrangement_only,center_grid_8_7_6,0.005210084033613444,0.03308061623658073,0.9151815998314397,0.9151815998314397
CommercialPosters,arrangement_only,center_grid_8_7_7,0.004,0.013155074025805727,0.3241305818634837,0.3241305818634837
CommercialPosters,arrangement_base_only,center_x_mean,0.4694565543447662,0.46734436574733473,-0.013094016349021301,0.013094016349021301
CommercialPosters,arrangement_base_only,center_x_std,0.10511948388138925,0.19960144627516144,1.2044561027658787,1.2044561027658787
CommercialPosters,arrangement_base_only,center_y_mean,0.5375359415411797,0.6193851130882958,0.7825850519350889,0.7825850519350889
CommercialPosters,arrangement_base_only,center_y_std,0.17993491869634642,0.23790187475967664,0.8328505792384931,0.8328505792384931
CommercialPosters,arrangement_base_only,center_x_span,0.32060960836935004,0.6775616173980685,1.4699201824991555,1.4699201824991555
CommercialPosters,arrangement_base_only,center_y_span,0.5066344783997075,0.8112266985910906,1.4824289405596922,1.4824289405596922
CommercialPosters,arrangement_base_only,nearest_neighbor_mean_norm,0.12149314163306975,0.05222149670191834,-1.6643502466956324,1.6643502466956324
CommercialPosters,arrangement_base_only,nearest_neighbor_median_norm,0.10186253185080191,0.03775907253184247,-1.6095344823570115,1.6095344823570115
CommercialPosters,arrangement_base_only,nearest_neighbor_std_norm,0.0643338021239677,0.03920137334390819,-0.5232992154288582,0.5232992154288582
CommercialPosters,arrangement_base_only,pairwise_distance_mean_norm,0.3005696344761351,0.39256592884043817,0.8491306545699479,0.8491306545699479
CommercialPosters,arrangement_base_only,pairwise_distance_std_norm,0.15272432101713682,0.22473304962830004,1.0657053185432783,1.0657053185432783
CommercialPosters,arrangement_base_only,row_alignment_fraction,0.07436656523357286,0.08821706655702061,0.20348895915657927,0.20348895915657927
CommercialPosters,arrangement_base_only,column_alignment_fraction,0.33953051928179806,0.12358533840955184,-0.7931924994740003,0.7931924994740003
CommercialPosters,arrangement_base_only,angle_mean_abs_deg,7.624594284762246,3.1154315988850403,-0.4431396668223019,0.4431396668223019
CommercialPosters,arrangement_base_only,angle_std_deg,12.92402241475746,8.530507548093327,-0.2791737049564853,0.2791737049564853
CommercialPosters,arrangement_base_only,rotated_fraction_gt_5deg,0.11769890077243017,0.08009274426972089,-0.20199066328582072,0.20199066328582072
CommercialPosters,arrangement_4x4_only,center_x_mean,0.4694565543447662,0.46734436574733473,-0.013094016349021301,0.013094016349021301
CommercialPosters,arrangement_4x4_only,center_x_std,0.10511948388138925,0.19960144627516144,1.2044561027658787,1.2044561027658787
CommercialPosters,arrangement_4x4_only,center_y_mean,0.5375359415411797,0.6193851130882958,0.7825850519350889,0.7825850519350889
CommercialPosters,arrangement_4x4_only,center_y_std,0.17993491869634642,0.23790187475967664,0.8328505792384931,0.8328505792384931
CommercialPosters,arrangement_4x4_only,center_x_span,0.32060960836935004,0.6775616173980685,1.4699201824991555,1.4699201824991555
CommercialPosters,arrangement_4x4_only,center_y_span,0.5066344783997075,0.8112266985910906,1.4824289405596922,1.4824289405596922
CommercialPosters,arrangement_4x4_only,nearest_neighbor_mean_norm,0.12149314163306975,0.05222149670191834,-1.6643502466956324,1.6643502466956324
CommercialPosters,arrangement_4x4_only,nearest_neighbor_median_norm,0.10186253185080191,0.03775907253184247,-1.6095344823570115,1.6095344823570115
CommercialPosters,arrangement_4x4_only,nearest_neighbor_std_norm,0.0643338021239677,0.03920137334390819,-0.5232992154288582,0.5232992154288582
CommercialPosters,arrangement_4x4_only,pairwise_distance_mean_norm,0.3005696344761351,0.39256592884043817,0.8491306545699479,0.8491306545699479
CommercialPosters,arrangement_4x4_only,pairwise_distance_std_norm,0.15272432101713682,0.22473304962830004,1.0657053185432783,1.0657053185432783
CommercialPosters,arrangement_4x4_only,row_alignment_fraction,0.07436656523357286,0.08821706655702061,0.20348895915657927,0.20348895915657927
CommercialPosters,arrangement_4x4_only,column_alignment_fraction,0.33953051928179806,0.12358533840955184,-0.7931924994740003,0.7931924994740003
CommercialPosters,arrangement_4x4_only,angle_mean_abs_deg,7.624594284762246,3.1154315988850403,-0.4431396668223019,0.4431396668223019
CommercialPosters,arrangement_4x4_only,angle_std_deg,12.92402241475746,8.530507548093327,-0.2791737049564853,0.2791737049564853
CommercialPosters,arrangement_4x4_only,rotated_fraction_gt_5deg,0.11769890077243017,0.08009274426972089,-0.20199066328582072,0.20199066328582072
CommercialPosters,arrangement_4x4_only,center_grid_4_0_0,0.03852380952380952,0.04202072530846091,0.04581814342306501,0.04581814342306501
CommercialPosters,arrangement_4x4_only,center_grid_4_0_1,0.03312554112554113,0.023135589694270743,-0.1896993985356693,0.1896993985356693
CommercialPosters,arrangement_4x4_only,center_grid_4_0_2,0.039893374741200825,0.024441778864518312,-0.226244539884394,0.226244539884394
CommercialPosters,arrangement_4x4_only,center_grid_4_0_3,0.026439393939393936,0.01325769116374672,-0.2156781861201423,0.2156781861201423
CommercialPosters,arrangement_4x4_only,center_grid_4_1_0,0.06362914862914862,0.0734715264152514,0.09430779821872153,0.09430779821872153
CommercialPosters,arrangement_4x4_only,center_grid_4_1_1,0.0955062130253946,0.06267708433945529,-0.29680363128448356,0.29680363128448356
CommercialPosters,arrangement_4x4_only,center_grid_4_1_2,0.0893586956521739,0.06252921608407154,-0.19771395433106387,0.19771395433106387
CommercialPosters,arrangement_4x4_only,center_grid_4_1_3,0.04079468599033817,0.03442916926440984,-0.07936228910819233,0.07936228910819233
CommercialPosters,arrangement_4x4_only,center_grid_4_2_0,0.0722077922077922,0.09714524532834945,0.18338738211439645,0.18338738211439645
CommercialPosters,arrangement_4x4_only,center_grid_4_2_1,0.12836669582193877,0.05827056969463293,-0.5086221461655239,0.5086221461655239
CommercialPosters,arrangement_4x4_only,center_grid_4_2_2,0.1097466000893111,0.06639206455055388,-0.31719383331013873,0.31719383331013873
CommercialPosters,arrangement_4x4_only,center_grid_4_2_3,0.03912648221343873,0.049994811198534314,0.12517977195391938,0.12517977195391938
CommercialPosters,arrangement_4x4_only,center_grid_4_3_0,0.04174694423223834,0.09505279902464597,0.5905774505177377,0.5905774505177377
CommercialPosters,arrangement_4x4_only,center_grid_4_3_1,0.0789119769119769,0.08752888817723332,0.08129012959110773,0.08129012959110773
CommercialPosters,arrangement_4x4_only,center_grid_4_3_2,0.0804266145193255,0.11894050469403988,0.3495732898706173,0.3495732898706173
CommercialPosters,arrangement_4x4_only,center_grid_4_3_3,0.022196031376977662,0.09071233619782525,0.8951684764679199,0.8951684764679199
CommercialPosters,arrangement_8x8_only,center_x_mean,0.4694565543447662,0.46734436574733473,-0.013094016349021301,0.013094016349021301
CommercialPosters,arrangement_8x8_only,center_x_std,0.10511948388138925,0.19960144627516144,1.2044561027658787,1.2044561027658787
CommercialPosters,arrangement_8x8_only,center_y_mean,0.5375359415411797,0.6193851130882958,0.7825850519350889,0.7825850519350889
CommercialPosters,arrangement_8x8_only,center_y_std,0.17993491869634642,0.23790187475967664,0.8328505792384931,0.8328505792384931
CommercialPosters,arrangement_8x8_only,center_x_span,0.32060960836935004,0.6775616173980685,1.4699201824991555,1.4699201824991555
CommercialPosters,arrangement_8x8_only,center_y_span,0.5066344783997075,0.8112266985910906,1.4824289405596922,1.4824289405596922
CommercialPosters,arrangement_8x8_only,nearest_neighbor_mean_norm,0.12149314163306975,0.05222149670191834,-1.6643502466956324,1.6643502466956324
CommercialPosters,arrangement_8x8_only,nearest_neighbor_median_norm,0.10186253185080191,0.03775907253184247,-1.6095344823570115,1.6095344823570115
CommercialPosters,arrangement_8x8_only,nearest_neighbor_std_norm,0.0643338021239677,0.03920137334390819,-0.5232992154288582,0.5232992154288582
CommercialPosters,arrangement_8x8_only,pairwise_distance_mean_norm,0.3005696344761351,0.39256592884043817,0.8491306545699479,0.8491306545699479
CommercialPosters,arrangement_8x8_only,pairwise_distance_std_norm,0.15272432101713682,0.22473304962830004,1.0657053185432783,1.0657053185432783
CommercialPosters,arrangement_8x8_only,row_alignment_fraction,0.07436656523357286,0.08821706655702061,0.20348895915657927,0.20348895915657927
CommercialPosters,arrangement_8x8_only,column_alignment_fraction,0.33953051928179806,0.12358533840955184,-0.7931924994740003,0.7931924994740003
CommercialPosters,arrangement_8x8_only,angle_mean_abs_deg,7.624594284762246,3.1154315988850403,-0.4431396668223019,0.4431396668223019
CommercialPosters,arrangement_8x8_only,angle_std_deg,12.92402241475746,8.530507548093327,-0.2791737049564853,0.2791737049564853
CommercialPosters,arrangement_8x8_only,rotated_fraction_gt_5deg,0.11769890077243017,0.08009274426972089,-0.20199066328582072,0.20199066328582072
CommercialPosters,arrangement_8x8_only,center_grid_8_0_0,0.0006060606060606061,0.007548635004474822,0.4768574167113011,0.4768574167113011
CommercialPosters,arrangement_8x8_only,center_grid_8_0_1,0.01304040404040404,0.014364797908050097,0.03368804771947373,0.03368804771947373
CommercialPosters,arrangement_8x8_only,center_grid_8_0_2,0.00111111111111111,0.0059154247731833896,0.3858322189880998,0.3858322189880998
CommercialPosters,arrangement_8x8_only,center_grid_8_0_3,0.01315079365079365,0.003365877068796978,-0.30317419400094375,0.30317419400094375
CommercialPosters,arrangement_8x8_only,center_grid_8_0_4,0.005928571428571427,0.0031966011466011465,-0.1474104102190648,0.1474104102190648
CommercialPosters,arrangement_8x8_only,center_grid_8_0_5,0.00125,0.002000291375291374,0.08876177115027005,0.08876177115027005
CommercialPosters,arrangement_8x8_only,center_grid_8_0_6,0.0022222222222222222,0.001,-0.10031136556926172,0.10031136556926172
CommercialPosters,arrangement_8x8_only,center_grid_8_0_7,0.0006060606060606061,0.003361548361548358,0.2623071556233132,0.2623071556233132
CommercialPosters,arrangement_8x8_only,center_grid_8_1_0,0.0025,0.004143549314281018,0.09986772147955414,0.09986772147955414
CommercialPosters,arrangement_8x8_only,center_grid_8_1_1,0.02237734487734487,0.015963743081654956,-0.1298216681127551,0.1298216681127551
CommercialPosters,arrangement_8x8_only,center_grid_8_1_2,0.011818181818181816,0.010419764042766561,-0.03974268158390381,0.03974268158390381
CommercialPosters,arrangement_8x8_only,center_grid_8_1_3,0.007045454545454545,0.003434523809523808,-0.15605555719028696,0.15605555719028696
CommercialPosters,arrangement_8x8_only,center_grid_8_1_4,0.029345238095238094,0.008375364473103927,-0.3452509547680981,0.3452509547680981
CommercialPosters,arrangement_8x8_only,center_grid_8_1_5,0.003369565217391304,0.010869521869521863,0.3936141785714481,0.3936141785714481
CommercialPosters,arrangement_8x8_only,center_grid_8_1_6,0.02111111111111111,0.008383322289377848,-0.236237887800745,0.236237887800745
CommercialPosters,arrangement_8x8_only,center_grid_8_1_7,0.0025,0.000512820512820512,-0.15573171138403186,0.15573171138403186
CommercialPosters,arrangement_8x8_only,center_grid_8_2_0,0.00952380952380952,0.014061072038416366,0.13324548718485665,0.13324548718485665
CommercialPosters,arrangement_8x8_only,center_grid_8_2_1,0.024556277056277054,0.01607320673783002,-0.16932456284222006,0.16932456284222006
CommercialPosters,arrangement_8x8_only,center_grid_8_2_2,0.018629573041337742,0.0232023024883529,0.09593517148217837,0.09593517148217837
CommercialPosters,arrangement_8x8_only,center_grid_8_2_3,0.029007936507936503,0.013118177353582545,-0.23537616961935887,0.23537616961935887
CommercialPosters,arrangement_8x8_only,center_grid_8_2_4,0.04166666666666666,0.015362416383068553,-0.2596710587838424,0.2596710587838424
CommercialPosters,arrangement_8x8_only,center_grid_8_2_5,0.00625,0.013911731380927828,0.286761934528954,0.286761934528954
CommercialPosters,arrangement_8x8_only,center_grid_8_2_6,0.007369565217391304,0.008877243205150178,0.05435487328471782,0.05435487328471782
CommercialPosters,arrangement_8x8_only,center_grid_8_2_7,0.0,0.0026810810810810803,0.3064422359727599,0.3064422359727599
CommercialPosters,arrangement_8x8_only,center_grid_8_3_0,0.004722222222222222,0.010465070360880742,0.26614379034297314,0.26614379034297314
CommercialPosters,arrangement_8x8_only,center_grid_8_3_1,0.024826839826839822,0.03287217727812425,0.13787545996872305,0.13787545996872305
CommercialPosters,arrangement_8x8_only,center_grid_8_3_2,0.03512957304133774,0.015835607274205712,-0.2709014745854613,0.2709014745854613
CommercialPosters,arrangement_8x8_only,center_grid_8_3_3,0.012739130434782609,0.010520997223314121,-0.057998691070714724,0.057998691070714724
CommercialPosters,arrangement_8x8_only,center_grid_8_3_4,0.030702898550724632,0.01147474746216126,-0.3073481955529205,0.3073481955529205
CommercialPosters,arrangement_8x8_only,center_grid_8_3_5,0.010739130434782609,0.02178032085791389,0.2678333756063433,0.2678333756063433
CommercialPosters,arrangement_8x8_only,center_grid_8_3_6,0.02370289855072464,0.01686690077423438,-0.11896329695358557,0.11896329695358557
CommercialPosters,arrangement_8x8_only,center_grid_8_3_7,0.009722222222222222,0.006003944203944202,-0.11061189494599838,0.11061189494599838
CommercialPosters,arrangement_8x8_only,center_grid_8_4_0,0.001818181818181818,0.014333464647183724,0.5143097699561807,0.5143097699561807
CommercialPosters,arrangement_8x8_only,center_grid_8_4_1,0.03515873015873015,0.03703895269925721,0.024031078668717433,0.024031078668717433
CommercialPosters,arrangement_8x8_only,center_grid_8_4_2,0.04164357864357864,0.019744530381160693,-0.298295615312225,0.298295615312225
CommercialPosters,arrangement_8x8_only,center_grid_8_4_3,0.027016908212560378,0.010944086983649192,-0.3266651470219954,0.3266651470219954
CommercialPosters,arrangement_8x8_only,center_grid_8_4_4,0.027762939958592126,0.009040445612493104,-0.32647265184200686,0.32647265184200686
CommercialPosters,arrangement_8x8_only,center_grid_8_4_5,0.025333333333333333,0.01816412989946862,-0.11451341541986725,0.11451341541986725
CommercialPosters,arrangement_8x8_only,center_grid_8_4_6,0.013478260869565216,0.014069615443076451,0.0124430349957022,0.0124430349957022
CommercialPosters,arrangement_8x8_only,center_grid_8_4_7,0.0,0.004204752344996246,0.4317185269389171,0.4317185269389171
CommercialPosters,arrangement_8x8_only,center_grid_8_5_0,0.006969696969696968,0.009306582330706602,0.09140716122999967,0.09140716122999967
CommercialPosters,arrangement_8x8_only,center_grid_8_5_1,0.028261183261183254,0.03646624565120189,0.13002089691607696,0.13002089691607696
CommercialPosters,arrangement_8x8_only,center_grid_8_5_2,0.011479500891265594,0.020003586381110258,0.16878524444413712,0.16878524444413712
CommercialPosters,arrangement_8x8_only,center_grid_8_5_3,0.04822670807453416,0.007578365948712751,-0.6217995386320014,0.6217995386320014
CommercialPosters,arrangement_8x8_only,center_grid_8_5_4,0.026999999999999993,0.01448542869645587,-0.2204275761127111,0.2204275761127111
CommercialPosters,arrangement_8x8_only,center_grid_8_5_5,0.02965032679738562,0.024702060342136276,-0.07199286485648873,0.07199286485648873
CommercialPosters,arrangement_8x8_only,center_grid_8_5_6,0.01331488801054018,0.025382799572817766,0.27553085273553696,0.27553085273553696
CommercialPosters,arrangement_8x8_only,center_grid_8_5_7,0.012333333333333333,0.006337643837643836,-0.15812117490105287,0.15812117490105287
CommercialPosters,arrangement_8x8_only,center_grid_8_6_0,0.0,0.007897163160067841,0.44902583189415596,0.44902583189415596
CommercialPosters,arrangement_8x8_only,center_grid_8_6_1,0.03035979543332484,0.0364329031143401,0.09315601738261697,0.09315601738261697
CommercialPosters,arrangement_8x8_only,center_grid_8_6_2,0.007503607503607501,0.018014313592961267,0.33281481672030777,0.33281481672030777
CommercialPosters,arrangement_8x8_only,center_grid_8_6_3,0.05561291486291486,0.020878354967430318,-0.45007727810171283,0.45007727810171283
CommercialPosters,arrangement_8x8_only,center_grid_8_6_4,0.02859207161125319,0.023541113417502212,-0.09169821543665096,0.09169821543665096
CommercialPosters,arrangement_8x8_only,center_grid_8_6_5,0.022878787878787877,0.03656888291695771,0.2244926404710704,0.2244926404710704
CommercialPosters,arrangement_8x8_only,center_grid_8_6_6,0.012985947343364222,0.03155574646453932,0.39455055793023874,0.39455055793023874
CommercialPosters,arrangement_8x8_only,center_grid_8_6_7,0.0,0.012920899470899467,0.528897471377907,0.528897471377907
CommercialPosters,arrangement_8x8_only,center_grid_8_7_0,0.001818181818181818,0.009266441870459084,0.37757313728471276,0.37757313728471276
CommercialPosters,arrangement_8x8_only,center_grid_8_7_1,0.009568966980731683,0.04145629087977894,0.9311787693248808,0.9311787693248808
CommercialPosters,arrangement_8x8_only,center_grid_8_7_2,0.005656565656565654,0.021155181554644523,0.5091656625306249,0.5091656625306249
CommercialPosters,arrangement_8x8_only,center_grid_8_7_3,0.010138888888888887,0.027481038062197215,0.473965226476252,0.473965226476252
CommercialPosters,arrangement_8x8_only,center_grid_8_7_4,0.02188757321110262,0.02942206134115355,0.1672365457227976,0.1672365457227976
CommercialPosters,arrangement_8x8_only,center_grid_8_7_5,0.007068181818181818,0.02940844701842638,0.687387473985354,0.687387473985354
CommercialPosters,arrangement_8x8_only,center_grid_8_7_6,0.005210084033613444,0.03308061623658073,0.9151815998314397,0.9151815998314397
CommercialPosters,arrangement_8x8_only,center_grid_8_7_7,0.004,0.013155074025805727,0.3241305818634837,0.3241305818634837
CommercialPosters,quantity_plus_arrangement,region_count,7.52,29.9,3.049863454302263,3.049863454302263
CommercialPosters,quantity_plus_arrangement,union_coverage_norm,0.11233094400915174,0.15071783258321791,0.6791364463718272,0.6791364463718272
CommercialPosters,quantity_plus_arrangement,sum_box_area_norm,0.11402629527861899,0.15381022786239731,0.679321380651798,0.679321380651798
CommercialPosters,quantity_plus_arrangement,mean_box_area_norm,0.019188934344242566,0.005835313259904613,-1.216000126612747,1.216000126612747
CommercialPosters,quantity_plus_arrangement,median_box_area_norm,0.014653402582126081,0.002250188867861126,-1.1272480388466617,1.1272480388466617
CommercialPosters,quantity_plus_arrangement,std_box_area_norm,0.01656527412536088,0.011187606179310597,-0.4574397237223968,0.4574397237223968
CommercialPosters,quantity_plus_arrangement,mean_box_width_norm,0.23440290346859846,0.13022855508412998,-1.3335373290877264,1.3335373290877264
CommercialPosters,quantity_plus_arrangement,mean_box_height_norm,0.08144852674711694,0.032661480734094604,-1.2743070265349135,1.2743070265349135
CommercialPosters,quantity_plus_arrangement,mean_confidence,0.8836483274132207,0.873469010025854,-0.33963606280107084,0.33963606280107084
CommercialPosters,quantity_plus_arrangement,low_confidence_fraction,0.06380525846702317,0.060903256979130405,-0.03130961421637161,0.03130961421637161
CommercialPosters,quantity_plus_arrangement,center_x_mean,0.4694565543447662,0.46734436574733473,-0.013094016349021301,0.013094016349021301
CommercialPosters,quantity_plus_arrangement,center_x_std,0.10511948388138925,0.19960144627516144,1.2044561027658787,1.2044561027658787
CommercialPosters,quantity_plus_arrangement,center_y_mean,0.5375359415411797,0.6193851130882958,0.7825850519350889,0.7825850519350889
CommercialPosters,quantity_plus_arrangement,center_y_std,0.17993491869634642,0.23790187475967664,0.8328505792384931,0.8328505792384931
CommercialPosters,quantity_plus_arrangement,center_x_span,0.32060960836935004,0.6775616173980685,1.4699201824991555,1.4699201824991555
CommercialPosters,quantity_plus_arrangement,center_y_span,0.5066344783997075,0.8112266985910906,1.4824289405596922,1.4824289405596922
CommercialPosters,quantity_plus_arrangement,nearest_neighbor_mean_norm,0.12149314163306975,0.05222149670191834,-1.6643502466956324,1.6643502466956324
CommercialPosters,quantity_plus_arrangement,nearest_neighbor_median_norm,0.10186253185080191,0.03775907253184247,-1.6095344823570115,1.6095344823570115
CommercialPosters,quantity_plus_arrangement,nearest_neighbor_std_norm,0.0643338021239677,0.03920137334390819,-0.5232992154288582,0.5232992154288582
CommercialPosters,quantity_plus_arrangement,pairwise_distance_mean_norm,0.3005696344761351,0.39256592884043817,0.8491306545699479,0.8491306545699479
CommercialPosters,quantity_plus_arrangement,pairwise_distance_std_norm,0.15272432101713682,0.22473304962830004,1.0657053185432783,1.0657053185432783
CommercialPosters,quantity_plus_arrangement,row_alignment_fraction,0.07436656523357286,0.08821706655702061,0.20348895915657927,0.20348895915657927
CommercialPosters,quantity_plus_arrangement,column_alignment_fraction,0.33953051928179806,0.12358533840955184,-0.7931924994740003,0.7931924994740003
CommercialPosters,quantity_plus_arrangement,angle_mean_abs_deg,7.624594284762246,3.1154315988850403,-0.4431396668223019,0.4431396668223019
CommercialPosters,quantity_plus_arrangement,angle_std_deg,12.92402241475746,8.530507548093327,-0.2791737049564853,0.2791737049564853
CommercialPosters,quantity_plus_arrangement,rotated_fraction_gt_5deg,0.11769890077243017,0.08009274426972089,-0.20199066328582072,0.20199066328582072
CommercialPosters,quantity_plus_arrangement,center_grid_4_0_0,0.03852380952380952,0.04202072530846091,0.04581814342306501,0.04581814342306501
CommercialPosters,quantity_plus_arrangement,center_grid_4_0_1,0.03312554112554113,0.023135589694270743,-0.1896993985356693,0.1896993985356693
CommercialPosters,quantity_plus_arrangement,center_grid_4_0_2,0.039893374741200825,0.024441778864518312,-0.226244539884394,0.226244539884394
CommercialPosters,quantity_plus_arrangement,center_grid_4_0_3,0.026439393939393936,0.01325769116374672,-0.2156781861201423,0.2156781861201423
CommercialPosters,quantity_plus_arrangement,center_grid_4_1_0,0.06362914862914862,0.0734715264152514,0.09430779821872153,0.09430779821872153
CommercialPosters,quantity_plus_arrangement,center_grid_4_1_1,0.0955062130253946,0.06267708433945529,-0.29680363128448356,0.29680363128448356
CommercialPosters,quantity_plus_arrangement,center_grid_4_1_2,0.0893586956521739,0.06252921608407154,-0.19771395433106387,0.19771395433106387
CommercialPosters,quantity_plus_arrangement,center_grid_4_1_3,0.04079468599033817,0.03442916926440984,-0.07936228910819233,0.07936228910819233
CommercialPosters,quantity_plus_arrangement,center_grid_4_2_0,0.0722077922077922,0.09714524532834945,0.18338738211439645,0.18338738211439645
CommercialPosters,quantity_plus_arrangement,center_grid_4_2_1,0.12836669582193877,0.05827056969463293,-0.5086221461655239,0.5086221461655239
CommercialPosters,quantity_plus_arrangement,center_grid_4_2_2,0.1097466000893111,0.06639206455055388,-0.31719383331013873,0.31719383331013873
CommercialPosters,quantity_plus_arrangement,center_grid_4_2_3,0.03912648221343873,0.049994811198534314,0.12517977195391938,0.12517977195391938
CommercialPosters,quantity_plus_arrangement,center_grid_4_3_0,0.04174694423223834,0.09505279902464597,0.5905774505177377,0.5905774505177377
CommercialPosters,quantity_plus_arrangement,center_grid_4_3_1,0.0789119769119769,0.08752888817723332,0.08129012959110773,0.08129012959110773
CommercialPosters,quantity_plus_arrangement,center_grid_4_3_2,0.0804266145193255,0.11894050469403988,0.3495732898706173,0.3495732898706173
CommercialPosters,quantity_plus_arrangement,center_grid_4_3_3,0.022196031376977662,0.09071233619782525,0.8951684764679199,0.8951684764679199
CommercialPosters,quantity_plus_arrangement,center_grid_8_0_0,0.0006060606060606061,0.007548635004474822,0.4768574167113011,0.4768574167113011
CommercialPosters,quantity_plus_arrangement,center_grid_8_0_1,0.01304040404040404,0.014364797908050097,0.03368804771947373,0.03368804771947373
CommercialPosters,quantity_plus_arrangement,center_grid_8_0_2,0.00111111111111111,0.0059154247731833896,0.3858322189880998,0.3858322189880998
CommercialPosters,quantity_plus_arrangement,center_grid_8_0_3,0.01315079365079365,0.003365877068796978,-0.30317419400094375,0.30317419400094375
CommercialPosters,quantity_plus_arrangement,center_grid_8_0_4,0.005928571428571427,0.0031966011466011465,-0.1474104102190648,0.1474104102190648
CommercialPosters,quantity_plus_arrangement,center_grid_8_0_5,0.00125,0.002000291375291374,0.08876177115027005,0.08876177115027005
CommercialPosters,quantity_plus_arrangement,center_grid_8_0_6,0.0022222222222222222,0.001,-0.10031136556926172,0.10031136556926172
CommercialPosters,quantity_plus_arrangement,center_grid_8_0_7,0.0006060606060606061,0.003361548361548358,0.2623071556233132,0.2623071556233132
CommercialPosters,quantity_plus_arrangement,center_grid_8_1_0,0.0025,0.004143549314281018,0.09986772147955414,0.09986772147955414
CommercialPosters,quantity_plus_arrangement,center_grid_8_1_1,0.02237734487734487,0.015963743081654956,-0.1298216681127551,0.1298216681127551
CommercialPosters,quantity_plus_arrangement,center_grid_8_1_2,0.011818181818181816,0.010419764042766561,-0.03974268158390381,0.03974268158390381
CommercialPosters,quantity_plus_arrangement,center_grid_8_1_3,0.007045454545454545,0.003434523809523808,-0.15605555719028696,0.15605555719028696
CommercialPosters,quantity_plus_arrangement,center_grid_8_1_4,0.029345238095238094,0.008375364473103927,-0.3452509547680981,0.3452509547680981
CommercialPosters,quantity_plus_arrangement,center_grid_8_1_5,0.003369565217391304,0.010869521869521863,0.3936141785714481,0.3936141785714481
CommercialPosters,quantity_plus_arrangement,center_grid_8_1_6,0.02111111111111111,0.008383322289377848,-0.236237887800745,0.236237887800745
CommercialPosters,quantity_plus_arrangement,center_grid_8_1_7,0.0025,0.000512820512820512,-0.15573171138403186,0.15573171138403186
CommercialPosters,quantity_plus_arrangement,center_grid_8_2_0,0.00952380952380952,0.014061072038416366,0.13324548718485665,0.13324548718485665
CommercialPosters,quantity_plus_arrangement,center_grid_8_2_1,0.024556277056277054,0.01607320673783002,-0.16932456284222006,0.16932456284222006
CommercialPosters,quantity_plus_arrangement,center_grid_8_2_2,0.018629573041337742,0.0232023024883529,0.09593517148217837,0.09593517148217837
CommercialPosters,quantity_plus_arrangement,center_grid_8_2_3,0.029007936507936503,0.013118177353582545,-0.23537616961935887,0.23537616961935887
CommercialPosters,quantity_plus_arrangement,center_grid_8_2_4,0.04166666666666666,0.015362416383068553,-0.2596710587838424,0.2596710587838424
CommercialPosters,quantity_plus_arrangement,center_grid_8_2_5,0.00625,0.013911731380927828,0.286761934528954,0.286761934528954
CommercialPosters,quantity_plus_arrangement,center_grid_8_2_6,0.007369565217391304,0.008877243205150178,0.05435487328471782,0.05435487328471782
CommercialPosters,quantity_plus_arrangement,center_grid_8_2_7,0.0,0.0026810810810810803,0.3064422359727599,0.3064422359727599
CommercialPosters,quantity_plus_arrangement,center_grid_8_3_0,0.004722222222222222,0.010465070360880742,0.26614379034297314,0.26614379034297314
CommercialPosters,quantity_plus_arrangement,center_grid_8_3_1,0.024826839826839822,0.03287217727812425,0.13787545996872305,0.13787545996872305
CommercialPosters,quantity_plus_arrangement,center_grid_8_3_2,0.03512957304133774,0.015835607274205712,-0.2709014745854613,0.2709014745854613
CommercialPosters,quantity_plus_arrangement,center_grid_8_3_3,0.012739130434782609,0.010520997223314121,-0.057998691070714724,0.057998691070714724
CommercialPosters,quantity_plus_arrangement,center_grid_8_3_4,0.030702898550724632,0.01147474746216126,-0.3073481955529205,0.3073481955529205
CommercialPosters,quantity_plus_arrangement,center_grid_8_3_5,0.010739130434782609,0.02178032085791389,0.2678333756063433,0.2678333756063433
CommercialPosters,quantity_plus_arrangement,center_grid_8_3_6,0.02370289855072464,0.01686690077423438,-0.11896329695358557,0.11896329695358557
CommercialPosters,quantity_plus_arrangement,center_grid_8_3_7,0.009722222222222222,0.006003944203944202,-0.11061189494599838,0.11061189494599838
CommercialPosters,quantity_plus_arrangement,center_grid_8_4_0,0.001818181818181818,0.014333464647183724,0.5143097699561807,0.5143097699561807
CommercialPosters,quantity_plus_arrangement,center_grid_8_4_1,0.03515873015873015,0.03703895269925721,0.024031078668717433,0.024031078668717433
CommercialPosters,quantity_plus_arrangement,center_grid_8_4_2,0.04164357864357864,0.019744530381160693,-0.298295615312225,0.298295615312225
CommercialPosters,quantity_plus_arrangement,center_grid_8_4_3,0.027016908212560378,0.010944086983649192,-0.3266651470219954,0.3266651470219954
CommercialPosters,quantity_plus_arrangement,center_grid_8_4_4,0.027762939958592126,0.009040445612493104,-0.32647265184200686,0.32647265184200686
CommercialPosters,quantity_plus_arrangement,center_grid_8_4_5,0.025333333333333333,0.01816412989946862,-0.11451341541986725,0.11451341541986725
CommercialPosters,quantity_plus_arrangement,center_grid_8_4_6,0.013478260869565216,0.014069615443076451,0.0124430349957022,0.0124430349957022
CommercialPosters,quantity_plus_arrangement,center_grid_8_4_7,0.0,0.004204752344996246,0.4317185269389171,0.4317185269389171
CommercialPosters,quantity_plus_arrangement,center_grid_8_5_0,0.006969696969696968,0.009306582330706602,0.09140716122999967,0.09140716122999967
CommercialPosters,quantity_plus_arrangement,center_grid_8_5_1,0.028261183261183254,0.03646624565120189,0.13002089691607696,0.13002089691607696
CommercialPosters,quantity_plus_arrangement,center_grid_8_5_2,0.011479500891265594,0.020003586381110258,0.16878524444413712,0.16878524444413712
CommercialPosters,quantity_plus_arrangement,center_grid_8_5_3,0.04822670807453416,0.007578365948712751,-0.6217995386320014,0.6217995386320014
CommercialPosters,quantity_plus_arrangement,center_grid_8_5_4,0.026999999999999993,0.01448542869645587,-0.2204275761127111,0.2204275761127111
CommercialPosters,quantity_plus_arrangement,center_grid_8_5_5,0.02965032679738562,0.024702060342136276,-0.07199286485648873,0.07199286485648873
CommercialPosters,quantity_plus_arrangement,center_grid_8_5_6,0.01331488801054018,0.025382799572817766,0.27553085273553696,0.27553085273553696
CommercialPosters,quantity_plus_arrangement,center_grid_8_5_7,0.012333333333333333,0.006337643837643836,-0.15812117490105287,0.15812117490105287
CommercialPosters,quantity_plus_arrangement,center_grid_8_6_0,0.0,0.007897163160067841,0.44902583189415596,0.44902583189415596
CommercialPosters,quantity_plus_arrangement,center_grid_8_6_1,0.03035979543332484,0.0364329031143401,0.09315601738261697,0.09315601738261697
CommercialPosters,quantity_plus_arrangement,center_grid_8_6_2,0.007503607503607501,0.018014313592961267,0.33281481672030777,0.33281481672030777
CommercialPosters,quantity_plus_arrangement,center_grid_8_6_3,0.05561291486291486,0.020878354967430318,-0.45007727810171283,0.45007727810171283
CommercialPosters,quantity_plus_arrangement,center_grid_8_6_4,0.02859207161125319,0.023541113417502212,-0.09169821543665096,0.09169821543665096
CommercialPosters,quantity_plus_arrangement,center_grid_8_6_5,0.022878787878787877,0.03656888291695771,0.2244926404710704,0.2244926404710704
CommercialPosters,quantity_plus_arrangement,center_grid_8_6_6,0.012985947343364222,0.03155574646453932,0.39455055793023874,0.39455055793023874
CommercialPosters,quantity_plus_arrangement,center_grid_8_6_7,0.0,0.012920899470899467,0.528897471377907,0.528897471377907
CommercialPosters,quantity_plus_arrangement,center_grid_8_7_0,0.001818181818181818,0.009266441870459084,0.37757313728471276,0.37757313728471276
CommercialPosters,quantity_plus_arrangement,center_grid_8_7_1,0.009568966980731683,0.04145629087977894,0.9311787693248808,0.9311787693248808
CommercialPosters,quantity_plus_arrangement,center_grid_8_7_2,0.005656565656565654,0.021155181554644523,0.5091656625306249,0.5091656625306249
CommercialPosters,quantity_plus_arrangement,center_grid_8_7_3,0.010138888888888887,0.027481038062197215,0.473965226476252,0.473965226476252
CommercialPosters,quantity_plus_arrangement,center_grid_8_7_4,0.02188757321110262,0.02942206134115355,0.1672365457227976,0.1672365457227976
CommercialPosters,quantity_plus_arrangement,center_grid_8_7_5,0.007068181818181818,0.02940844701842638,0.687387473985354,0.687387473985354
CommercialPosters,quantity_plus_arrangement,center_grid_8_7_6,0.005210084033613444,0.03308061623658073,0.9151815998314397,0.9151815998314397
CommercialPosters,quantity_plus_arrangement,center_grid_8_7_7,0.004,0.013155074025805727,0.3241305818634837,0.3241305818634837
InfographicCharts,quantity_only,region_count,33.66,60.82,1.0957006028453755,1.0957006028453755
InfographicCharts,quantity_only,union_coverage_norm,0.2007897189006663,0.16880144727682794,-0.4263052222295147,0.4263052222295147
InfographicCharts,quantity_only,sum_box_area_norm,0.20332185660130433,0.16947586778914223,-0.4305928867235615,0.4305928867235615
InfographicCharts,quantity_only,mean_box_area_norm,0.00669925524208687,0.003252250586353714,-1.4271199703751403,1.4271199703751403
InfographicCharts,quantity_only,median_box_area_norm,0.0037567258579249505,0.0016542862001278401,-1.1993928775654288,1.1993928775654288
InfographicCharts,quantity_only,std_box_area_norm,0.009519690055318587,0.0056476980534133445,-0.47916946384428855,0.47916946384428855
InfographicCharts,quantity_only,mean_box_width_norm,0.16363846362909368,0.11140520253526855,-1.030441790072311,1.030441790072311
InfographicCharts,quantity_only,mean_box_height_norm,0.03800849026438149,0.027550317161385306,-1.2628706644900576,1.2628706644900576
InfographicCharts,quantity_only,mean_confidence,0.892675509089531,0.8795896140103,-0.7328083621581541,0.7328083621581541
InfographicCharts,quantity_only,low_confidence_fraction,0.030274134658446403,0.05102041229191372,0.49460056888122056,0.49460056888122056
InfographicCharts,arrangement_only,center_x_mean,0.43876415520656775,0.4682764347361726,0.42481751336061757,0.42481751336061757
InfographicCharts,arrangement_only,center_x_std,0.2565506495921881,0.26369419194647814,0.19877494451522418,0.19877494451522418
InfographicCharts,arrangement_only,center_y_mean,0.5212569230698084,0.5368499968378031,0.23385973634721716,0.23385973634721716
InfographicCharts,arrangement_only,center_y_std,0.2673183437768051,0.2500763620311984,-0.5683082511337961,0.5683082511337961
InfographicCharts,arrangement_only,center_x_span,0.8156579987438886,0.8431081864060892,0.3350455002445842,0.3350455002445842
InfographicCharts,arrangement_only,center_y_span,0.8717082896549679,0.9055047092073012,0.7621112581244437,0.7621112581244437
InfographicCharts,arrangement_only,nearest_neighbor_mean_norm,0.0864363149952374,0.05805404068741803,-1.1366408909270194,1.1366408909270194
InfographicCharts,arrangement_only,nearest_neighbor_median_norm,0.07291574801342256,0.05107181646637971,-0.8566288385459452,0.8566288385459452
InfographicCharts,arrangement_only,nearest_neighbor_std_norm,0.0501156082262956,0.02930606206573978,-1.0436252903133991,1.0436252903133991
InfographicCharts,arrangement_only,pairwise_distance_mean_norm,0.4816998541692613,0.4690529311933891,-0.2973549898973852,0.2973549898973852
InfographicCharts,arrangement_only,pairwise_distance_std_norm,0.23615898625946832,0.22707325068404724,-0.41484287911223816,0.41484287911223816
InfographicCharts,arrangement_only,row_alignment_fraction,0.06457099844319411,0.057089824459868384,-0.2514529020491027,0.2514529020491027
InfographicCharts,arrangement_only,column_alignment_fraction,0.08844918160334116,0.08155564659223838,-0.16105015407798753,0.16105015407798753
InfographicCharts,arrangement_only,angle_mean_abs_deg,2.668719140496195,4.37033588650865,0.32180510831381953,0.32180510831381953
InfographicCharts,arrangement_only,angle_std_deg,7.905365826829901,13.242533993277055,0.4779440460670142,0.4779440460670142
InfographicCharts,arrangement_only,rotated_fraction_gt_5deg,0.032440843605132844,0.07607414341844293,0.6273991784294649,0.6273991784294649
InfographicCharts,arrangement_only,center_grid_4_0_0,0.04806761889801661,0.0316118516388725,-0.4175688184654719,0.4175688184654719
InfographicCharts,arrangement_only,center_grid_4_0_1,0.09168628592675548,0.06989284979328712,-0.42079500257611696,0.42079500257611696
InfographicCharts,arrangement_only,center_grid_4_0_2,0.04813577894005472,0.04774156428875262,-0.00886364334221329,0.00886364334221329
InfographicCharts,arrangement_only,center_grid_4_0_3,0.02927238629679211,0.01948329328934887,-0.3185017953071299,0.3185017953071299
InfographicCharts,arrangement_only,center_grid_4_1_0,0.09360471963347872,0.08862718316138926,-0.08110022909345088,0.08110022909345088
InfographicCharts,arrangement_only,center_grid_4_1_1,0.06600716805451565,0.0644842653703962,-0.028342847559407157,0.028342847559407157
InfographicCharts,arrangement_only,center_grid_4_1_2,0.054200951159095775,0.05332544438728731,-0.01838630677392499,0.01838630677392499
InfographicCharts,arrangement_only,center_grid_4_1_3,0.06013400184770838,0.06837893868979701,0.12850643937815381,0.12850643937815381
InfographicCharts,arrangement_only,center_grid_4_2_0,0.08175005495968782,0.10009317332209894,0.31705590576707077,0.31705590576707077
InfographicCharts,arrangement_only,center_grid_4_2_1,0.05049021933132585,0.06602001054058527,0.29902659644970137,0.29902659644970137
InfographicCharts,arrangement_only,center_grid_4_2_2,0.043405993260665916,0.06289653595517304,0.41897150151869106,0.41897150151869106
InfographicCharts,arrangement_only,center_grid_4_2_3,0.037183795773751874,0.0706149542263894,0.6436242200906132,0.6436242200906132
InfographicCharts,arrangement_only,center_grid_4_3_0,0.09512847314379792,0.05012472892900395,-0.8863616625738387,0.8863616625738387
InfographicCharts,arrangement_only,center_grid_4_3_1,0.07937125696731272,0.07482887615932846,-0.10643224521957195,0.10643224521957195
InfographicCharts,arrangement_only,center_grid_4_3_2,0.058437483516761334,0.0727083830872281,0.31663783075226554,0.31663783075226554
InfographicCharts,arrangement_only,center_grid_4_3_3,0.06312381229027875,0.05916794716106147,-0.08959211370555739,0.08959211370555739
InfographicCharts,arrangement_only,center_grid_8_0_0,0.00800318367699473,0.00152738523238653,-0.5489840979311437,0.5489840979311437
InfographicCharts,arrangement_only,center_grid_8_0_1,0.00739782286234437,0.00550255696753896,-0.12984811029350657,0.12984811029350657
InfographicCharts,arrangement_only,center_grid_8_0_2,0.015435870153296742,0.014527052148838163,-0.045872979864765295,0.045872979864765295
InfographicCharts,arrangement_only,center_grid_8_0_3,0.022181896948950383,0.013271864313580104,-0.445161755216701,0.445161755216701
InfographicCharts,arrangement_only,center_grid_8_0_4,0.011400510711455229,0.015693474943419397,0.19658101668488126,0.19658101668488126
InfographicCharts,arrangement_only,center_grid_8_0_5,0.007032931562068304,0.005925528686774198,-0.07455237761587144,0.07455237761587144
InfographicCharts,arrangement_only,center_grid_8_0_6,0.006791554290331212,0.004804306243021348,-0.12726982759837277,0.12726982759837277
InfographicCharts,arrangement_only,center_grid_8_0_7,0.00074074074074074,0.001971377641965876,0.19431031757349404,0.19431031757349404
InfographicCharts,arrangement_only,center_grid_8_1_0,0.011564755309949812,0.007947269360290884,-0.1939144693591085,0.1939144693591085
InfographicCharts,arrangement_only,center_grid_8_1_1,0.02110185704872769,0.016634640078656115,-0.18306446302793813,0.18306446302793813
InfographicCharts,arrangement_only,center_grid_8_1_2,0.024550399887972363,0.02120246375016312,-0.11929621928760485,0.11929621928760485
InfographicCharts,arrangement_only,center_grid_8_1_3,0.02951811893653598,0.020891469580705705,-0.2813467195772764,0.2813467195772764
InfographicCharts,arrangement_only,center_grid_8_1_4,0.019013468718588812,0.017376822761828174,-0.07339440495714933,0.07339440495714933
InfographicCharts,arrangement_only,center_grid_8_1_5,0.010688867947942349,0.008745737896730832,-0.12169031703222856,0.12169031703222856
InfographicCharts,arrangement_only,center_grid_8_1_6,0.013754863174258804,0.008204899297147331,-0.2719513553111143,0.2719513553111143
InfographicCharts,arrangement_only,center_grid_8_1_7,0.007985228091461348,0.004502710107214311,-0.2549069194091594,0.2549069194091594
InfographicCharts,arrangement_only,center_grid_8_2_0,0.01634736710408738,0.02310975507164456,0.2688569775883155,0.2688569775883155
InfographicCharts,arrangement_only,center_grid_8_2_1,0.030562111197353695,0.02168893966951428,-0.3093445552591404,0.3093445552591404
InfographicCharts,arrangement_only,center_grid_8_2_2,0.02162310932869302,0.01393089026112664,-0.33902526605452316,0.33902526605452316
InfographicCharts,arrangement_only,center_grid_8_2_3,0.014630551625789003,0.013362608200811286,-0.0596701455706101,0.0596701455706101
InfographicCharts,arrangement_only,center_grid_8_2_4,0.0106823007824006,0.012022278183722913,0.0641390733487726,0.0641390733487726
InfographicCharts,arrangement_only,center_grid_8_2_5,0.014415115350095702,0.01042295158935987,-0.1760302212449499,0.1760302212449499
InfographicCharts,arrangement_only,center_grid_8_2_6,0.02468127355662616,0.023373583276175926,-0.03687259226047412,0.03687259226047412
InfographicCharts,arrangement_only,center_grid_8_2_7,0.015063799809368702,0.012137742407035254,-0.1206054925822005,0.1206054925822005
InfographicCharts,arrangement_only,center_grid_8_3_0,0.022361156709451956,0.022248481410828656,-0.004119982986900091,0.004119982986900091
InfographicCharts,arrangement_only,center_grid_8_3_1,0.024334084622585652,0.021580007009401717,-0.09097738353471199,0.09097738353471199
InfographicCharts,arrangement_only,center_grid_8_3_2,0.015950614714642524,0.01887215706198416,0.11833906944707119,0.11833906944707119
InfographicCharts,arrangement_only,center_grid_8_3_3,0.013802892385391084,0.01831860984647408,0.20249418153233623,0.20249418153233623
InfographicCharts,arrangement_only,center_grid_8_3_4,0.014082230466637471,0.012114088870004253,-0.09829057575395275,0.09829057575395275
InfographicCharts,arrangement_only,center_grid_8_3_5,0.015021304559961987,0.018766125744200238,0.15682364199794696,0.15682364199794696
InfographicCharts,arrangement_only,center_grid_8_3_6,0.011073206025571434,0.022500882169923152,0.5088839500393497,0.5088839500393497
InfographicCharts,arrangement_only,center_grid_8_3_7,0.009315722456142064,0.010366730836662653,0.05075816316612802,0.05075816316612802
InfographicCharts,arrangement_only,center_grid_8_4_0,0.018686764070496728,0.02452203286963326,0.24047238663620243,0.24047238663620243
InfographicCharts,arrangement_only,center_grid_8_4_1,0.02331525028313221,0.026520806680118164,0.10745547951176473,0.10745547951176473
InfographicCharts,arrangement_only,center_grid_8_4_2,0.0165965733046554,0.016264634379544573,-0.015442734586041892,0.015442734586041892
InfographicCharts,arrangement_only,center_grid_8_4_3,0.008234994531706634,0.013261276970958939,0.2389964257778639,0.2389964257778639
InfographicCharts,arrangement_only,center_grid_8_4_4,0.008807980572162886,0.01597272180113424,0.37052905432837047,0.37052905432837047
InfographicCharts,arrangement_only,center_grid_8_4_5,0.008248230129584512,0.012111798875073425,0.23876244405549263,0.23876244405549263
InfographicCharts,arrangement_only,center_grid_8_4_6,0.011867878779643477,0.020066907566678793,0.32190876592937717,0.32190876592937717
InfographicCharts,arrangement_only,center_grid_8_4_7,0.005602663460422076,0.010901622806067789,0.30307851345136044,0.30307851345136044
InfographicCharts,arrangement_only,center_grid_8_5_0,0.01730757947997426,0.02105374862641979,0.16915577123518846,0.16915577123518846
InfographicCharts,arrangement_only,center_grid_8_5_1,0.022440461126084586,0.02799658514592768,0.2011350803553164,0.2011350803553164
InfographicCharts,arrangement_only,center_grid_8_5_2,0.017247669918317797,0.019183629493031863,0.08522226441830066,0.08522226441830066
InfographicCharts,arrangement_only,center_grid_8_5_3,0.008410981576645982,0.01731046969704986,0.4727096350487402,0.4727096350487402
InfographicCharts,arrangement_only,center_grid_8_5_4,0.013008662242445276,0.015866176193224606,0.11733620687244516,0.11733620687244516
InfographicCharts,arrangement_only,center_grid_8_5_5,0.013341120316473226,0.01894583908574074,0.2788631866480547,0.2788631866480547
InfographicCharts,arrangement_only,center_grid_8_5_6,0.011647063340812214,0.02554190388232378,0.5190639304362848,0.5190639304362848
InfographicCharts,arrangement_only,center_grid_8_5_7,0.008066190192874086,0.014104519971318992,0.34357546144980095,0.34357546144980095
InfographicCharts,arrangement_only,center_grid_8_6_0,0.021322817865516246,0.011477759819195174,-0.46536645241172536,0.46536645241172536
InfographicCharts,arrangement_only,center_grid_8_6_1,0.02214674192237498,0.0171363509593326,-0.200573654458905,0.200573654458905
InfographicCharts,arrangement_only,center_grid_8_6_2,0.02694057053906513,0.024956893140476232,-0.08130615898347446,0.08130615898347446
InfographicCharts,arrangement_only,center_grid_8_6_3,0.025584028730548464,0.01726567719890601,-0.27040965394264715,0.27040965394264715
InfographicCharts,arrangement_only,center_grid_8_6_4,0.020523909744673604,0.03037665707217034,0.3315195276041775,0.3315195276041775
InfographicCharts,arrangement_only,center_grid_8_6_5,0.01872128063700509,0.0217662766936221,0.133903298612064,0.133903298612064
InfographicCharts,arrangement_only,center_grid_8_6_6,0.014336352029236912,0.026240619540585684,0.4744421456347679,0.4744421456347679
InfographicCharts,arrangement_only,center_grid_8_6_7,0.015306564341507924,0.012949277845711671,-0.09504226028326276,0.09504226028326276
InfographicCharts,arrangement_only,center_grid_8_7_0,0.030187322418552667,0.0033804336755217422,-1.3610330936962998,1.3610330936962998
InfographicCharts,arrangement_only,center_grid_8_7_1,0.02147159093735399,0.018130184474954392,-0.156277537088549,0.156277537088549
InfographicCharts,arrangement_only,center_grid_8_7_2,0.017571677495898882,0.021710496011583785,0.16406674872464527,0.16406674872464527
InfographicCharts,arrangement_only,center_grid_8_7_3,0.009274980201800216,0.010895809808362389,0.09479962900357483,0.09479962900357483
InfographicCharts,arrangement_only,center_grid_8_7_4,0.00938874407862659,0.010979610019725796,0.08561899380406132,0.08561899380406132
InfographicCharts,arrangement_only,center_grid_8_7_5,0.009803549056456027,0.009585839301709831,-0.01123793785514386,0.01123793785514386
InfographicCharts,arrangement_only,center_grid_8_7_6,0.01890116475310055,0.016651513700222654,-0.10812766004791062,0.10812766004791062
InfographicCharts,arrangement_only,center_grid_8_7_7,0.014579731166433331,0.0033265360745414418,-0.5396843914769661,0.5396843914769661
InfographicCharts,arrangement_base_only,center_x_mean,0.43876415520656775,0.4682764347361726,0.42481751336061757,0.42481751336061757
InfographicCharts,arrangement_base_only,center_x_std,0.2565506495921881,0.26369419194647814,0.19877494451522418,0.19877494451522418
InfographicCharts,arrangement_base_only,center_y_mean,0.5212569230698084,0.5368499968378031,0.23385973634721716,0.23385973634721716
InfographicCharts,arrangement_base_only,center_y_std,0.2673183437768051,0.2500763620311984,-0.5683082511337961,0.5683082511337961
InfographicCharts,arrangement_base_only,center_x_span,0.8156579987438886,0.8431081864060892,0.3350455002445842,0.3350455002445842
InfographicCharts,arrangement_base_only,center_y_span,0.8717082896549679,0.9055047092073012,0.7621112581244437,0.7621112581244437
InfographicCharts,arrangement_base_only,nearest_neighbor_mean_norm,0.0864363149952374,0.05805404068741803,-1.1366408909270194,1.1366408909270194
InfographicCharts,arrangement_base_only,nearest_neighbor_median_norm,0.07291574801342256,0.05107181646637971,-0.8566288385459452,0.8566288385459452
InfographicCharts,arrangement_base_only,nearest_neighbor_std_norm,0.0501156082262956,0.02930606206573978,-1.0436252903133991,1.0436252903133991
InfographicCharts,arrangement_base_only,pairwise_distance_mean_norm,0.4816998541692613,0.4690529311933891,-0.2973549898973852,0.2973549898973852
InfographicCharts,arrangement_base_only,pairwise_distance_std_norm,0.23615898625946832,0.22707325068404724,-0.41484287911223816,0.41484287911223816
InfographicCharts,arrangement_base_only,row_alignment_fraction,0.06457099844319411,0.057089824459868384,-0.2514529020491027,0.2514529020491027
InfographicCharts,arrangement_base_only,column_alignment_fraction,0.08844918160334116,0.08155564659223838,-0.16105015407798753,0.16105015407798753
InfographicCharts,arrangement_base_only,angle_mean_abs_deg,2.668719140496195,4.37033588650865,0.32180510831381953,0.32180510831381953
InfographicCharts,arrangement_base_only,angle_std_deg,7.905365826829901,13.242533993277055,0.4779440460670142,0.4779440460670142
InfographicCharts,arrangement_base_only,rotated_fraction_gt_5deg,0.032440843605132844,0.07607414341844293,0.6273991784294649,0.6273991784294649
InfographicCharts,arrangement_4x4_only,center_x_mean,0.43876415520656775,0.4682764347361726,0.42481751336061757,0.42481751336061757
InfographicCharts,arrangement_4x4_only,center_x_std,0.2565506495921881,0.26369419194647814,0.19877494451522418,0.19877494451522418
InfographicCharts,arrangement_4x4_only,center_y_mean,0.5212569230698084,0.5368499968378031,0.23385973634721716,0.23385973634721716
InfographicCharts,arrangement_4x4_only,center_y_std,0.2673183437768051,0.2500763620311984,-0.5683082511337961,0.5683082511337961
InfographicCharts,arrangement_4x4_only,center_x_span,0.8156579987438886,0.8431081864060892,0.3350455002445842,0.3350455002445842
InfographicCharts,arrangement_4x4_only,center_y_span,0.8717082896549679,0.9055047092073012,0.7621112581244437,0.7621112581244437
InfographicCharts,arrangement_4x4_only,nearest_neighbor_mean_norm,0.0864363149952374,0.05805404068741803,-1.1366408909270194,1.1366408909270194
InfographicCharts,arrangement_4x4_only,nearest_neighbor_median_norm,0.07291574801342256,0.05107181646637971,-0.8566288385459452,0.8566288385459452
InfographicCharts,arrangement_4x4_only,nearest_neighbor_std_norm,0.0501156082262956,0.02930606206573978,-1.0436252903133991,1.0436252903133991
InfographicCharts,arrangement_4x4_only,pairwise_distance_mean_norm,0.4816998541692613,0.4690529311933891,-0.2973549898973852,0.2973549898973852
InfographicCharts,arrangement_4x4_only,pairwise_distance_std_norm,0.23615898625946832,0.22707325068404724,-0.41484287911223816,0.41484287911223816
InfographicCharts,arrangement_4x4_only,row_alignment_fraction,0.06457099844319411,0.057089824459868384,-0.2514529020491027,0.2514529020491027
InfographicCharts,arrangement_4x4_only,column_alignment_fraction,0.08844918160334116,0.08155564659223838,-0.16105015407798753,0.16105015407798753
InfographicCharts,arrangement_4x4_only,angle_mean_abs_deg,2.668719140496195,4.37033588650865,0.32180510831381953,0.32180510831381953
InfographicCharts,arrangement_4x4_only,angle_std_deg,7.905365826829901,13.242533993277055,0.4779440460670142,0.4779440460670142
InfographicCharts,arrangement_4x4_only,rotated_fraction_gt_5deg,0.032440843605132844,0.07607414341844293,0.6273991784294649,0.6273991784294649
InfographicCharts,arrangement_4x4_only,center_grid_4_0_0,0.04806761889801661,0.0316118516388725,-0.4175688184654719,0.4175688184654719
InfographicCharts,arrangement_4x4_only,center_grid_4_0_1,0.09168628592675548,0.06989284979328712,-0.42079500257611696,0.42079500257611696
InfographicCharts,arrangement_4x4_only,center_grid_4_0_2,0.04813577894005472,0.04774156428875262,-0.00886364334221329,0.00886364334221329
InfographicCharts,arrangement_4x4_only,center_grid_4_0_3,0.02927238629679211,0.01948329328934887,-0.3185017953071299,0.3185017953071299
InfographicCharts,arrangement_4x4_only,center_grid_4_1_0,0.09360471963347872,0.08862718316138926,-0.08110022909345088,0.08110022909345088
InfographicCharts,arrangement_4x4_only,center_grid_4_1_1,0.06600716805451565,0.0644842653703962,-0.028342847559407157,0.028342847559407157
InfographicCharts,arrangement_4x4_only,center_grid_4_1_2,0.054200951159095775,0.05332544438728731,-0.01838630677392499,0.01838630677392499
InfographicCharts,arrangement_4x4_only,center_grid_4_1_3,0.06013400184770838,0.06837893868979701,0.12850643937815381,0.12850643937815381
InfographicCharts,arrangement_4x4_only,center_grid_4_2_0,0.08175005495968782,0.10009317332209894,0.31705590576707077,0.31705590576707077
InfographicCharts,arrangement_4x4_only,center_grid_4_2_1,0.05049021933132585,0.06602001054058527,0.29902659644970137,0.29902659644970137
InfographicCharts,arrangement_4x4_only,center_grid_4_2_2,0.043405993260665916,0.06289653595517304,0.41897150151869106,0.41897150151869106
InfographicCharts,arrangement_4x4_only,center_grid_4_2_3,0.037183795773751874,0.0706149542263894,0.6436242200906132,0.6436242200906132
InfographicCharts,arrangement_4x4_only,center_grid_4_3_0,0.09512847314379792,0.05012472892900395,-0.8863616625738387,0.8863616625738387
InfographicCharts,arrangement_4x4_only,center_grid_4_3_1,0.07937125696731272,0.07482887615932846,-0.10643224521957195,0.10643224521957195
InfographicCharts,arrangement_4x4_only,center_grid_4_3_2,0.058437483516761334,0.0727083830872281,0.31663783075226554,0.31663783075226554
InfographicCharts,arrangement_4x4_only,center_grid_4_3_3,0.06312381229027875,0.05916794716106147,-0.08959211370555739,0.08959211370555739
InfographicCharts,arrangement_8x8_only,center_x_mean,0.43876415520656775,0.4682764347361726,0.42481751336061757,0.42481751336061757
InfographicCharts,arrangement_8x8_only,center_x_std,0.2565506495921881,0.26369419194647814,0.19877494451522418,0.19877494451522418
InfographicCharts,arrangement_8x8_only,center_y_mean,0.5212569230698084,0.5368499968378031,0.23385973634721716,0.23385973634721716
InfographicCharts,arrangement_8x8_only,center_y_std,0.2673183437768051,0.2500763620311984,-0.5683082511337961,0.5683082511337961
InfographicCharts,arrangement_8x8_only,center_x_span,0.8156579987438886,0.8431081864060892,0.3350455002445842,0.3350455002445842
InfographicCharts,arrangement_8x8_only,center_y_span,0.8717082896549679,0.9055047092073012,0.7621112581244437,0.7621112581244437
InfographicCharts,arrangement_8x8_only,nearest_neighbor_mean_norm,0.0864363149952374,0.05805404068741803,-1.1366408909270194,1.1366408909270194
InfographicCharts,arrangement_8x8_only,nearest_neighbor_median_norm,0.07291574801342256,0.05107181646637971,-0.8566288385459452,0.8566288385459452
InfographicCharts,arrangement_8x8_only,nearest_neighbor_std_norm,0.0501156082262956,0.02930606206573978,-1.0436252903133991,1.0436252903133991
InfographicCharts,arrangement_8x8_only,pairwise_distance_mean_norm,0.4816998541692613,0.4690529311933891,-0.2973549898973852,0.2973549898973852
InfographicCharts,arrangement_8x8_only,pairwise_distance_std_norm,0.23615898625946832,0.22707325068404724,-0.41484287911223816,0.41484287911223816
InfographicCharts,arrangement_8x8_only,row_alignment_fraction,0.06457099844319411,0.057089824459868384,-0.2514529020491027,0.2514529020491027
InfographicCharts,arrangement_8x8_only,column_alignment_fraction,0.08844918160334116,0.08155564659223838,-0.16105015407798753,0.16105015407798753
InfographicCharts,arrangement_8x8_only,angle_mean_abs_deg,2.668719140496195,4.37033588650865,0.32180510831381953,0.32180510831381953
InfographicCharts,arrangement_8x8_only,angle_std_deg,7.905365826829901,13.242533993277055,0.4779440460670142,0.4779440460670142
InfographicCharts,arrangement_8x8_only,rotated_fraction_gt_5deg,0.032440843605132844,0.07607414341844293,0.6273991784294649,0.6273991784294649
InfographicCharts,arrangement_8x8_only,center_grid_8_0_0,0.00800318367699473,0.00152738523238653,-0.5489840979311437,0.5489840979311437
InfographicCharts,arrangement_8x8_only,center_grid_8_0_1,0.00739782286234437,0.00550255696753896,-0.12984811029350657,0.12984811029350657
InfographicCharts,arrangement_8x8_only,center_grid_8_0_2,0.015435870153296742,0.014527052148838163,-0.045872979864765295,0.045872979864765295
InfographicCharts,arrangement_8x8_only,center_grid_8_0_3,0.022181896948950383,0.013271864313580104,-0.445161755216701,0.445161755216701
InfographicCharts,arrangement_8x8_only,center_grid_8_0_4,0.011400510711455229,0.015693474943419397,0.19658101668488126,0.19658101668488126
InfographicCharts,arrangement_8x8_only,center_grid_8_0_5,0.007032931562068304,0.005925528686774198,-0.07455237761587144,0.07455237761587144
InfographicCharts,arrangement_8x8_only,center_grid_8_0_6,0.006791554290331212,0.004804306243021348,-0.12726982759837277,0.12726982759837277
InfographicCharts,arrangement_8x8_only,center_grid_8_0_7,0.00074074074074074,0.001971377641965876,0.19431031757349404,0.19431031757349404
InfographicCharts,arrangement_8x8_only,center_grid_8_1_0,0.011564755309949812,0.007947269360290884,-0.1939144693591085,0.1939144693591085
InfographicCharts,arrangement_8x8_only,center_grid_8_1_1,0.02110185704872769,0.016634640078656115,-0.18306446302793813,0.18306446302793813
InfographicCharts,arrangement_8x8_only,center_grid_8_1_2,0.024550399887972363,0.02120246375016312,-0.11929621928760485,0.11929621928760485
InfographicCharts,arrangement_8x8_only,center_grid_8_1_3,0.02951811893653598,0.020891469580705705,-0.2813467195772764,0.2813467195772764
InfographicCharts,arrangement_8x8_only,center_grid_8_1_4,0.019013468718588812,0.017376822761828174,-0.07339440495714933,0.07339440495714933
InfographicCharts,arrangement_8x8_only,center_grid_8_1_5,0.010688867947942349,0.008745737896730832,-0.12169031703222856,0.12169031703222856
InfographicCharts,arrangement_8x8_only,center_grid_8_1_6,0.013754863174258804,0.008204899297147331,-0.2719513553111143,0.2719513553111143
InfographicCharts,arrangement_8x8_only,center_grid_8_1_7,0.007985228091461348,0.004502710107214311,-0.2549069194091594,0.2549069194091594
InfographicCharts,arrangement_8x8_only,center_grid_8_2_0,0.01634736710408738,0.02310975507164456,0.2688569775883155,0.2688569775883155
InfographicCharts,arrangement_8x8_only,center_grid_8_2_1,0.030562111197353695,0.02168893966951428,-0.3093445552591404,0.3093445552591404
InfographicCharts,arrangement_8x8_only,center_grid_8_2_2,0.02162310932869302,0.01393089026112664,-0.33902526605452316,0.33902526605452316
InfographicCharts,arrangement_8x8_only,center_grid_8_2_3,0.014630551625789003,0.013362608200811286,-0.0596701455706101,0.0596701455706101
InfographicCharts,arrangement_8x8_only,center_grid_8_2_4,0.0106823007824006,0.012022278183722913,0.0641390733487726,0.0641390733487726
InfographicCharts,arrangement_8x8_only,center_grid_8_2_5,0.014415115350095702,0.01042295158935987,-0.1760302212449499,0.1760302212449499
InfographicCharts,arrangement_8x8_only,center_grid_8_2_6,0.02468127355662616,0.023373583276175926,-0.03687259226047412,0.03687259226047412
InfographicCharts,arrangement_8x8_only,center_grid_8_2_7,0.015063799809368702,0.012137742407035254,-0.1206054925822005,0.1206054925822005
InfographicCharts,arrangement_8x8_only,center_grid_8_3_0,0.022361156709451956,0.022248481410828656,-0.004119982986900091,0.004119982986900091
InfographicCharts,arrangement_8x8_only,center_grid_8_3_1,0.024334084622585652,0.021580007009401717,-0.09097738353471199,0.09097738353471199
InfographicCharts,arrangement_8x8_only,center_grid_8_3_2,0.015950614714642524,0.01887215706198416,0.11833906944707119,0.11833906944707119
InfographicCharts,arrangement_8x8_only,center_grid_8_3_3,0.013802892385391084,0.01831860984647408,0.20249418153233623,0.20249418153233623
InfographicCharts,arrangement_8x8_only,center_grid_8_3_4,0.014082230466637471,0.012114088870004253,-0.09829057575395275,0.09829057575395275
InfographicCharts,arrangement_8x8_only,center_grid_8_3_5,0.015021304559961987,0.018766125744200238,0.15682364199794696,0.15682364199794696
InfographicCharts,arrangement_8x8_only,center_grid_8_3_6,0.011073206025571434,0.022500882169923152,0.5088839500393497,0.5088839500393497
InfographicCharts,arrangement_8x8_only,center_grid_8_3_7,0.009315722456142064,0.010366730836662653,0.05075816316612802,0.05075816316612802
InfographicCharts,arrangement_8x8_only,center_grid_8_4_0,0.018686764070496728,0.02452203286963326,0.24047238663620243,0.24047238663620243
InfographicCharts,arrangement_8x8_only,center_grid_8_4_1,0.02331525028313221,0.026520806680118164,0.10745547951176473,0.10745547951176473
InfographicCharts,arrangement_8x8_only,center_grid_8_4_2,0.0165965733046554,0.016264634379544573,-0.015442734586041892,0.015442734586041892
InfographicCharts,arrangement_8x8_only,center_grid_8_4_3,0.008234994531706634,0.013261276970958939,0.2389964257778639,0.2389964257778639
InfographicCharts,arrangement_8x8_only,center_grid_8_4_4,0.008807980572162886,0.01597272180113424,0.37052905432837047,0.37052905432837047
InfographicCharts,arrangement_8x8_only,center_grid_8_4_5,0.008248230129584512,0.012111798875073425,0.23876244405549263,0.23876244405549263
InfographicCharts,arrangement_8x8_only,center_grid_8_4_6,0.011867878779643477,0.020066907566678793,0.32190876592937717,0.32190876592937717
InfographicCharts,arrangement_8x8_only,center_grid_8_4_7,0.005602663460422076,0.010901622806067789,0.30307851345136044,0.30307851345136044
InfographicCharts,arrangement_8x8_only,center_grid_8_5_0,0.01730757947997426,0.02105374862641979,0.16915577123518846,0.16915577123518846
InfographicCharts,arrangement_8x8_only,center_grid_8_5_1,0.022440461126084586,0.02799658514592768,0.2011350803553164,0.2011350803553164
InfographicCharts,arrangement_8x8_only,center_grid_8_5_2,0.017247669918317797,0.019183629493031863,0.08522226441830066,0.08522226441830066
InfographicCharts,arrangement_8x8_only,center_grid_8_5_3,0.008410981576645982,0.01731046969704986,0.4727096350487402,0.4727096350487402
InfographicCharts,arrangement_8x8_only,center_grid_8_5_4,0.013008662242445276,0.015866176193224606,0.11733620687244516,0.11733620687244516
InfographicCharts,arrangement_8x8_only,center_grid_8_5_5,0.013341120316473226,0.01894583908574074,0.2788631866480547,0.2788631866480547
InfographicCharts,arrangement_8x8_only,center_grid_8_5_6,0.011647063340812214,0.02554190388232378,0.5190639304362848,0.5190639304362848
InfographicCharts,arrangement_8x8_only,center_grid_8_5_7,0.008066190192874086,0.014104519971318992,0.34357546144980095,0.34357546144980095
InfographicCharts,arrangement_8x8_only,center_grid_8_6_0,0.021322817865516246,0.011477759819195174,-0.46536645241172536,0.46536645241172536
InfographicCharts,arrangement_8x8_only,center_grid_8_6_1,0.02214674192237498,0.0171363509593326,-0.200573654458905,0.200573654458905
InfographicCharts,arrangement_8x8_only,center_grid_8_6_2,0.02694057053906513,0.024956893140476232,-0.08130615898347446,0.08130615898347446
InfographicCharts,arrangement_8x8_only,center_grid_8_6_3,0.025584028730548464,0.01726567719890601,-0.27040965394264715,0.27040965394264715
InfographicCharts,arrangement_8x8_only,center_grid_8_6_4,0.020523909744673604,0.03037665707217034,0.3315195276041775,0.3315195276041775
InfographicCharts,arrangement_8x8_only,center_grid_8_6_5,0.01872128063700509,0.0217662766936221,0.133903298612064,0.133903298612064
InfographicCharts,arrangement_8x8_only,center_grid_8_6_6,0.014336352029236912,0.026240619540585684,0.4744421456347679,0.4744421456347679
InfographicCharts,arrangement_8x8_only,center_grid_8_6_7,0.015306564341507924,0.012949277845711671,-0.09504226028326276,0.09504226028326276
InfographicCharts,arrangement_8x8_only,center_grid_8_7_0,0.030187322418552667,0.0033804336755217422,-1.3610330936962998,1.3610330936962998
InfographicCharts,arrangement_8x8_only,center_grid_8_7_1,0.02147159093735399,0.018130184474954392,-0.156277537088549,0.156277537088549
InfographicCharts,arrangement_8x8_only,center_grid_8_7_2,0.017571677495898882,0.021710496011583785,0.16406674872464527,0.16406674872464527
InfographicCharts,arrangement_8x8_only,center_grid_8_7_3,0.009274980201800216,0.010895809808362389,0.09479962900357483,0.09479962900357483
InfographicCharts,arrangement_8x8_only,center_grid_8_7_4,0.00938874407862659,0.010979610019725796,0.08561899380406132,0.08561899380406132
InfographicCharts,arrangement_8x8_only,center_grid_8_7_5,0.009803549056456027,0.009585839301709831,-0.01123793785514386,0.01123793785514386
InfographicCharts,arrangement_8x8_only,center_grid_8_7_6,0.01890116475310055,0.016651513700222654,-0.10812766004791062,0.10812766004791062
InfographicCharts,arrangement_8x8_only,center_grid_8_7_7,0.014579731166433331,0.0033265360745414418,-0.5396843914769661,0.5396843914769661
InfographicCharts,quantity_plus_arrangement,region_count,33.66,60.82,1.0957006028453755,1.0957006028453755
InfographicCharts,quantity_plus_arrangement,union_coverage_norm,0.2007897189006663,0.16880144727682794,-0.4263052222295147,0.4263052222295147
InfographicCharts,quantity_plus_arrangement,sum_box_area_norm,0.20332185660130433,0.16947586778914223,-0.4305928867235615,0.4305928867235615
InfographicCharts,quantity_plus_arrangement,mean_box_area_norm,0.00669925524208687,0.003252250586353714,-1.4271199703751403,1.4271199703751403
InfographicCharts,quantity_plus_arrangement,median_box_area_norm,0.0037567258579249505,0.0016542862001278401,-1.1993928775654288,1.1993928775654288
InfographicCharts,quantity_plus_arrangement,std_box_area_norm,0.009519690055318587,0.0056476980534133445,-0.47916946384428855,0.47916946384428855
InfographicCharts,quantity_plus_arrangement,mean_box_width_norm,0.16363846362909368,0.11140520253526855,-1.030441790072311,1.030441790072311
InfographicCharts,quantity_plus_arrangement,mean_box_height_norm,0.03800849026438149,0.027550317161385306,-1.2628706644900576,1.2628706644900576
InfographicCharts,quantity_plus_arrangement,mean_confidence,0.892675509089531,0.8795896140103,-0.7328083621581541,0.7328083621581541
InfographicCharts,quantity_plus_arrangement,low_confidence_fraction,0.030274134658446403,0.05102041229191372,0.49460056888122056,0.49460056888122056
InfographicCharts,quantity_plus_arrangement,center_x_mean,0.43876415520656775,0.4682764347361726,0.42481751336061757,0.42481751336061757
InfographicCharts,quantity_plus_arrangement,center_x_std,0.2565506495921881,0.26369419194647814,0.19877494451522418,0.19877494451522418
InfographicCharts,quantity_plus_arrangement,center_y_mean,0.5212569230698084,0.5368499968378031,0.23385973634721716,0.23385973634721716
InfographicCharts,quantity_plus_arrangement,center_y_std,0.2673183437768051,0.2500763620311984,-0.5683082511337961,0.5683082511337961
InfographicCharts,quantity_plus_arrangement,center_x_span,0.8156579987438886,0.8431081864060892,0.3350455002445842,0.3350455002445842
InfographicCharts,quantity_plus_arrangement,center_y_span,0.8717082896549679,0.9055047092073012,0.7621112581244437,0.7621112581244437
InfographicCharts,quantity_plus_arrangement,nearest_neighbor_mean_norm,0.0864363149952374,0.05805404068741803,-1.1366408909270194,1.1366408909270194
InfographicCharts,quantity_plus_arrangement,nearest_neighbor_median_norm,0.07291574801342256,0.05107181646637971,-0.8566288385459452,0.8566288385459452
InfographicCharts,quantity_plus_arrangement,nearest_neighbor_std_norm,0.0501156082262956,0.02930606206573978,-1.0436252903133991,1.0436252903133991
InfographicCharts,quantity_plus_arrangement,pairwise_distance_mean_norm,0.4816998541692613,0.4690529311933891,-0.2973549898973852,0.2973549898973852
InfographicCharts,quantity_plus_arrangement,pairwise_distance_std_norm,0.23615898625946832,0.22707325068404724,-0.41484287911223816,0.41484287911223816
InfographicCharts,quantity_plus_arrangement,row_alignment_fraction,0.06457099844319411,0.057089824459868384,-0.2514529020491027,0.2514529020491027
InfographicCharts,quantity_plus_arrangement,column_alignment_fraction,0.08844918160334116,0.08155564659223838,-0.16105015407798753,0.16105015407798753
InfographicCharts,quantity_plus_arrangement,angle_mean_abs_deg,2.668719140496195,4.37033588650865,0.32180510831381953,0.32180510831381953
InfographicCharts,quantity_plus_arrangement,angle_std_deg,7.905365826829901,13.242533993277055,0.4779440460670142,0.4779440460670142
InfographicCharts,quantity_plus_arrangement,rotated_fraction_gt_5deg,0.032440843605132844,0.07607414341844293,0.6273991784294649,0.6273991784294649
InfographicCharts,quantity_plus_arrangement,center_grid_4_0_0,0.04806761889801661,0.0316118516388725,-0.4175688184654719,0.4175688184654719
InfographicCharts,quantity_plus_arrangement,center_grid_4_0_1,0.09168628592675548,0.06989284979328712,-0.42079500257611696,0.42079500257611696
InfographicCharts,quantity_plus_arrangement,center_grid_4_0_2,0.04813577894005472,0.04774156428875262,-0.00886364334221329,0.00886364334221329
InfographicCharts,quantity_plus_arrangement,center_grid_4_0_3,0.02927238629679211,0.01948329328934887,-0.3185017953071299,0.3185017953071299
InfographicCharts,quantity_plus_arrangement,center_grid_4_1_0,0.09360471963347872,0.08862718316138926,-0.08110022909345088,0.08110022909345088
InfographicCharts,quantity_plus_arrangement,center_grid_4_1_1,0.06600716805451565,0.0644842653703962,-0.028342847559407157,0.028342847559407157
InfographicCharts,quantity_plus_arrangement,center_grid_4_1_2,0.054200951159095775,0.05332544438728731,-0.01838630677392499,0.01838630677392499
InfographicCharts,quantity_plus_arrangement,center_grid_4_1_3,0.06013400184770838,0.06837893868979701,0.12850643937815381,0.12850643937815381
InfographicCharts,quantity_plus_arrangement,center_grid_4_2_0,0.08175005495968782,0.10009317332209894,0.31705590576707077,0.31705590576707077
InfographicCharts,quantity_plus_arrangement,center_grid_4_2_1,0.05049021933132585,0.06602001054058527,0.29902659644970137,0.29902659644970137
InfographicCharts,quantity_plus_arrangement,center_grid_4_2_2,0.043405993260665916,0.06289653595517304,0.41897150151869106,0.41897150151869106
InfographicCharts,quantity_plus_arrangement,center_grid_4_2_3,0.037183795773751874,0.0706149542263894,0.6436242200906132,0.6436242200906132
InfographicCharts,quantity_plus_arrangement,center_grid_4_3_0,0.09512847314379792,0.05012472892900395,-0.8863616625738387,0.8863616625738387
InfographicCharts,quantity_plus_arrangement,center_grid_4_3_1,0.07937125696731272,0.07482887615932846,-0.10643224521957195,0.10643224521957195
InfographicCharts,quantity_plus_arrangement,center_grid_4_3_2,0.058437483516761334,0.0727083830872281,0.31663783075226554,0.31663783075226554
InfographicCharts,quantity_plus_arrangement,center_grid_4_3_3,0.06312381229027875,0.05916794716106147,-0.08959211370555739,0.08959211370555739
InfographicCharts,quantity_plus_arrangement,center_grid_8_0_0,0.00800318367699473,0.00152738523238653,-0.5489840979311437,0.5489840979311437
InfographicCharts,quantity_plus_arrangement,center_grid_8_0_1,0.00739782286234437,0.00550255696753896,-0.12984811029350657,0.12984811029350657
InfographicCharts,quantity_plus_arrangement,center_grid_8_0_2,0.015435870153296742,0.014527052148838163,-0.045872979864765295,0.045872979864765295
InfographicCharts,quantity_plus_arrangement,center_grid_8_0_3,0.022181896948950383,0.013271864313580104,-0.445161755216701,0.445161755216701
InfographicCharts,quantity_plus_arrangement,center_grid_8_0_4,0.011400510711455229,0.015693474943419397,0.19658101668488126,0.19658101668488126
InfographicCharts,quantity_plus_arrangement,center_grid_8_0_5,0.007032931562068304,0.005925528686774198,-0.07455237761587144,0.07455237761587144
InfographicCharts,quantity_plus_arrangement,center_grid_8_0_6,0.006791554290331212,0.004804306243021348,-0.12726982759837277,0.12726982759837277
InfographicCharts,quantity_plus_arrangement,center_grid_8_0_7,0.00074074074074074,0.001971377641965876,0.19431031757349404,0.19431031757349404
InfographicCharts,quantity_plus_arrangement,center_grid_8_1_0,0.011564755309949812,0.007947269360290884,-0.1939144693591085,0.1939144693591085
InfographicCharts,quantity_plus_arrangement,center_grid_8_1_1,0.02110185704872769,0.016634640078656115,-0.18306446302793813,0.18306446302793813
InfographicCharts,quantity_plus_arrangement,center_grid_8_1_2,0.024550399887972363,0.02120246375016312,-0.11929621928760485,0.11929621928760485
InfographicCharts,quantity_plus_arrangement,center_grid_8_1_3,0.02951811893653598,0.020891469580705705,-0.2813467195772764,0.2813467195772764
InfographicCharts,quantity_plus_arrangement,center_grid_8_1_4,0.019013468718588812,0.017376822761828174,-0.07339440495714933,0.07339440495714933
InfographicCharts,quantity_plus_arrangement,center_grid_8_1_5,0.010688867947942349,0.008745737896730832,-0.12169031703222856,0.12169031703222856
InfographicCharts,quantity_plus_arrangement,center_grid_8_1_6,0.013754863174258804,0.008204899297147331,-0.2719513553111143,0.2719513553111143
InfographicCharts,quantity_plus_arrangement,center_grid_8_1_7,0.007985228091461348,0.004502710107214311,-0.2549069194091594,0.2549069194091594
InfographicCharts,quantity_plus_arrangement,center_grid_8_2_0,0.01634736710408738,0.02310975507164456,0.2688569775883155,0.2688569775883155
InfographicCharts,quantity_plus_arrangement,center_grid_8_2_1,0.030562111197353695,0.02168893966951428,-0.3093445552591404,0.3093445552591404
InfographicCharts,quantity_plus_arrangement,center_grid_8_2_2,0.02162310932869302,0.01393089026112664,-0.33902526605452316,0.33902526605452316
InfographicCharts,quantity_plus_arrangement,center_grid_8_2_3,0.014630551625789003,0.013362608200811286,-0.0596701455706101,0.0596701455706101
InfographicCharts,quantity_plus_arrangement,center_grid_8_2_4,0.0106823007824006,0.012022278183722913,0.0641390733487726,0.0641390733487726
InfographicCharts,quantity_plus_arrangement,center_grid_8_2_5,0.014415115350095702,0.01042295158935987,-0.1760302212449499,0.1760302212449499
InfographicCharts,quantity_plus_arrangement,center_grid_8_2_6,0.02468127355662616,0.023373583276175926,-0.03687259226047412,0.03687259226047412
InfographicCharts,quantity_plus_arrangement,center_grid_8_2_7,0.015063799809368702,0.012137742407035254,-0.1206054925822005,0.1206054925822005
InfographicCharts,quantity_plus_arrangement,center_grid_8_3_0,0.022361156709451956,0.022248481410828656,-0.004119982986900091,0.004119982986900091
InfographicCharts,quantity_plus_arrangement,center_grid_8_3_1,0.024334084622585652,0.021580007009401717,-0.09097738353471199,0.09097738353471199
InfographicCharts,quantity_plus_arrangement,center_grid_8_3_2,0.015950614714642524,0.01887215706198416,0.11833906944707119,0.11833906944707119
InfographicCharts,quantity_plus_arrangement,center_grid_8_3_3,0.013802892385391084,0.01831860984647408,0.20249418153233623,0.20249418153233623
InfographicCharts,quantity_plus_arrangement,center_grid_8_3_4,0.014082230466637471,0.012114088870004253,-0.09829057575395275,0.09829057575395275
InfographicCharts,quantity_plus_arrangement,center_grid_8_3_5,0.015021304559961987,0.018766125744200238,0.15682364199794696,0.15682364199794696
InfographicCharts,quantity_plus_arrangement,center_grid_8_3_6,0.011073206025571434,0.022500882169923152,0.5088839500393497,0.5088839500393497
InfographicCharts,quantity_plus_arrangement,center_grid_8_3_7,0.009315722456142064,0.010366730836662653,0.05075816316612802,0.05075816316612802
InfographicCharts,quantity_plus_arrangement,center_grid_8_4_0,0.018686764070496728,0.02452203286963326,0.24047238663620243,0.24047238663620243
InfographicCharts,quantity_plus_arrangement,center_grid_8_4_1,0.02331525028313221,0.026520806680118164,0.10745547951176473,0.10745547951176473
InfographicCharts,quantity_plus_arrangement,center_grid_8_4_2,0.0165965733046554,0.016264634379544573,-0.015442734586041892,0.015442734586041892
InfographicCharts,quantity_plus_arrangement,center_grid_8_4_3,0.008234994531706634,0.013261276970958939,0.2389964257778639,0.2389964257778639
InfographicCharts,quantity_plus_arrangement,center_grid_8_4_4,0.008807980572162886,0.01597272180113424,0.37052905432837047,0.37052905432837047
InfographicCharts,quantity_plus_arrangement,center_grid_8_4_5,0.008248230129584512,0.012111798875073425,0.23876244405549263,0.23876244405549263
InfographicCharts,quantity_plus_arrangement,center_grid_8_4_6,0.011867878779643477,0.020066907566678793,0.32190876592937717,0.32190876592937717
InfographicCharts,quantity_plus_arrangement,center_grid_8_4_7,0.005602663460422076,0.010901622806067789,0.30307851345136044,0.30307851345136044
InfographicCharts,quantity_plus_arrangement,center_grid_8_5_0,0.01730757947997426,0.02105374862641979,0.16915577123518846,0.16915577123518846
InfographicCharts,quantity_plus_arrangement,center_grid_8_5_1,0.022440461126084586,0.02799658514592768,0.2011350803553164,0.2011350803553164
InfographicCharts,quantity_plus_arrangement,center_grid_8_5_2,0.017247669918317797,0.019183629493031863,0.08522226441830066,0.08522226441830066
InfographicCharts,quantity_plus_arrangement,center_grid_8_5_3,0.008410981576645982,0.01731046969704986,0.4727096350487402,0.4727096350487402
InfographicCharts,quantity_plus_arrangement,center_grid_8_5_4,0.013008662242445276,0.015866176193224606,0.11733620687244516,0.11733620687244516
InfographicCharts,quantity_plus_arrangement,center_grid_8_5_5,0.013341120316473226,0.01894583908574074,0.2788631866480547,0.2788631866480547
InfographicCharts,quantity_plus_arrangement,center_grid_8_5_6,0.011647063340812214,0.02554190388232378,0.5190639304362848,0.5190639304362848
InfographicCharts,quantity_plus_arrangement,center_grid_8_5_7,0.008066190192874086,0.014104519971318992,0.34357546144980095,0.34357546144980095
InfographicCharts,quantity_plus_arrangement,center_grid_8_6_0,0.021322817865516246,0.011477759819195174,-0.46536645241172536,0.46536645241172536
InfographicCharts,quantity_plus_arrangement,center_grid_8_6_1,0.02214674192237498,0.0171363509593326,-0.200573654458905,0.200573654458905
InfographicCharts,quantity_plus_arrangement,center_grid_8_6_2,0.02694057053906513,0.024956893140476232,-0.08130615898347446,0.08130615898347446
InfographicCharts,quantity_plus_arrangement,center_grid_8_6_3,0.025584028730548464,0.01726567719890601,-0.27040965394264715,0.27040965394264715
InfographicCharts,quantity_plus_arrangement,center_grid_8_6_4,0.020523909744673604,0.03037665707217034,0.3315195276041775,0.3315195276041775
InfographicCharts,quantity_plus_arrangement,center_grid_8_6_5,0.01872128063700509,0.0217662766936221,0.133903298612064,0.133903298612064
InfographicCharts,quantity_plus_arrangement,center_grid_8_6_6,0.014336352029236912,0.026240619540585684,0.4744421456347679,0.4744421456347679
InfographicCharts,quantity_plus_arrangement,center_grid_8_6_7,0.015306564341507924,0.012949277845711671,-0.09504226028326276,0.09504226028326276
InfographicCharts,quantity_plus_arrangement,center_grid_8_7_0,0.030187322418552667,0.0033804336755217422,-1.3610330936962998,1.3610330936962998
InfographicCharts,quantity_plus_arrangement,center_grid_8_7_1,0.02147159093735399,0.018130184474954392,-0.156277537088549,0.156277537088549
InfographicCharts,quantity_plus_arrangement,center_grid_8_7_2,0.017571677495898882,0.021710496011583785,0.16406674872464527,0.16406674872464527
InfographicCharts,quantity_plus_arrangement,center_grid_8_7_3,0.009274980201800216,0.010895809808362389,0.09479962900357483,0.09479962900357483
InfographicCharts,quantity_plus_arrangement,center_grid_8_7_4,0.00938874407862659,0.010979610019725796,0.08561899380406132,0.08561899380406132
InfographicCharts,quantity_plus_arrangement,center_grid_8_7_5,0.009803549056456027,0.009585839301709831,-0.01123793785514386,0.01123793785514386
InfographicCharts,quantity_plus_arrangement,center_grid_8_7_6,0.01890116475310055,0.016651513700222654,-0.10812766004791062,0.10812766004791062
InfographicCharts,quantity_plus_arrangement,center_grid_8_7_7,0.014579731166433331,0.0033265360745414418,-0.5396843914769661,0.5396843914769661
Receipts,quantity_only,region_count,52.02,57.44,0.4203210537448049,0.4203210537448049
Receipts,quantity_only,union_coverage_norm,0.23859055730206868,0.21824289075391323,-0.2564154387324935,0.2564154387324935
Receipts,quantity_only,sum_box_area_norm,0.24288640725855914,0.21840813503727827,-0.30395060854722317,0.30395060854722317
Receipts,quantity_only,mean_box_area_norm,0.004815045979202076,0.0038756684210713,-0.5555388215271935,0.5555388215271935
Receipts,quantity_only,median_box_area_norm,0.0036482741449988987,0.002667196860713618,-0.6561684407105757,0.6561684407105757
Receipts,quantity_only,std_box_area_norm,0.003623309980321678,0.0032635451177468163,-0.2751231386844718,0.2751231386844718
Receipts,quantity_only,mean_box_width_norm,0.2311435605355388,0.17695237606981515,-0.8251534055949662,0.8251534055949662
Receipts,quantity_only,mean_box_height_norm,0.02100535239425829,0.021575250533189764,0.14788322784902838,0.14788322784902838
Receipts,quantity_only,mean_confidence,0.8812246444278767,0.908283299177805,1.2434630998667395,1.2434630998667395
Receipts,quantity_only,low_confidence_fraction,0.022251925766998006,0.006902501088245408,-0.6715881544559295,0.6715881544559295
Receipts,arrangement_only,center_x_mean,0.46473392162063193,0.5059188051903993,0.9063358026150814,0.9063358026150814
Receipts,arrangement_only,center_x_std,0.196486748158189,0.22356783273083672,0.5897524295426386,0.5897524295426386
Receipts,arrangement_only,center_y_mean,0.5058920991920997,0.48488235399592533,-0.39499025699917767,0.39499025699917767
Receipts,arrangement_only,center_y_std,0.19295838914322258,0.20330450550019147,0.3119201818187968,0.3119201818187968
Receipts,arrangement_only,center_x_span,0.6607711224250764,0.697894118436949,0.2565847190064043,0.2565847190064043
Receipts,arrangement_only,center_y_span,0.746140098727523,0.8730047161182101,1.0216242515893097,1.0216242515893097
Receipts,arrangement_only,nearest_neighbor_mean_norm,0.03973863166407087,0.03892917245787125,-0.08739713125868566,0.08739713125868566
Receipts,arrangement_only,nearest_neighbor_median_norm,0.032395058024846046,0.030793917874041878,-0.16468331000989522,0.16468331000989522
Receipts,arrangement_only,nearest_neighbor_std_norm,0.02520954992446172,0.01929972288249025,-0.5646298221935907,0.5646298221935907
Receipts,arrangement_only,pairwise_distance_mean_norm,0.35536981607777873,0.3894609657548928,0.5015467000748149,0.5015467000748149
Receipts,arrangement_only,pairwise_distance_std_norm,0.17261126615779054,0.18694945693367873,0.4715692789952036,0.4715692789952036
Receipts,arrangement_only,row_alignment_fraction,0.05114689773845584,0.03351191245683453,-0.9844009595978478,0.9844009595978478
Receipts,arrangement_only,column_alignment_fraction,0.11987582685882214,0.10493067103702311,-0.4191955287079519,0.4191955287079519
Receipts,arrangement_only,angle_mean_abs_deg,4.5346195871909245,8.127263560382772,0.8586947974810409,0.8586947974810409
Receipts,arrangement_only,angle_std_deg,13.099850618654848,24.65515276961181,1.2261688043600594,1.2261688043600594
Receipts,arrangement_only,rotated_fraction_gt_5deg,0.06052309667787102,0.09233428643268418,0.633942203382333,0.633942203382333
Receipts,arrangement_only,center_grid_4_0_0,0.010851603513108791,0.006622886347362172,-0.22610984381939542,0.22610984381939542
Receipts,arrangement_only,center_grid_4_0_1,0.09443479255471596,0.07895196317754277,-0.3645097351703892,0.3645097351703892
Receipts,arrangement_only,center_grid_4_0_2,0.011945984453281044,0.040692018613517705,0.8857427432874098,0.8857427432874098
Receipts,arrangement_only,center_grid_4_0_3,0.0009657568089598259,0.0029039308839823343,0.31648248810752766,0.31648248810752766
Receipts,arrangement_only,center_grid_4_1_0,0.0712106853060292,0.09260912435479794,0.4596372636624791,0.4596372636624791
Receipts,arrangement_only,center_grid_4_1_1,0.186318805140062,0.09459224449860101,-0.9169517505867809,0.9169517505867809
Receipts,arrangement_only,center_grid_4_1_2,0.09859432514772815,0.14875619115824812,0.6162994143168374,0.6162994143168374
Receipts,arrangement_only,center_grid_4_1_3,0.042112829770321526,0.0935235838438081,1.3443909555528002,1.3443909555528002
Receipts,arrangement_only,center_grid_4_2_0,0.0714596118303303,0.06765420742146931,-0.07872975181633633,0.07872975181633633
Receipts,arrangement_only,center_grid_4_2_1,0.09588687868730209,0.07331661718038311,-0.48009566402370624,0.48009566402370624
Receipts,arrangement_only,center_grid_4_2_2,0.08240812853147318,0.08170042463019206,-0.012110736982346054,0.012110736982346054
Receipts,arrangement_only,center_grid_4_2_3,0.08054395482500447,0.10048280869527705,0.4040299186316521,0.4040299186316521
Receipts,arrangement_only,center_grid_4_3_0,0.027205375026984217,0.014139763049338814,-0.4689960450852039,0.4689960450852039
Receipts,arrangement_only,center_grid_4_3_1,0.06895864213776633,0.0918919634314604,0.5510076700070637,0.5510076700070637
Receipts,arrangement_only,center_grid_4_3_2,0.0345114601727171,0.008234806368417768,-0.8089070789900339,0.8089070789900339
Receipts,arrangement_only,center_grid_4_3_3,0.02259116609421545,0.00392746634560083,-0.9462269184143547,0.9462269184143547
Receipts,arrangement_only,center_grid_8_0_0,0.000408163265306122,0.0,-0.19999999999999996,0.19999999999999996
Receipts,arrangement_only,center_grid_8_0_1,0.001654634185690084,0.000384615384615384,-0.2847102678319823,0.2847102678319823
Receipts,arrangement_only,center_grid_8_0_2,0.0038779842244887797,0.00094063926940639,-0.23657089344805807,0.23657089344805807
Receipts,arrangement_only,center_grid_8_0_3,0.014235418368520936,0.021559019237710024,0.34148621390278977,0.34148621390278977
Receipts,arrangement_only,center_grid_8_0_4,0.002477575334718188,0.015786378212962214,0.9119392318450946,0.9119392318450946
Receipts,arrangement_only,center_grid_8_0_5,0.0,0.0013252546540217741,0.40973663012116945,0.40973663012116945
Receipts,arrangement_only,center_grid_8_0_6,0.0,0.0,0.0,0.0
Receipts,arrangement_only,center_grid_8_0_7,0.0,0.0,0.0,0.0
Receipts,arrangement_only,center_grid_8_1_0,0.0007058823529411739,0.0008753251579338501,0.04709775470607575,0.04709775470607575
Receipts,arrangement_only,center_grid_8_1_1,0.00808292370917141,0.005362945804812936,-0.1613119695396521,0.1613119695396521
Receipts,arrangement_only,center_grid_8_1_2,0.010955193323915756,0.004479828236657668,-0.4111241542065976,0.4111241542065976
Receipts,arrangement_only,center_grid_8_1_3,0.06536619663779045,0.05197247643376862,-0.3962976344892519,0.3962976344892519
Receipts,arrangement_only,center_grid_8_1_4,0.00758993124520007,0.017682873996327363,0.4636394369461026,0.4636394369461026
Receipts,arrangement_only,center_grid_8_1_5,0.00187847787336278,0.00589751175020635,0.40302152275692055,0.40302152275692055
Receipts,arrangement_only,center_grid_8_1_6,0.0009657568089598259,0.0022885462685977203,0.24365116795532743,0.24365116795532743
Receipts,arrangement_only,center_grid_8_1_7,0.0,0.000615384615384614,0.2,0.2
Receipts,arrangement_only,center_grid_8_2_0,0.004642287403160274,0.004703417348942829,0.0063082326343156195,0.0063082326343156195
Receipts,arrangement_only,center_grid_8_2_1,0.01842021332966036,0.04149492110684317,1.0489171036428662,1.0489171036428662
Receipts,arrangement_only,center_grid_8_2_2,0.03277037662558435,0.027650169825950206,-0.1427956592496301,0.1427956592496301
Receipts,arrangement_only,center_grid_8_2_3,0.062169748303992585,0.011239059634462806,-1.2783517995920246,1.2783517995920246
Receipts,arrangement_only,center_grid_8_2_4,0.02780311690369528,0.01583417825289996,-0.3276423204541384,0.3276423204541384
Receipts,arrangement_only,center_grid_8_2_5,0.006600572422951958,0.03568114271517693,1.6816462775043326,1.6816462775043326
Receipts,arrangement_only,center_grid_8_2_6,0.005986066582277873,0.026261925253300483,1.1369977312471664,1.1369977312471664
Receipts,arrangement_only,center_grid_8_2_7,0.0017935232169092657,0.0028050169789112615,0.11777022783084708,0.11777022783084708
Receipts,arrangement_only,center_grid_8_3_0,0.011281017481522528,0.011041541975297435,-0.012087118290760005,0.012087118290760005
Receipts,arrangement_only,center_grid_8_3_1,0.036867167091685984,0.03536924392371443,-0.042997971272674115,0.042997971272674115
Receipts,arrangement_only,center_grid_8_3_2,0.045139745484664796,0.048847290856960345,0.10596700669499978,0.10596700669499978
Receipts,arrangement_only,center_grid_8_3_3,0.046238934725820184,0.00685572418122762,-1.2268614854203188,1.2268614854203188
Receipts,arrangement_only,center_grid_8_3_4,0.04300370296469123,0.04253519851668613,-0.010312012825211676,0.010312012825211676
Receipts,arrangement_only,center_grid_8_3_5,0.021186932856389618,0.054705671673484994,1.213329948071582,1.213329948071582
Receipts,arrangement_only,center_grid_8_3_6,0.028659609904789177,0.056289677380273975,0.9159203743575669,0.9159203743575669
Receipts,arrangement_only,center_grid_8_3_7,0.005673630066345205,0.008166964231322342,0.1395041513639824,0.1395041513639824
Receipts,arrangement_only,center_grid_8_4_0,0.006582125222009452,0.006288744381912081,-0.0192306221240234,0.0192306221240234
Receipts,arrangement_only,center_grid_8_4_1,0.03462568549155264,0.029069526879457394,-0.2016176209017669,0.2016176209017669
Receipts,arrangement_only,center_grid_8_4_2,0.02428809446312332,0.02822254154417075,0.17154072795017702,0.17154072795017702
Receipts,arrangement_only,center_grid_8_4_3,0.04048570464088908,0.0057621303899133966,-0.9240099987375513,0.9240099987375513
Receipts,arrangement_only,center_grid_8_4_4,0.028185528186336795,0.031917272606883006,0.1328490682660802,0.1328490682660802
Receipts,arrangement_only,center_grid_8_4_5,0.024735575008460374,0.028082068232587982,0.12508718083222864,0.12508718083222864
Receipts,arrangement_only,center_grid_8_4_6,0.037694547398815004,0.05362844960631277,0.5415652168384038,0.5415652168384038
Receipts,arrangement_only,center_grid_8_4_7,0.003595860684539086,0.007072217901521755,0.25447073964486183,0.25447073964486183
Receipts,arrangement_only,center_grid_8_5_0,0.0072501225371049685,0.000615384615384612,-0.7137744708603987,0.7137744708603987
Receipts,arrangement_only,center_grid_8_5_1,0.02300167857966321,0.0316805515447152,0.3417985735127941,0.3417985735127941
Receipts,arrangement_only,center_grid_8_5_2,0.01794271696960261,0.019744810013948642,0.0853179163115619,0.0853179163115619
Receipts,arrangement_only,center_grid_8_5_3,0.013170362613686995,0.01958713523235026,0.26846572930233764,0.26846572930233764
Receipts,arrangement_only,center_grid_8_5_4,0.014713278204902805,0.015916603665202565,0.05715644763378971,0.05715644763378971
Receipts,arrangement_only,center_grid_8_5_5,0.014773747131773174,0.00578448012551845,-0.5189945586284415,0.5189945586284415
Receipts,arrangement_only,center_grid_8_5_6,0.03860158595733662,0.03535922595126041,-0.10330813752118508,0.10330813752118508
Receipts,arrangement_only,center_grid_8_5_7,0.000651960784313724,0.0044229152361820265,0.40908823974709413,0.40908823974709413
Receipts,arrangement_only,center_grid_8_6_0,0.00643871716015066,0.001481397687280036,-0.5733164839180366,0.5733164839180366
Receipts,arrangement_only,center_grid_8_6_1,0.01451132601488676,0.012250202096752654,-0.1118655892590557,0.1118655892590557
Receipts,arrangement_only,center_grid_8_6_2,0.009342936413387883,0.014533206643420662,0.2732804724127598,0.2732804724127598
Receipts,arrangement_only,center_grid_8_6_3,0.028302883907804232,0.04565011971897524,0.584157485583879,0.584157485583879
Receipts,arrangement_only,center_grid_8_6_4,0.015442350821770085,0.0045254735184764505,-0.5890252772374149,0.5890252772374149
Receipts,arrangement_only,center_grid_8_6_5,0.006975940581505258,0.001559440559440556,-0.4202196860255258,0.4202196860255258
Receipts,arrangement_only,center_grid_8_6_6,0.016962694158373065,0.003222239002575778,-0.8812445451973786,0.8812445451973786
Receipts,arrangement_only,center_grid_8_6_7,0.00120401337792642,0.0007052273430250519,-0.09916652552998602,0.09916652552998602
Receipts,arrangement_only,center_grid_8_7_0,0.002359988949679186,0.0,-0.5037400916746648,0.5037400916746648
Receipts,arrangement_only,center_grid_8_7_1,0.003895342902267598,0.000408163265306122,-0.5902787342902677,0.5902787342902677
Receipts,arrangement_only,center_grid_8_7_2,0.005281290874254509,0.000842945874001774,-0.4625541158144842,0.4625541158144842
Receipts,arrangement_only,center_grid_8_7_3,0.026031530942319688,0.030865691195062647,0.23570242202098027,0.23570242202098027
Receipts,arrangement_only,center_grid_8_7_4,0.00983158441542041,0.0018165589571674258,-0.5908647900733829,0.5908647900733829
Receipts,arrangement_only,center_grid_8_7_5,0.002261584354021326,0.000333333333333332,-0.37017171247900393,0.37017171247900393
Receipts,arrangement_only,center_grid_8_7_6,0.0038183979518553518,0.0,-0.6024340284560037,0.6024340284560037
Receipts,arrangement_only,center_grid_8_7_7,0.0006060606060606061,0.0,-0.20000000000000007,0.20000000000000007
Receipts,arrangement_base_only,center_x_mean,0.46473392162063193,0.5059188051903993,0.9063358026150814,0.9063358026150814
Receipts,arrangement_base_only,center_x_std,0.196486748158189,0.22356783273083672,0.5897524295426386,0.5897524295426386
Receipts,arrangement_base_only,center_y_mean,0.5058920991920997,0.48488235399592533,-0.39499025699917767,0.39499025699917767
Receipts,arrangement_base_only,center_y_std,0.19295838914322258,0.20330450550019147,0.3119201818187968,0.3119201818187968
Receipts,arrangement_base_only,center_x_span,0.6607711224250764,0.697894118436949,0.2565847190064043,0.2565847190064043
Receipts,arrangement_base_only,center_y_span,0.746140098727523,0.8730047161182101,1.0216242515893097,1.0216242515893097
Receipts,arrangement_base_only,nearest_neighbor_mean_norm,0.03973863166407087,0.03892917245787125,-0.08739713125868566,0.08739713125868566
Receipts,arrangement_base_only,nearest_neighbor_median_norm,0.032395058024846046,0.030793917874041878,-0.16468331000989522,0.16468331000989522
Receipts,arrangement_base_only,nearest_neighbor_std_norm,0.02520954992446172,0.01929972288249025,-0.5646298221935907,0.5646298221935907
Receipts,arrangement_base_only,pairwise_distance_mean_norm,0.35536981607777873,0.3894609657548928,0.5015467000748149,0.5015467000748149
Receipts,arrangement_base_only,pairwise_distance_std_norm,0.17261126615779054,0.18694945693367873,0.4715692789952036,0.4715692789952036
Receipts,arrangement_base_only,row_alignment_fraction,0.05114689773845584,0.03351191245683453,-0.9844009595978478,0.9844009595978478
Receipts,arrangement_base_only,column_alignment_fraction,0.11987582685882214,0.10493067103702311,-0.4191955287079519,0.4191955287079519
Receipts,arrangement_base_only,angle_mean_abs_deg,4.5346195871909245,8.127263560382772,0.8586947974810409,0.8586947974810409
Receipts,arrangement_base_only,angle_std_deg,13.099850618654848,24.65515276961181,1.2261688043600594,1.2261688043600594
Receipts,arrangement_base_only,rotated_fraction_gt_5deg,0.06052309667787102,0.09233428643268418,0.633942203382333,0.633942203382333
Receipts,arrangement_4x4_only,center_x_mean,0.46473392162063193,0.5059188051903993,0.9063358026150814,0.9063358026150814
Receipts,arrangement_4x4_only,center_x_std,0.196486748158189,0.22356783273083672,0.5897524295426386,0.5897524295426386
Receipts,arrangement_4x4_only,center_y_mean,0.5058920991920997,0.48488235399592533,-0.39499025699917767,0.39499025699917767
Receipts,arrangement_4x4_only,center_y_std,0.19295838914322258,0.20330450550019147,0.3119201818187968,0.3119201818187968
Receipts,arrangement_4x4_only,center_x_span,0.6607711224250764,0.697894118436949,0.2565847190064043,0.2565847190064043
Receipts,arrangement_4x4_only,center_y_span,0.746140098727523,0.8730047161182101,1.0216242515893097,1.0216242515893097
Receipts,arrangement_4x4_only,nearest_neighbor_mean_norm,0.03973863166407087,0.03892917245787125,-0.08739713125868566,0.08739713125868566
Receipts,arrangement_4x4_only,nearest_neighbor_median_norm,0.032395058024846046,0.030793917874041878,-0.16468331000989522,0.16468331000989522
Receipts,arrangement_4x4_only,nearest_neighbor_std_norm,0.02520954992446172,0.01929972288249025,-0.5646298221935907,0.5646298221935907
Receipts,arrangement_4x4_only,pairwise_distance_mean_norm,0.35536981607777873,0.3894609657548928,0.5015467000748149,0.5015467000748149
Receipts,arrangement_4x4_only,pairwise_distance_std_norm,0.17261126615779054,0.18694945693367873,0.4715692789952036,0.4715692789952036
Receipts,arrangement_4x4_only,row_alignment_fraction,0.05114689773845584,0.03351191245683453,-0.9844009595978478,0.9844009595978478
Receipts,arrangement_4x4_only,column_alignment_fraction,0.11987582685882214,0.10493067103702311,-0.4191955287079519,0.4191955287079519
Receipts,arrangement_4x4_only,angle_mean_abs_deg,4.5346195871909245,8.127263560382772,0.8586947974810409,0.8586947974810409
Receipts,arrangement_4x4_only,angle_std_deg,13.099850618654848,24.65515276961181,1.2261688043600594,1.2261688043600594
Receipts,arrangement_4x4_only,rotated_fraction_gt_5deg,0.06052309667787102,0.09233428643268418,0.633942203382333,0.633942203382333
Receipts,arrangement_4x4_only,center_grid_4_0_0,0.010851603513108791,0.006622886347362172,-0.22610984381939542,0.22610984381939542
Receipts,arrangement_4x4_only,center_grid_4_0_1,0.09443479255471596,0.07895196317754277,-0.3645097351703892,0.3645097351703892
Receipts,arrangement_4x4_only,center_grid_4_0_2,0.011945984453281044,0.040692018613517705,0.8857427432874098,0.8857427432874098
Receipts,arrangement_4x4_only,center_grid_4_0_3,0.0009657568089598259,0.0029039308839823343,0.31648248810752766,0.31648248810752766
Receipts,arrangement_4x4_only,center_grid_4_1_0,0.0712106853060292,0.09260912435479794,0.4596372636624791,0.4596372636624791
Receipts,arrangement_4x4_only,center_grid_4_1_1,0.186318805140062,0.09459224449860101,-0.9169517505867809,0.9169517505867809
Receipts,arrangement_4x4_only,center_grid_4_1_2,0.09859432514772815,0.14875619115824812,0.6162994143168374,0.6162994143168374
Receipts,arrangement_4x4_only,center_grid_4_1_3,0.042112829770321526,0.0935235838438081,1.3443909555528002,1.3443909555528002
Receipts,arrangement_4x4_only,center_grid_4_2_0,0.0714596118303303,0.06765420742146931,-0.07872975181633633,0.07872975181633633
Receipts,arrangement_4x4_only,center_grid_4_2_1,0.09588687868730209,0.07331661718038311,-0.48009566402370624,0.48009566402370624
Receipts,arrangement_4x4_only,center_grid_4_2_2,0.08240812853147318,0.08170042463019206,-0.012110736982346054,0.012110736982346054
Receipts,arrangement_4x4_only,center_grid_4_2_3,0.08054395482500447,0.10048280869527705,0.4040299186316521,0.4040299186316521
Receipts,arrangement_4x4_only,center_grid_4_3_0,0.027205375026984217,0.014139763049338814,-0.4689960450852039,0.4689960450852039
Receipts,arrangement_4x4_only,center_grid_4_3_1,0.06895864213776633,0.0918919634314604,0.5510076700070637,0.5510076700070637
Receipts,arrangement_4x4_only,center_grid_4_3_2,0.0345114601727171,0.008234806368417768,-0.8089070789900339,0.8089070789900339
Receipts,arrangement_4x4_only,center_grid_4_3_3,0.02259116609421545,0.00392746634560083,-0.9462269184143547,0.9462269184143547
Receipts,arrangement_8x8_only,center_x_mean,0.46473392162063193,0.5059188051903993,0.9063358026150814,0.9063358026150814
Receipts,arrangement_8x8_only,center_x_std,0.196486748158189,0.22356783273083672,0.5897524295426386,0.5897524295426386
Receipts,arrangement_8x8_only,center_y_mean,0.5058920991920997,0.48488235399592533,-0.39499025699917767,0.39499025699917767
Receipts,arrangement_8x8_only,center_y_std,0.19295838914322258,0.20330450550019147,0.3119201818187968,0.3119201818187968
Receipts,arrangement_8x8_only,center_x_span,0.6607711224250764,0.697894118436949,0.2565847190064043,0.2565847190064043
Receipts,arrangement_8x8_only,center_y_span,0.746140098727523,0.8730047161182101,1.0216242515893097,1.0216242515893097
Receipts,arrangement_8x8_only,nearest_neighbor_mean_norm,0.03973863166407087,0.03892917245787125,-0.08739713125868566,0.08739713125868566
Receipts,arrangement_8x8_only,nearest_neighbor_median_norm,0.032395058024846046,0.030793917874041878,-0.16468331000989522,0.16468331000989522
Receipts,arrangement_8x8_only,nearest_neighbor_std_norm,0.02520954992446172,0.01929972288249025,-0.5646298221935907,0.5646298221935907
Receipts,arrangement_8x8_only,pairwise_distance_mean_norm,0.35536981607777873,0.3894609657548928,0.5015467000748149,0.5015467000748149
Receipts,arrangement_8x8_only,pairwise_distance_std_norm,0.17261126615779054,0.18694945693367873,0.4715692789952036,0.4715692789952036
Receipts,arrangement_8x8_only,row_alignment_fraction,0.05114689773845584,0.03351191245683453,-0.9844009595978478,0.9844009595978478
Receipts,arrangement_8x8_only,column_alignment_fraction,0.11987582685882214,0.10493067103702311,-0.4191955287079519,0.4191955287079519
Receipts,arrangement_8x8_only,angle_mean_abs_deg,4.5346195871909245,8.127263560382772,0.8586947974810409,0.8586947974810409
Receipts,arrangement_8x8_only,angle_std_deg,13.099850618654848,24.65515276961181,1.2261688043600594,1.2261688043600594
Receipts,arrangement_8x8_only,rotated_fraction_gt_5deg,0.06052309667787102,0.09233428643268418,0.633942203382333,0.633942203382333
Receipts,arrangement_8x8_only,center_grid_8_0_0,0.000408163265306122,0.0,-0.19999999999999996,0.19999999999999996
Receipts,arrangement_8x8_only,center_grid_8_0_1,0.001654634185690084,0.000384615384615384,-0.2847102678319823,0.2847102678319823
Receipts,arrangement_8x8_only,center_grid_8_0_2,0.0038779842244887797,0.00094063926940639,-0.23657089344805807,0.23657089344805807
Receipts,arrangement_8x8_only,center_grid_8_0_3,0.014235418368520936,0.021559019237710024,0.34148621390278977,0.34148621390278977
Receipts,arrangement_8x8_only,center_grid_8_0_4,0.002477575334718188,0.015786378212962214,0.9119392318450946,0.9119392318450946
Receipts,arrangement_8x8_only,center_grid_8_0_5,0.0,0.0013252546540217741,0.40973663012116945,0.40973663012116945
Receipts,arrangement_8x8_only,center_grid_8_0_6,0.0,0.0,0.0,0.0
Receipts,arrangement_8x8_only,center_grid_8_0_7,0.0,0.0,0.0,0.0
Receipts,arrangement_8x8_only,center_grid_8_1_0,0.0007058823529411739,0.0008753251579338501,0.04709775470607575,0.04709775470607575
Receipts,arrangement_8x8_only,center_grid_8_1_1,0.00808292370917141,0.005362945804812936,-0.1613119695396521,0.1613119695396521
Receipts,arrangement_8x8_only,center_grid_8_1_2,0.010955193323915756,0.004479828236657668,-0.4111241542065976,0.4111241542065976
Receipts,arrangement_8x8_only,center_grid_8_1_3,0.06536619663779045,0.05197247643376862,-0.3962976344892519,0.3962976344892519
Receipts,arrangement_8x8_only,center_grid_8_1_4,0.00758993124520007,0.017682873996327363,0.4636394369461026,0.4636394369461026
Receipts,arrangement_8x8_only,center_grid_8_1_5,0.00187847787336278,0.00589751175020635,0.40302152275692055,0.40302152275692055
Receipts,arrangement_8x8_only,center_grid_8_1_6,0.0009657568089598259,0.0022885462685977203,0.24365116795532743,0.24365116795532743
Receipts,arrangement_8x8_only,center_grid_8_1_7,0.0,0.000615384615384614,0.2,0.2
Receipts,arrangement_8x8_only,center_grid_8_2_0,0.004642287403160274,0.004703417348942829,0.0063082326343156195,0.0063082326343156195
Receipts,arrangement_8x8_only,center_grid_8_2_1,0.01842021332966036,0.04149492110684317,1.0489171036428662,1.0489171036428662
Receipts,arrangement_8x8_only,center_grid_8_2_2,0.03277037662558435,0.027650169825950206,-0.1427956592496301,0.1427956592496301
Receipts,arrangement_8x8_only,center_grid_8_2_3,0.062169748303992585,0.011239059634462806,-1.2783517995920246,1.2783517995920246
Receipts,arrangement_8x8_only,center_grid_8_2_4,0.02780311690369528,0.01583417825289996,-0.3276423204541384,0.3276423204541384
Receipts,arrangement_8x8_only,center_grid_8_2_5,0.006600572422951958,0.03568114271517693,1.6816462775043326,1.6816462775043326
Receipts,arrangement_8x8_only,center_grid_8_2_6,0.005986066582277873,0.026261925253300483,1.1369977312471664,1.1369977312471664
Receipts,arrangement_8x8_only,center_grid_8_2_7,0.0017935232169092657,0.0028050169789112615,0.11777022783084708,0.11777022783084708
Receipts,arrangement_8x8_only,center_grid_8_3_0,0.011281017481522528,0.011041541975297435,-0.012087118290760005,0.012087118290760005
Receipts,arrangement_8x8_only,center_grid_8_3_1,0.036867167091685984,0.03536924392371443,-0.042997971272674115,0.042997971272674115
Receipts,arrangement_8x8_only,center_grid_8_3_2,0.045139745484664796,0.048847290856960345,0.10596700669499978,0.10596700669499978
Receipts,arrangement_8x8_only,center_grid_8_3_3,0.046238934725820184,0.00685572418122762,-1.2268614854203188,1.2268614854203188
Receipts,arrangement_8x8_only,center_grid_8_3_4,0.04300370296469123,0.04253519851668613,-0.010312012825211676,0.010312012825211676
Receipts,arrangement_8x8_only,center_grid_8_3_5,0.021186932856389618,0.054705671673484994,1.213329948071582,1.213329948071582
Receipts,arrangement_8x8_only,center_grid_8_3_6,0.028659609904789177,0.056289677380273975,0.9159203743575669,0.9159203743575669
Receipts,arrangement_8x8_only,center_grid_8_3_7,0.005673630066345205,0.008166964231322342,0.1395041513639824,0.1395041513639824
Receipts,arrangement_8x8_only,center_grid_8_4_0,0.006582125222009452,0.006288744381912081,-0.0192306221240234,0.0192306221240234
Receipts,arrangement_8x8_only,center_grid_8_4_1,0.03462568549155264,0.029069526879457394,-0.2016176209017669,0.2016176209017669
Receipts,arrangement_8x8_only,center_grid_8_4_2,0.02428809446312332,0.02822254154417075,0.17154072795017702,0.17154072795017702
Receipts,arrangement_8x8_only,center_grid_8_4_3,0.04048570464088908,0.0057621303899133966,-0.9240099987375513,0.9240099987375513
Receipts,arrangement_8x8_only,center_grid_8_4_4,0.028185528186336795,0.031917272606883006,0.1328490682660802,0.1328490682660802
Receipts,arrangement_8x8_only,center_grid_8_4_5,0.024735575008460374,0.028082068232587982,0.12508718083222864,0.12508718083222864
Receipts,arrangement_8x8_only,center_grid_8_4_6,0.037694547398815004,0.05362844960631277,0.5415652168384038,0.5415652168384038
Receipts,arrangement_8x8_only,center_grid_8_4_7,0.003595860684539086,0.007072217901521755,0.25447073964486183,0.25447073964486183
Receipts,arrangement_8x8_only,center_grid_8_5_0,0.0072501225371049685,0.000615384615384612,-0.7137744708603987,0.7137744708603987
Receipts,arrangement_8x8_only,center_grid_8_5_1,0.02300167857966321,0.0316805515447152,0.3417985735127941,0.3417985735127941
Receipts,arrangement_8x8_only,center_grid_8_5_2,0.01794271696960261,0.019744810013948642,0.0853179163115619,0.0853179163115619
Receipts,arrangement_8x8_only,center_grid_8_5_3,0.013170362613686995,0.01958713523235026,0.26846572930233764,0.26846572930233764
Receipts,arrangement_8x8_only,center_grid_8_5_4,0.014713278204902805,0.015916603665202565,0.05715644763378971,0.05715644763378971
Receipts,arrangement_8x8_only,center_grid_8_5_5,0.014773747131773174,0.00578448012551845,-0.5189945586284415,0.5189945586284415
Receipts,arrangement_8x8_only,center_grid_8_5_6,0.03860158595733662,0.03535922595126041,-0.10330813752118508,0.10330813752118508
Receipts,arrangement_8x8_only,center_grid_8_5_7,0.000651960784313724,0.0044229152361820265,0.40908823974709413,0.40908823974709413
Receipts,arrangement_8x8_only,center_grid_8_6_0,0.00643871716015066,0.001481397687280036,-0.5733164839180366,0.5733164839180366
Receipts,arrangement_8x8_only,center_grid_8_6_1,0.01451132601488676,0.012250202096752654,-0.1118655892590557,0.1118655892590557
Receipts,arrangement_8x8_only,center_grid_8_6_2,0.009342936413387883,0.014533206643420662,0.2732804724127598,0.2732804724127598
Receipts,arrangement_8x8_only,center_grid_8_6_3,0.028302883907804232,0.04565011971897524,0.584157485583879,0.584157485583879
Receipts,arrangement_8x8_only,center_grid_8_6_4,0.015442350821770085,0.0045254735184764505,-0.5890252772374149,0.5890252772374149
Receipts,arrangement_8x8_only,center_grid_8_6_5,0.006975940581505258,0.001559440559440556,-0.4202196860255258,0.4202196860255258
Receipts,arrangement_8x8_only,center_grid_8_6_6,0.016962694158373065,0.003222239002575778,-0.8812445451973786,0.8812445451973786
Receipts,arrangement_8x8_only,center_grid_8_6_7,0.00120401337792642,0.0007052273430250519,-0.09916652552998602,0.09916652552998602
Receipts,arrangement_8x8_only,center_grid_8_7_0,0.002359988949679186,0.0,-0.5037400916746648,0.5037400916746648
Receipts,arrangement_8x8_only,center_grid_8_7_1,0.003895342902267598,0.000408163265306122,-0.5902787342902677,0.5902787342902677
Receipts,arrangement_8x8_only,center_grid_8_7_2,0.005281290874254509,0.000842945874001774,-0.4625541158144842,0.4625541158144842
Receipts,arrangement_8x8_only,center_grid_8_7_3,0.026031530942319688,0.030865691195062647,0.23570242202098027,0.23570242202098027
Receipts,arrangement_8x8_only,center_grid_8_7_4,0.00983158441542041,0.0018165589571674258,-0.5908647900733829,0.5908647900733829
Receipts,arrangement_8x8_only,center_grid_8_7_5,0.002261584354021326,0.000333333333333332,-0.37017171247900393,0.37017171247900393
Receipts,arrangement_8x8_only,center_grid_8_7_6,0.0038183979518553518,0.0,-0.6024340284560037,0.6024340284560037
Receipts,arrangement_8x8_only,center_grid_8_7_7,0.0006060606060606061,0.0,-0.20000000000000007,0.20000000000000007
Receipts,quantity_plus_arrangement,region_count,52.02,57.44,0.4203210537448049,0.4203210537448049
Receipts,quantity_plus_arrangement,union_coverage_norm,0.23859055730206868,0.21824289075391323,-0.2564154387324935,0.2564154387324935
Receipts,quantity_plus_arrangement,sum_box_area_norm,0.24288640725855914,0.21840813503727827,-0.30395060854722317,0.30395060854722317
Receipts,quantity_plus_arrangement,mean_box_area_norm,0.004815045979202076,0.0038756684210713,-0.5555388215271935,0.5555388215271935
Receipts,quantity_plus_arrangement,median_box_area_norm,0.0036482741449988987,0.002667196860713618,-0.6561684407105757,0.6561684407105757
Receipts,quantity_plus_arrangement,std_box_area_norm,0.003623309980321678,0.0032635451177468163,-0.2751231386844718,0.2751231386844718
Receipts,quantity_plus_arrangement,mean_box_width_norm,0.2311435605355388,0.17695237606981515,-0.8251534055949662,0.8251534055949662
Receipts,quantity_plus_arrangement,mean_box_height_norm,0.02100535239425829,0.021575250533189764,0.14788322784902838,0.14788322784902838
Receipts,quantity_plus_arrangement,mean_confidence,0.8812246444278767,0.908283299177805,1.2434630998667395,1.2434630998667395
Receipts,quantity_plus_arrangement,low_confidence_fraction,0.022251925766998006,0.006902501088245408,-0.6715881544559295,0.6715881544559295
Receipts,quantity_plus_arrangement,center_x_mean,0.46473392162063193,0.5059188051903993,0.9063358026150814,0.9063358026150814
Receipts,quantity_plus_arrangement,center_x_std,0.196486748158189,0.22356783273083672,0.5897524295426386,0.5897524295426386
Receipts,quantity_plus_arrangement,center_y_mean,0.5058920991920997,0.48488235399592533,-0.39499025699917767,0.39499025699917767
Receipts,quantity_plus_arrangement,center_y_std,0.19295838914322258,0.20330450550019147,0.3119201818187968,0.3119201818187968
Receipts,quantity_plus_arrangement,center_x_span,0.6607711224250764,0.697894118436949,0.2565847190064043,0.2565847190064043
Receipts,quantity_plus_arrangement,center_y_span,0.746140098727523,0.8730047161182101,1.0216242515893097,1.0216242515893097
Receipts,quantity_plus_arrangement,nearest_neighbor_mean_norm,0.03973863166407087,0.03892917245787125,-0.08739713125868566,0.08739713125868566
Receipts,quantity_plus_arrangement,nearest_neighbor_median_norm,0.032395058024846046,0.030793917874041878,-0.16468331000989522,0.16468331000989522
Receipts,quantity_plus_arrangement,nearest_neighbor_std_norm,0.02520954992446172,0.01929972288249025,-0.5646298221935907,0.5646298221935907
Receipts,quantity_plus_arrangement,pairwise_distance_mean_norm,0.35536981607777873,0.3894609657548928,0.5015467000748149,0.5015467000748149
Receipts,quantity_plus_arrangement,pairwise_distance_std_norm,0.17261126615779054,0.18694945693367873,0.4715692789952036,0.4715692789952036
Receipts,quantity_plus_arrangement,row_alignment_fraction,0.05114689773845584,0.03351191245683453,-0.9844009595978478,0.9844009595978478
Receipts,quantity_plus_arrangement,column_alignment_fraction,0.11987582685882214,0.10493067103702311,-0.4191955287079519,0.4191955287079519
Receipts,quantity_plus_arrangement,angle_mean_abs_deg,4.5346195871909245,8.127263560382772,0.8586947974810409,0.8586947974810409
Receipts,quantity_plus_arrangement,angle_std_deg,13.099850618654848,24.65515276961181,1.2261688043600594,1.2261688043600594
Receipts,quantity_plus_arrangement,rotated_fraction_gt_5deg,0.06052309667787102,0.09233428643268418,0.633942203382333,0.633942203382333
Receipts,quantity_plus_arrangement,center_grid_4_0_0,0.010851603513108791,0.006622886347362172,-0.22610984381939542,0.22610984381939542
Receipts,quantity_plus_arrangement,center_grid_4_0_1,0.09443479255471596,0.07895196317754277,-0.3645097351703892,0.3645097351703892
Receipts,quantity_plus_arrangement,center_grid_4_0_2,0.011945984453281044,0.040692018613517705,0.8857427432874098,0.8857427432874098
Receipts,quantity_plus_arrangement,center_grid_4_0_3,0.0009657568089598259,0.0029039308839823343,0.31648248810752766,0.31648248810752766
Receipts,quantity_plus_arrangement,center_grid_4_1_0,0.0712106853060292,0.09260912435479794,0.4596372636624791,0.4596372636624791
Receipts,quantity_plus_arrangement,center_grid_4_1_1,0.186318805140062,0.09459224449860101,-0.9169517505867809,0.9169517505867809
Receipts,quantity_plus_arrangement,center_grid_4_1_2,0.09859432514772815,0.14875619115824812,0.6162994143168374,0.6162994143168374
Receipts,quantity_plus_arrangement,center_grid_4_1_3,0.042112829770321526,0.0935235838438081,1.3443909555528002,1.3443909555528002
Receipts,quantity_plus_arrangement,center_grid_4_2_0,0.0714596118303303,0.06765420742146931,-0.07872975181633633,0.07872975181633633
Receipts,quantity_plus_arrangement,center_grid_4_2_1,0.09588687868730209,0.07331661718038311,-0.48009566402370624,0.48009566402370624
Receipts,quantity_plus_arrangement,center_grid_4_2_2,0.08240812853147318,0.08170042463019206,-0.012110736982346054,0.012110736982346054
Receipts,quantity_plus_arrangement,center_grid_4_2_3,0.08054395482500447,0.10048280869527705,0.4040299186316521,0.4040299186316521
Receipts,quantity_plus_arrangement,center_grid_4_3_0,0.027205375026984217,0.014139763049338814,-0.4689960450852039,0.4689960450852039
Receipts,quantity_plus_arrangement,center_grid_4_3_1,0.06895864213776633,0.0918919634314604,0.5510076700070637,0.5510076700070637
Receipts,quantity_plus_arrangement,center_grid_4_3_2,0.0345114601727171,0.008234806368417768,-0.8089070789900339,0.8089070789900339
Receipts,quantity_plus_arrangement,center_grid_4_3_3,0.02259116609421545,0.00392746634560083,-0.9462269184143547,0.9462269184143547
Receipts,quantity_plus_arrangement,center_grid_8_0_0,0.000408163265306122,0.0,-0.19999999999999996,0.19999999999999996
Receipts,quantity_plus_arrangement,center_grid_8_0_1,0.001654634185690084,0.000384615384615384,-0.2847102678319823,0.2847102678319823
Receipts,quantity_plus_arrangement,center_grid_8_0_2,0.0038779842244887797,0.00094063926940639,-0.23657089344805807,0.23657089344805807
Receipts,quantity_plus_arrangement,center_grid_8_0_3,0.014235418368520936,0.021559019237710024,0.34148621390278977,0.34148621390278977
Receipts,quantity_plus_arrangement,center_grid_8_0_4,0.002477575334718188,0.015786378212962214,0.9119392318450946,0.9119392318450946
Receipts,quantity_plus_arrangement,center_grid_8_0_5,0.0,0.0013252546540217741,0.40973663012116945,0.40973663012116945
Receipts,quantity_plus_arrangement,center_grid_8_0_6,0.0,0.0,0.0,0.0
Receipts,quantity_plus_arrangement,center_grid_8_0_7,0.0,0.0,0.0,0.0
Receipts,quantity_plus_arrangement,center_grid_8_1_0,0.0007058823529411739,0.0008753251579338501,0.04709775470607575,0.04709775470607575
Receipts,quantity_plus_arrangement,center_grid_8_1_1,0.00808292370917141,0.005362945804812936,-0.1613119695396521,0.1613119695396521
Receipts,quantity_plus_arrangement,center_grid_8_1_2,0.010955193323915756,0.004479828236657668,-0.4111241542065976,0.4111241542065976
Receipts,quantity_plus_arrangement,center_grid_8_1_3,0.06536619663779045,0.05197247643376862,-0.3962976344892519,0.3962976344892519
Receipts,quantity_plus_arrangement,center_grid_8_1_4,0.00758993124520007,0.017682873996327363,0.4636394369461026,0.4636394369461026
Receipts,quantity_plus_arrangement,center_grid_8_1_5,0.00187847787336278,0.00589751175020635,0.40302152275692055,0.40302152275692055
Receipts,quantity_plus_arrangement,center_grid_8_1_6,0.0009657568089598259,0.0022885462685977203,0.24365116795532743,0.24365116795532743
Receipts,quantity_plus_arrangement,center_grid_8_1_7,0.0,0.000615384615384614,0.2,0.2
Receipts,quantity_plus_arrangement,center_grid_8_2_0,0.004642287403160274,0.004703417348942829,0.0063082326343156195,0.0063082326343156195
Receipts,quantity_plus_arrangement,center_grid_8_2_1,0.01842021332966036,0.04149492110684317,1.0489171036428662,1.0489171036428662
Receipts,quantity_plus_arrangement,center_grid_8_2_2,0.03277037662558435,0.027650169825950206,-0.1427956592496301,0.1427956592496301
Receipts,quantity_plus_arrangement,center_grid_8_2_3,0.062169748303992585,0.011239059634462806,-1.2783517995920246,1.2783517995920246
Receipts,quantity_plus_arrangement,center_grid_8_2_4,0.02780311690369528,0.01583417825289996,-0.3276423204541384,0.3276423204541384
Receipts,quantity_plus_arrangement,center_grid_8_2_5,0.006600572422951958,0.03568114271517693,1.6816462775043326,1.6816462775043326
Receipts,quantity_plus_arrangement,center_grid_8_2_6,0.005986066582277873,0.026261925253300483,1.1369977312471664,1.1369977312471664
Receipts,quantity_plus_arrangement,center_grid_8_2_7,0.0017935232169092657,0.0028050169789112615,0.11777022783084708,0.11777022783084708
Receipts,quantity_plus_arrangement,center_grid_8_3_0,0.011281017481522528,0.011041541975297435,-0.012087118290760005,0.012087118290760005
Receipts,quantity_plus_arrangement,center_grid_8_3_1,0.036867167091685984,0.03536924392371443,-0.042997971272674115,0.042997971272674115
Receipts,quantity_plus_arrangement,center_grid_8_3_2,0.045139745484664796,0.048847290856960345,0.10596700669499978,0.10596700669499978
Receipts,quantity_plus_arrangement,center_grid_8_3_3,0.046238934725820184,0.00685572418122762,-1.2268614854203188,1.2268614854203188
Receipts,quantity_plus_arrangement,center_grid_8_3_4,0.04300370296469123,0.04253519851668613,-0.010312012825211676,0.010312012825211676
Receipts,quantity_plus_arrangement,center_grid_8_3_5,0.021186932856389618,0.054705671673484994,1.213329948071582,1.213329948071582
Receipts,quantity_plus_arrangement,center_grid_8_3_6,0.028659609904789177,0.056289677380273975,0.9159203743575669,0.9159203743575669
Receipts,quantity_plus_arrangement,center_grid_8_3_7,0.005673630066345205,0.008166964231322342,0.1395041513639824,0.1395041513639824
Receipts,quantity_plus_arrangement,center_grid_8_4_0,0.006582125222009452,0.006288744381912081,-0.0192306221240234,0.0192306221240234
Receipts,quantity_plus_arrangement,center_grid_8_4_1,0.03462568549155264,0.029069526879457394,-0.2016176209017669,0.2016176209017669
Receipts,quantity_plus_arrangement,center_grid_8_4_2,0.02428809446312332,0.02822254154417075,0.17154072795017702,0.17154072795017702
Receipts,quantity_plus_arrangement,center_grid_8_4_3,0.04048570464088908,0.0057621303899133966,-0.9240099987375513,0.9240099987375513
Receipts,quantity_plus_arrangement,center_grid_8_4_4,0.028185528186336795,0.031917272606883006,0.1328490682660802,0.1328490682660802
Receipts,quantity_plus_arrangement,center_grid_8_4_5,0.024735575008460374,0.028082068232587982,0.12508718083222864,0.12508718083222864
Receipts,quantity_plus_arrangement,center_grid_8_4_6,0.037694547398815004,0.05362844960631277,0.5415652168384038,0.5415652168384038
Receipts,quantity_plus_arrangement,center_grid_8_4_7,0.003595860684539086,0.007072217901521755,0.25447073964486183,0.25447073964486183
Receipts,quantity_plus_arrangement,center_grid_8_5_0,0.0072501225371049685,0.000615384615384612,-0.7137744708603987,0.7137744708603987
Receipts,quantity_plus_arrangement,center_grid_8_5_1,0.02300167857966321,0.0316805515447152,0.3417985735127941,0.3417985735127941
Receipts,quantity_plus_arrangement,center_grid_8_5_2,0.01794271696960261,0.019744810013948642,0.0853179163115619,0.0853179163115619
Receipts,quantity_plus_arrangement,center_grid_8_5_3,0.013170362613686995,0.01958713523235026,0.26846572930233764,0.26846572930233764
Receipts,quantity_plus_arrangement,center_grid_8_5_4,0.014713278204902805,0.015916603665202565,0.05715644763378971,0.05715644763378971
Receipts,quantity_plus_arrangement,center_grid_8_5_5,0.014773747131773174,0.00578448012551845,-0.5189945586284415,0.5189945586284415
Receipts,quantity_plus_arrangement,center_grid_8_5_6,0.03860158595733662,0.03535922595126041,-0.10330813752118508,0.10330813752118508
Receipts,quantity_plus_arrangement,center_grid_8_5_7,0.000651960784313724,0.0044229152361820265,0.40908823974709413,0.40908823974709413
Receipts,quantity_plus_arrangement,center_grid_8_6_0,0.00643871716015066,0.001481397687280036,-0.5733164839180366,0.5733164839180366
Receipts,quantity_plus_arrangement,center_grid_8_6_1,0.01451132601488676,0.012250202096752654,-0.1118655892590557,0.1118655892590557
Receipts,quantity_plus_arrangement,center_grid_8_6_2,0.009342936413387883,0.014533206643420662,0.2732804724127598,0.2732804724127598
Receipts,quantity_plus_arrangement,center_grid_8_6_3,0.028302883907804232,0.04565011971897524,0.584157485583879,0.584157485583879
Receipts,quantity_plus_arrangement,center_grid_8_6_4,0.015442350821770085,0.0045254735184764505,-0.5890252772374149,0.5890252772374149
Receipts,quantity_plus_arrangement,center_grid_8_6_5,0.006975940581505258,0.001559440559440556,-0.4202196860255258,0.4202196860255258
Receipts,quantity_plus_arrangement,center_grid_8_6_6,0.016962694158373065,0.003222239002575778,-0.8812445451973786,0.8812445451973786
Receipts,quantity_plus_arrangement,center_grid_8_6_7,0.00120401337792642,0.0007052273430250519,-0.09916652552998602,0.09916652552998602
Receipts,quantity_plus_arrangement,center_grid_8_7_0,0.002359988949679186,0.0,-0.5037400916746648,0.5037400916746648
Receipts,quantity_plus_arrangement,center_grid_8_7_1,0.003895342902267598,0.000408163265306122,-0.5902787342902677,0.5902787342902677
Receipts,quantity_plus_arrangement,center_grid_8_7_2,0.005281290874254509,0.000842945874001774,-0.4625541158144842,0.4625541158144842
Receipts,quantity_plus_arrangement,center_grid_8_7_3,0.026031530942319688,0.030865691195062647,0.23570242202098027,0.23570242202098027
Receipts,quantity_plus_arrangement,center_grid_8_7_4,0.00983158441542041,0.0018165589571674258,-0.5908647900733829,0.5908647900733829
Receipts,quantity_plus_arrangement,center_grid_8_7_5,0.002261584354021326,0.000333333333333332,-0.37017171247900393,0.37017171247900393
Receipts,quantity_plus_arrangement,center_grid_8_7_6,0.0038183979518553518,0.0,-0.6024340284560037,0.6024340284560037
Receipts,quantity_plus_arrangement,center_grid_8_7_7,0.0006060606060606061,0.0,-0.20000000000000007,0.20000000000000007
Tables,quantity_only,region_count,68.62,104.22,0.6498598229105228,0.6498598229105228
Tables,quantity_only,union_coverage_norm,0.28291569886989165,0.2620159867564894,-0.3201587043966117,0.3201587043966117
Tables,quantity_only,sum_box_area_norm,0.28761528824843835,0.26268548469068287,-0.3725217381082161,0.3725217381082161
Tables,quantity_only,mean_box_area_norm,0.006036185421659453,0.0033195525820545802,-0.832447806698935,0.832447806698935
Tables,quantity_only,median_box_area_norm,0.004024396357158488,0.002317805025220646,-0.7841920503970556,0.7841920503970556
Tables,quantity_only,std_box_area_norm,0.006651792889981106,0.003443505118657354,-1.005248131300393,1.005248131300393
Tables,quantity_only,mean_box_width_norm,0.11759605631491167,0.11820072960937349,0.011823751586601365,0.011823751586601365
Tables,quantity_only,mean_box_height_norm,0.05149212138388466,0.027675520229064485,-1.76360558379247,1.76360558379247
Tables,quantity_only,mean_confidence,0.8826160925923411,0.9076522437751973,1.4211146912321704,1.4211146912321704
Tables,quantity_only,low_confidence_fraction,0.02860980697120048,0.010450926929317435,-0.4302495869788408,0.4302495869788408
Tables,arrangement_only,center_x_mean,0.4999982371814373,0.5145333180509872,0.19212560681946375,0.19212560681946375
Tables,arrangement_only,center_x_std,0.260943008811009,0.27591794836083605,0.6504033247217627,0.6504033247217627
Tables,arrangement_only,center_y_mean,0.5057390691026555,0.4853353250968845,-0.8216104487473151,0.8216104487473151
Tables,arrangement_only,center_y_std,0.23162575356456536,0.23892878674873427,0.3129276395271561,0.3129276395271561
Tables,arrangement_only,center_x_span,0.7936845062343029,0.8605615603050653,1.1812618710529885,1.1812618710529885
Tables,arrangement_only,center_y_span,0.8679866174602234,0.9058445185775733,0.4760038427013431,0.4760038427013431
Tables,arrangement_only,nearest_neighbor_mean_norm,0.0701375799085969,0.051205597862472946,-0.8294264608015437,0.8294264608015437
Tables,arrangement_only,nearest_neighbor_median_norm,0.06237760538088546,0.04727925397478292,-0.6685223178981223,0.6685223178981223
Tables,arrangement_only,nearest_neighbor_std_norm,0.02539159302005032,0.01965231170519545,-0.5565053749162522,0.5565053749162522
Tables,arrangement_only,pairwise_distance_mean_norm,0.4517956568045765,0.4701666015292916,0.6271215334762708,0.6271215334762708
Tables,arrangement_only,pairwise_distance_std_norm,0.21446682572328918,0.223433300139421,0.5653804839675677,0.5653804839675677
Tables,arrangement_only,row_alignment_fraction,0.057162295243107876,0.05049358013836673,-0.3074155416663591,0.3074155416663591
Tables,arrangement_only,column_alignment_fraction,0.14895561614228592,0.13289313358179805,-0.3330888920839556,0.3330888920839556
Tables,arrangement_only,angle_mean_abs_deg,5.098174597842323,1.9001134311968562,-0.5790472874679016,0.5790472874679016
Tables,arrangement_only,angle_std_deg,12.818876947003087,5.772355937282111,-0.5817611178118962,0.5817611178118962
Tables,arrangement_only,rotated_fraction_gt_5deg,0.08377523607679559,0.022341423644979513,-0.94660526940331,0.94660526940331
Tables,arrangement_only,center_grid_4_0_0,0.04392863848158897,0.04219684223938061,-0.05652287821691849,0.05652287821691849
Tables,arrangement_only,center_grid_4_0_1,0.05369198463362832,0.06445481611403751,0.4506087280835665,0.4506087280835665
Tables,arrangement_only,center_grid_4_0_2,0.03678397901949408,0.047430593138671824,0.3875803688667532,0.3875803688667532
Tables,arrangement_only,center_grid_4_0_3,0.03958919287192786,0.058428562374757936,0.7240735584132668,0.7240735584132668
Tables,arrangement_only,center_grid_4_1_0,0.07201675767446516,0.07167360600760493,-0.0094956507282935,0.0094956507282935
Tables,arrangement_only,center_grid_4_1_1,0.07834062758326585,0.07765327351481606,-0.01866233823804144,0.01866233823804144
Tables,arrangement_only,center_grid_4_1_2,0.08394638431680362,0.07084663512602037,-0.3232064060066013,0.3232064060066013
Tables,arrangement_only,center_grid_4_1_3,0.08146864328342229,0.08822870074494638,0.16177709319019506,0.16177709319019506
Tables,arrangement_only,center_grid_4_2_0,0.08446949090781881,0.07177366833329174,-0.3209083630685701,0.3209083630685701
Tables,arrangement_only,center_grid_4_2_1,0.07207237748519596,0.07204636742891161,-0.0006362723019144544,0.0006362723019144544
Tables,arrangement_only,center_grid_4_2_2,0.0856970173120212,0.0681477140300982,-0.4271758320137752,0.4271758320137752
Tables,arrangement_only,center_grid_4_2_3,0.08265403147105493,0.09180598397088413,0.21925863514448712,0.21925863514448712
Tables,arrangement_only,center_grid_4_3_0,0.046307135084433036,0.045871960475083934,-0.017767836777685904,0.017767836777685904
Tables,arrangement_only,center_grid_4_3_1,0.05220283478361293,0.05053919134536989,-0.06220257972746989,0.06220257972746989
Tables,arrangement_only,center_grid_4_3_2,0.04280785432616026,0.03442418999867449,-0.281772374038173,0.281772374038173
Tables,arrangement_only,center_grid_4_3_3,0.044023050765106264,0.044477895157449765,0.015042376770732025,0.015042376770732025
Tables,arrangement_only,center_grid_8_0_0,0.005692689957924416,0.00820024852157198,0.21225005056691412,0.21225005056691412
Tables,arrangement_only,center_grid_8_0_1,0.005315107372332751,0.00459538690124516,-0.09187497404395559,0.09187497404395559
Tables,arrangement_only,center_grid_8_0_2,0.007194443714499403,0.009022531004831733,0.18806381276368825,0.18806381276368825
Tables,arrangement_only,center_grid_8_0_3,0.014938522786528434,0.015957463976161542,0.078252103772644,0.078252103772644
Tables,arrangement_only,center_grid_8_0_4,0.0034780103660032955,0.004925149057421684,0.18400936655198247,0.18400936655198247
Tables,arrangement_only,center_grid_8_0_5,0.001852223180418362,0.004743342544872363,0.46468784117036394,0.46468784117036394
Tables,arrangement_only,center_grid_8_0_6,0.002265854285707852,0.007572073058961308,0.7640123211715825,0.7640123211715825
Tables,arrangement_only,center_grid_8_0_7,0.0048402218766144325,0.006725382325691294,0.19649796993620233,0.19649796993620233
Tables,arrangement_only,center_grid_8_1_0,0.014819691757415075,0.01777602456014849,0.15576986341436486,0.15576986341436486
Tables,arrangement_only,center_grid_8_1_1,0.01810114939391668,0.011625182256414922,-0.4042098416726067,0.4042098416726067
Tables,arrangement_only,center_grid_8_1_2,0.0123603898787453,0.013976798795923397,0.09719785110655113,0.09719785110655113
Tables,arrangement_only,center_grid_8_1_3,0.019198628253855127,0.025498022337120792,0.32729267082424157,0.32729267082424157
Tables,arrangement_only,center_grid_8_1_4,0.016300187083145755,0.018439175312209302,0.1274394878595078,0.1274394878595078
Tables,arrangement_only,center_grid_8_1_5,0.015153558389926611,0.01932292622416844,0.24680840677723803,0.24680840677723803
Tables,arrangement_only,center_grid_8_1_6,0.020389309346481744,0.021827532082501922,0.08824147941202229,0.08824147941202229
Tables,arrangement_only,center_grid_8_1_7,0.012093807363123786,0.022303574907603353,0.6766178034915448,0.6766178034915448
Tables,arrangement_only,center_grid_8_2_0,0.014263201365026028,0.01979857940934495,0.3467100099263239,0.3467100099263239
Tables,arrangement_only,center_grid_8_2_1,0.015934622825882573,0.015514644382912208,-0.027292764072609107,0.027292764072609107
Tables,arrangement_only,center_grid_8_2_2,0.019105622513517655,0.015778232296214216,-0.19788319202706958,0.19788319202706958
Tables,arrangement_only,center_grid_8_2_3,0.015972237535455017,0.0247227551530973,0.4795157856363856,0.4795157856363856
Tables,arrangement_only,center_grid_8_2_4,0.02154179364887419,0.018167206571469433,-0.19299766298005638,0.19299766298005638
Tables,arrangement_only,center_grid_8_2_5,0.019327480502162014,0.017319534084537003,-0.11201446093542458,0.11201446093542458
Tables,arrangement_only,center_grid_8_2_6,0.026471766546701695,0.019803912814626172,-0.3834475198983279,0.3834475198983279
Tables,arrangement_only,center_grid_8_2_7,0.013296925298504276,0.021990118783387854,0.5828796765773303,0.5828796765773303
Tables,arrangement_only,center_grid_8_3_0,0.01614473289632287,0.021172130668124768,0.2424594836502684,0.2424594836502684
Tables,arrangement_only,center_grid_8_3_1,0.02567420058723362,0.015188251547222946,-0.5200942073960395,0.5200942073960395
Tables,arrangement_only,center_grid_8_3_2,0.02101312554999628,0.0146987728989432,-0.3729569478753696,0.3729569478753696
Tables,arrangement_only,center_grid_8_3_3,0.022249641984296825,0.022453513166561273,0.012057802797495312,0.012057802797495312
Tables,arrangement_only,center_grid_8_3_4,0.02199289005047646,0.01831336100226366,-0.1874685030348791,0.1874685030348791
Tables,arrangement_only,center_grid_8_3_5,0.021084220115290875,0.017046533467750223,-0.23232052602396863,0.23232052602396863
Tables,arrangement_only,center_grid_8_3_6,0.027342739685031564,0.0239532095881238,-0.1417163171289917,0.1417163171289917
Tables,arrangement_only,center_grid_8_3_7,0.014357211753184664,0.022481459558808484,0.4951894089003006,0.4951894089003006
Tables,arrangement_only,center_grid_8_4_0,0.01789149308632577,0.019607293792694765,0.08386797853696712,0.08386797853696712
Tables,arrangement_only,center_grid_8_4_1,0.027107156856124894,0.017008036184031378,-0.41754696220586873,0.41754696220586873
Tables,arrangement_only,center_grid_8_4_2,0.01579228552522313,0.0170206111979146,0.06245751832067579,0.06245751832067579
Tables,arrangement_only,center_grid_8_4_3,0.020135388365681434,0.02163363962997447,0.08097118578826451,0.08097118578826451
Tables,arrangement_only,center_grid_8_4_4,0.021536209265484402,0.01664087472235913,-0.25788253211707635,0.25788253211707635
Tables,arrangement_only,center_grid_8_4_5,0.022132281174941405,0.01664467860632028,-0.28533082418478845,0.28533082418478845
Tables,arrangement_only,center_grid_8_4_6,0.026044400379507966,0.026150651382768016,0.0033785226599396916,0.0033785226599396916
Tables,arrangement_only,center_grid_8_4_7,0.014110062741846086,0.022958156886390902,0.5345742644581091,0.5345742644581091
Tables,arrangement_only,center_grid_8_5_0,0.016533878247446853,0.01932825132136416,0.16871431821367427,0.16871431821367427
Tables,arrangement_only,center_grid_8_5_1,0.022936962717921214,0.015830087035201383,-0.43800746890580755,0.43800746890580755
Tables,arrangement_only,center_grid_8_5_2,0.016025821934511745,0.012729265785191804,-0.20724306655721603,0.20724306655721603
Tables,arrangement_only,center_grid_8_5_3,0.02011888165977957,0.020662850815830663,0.03214415616701826,0.03214415616701826
Tables,arrangement_only,center_grid_8_5_4,0.019496652683289383,0.018656779440836806,-0.04817825381568203,0.04817825381568203
Tables,arrangement_only,center_grid_8_5_5,0.02253187418830589,0.016205381260581922,-0.3430138529569304,0.3430138529569304
Tables,arrangement_only,center_grid_8_5_6,0.028182604897885658,0.02142644927259589,-0.3784961003353122,0.3784961003353122
Tables,arrangement_only,center_grid_8_5_7,0.014316963451815155,0.021270726429129264,0.4398228437277774,0.4398228437277774
Tables,arrangement_only,center_grid_8_6_0,0.016089053487665317,0.01779522568986858,0.10239259734942721,0.10239259734942721
Tables,arrangement_only,center_grid_8_6_1,0.018540806719766358,0.015363945834051302,-0.2076636962842826,0.2076636962842826
Tables,arrangement_only,center_grid_8_6_2,0.01600171743585508,0.012411595201694537,-0.21838454548185712,0.21838454548185712
Tables,arrangement_only,center_grid_8_6_3,0.020018268488723585,0.019038773592290906,-0.06043058674746387,0.06043058674746387
Tables,arrangement_only,center_grid_8_6_4,0.015216377233238662,0.015463878548329533,0.016439209698496965,0.016439209698496965
Tables,arrangement_only,center_grid_8_6_5,0.01840512027352592,0.012807249575491477,-0.34350183157221886,0.34350183157221886
Tables,arrangement_only,center_grid_8_6_6,0.019360554837565946,0.01740839976776141,-0.12598353677667584,0.12598353677667584
Tables,arrangement_only,center_grid_8_6_7,0.01658033397406981,0.018862350229615236,0.12241831840929823,0.12241831840929823
Tables,arrangement_only,center_grid_8_7_0,0.0051901417880796386,0.005733219590289475,0.05376043516731662,0.05376043516731662
Tables,arrangement_only,center_grid_8_7_1,0.006487133088921676,0.006979569360874523,0.048972064013454955,0.048972064013454955
Tables,arrangement_only,center_grid_8_7_2,0.005914497950439175,0.007389363577645017,0.14683236920564216,0.14683236920564216
Tables,arrangement_only,center_grid_8_7_3,0.010268350908595049,0.011699458973739378,0.11346289347903671,0.11346289347903671
Tables,arrangement_only,center_grid_8_7_4,0.0059912597153073096,0.0031460965221301778,-0.30249790451677744,0.30249790451677744
Tables,arrangement_only,center_grid_8_7_5,0.0031950971040883205,0.003006965352723282,-0.024108436648489166,0.024108436648489166
Tables,arrangement_only,center_grid_8_7_6,0.002152408810375866,0.004561883111998612,0.32535253674413994,0.32535253674413994
Tables,arrangement_only,center_grid_8_7_7,0.005929753143094606,0.0036452620480744696,-0.21081908675330716,0.21081908675330716
Tables,arrangement_base_only,center_x_mean,0.4999982371814373,0.5145333180509872,0.19212560681946375,0.19212560681946375
Tables,arrangement_base_only,center_x_std,0.260943008811009,0.27591794836083605,0.6504033247217627,0.6504033247217627
Tables,arrangement_base_only,center_y_mean,0.5057390691026555,0.4853353250968845,-0.8216104487473151,0.8216104487473151
Tables,arrangement_base_only,center_y_std,0.23162575356456536,0.23892878674873427,0.3129276395271561,0.3129276395271561
Tables,arrangement_base_only,center_x_span,0.7936845062343029,0.8605615603050653,1.1812618710529885,1.1812618710529885
Tables,arrangement_base_only,center_y_span,0.8679866174602234,0.9058445185775733,0.4760038427013431,0.4760038427013431
Tables,arrangement_base_only,nearest_neighbor_mean_norm,0.0701375799085969,0.051205597862472946,-0.8294264608015437,0.8294264608015437
Tables,arrangement_base_only,nearest_neighbor_median_norm,0.06237760538088546,0.04727925397478292,-0.6685223178981223,0.6685223178981223
Tables,arrangement_base_only,nearest_neighbor_std_norm,0.02539159302005032,0.01965231170519545,-0.5565053749162522,0.5565053749162522
Tables,arrangement_base_only,pairwise_distance_mean_norm,0.4517956568045765,0.4701666015292916,0.6271215334762708,0.6271215334762708
Tables,arrangement_base_only,pairwise_distance_std_norm,0.21446682572328918,0.223433300139421,0.5653804839675677,0.5653804839675677
Tables,arrangement_base_only,row_alignment_fraction,0.057162295243107876,0.05049358013836673,-0.3074155416663591,0.3074155416663591
Tables,arrangement_base_only,column_alignment_fraction,0.14895561614228592,0.13289313358179805,-0.3330888920839556,0.3330888920839556
Tables,arrangement_base_only,angle_mean_abs_deg,5.098174597842323,1.9001134311968562,-0.5790472874679016,0.5790472874679016
Tables,arrangement_base_only,angle_std_deg,12.818876947003087,5.772355937282111,-0.5817611178118962,0.5817611178118962
Tables,arrangement_base_only,rotated_fraction_gt_5deg,0.08377523607679559,0.022341423644979513,-0.94660526940331,0.94660526940331
Tables,arrangement_4x4_only,center_x_mean,0.4999982371814373,0.5145333180509872,0.19212560681946375,0.19212560681946375
Tables,arrangement_4x4_only,center_x_std,0.260943008811009,0.27591794836083605,0.6504033247217627,0.6504033247217627
Tables,arrangement_4x4_only,center_y_mean,0.5057390691026555,0.4853353250968845,-0.8216104487473151,0.8216104487473151
Tables,arrangement_4x4_only,center_y_std,0.23162575356456536,0.23892878674873427,0.3129276395271561,0.3129276395271561
Tables,arrangement_4x4_only,center_x_span,0.7936845062343029,0.8605615603050653,1.1812618710529885,1.1812618710529885
Tables,arrangement_4x4_only,center_y_span,0.8679866174602234,0.9058445185775733,0.4760038427013431,0.4760038427013431
Tables,arrangement_4x4_only,nearest_neighbor_mean_norm,0.0701375799085969,0.051205597862472946,-0.8294264608015437,0.8294264608015437
Tables,arrangement_4x4_only,nearest_neighbor_median_norm,0.06237760538088546,0.04727925397478292,-0.6685223178981223,0.6685223178981223
Tables,arrangement_4x4_only,nearest_neighbor_std_norm,0.02539159302005032,0.01965231170519545,-0.5565053749162522,0.5565053749162522
Tables,arrangement_4x4_only,pairwise_distance_mean_norm,0.4517956568045765,0.4701666015292916,0.6271215334762708,0.6271215334762708
Tables,arrangement_4x4_only,pairwise_distance_std_norm,0.21446682572328918,0.223433300139421,0.5653804839675677,0.5653804839675677
Tables,arrangement_4x4_only,row_alignment_fraction,0.057162295243107876,0.05049358013836673,-0.3074155416663591,0.3074155416663591
Tables,arrangement_4x4_only,column_alignment_fraction,0.14895561614228592,0.13289313358179805,-0.3330888920839556,0.3330888920839556
Tables,arrangement_4x4_only,angle_mean_abs_deg,5.098174597842323,1.9001134311968562,-0.5790472874679016,0.5790472874679016
Tables,arrangement_4x4_only,angle_std_deg,12.818876947003087,5.772355937282111,-0.5817611178118962,0.5817611178118962
Tables,arrangement_4x4_only,rotated_fraction_gt_5deg,0.08377523607679559,0.022341423644979513,-0.94660526940331,0.94660526940331
Tables,arrangement_4x4_only,center_grid_4_0_0,0.04392863848158897,0.04219684223938061,-0.05652287821691849,0.05652287821691849
Tables,arrangement_4x4_only,center_grid_4_0_1,0.05369198463362832,0.06445481611403751,0.4506087280835665,0.4506087280835665
Tables,arrangement_4x4_only,center_grid_4_0_2,0.03678397901949408,0.047430593138671824,0.3875803688667532,0.3875803688667532
Tables,arrangement_4x4_only,center_grid_4_0_3,0.03958919287192786,0.058428562374757936,0.7240735584132668,0.7240735584132668
Tables,arrangement_4x4_only,center_grid_4_1_0,0.07201675767446516,0.07167360600760493,-0.0094956507282935,0.0094956507282935
Tables,arrangement_4x4_only,center_grid_4_1_1,0.07834062758326585,0.07765327351481606,-0.01866233823804144,0.01866233823804144
Tables,arrangement_4x4_only,center_grid_4_1_2,0.08394638431680362,0.07084663512602037,-0.3232064060066013,0.3232064060066013
Tables,arrangement_4x4_only,center_grid_4_1_3,0.08146864328342229,0.08822870074494638,0.16177709319019506,0.16177709319019506
Tables,arrangement_4x4_only,center_grid_4_2_0,0.08446949090781881,0.07177366833329174,-0.3209083630685701,0.3209083630685701
Tables,arrangement_4x4_only,center_grid_4_2_1,0.07207237748519596,0.07204636742891161,-0.0006362723019144544,0.0006362723019144544
Tables,arrangement_4x4_only,center_grid_4_2_2,0.0856970173120212,0.0681477140300982,-0.4271758320137752,0.4271758320137752
Tables,arrangement_4x4_only,center_grid_4_2_3,0.08265403147105493,0.09180598397088413,0.21925863514448712,0.21925863514448712
Tables,arrangement_4x4_only,center_grid_4_3_0,0.046307135084433036,0.045871960475083934,-0.017767836777685904,0.017767836777685904
Tables,arrangement_4x4_only,center_grid_4_3_1,0.05220283478361293,0.05053919134536989,-0.06220257972746989,0.06220257972746989
Tables,arrangement_4x4_only,center_grid_4_3_2,0.04280785432616026,0.03442418999867449,-0.281772374038173,0.281772374038173
Tables,arrangement_4x4_only,center_grid_4_3_3,0.044023050765106264,0.044477895157449765,0.015042376770732025,0.015042376770732025
Tables,arrangement_8x8_only,center_x_mean,0.4999982371814373,0.5145333180509872,0.19212560681946375,0.19212560681946375
Tables,arrangement_8x8_only,center_x_std,0.260943008811009,0.27591794836083605,0.6504033247217627,0.6504033247217627
Tables,arrangement_8x8_only,center_y_mean,0.5057390691026555,0.4853353250968845,-0.8216104487473151,0.8216104487473151
Tables,arrangement_8x8_only,center_y_std,0.23162575356456536,0.23892878674873427,0.3129276395271561,0.3129276395271561
Tables,arrangement_8x8_only,center_x_span,0.7936845062343029,0.8605615603050653,1.1812618710529885,1.1812618710529885
Tables,arrangement_8x8_only,center_y_span,0.8679866174602234,0.9058445185775733,0.4760038427013431,0.4760038427013431
Tables,arrangement_8x8_only,nearest_neighbor_mean_norm,0.0701375799085969,0.051205597862472946,-0.8294264608015437,0.8294264608015437
Tables,arrangement_8x8_only,nearest_neighbor_median_norm,0.06237760538088546,0.04727925397478292,-0.6685223178981223,0.6685223178981223
Tables,arrangement_8x8_only,nearest_neighbor_std_norm,0.02539159302005032,0.01965231170519545,-0.5565053749162522,0.5565053749162522
Tables,arrangement_8x8_only,pairwise_distance_mean_norm,0.4517956568045765,0.4701666015292916,0.6271215334762708,0.6271215334762708
Tables,arrangement_8x8_only,pairwise_distance_std_norm,0.21446682572328918,0.223433300139421,0.5653804839675677,0.5653804839675677
Tables,arrangement_8x8_only,row_alignment_fraction,0.057162295243107876,0.05049358013836673,-0.3074155416663591,0.3074155416663591
Tables,arrangement_8x8_only,column_alignment_fraction,0.14895561614228592,0.13289313358179805,-0.3330888920839556,0.3330888920839556
Tables,arrangement_8x8_only,angle_mean_abs_deg,5.098174597842323,1.9001134311968562,-0.5790472874679016,0.5790472874679016
Tables,arrangement_8x8_only,angle_std_deg,12.818876947003087,5.772355937282111,-0.5817611178118962,0.5817611178118962
Tables,arrangement_8x8_only,rotated_fraction_gt_5deg,0.08377523607679559,0.022341423644979513,-0.94660526940331,0.94660526940331
Tables,arrangement_8x8_only,center_grid_8_0_0,0.005692689957924416,0.00820024852157198,0.21225005056691412,0.21225005056691412
Tables,arrangement_8x8_only,center_grid_8_0_1,0.005315107372332751,0.00459538690124516,-0.09187497404395559,0.09187497404395559
Tables,arrangement_8x8_only,center_grid_8_0_2,0.007194443714499403,0.009022531004831733,0.18806381276368825,0.18806381276368825
Tables,arrangement_8x8_only,center_grid_8_0_3,0.014938522786528434,0.015957463976161542,0.078252103772644,0.078252103772644
Tables,arrangement_8x8_only,center_grid_8_0_4,0.0034780103660032955,0.004925149057421684,0.18400936655198247,0.18400936655198247
Tables,arrangement_8x8_only,center_grid_8_0_5,0.001852223180418362,0.004743342544872363,0.46468784117036394,0.46468784117036394
Tables,arrangement_8x8_only,center_grid_8_0_6,0.002265854285707852,0.007572073058961308,0.7640123211715825,0.7640123211715825
Tables,arrangement_8x8_only,center_grid_8_0_7,0.0048402218766144325,0.006725382325691294,0.19649796993620233,0.19649796993620233
Tables,arrangement_8x8_only,center_grid_8_1_0,0.014819691757415075,0.01777602456014849,0.15576986341436486,0.15576986341436486
Tables,arrangement_8x8_only,center_grid_8_1_1,0.01810114939391668,0.011625182256414922,-0.4042098416726067,0.4042098416726067
Tables,arrangement_8x8_only,center_grid_8_1_2,0.0123603898787453,0.013976798795923397,0.09719785110655113,0.09719785110655113
Tables,arrangement_8x8_only,center_grid_8_1_3,0.019198628253855127,0.025498022337120792,0.32729267082424157,0.32729267082424157
Tables,arrangement_8x8_only,center_grid_8_1_4,0.016300187083145755,0.018439175312209302,0.1274394878595078,0.1274394878595078
Tables,arrangement_8x8_only,center_grid_8_1_5,0.015153558389926611,0.01932292622416844,0.24680840677723803,0.24680840677723803
Tables,arrangement_8x8_only,center_grid_8_1_6,0.020389309346481744,0.021827532082501922,0.08824147941202229,0.08824147941202229
Tables,arrangement_8x8_only,center_grid_8_1_7,0.012093807363123786,0.022303574907603353,0.6766178034915448,0.6766178034915448
Tables,arrangement_8x8_only,center_grid_8_2_0,0.014263201365026028,0.01979857940934495,0.3467100099263239,0.3467100099263239
Tables,arrangement_8x8_only,center_grid_8_2_1,0.015934622825882573,0.015514644382912208,-0.027292764072609107,0.027292764072609107
Tables,arrangement_8x8_only,center_grid_8_2_2,0.019105622513517655,0.015778232296214216,-0.19788319202706958,0.19788319202706958
Tables,arrangement_8x8_only,center_grid_8_2_3,0.015972237535455017,0.0247227551530973,0.4795157856363856,0.4795157856363856
Tables,arrangement_8x8_only,center_grid_8_2_4,0.02154179364887419,0.018167206571469433,-0.19299766298005638,0.19299766298005638
Tables,arrangement_8x8_only,center_grid_8_2_5,0.019327480502162014,0.017319534084537003,-0.11201446093542458,0.11201446093542458
Tables,arrangement_8x8_only,center_grid_8_2_6,0.026471766546701695,0.019803912814626172,-0.3834475198983279,0.3834475198983279
Tables,arrangement_8x8_only,center_grid_8_2_7,0.013296925298504276,0.021990118783387854,0.5828796765773303,0.5828796765773303
Tables,arrangement_8x8_only,center_grid_8_3_0,0.01614473289632287,0.021172130668124768,0.2424594836502684,0.2424594836502684
Tables,arrangement_8x8_only,center_grid_8_3_1,0.02567420058723362,0.015188251547222946,-0.5200942073960395,0.5200942073960395
Tables,arrangement_8x8_only,center_grid_8_3_2,0.02101312554999628,0.0146987728989432,-0.3729569478753696,0.3729569478753696
Tables,arrangement_8x8_only,center_grid_8_3_3,0.022249641984296825,0.022453513166561273,0.012057802797495312,0.012057802797495312
Tables,arrangement_8x8_only,center_grid_8_3_4,0.02199289005047646,0.01831336100226366,-0.1874685030348791,0.1874685030348791
Tables,arrangement_8x8_only,center_grid_8_3_5,0.021084220115290875,0.017046533467750223,-0.23232052602396863,0.23232052602396863
Tables,arrangement_8x8_only,center_grid_8_3_6,0.027342739685031564,0.0239532095881238,-0.1417163171289917,0.1417163171289917
Tables,arrangement_8x8_only,center_grid_8_3_7,0.014357211753184664,0.022481459558808484,0.4951894089003006,0.4951894089003006
Tables,arrangement_8x8_only,center_grid_8_4_0,0.01789149308632577,0.019607293792694765,0.08386797853696712,0.08386797853696712
Tables,arrangement_8x8_only,center_grid_8_4_1,0.027107156856124894,0.017008036184031378,-0.41754696220586873,0.41754696220586873
Tables,arrangement_8x8_only,center_grid_8_4_2,0.01579228552522313,0.0170206111979146,0.06245751832067579,0.06245751832067579
Tables,arrangement_8x8_only,center_grid_8_4_3,0.020135388365681434,0.02163363962997447,0.08097118578826451,0.08097118578826451
Tables,arrangement_8x8_only,center_grid_8_4_4,0.021536209265484402,0.01664087472235913,-0.25788253211707635,0.25788253211707635
Tables,arrangement_8x8_only,center_grid_8_4_5,0.022132281174941405,0.01664467860632028,-0.28533082418478845,0.28533082418478845
Tables,arrangement_8x8_only,center_grid_8_4_6,0.026044400379507966,0.026150651382768016,0.0033785226599396916,0.0033785226599396916
Tables,arrangement_8x8_only,center_grid_8_4_7,0.014110062741846086,0.022958156886390902,0.5345742644581091,0.5345742644581091
Tables,arrangement_8x8_only,center_grid_8_5_0,0.016533878247446853,0.01932825132136416,0.16871431821367427,0.16871431821367427
Tables,arrangement_8x8_only,center_grid_8_5_1,0.022936962717921214,0.015830087035201383,-0.43800746890580755,0.43800746890580755
Tables,arrangement_8x8_only,center_grid_8_5_2,0.016025821934511745,0.012729265785191804,-0.20724306655721603,0.20724306655721603
Tables,arrangement_8x8_only,center_grid_8_5_3,0.02011888165977957,0.020662850815830663,0.03214415616701826,0.03214415616701826
Tables,arrangement_8x8_only,center_grid_8_5_4,0.019496652683289383,0.018656779440836806,-0.04817825381568203,0.04817825381568203
Tables,arrangement_8x8_only,center_grid_8_5_5,0.02253187418830589,0.016205381260581922,-0.3430138529569304,0.3430138529569304
Tables,arrangement_8x8_only,center_grid_8_5_6,0.028182604897885658,0.02142644927259589,-0.3784961003353122,0.3784961003353122
Tables,arrangement_8x8_only,center_grid_8_5_7,0.014316963451815155,0.021270726429129264,0.4398228437277774,0.4398228437277774
Tables,arrangement_8x8_only,center_grid_8_6_0,0.016089053487665317,0.01779522568986858,0.10239259734942721,0.10239259734942721
Tables,arrangement_8x8_only,center_grid_8_6_1,0.018540806719766358,0.015363945834051302,-0.2076636962842826,0.2076636962842826
Tables,arrangement_8x8_only,center_grid_8_6_2,0.01600171743585508,0.012411595201694537,-0.21838454548185712,0.21838454548185712
Tables,arrangement_8x8_only,center_grid_8_6_3,0.020018268488723585,0.019038773592290906,-0.06043058674746387,0.06043058674746387
Tables,arrangement_8x8_only,center_grid_8_6_4,0.015216377233238662,0.015463878548329533,0.016439209698496965,0.016439209698496965
Tables,arrangement_8x8_only,center_grid_8_6_5,0.01840512027352592,0.012807249575491477,-0.34350183157221886,0.34350183157221886
Tables,arrangement_8x8_only,center_grid_8_6_6,0.019360554837565946,0.01740839976776141,-0.12598353677667584,0.12598353677667584
Tables,arrangement_8x8_only,center_grid_8_6_7,0.01658033397406981,0.018862350229615236,0.12241831840929823,0.12241831840929823
Tables,arrangement_8x8_only,center_grid_8_7_0,0.0051901417880796386,0.005733219590289475,0.05376043516731662,0.05376043516731662
Tables,arrangement_8x8_only,center_grid_8_7_1,0.006487133088921676,0.006979569360874523,0.048972064013454955,0.048972064013454955
Tables,arrangement_8x8_only,center_grid_8_7_2,0.005914497950439175,0.007389363577645017,0.14683236920564216,0.14683236920564216
Tables,arrangement_8x8_only,center_grid_8_7_3,0.010268350908595049,0.011699458973739378,0.11346289347903671,0.11346289347903671
Tables,arrangement_8x8_only,center_grid_8_7_4,0.0059912597153073096,0.0031460965221301778,-0.30249790451677744,0.30249790451677744
Tables,arrangement_8x8_only,center_grid_8_7_5,0.0031950971040883205,0.003006965352723282,-0.024108436648489166,0.024108436648489166
Tables,arrangement_8x8_only,center_grid_8_7_6,0.002152408810375866,0.004561883111998612,0.32535253674413994,0.32535253674413994
Tables,arrangement_8x8_only,center_grid_8_7_7,0.005929753143094606,0.0036452620480744696,-0.21081908675330716,0.21081908675330716
Tables,quantity_plus_arrangement,region_count,68.62,104.22,0.6498598229105228,0.6498598229105228
Tables,quantity_plus_arrangement,union_coverage_norm,0.28291569886989165,0.2620159867564894,-0.3201587043966117,0.3201587043966117
Tables,quantity_plus_arrangement,sum_box_area_norm,0.28761528824843835,0.26268548469068287,-0.3725217381082161,0.3725217381082161
Tables,quantity_plus_arrangement,mean_box_area_norm,0.006036185421659453,0.0033195525820545802,-0.832447806698935,0.832447806698935
Tables,quantity_plus_arrangement,median_box_area_norm,0.004024396357158488,0.002317805025220646,-0.7841920503970556,0.7841920503970556
Tables,quantity_plus_arrangement,std_box_area_norm,0.006651792889981106,0.003443505118657354,-1.005248131300393,1.005248131300393
Tables,quantity_plus_arrangement,mean_box_width_norm,0.11759605631491167,0.11820072960937349,0.011823751586601365,0.011823751586601365
Tables,quantity_plus_arrangement,mean_box_height_norm,0.05149212138388466,0.027675520229064485,-1.76360558379247,1.76360558379247
Tables,quantity_plus_arrangement,mean_confidence,0.8826160925923411,0.9076522437751973,1.4211146912321704,1.4211146912321704
Tables,quantity_plus_arrangement,low_confidence_fraction,0.02860980697120048,0.010450926929317435,-0.4302495869788408,0.4302495869788408
Tables,quantity_plus_arrangement,center_x_mean,0.4999982371814373,0.5145333180509872,0.19212560681946375,0.19212560681946375
Tables,quantity_plus_arrangement,center_x_std,0.260943008811009,0.27591794836083605,0.6504033247217627,0.6504033247217627
Tables,quantity_plus_arrangement,center_y_mean,0.5057390691026555,0.4853353250968845,-0.8216104487473151,0.8216104487473151
Tables,quantity_plus_arrangement,center_y_std,0.23162575356456536,0.23892878674873427,0.3129276395271561,0.3129276395271561
Tables,quantity_plus_arrangement,center_x_span,0.7936845062343029,0.8605615603050653,1.1812618710529885,1.1812618710529885
Tables,quantity_plus_arrangement,center_y_span,0.8679866174602234,0.9058445185775733,0.4760038427013431,0.4760038427013431
Tables,quantity_plus_arrangement,nearest_neighbor_mean_norm,0.0701375799085969,0.051205597862472946,-0.8294264608015437,0.8294264608015437
Tables,quantity_plus_arrangement,nearest_neighbor_median_norm,0.06237760538088546,0.04727925397478292,-0.6685223178981223,0.6685223178981223
Tables,quantity_plus_arrangement,nearest_neighbor_std_norm,0.02539159302005032,0.01965231170519545,-0.5565053749162522,0.5565053749162522
Tables,quantity_plus_arrangement,pairwise_distance_mean_norm,0.4517956568045765,0.4701666015292916,0.6271215334762708,0.6271215334762708
Tables,quantity_plus_arrangement,pairwise_distance_std_norm,0.21446682572328918,0.223433300139421,0.5653804839675677,0.5653804839675677
Tables,quantity_plus_arrangement,row_alignment_fraction,0.057162295243107876,0.05049358013836673,-0.3074155416663591,0.3074155416663591
Tables,quantity_plus_arrangement,column_alignment_fraction,0.14895561614228592,0.13289313358179805,-0.3330888920839556,0.3330888920839556
Tables,quantity_plus_arrangement,angle_mean_abs_deg,5.098174597842323,1.9001134311968562,-0.5790472874679016,0.5790472874679016
Tables,quantity_plus_arrangement,angle_std_deg,12.818876947003087,5.772355937282111,-0.5817611178118962,0.5817611178118962
Tables,quantity_plus_arrangement,rotated_fraction_gt_5deg,0.08377523607679559,0.022341423644979513,-0.94660526940331,0.94660526940331
Tables,quantity_plus_arrangement,center_grid_4_0_0,0.04392863848158897,0.04219684223938061,-0.05652287821691849,0.05652287821691849
Tables,quantity_plus_arrangement,center_grid_4_0_1,0.05369198463362832,0.06445481611403751,0.4506087280835665,0.4506087280835665
Tables,quantity_plus_arrangement,center_grid_4_0_2,0.03678397901949408,0.047430593138671824,0.3875803688667532,0.3875803688667532
Tables,quantity_plus_arrangement,center_grid_4_0_3,0.03958919287192786,0.058428562374757936,0.7240735584132668,0.7240735584132668
Tables,quantity_plus_arrangement,center_grid_4_1_0,0.07201675767446516,0.07167360600760493,-0.0094956507282935,0.0094956507282935
Tables,quantity_plus_arrangement,center_grid_4_1_1,0.07834062758326585,0.07765327351481606,-0.01866233823804144,0.01866233823804144
Tables,quantity_plus_arrangement,center_grid_4_1_2,0.08394638431680362,0.07084663512602037,-0.3232064060066013,0.3232064060066013
Tables,quantity_plus_arrangement,center_grid_4_1_3,0.08146864328342229,0.08822870074494638,0.16177709319019506,0.16177709319019506
Tables,quantity_plus_arrangement,center_grid_4_2_0,0.08446949090781881,0.07177366833329174,-0.3209083630685701,0.3209083630685701
Tables,quantity_plus_arrangement,center_grid_4_2_1,0.07207237748519596,0.07204636742891161,-0.0006362723019144544,0.0006362723019144544
Tables,quantity_plus_arrangement,center_grid_4_2_2,0.0856970173120212,0.0681477140300982,-0.4271758320137752,0.4271758320137752
Tables,quantity_plus_arrangement,center_grid_4_2_3,0.08265403147105493,0.09180598397088413,0.21925863514448712,0.21925863514448712
Tables,quantity_plus_arrangement,center_grid_4_3_0,0.046307135084433036,0.045871960475083934,-0.017767836777685904,0.017767836777685904
Tables,quantity_plus_arrangement,center_grid_4_3_1,0.05220283478361293,0.05053919134536989,-0.06220257972746989,0.06220257972746989
Tables,quantity_plus_arrangement,center_grid_4_3_2,0.04280785432616026,0.03442418999867449,-0.281772374038173,0.281772374038173
Tables,quantity_plus_arrangement,center_grid_4_3_3,0.044023050765106264,0.044477895157449765,0.015042376770732025,0.015042376770732025
Tables,quantity_plus_arrangement,center_grid_8_0_0,0.005692689957924416,0.00820024852157198,0.21225005056691412,0.21225005056691412
Tables,quantity_plus_arrangement,center_grid_8_0_1,0.005315107372332751,0.00459538690124516,-0.09187497404395559,0.09187497404395559
Tables,quantity_plus_arrangement,center_grid_8_0_2,0.007194443714499403,0.009022531004831733,0.18806381276368825,0.18806381276368825
Tables,quantity_plus_arrangement,center_grid_8_0_3,0.014938522786528434,0.015957463976161542,0.078252103772644,0.078252103772644
Tables,quantity_plus_arrangement,center_grid_8_0_4,0.0034780103660032955,0.004925149057421684,0.18400936655198247,0.18400936655198247
Tables,quantity_plus_arrangement,center_grid_8_0_5,0.001852223180418362,0.004743342544872363,0.46468784117036394,0.46468784117036394
Tables,quantity_plus_arrangement,center_grid_8_0_6,0.002265854285707852,0.007572073058961308,0.7640123211715825,0.7640123211715825
Tables,quantity_plus_arrangement,center_grid_8_0_7,0.0048402218766144325,0.006725382325691294,0.19649796993620233,0.19649796993620233
Tables,quantity_plus_arrangement,center_grid_8_1_0,0.014819691757415075,0.01777602456014849,0.15576986341436486,0.15576986341436486
Tables,quantity_plus_arrangement,center_grid_8_1_1,0.01810114939391668,0.011625182256414922,-0.4042098416726067,0.4042098416726067
Tables,quantity_plus_arrangement,center_grid_8_1_2,0.0123603898787453,0.013976798795923397,0.09719785110655113,0.09719785110655113
Tables,quantity_plus_arrangement,center_grid_8_1_3,0.019198628253855127,0.025498022337120792,0.32729267082424157,0.32729267082424157
Tables,quantity_plus_arrangement,center_grid_8_1_4,0.016300187083145755,0.018439175312209302,0.1274394878595078,0.1274394878595078
Tables,quantity_plus_arrangement,center_grid_8_1_5,0.015153558389926611,0.01932292622416844,0.24680840677723803,0.24680840677723803
Tables,quantity_plus_arrangement,center_grid_8_1_6,0.020389309346481744,0.021827532082501922,0.08824147941202229,0.08824147941202229
Tables,quantity_plus_arrangement,center_grid_8_1_7,0.012093807363123786,0.022303574907603353,0.6766178034915448,0.6766178034915448
Tables,quantity_plus_arrangement,center_grid_8_2_0,0.014263201365026028,0.01979857940934495,0.3467100099263239,0.3467100099263239
Tables,quantity_plus_arrangement,center_grid_8_2_1,0.015934622825882573,0.015514644382912208,-0.027292764072609107,0.027292764072609107
Tables,quantity_plus_arrangement,center_grid_8_2_2,0.019105622513517655,0.015778232296214216,-0.19788319202706958,0.19788319202706958
Tables,quantity_plus_arrangement,center_grid_8_2_3,0.015972237535455017,0.0247227551530973,0.4795157856363856,0.4795157856363856
Tables,quantity_plus_arrangement,center_grid_8_2_4,0.02154179364887419,0.018167206571469433,-0.19299766298005638,0.19299766298005638
Tables,quantity_plus_arrangement,center_grid_8_2_5,0.019327480502162014,0.017319534084537003,-0.11201446093542458,0.11201446093542458
Tables,quantity_plus_arrangement,center_grid_8_2_6,0.026471766546701695,0.019803912814626172,-0.3834475198983279,0.3834475198983279
Tables,quantity_plus_arrangement,center_grid_8_2_7,0.013296925298504276,0.021990118783387854,0.5828796765773303,0.5828796765773303
Tables,quantity_plus_arrangement,center_grid_8_3_0,0.01614473289632287,0.021172130668124768,0.2424594836502684,0.2424594836502684
Tables,quantity_plus_arrangement,center_grid_8_3_1,0.02567420058723362,0.015188251547222946,-0.5200942073960395,0.5200942073960395
Tables,quantity_plus_arrangement,center_grid_8_3_2,0.02101312554999628,0.0146987728989432,-0.3729569478753696,0.3729569478753696
Tables,quantity_plus_arrangement,center_grid_8_3_3,0.022249641984296825,0.022453513166561273,0.012057802797495312,0.012057802797495312
Tables,quantity_plus_arrangement,center_grid_8_3_4,0.02199289005047646,0.01831336100226366,-0.1874685030348791,0.1874685030348791
Tables,quantity_plus_arrangement,center_grid_8_3_5,0.021084220115290875,0.017046533467750223,-0.23232052602396863,0.23232052602396863
Tables,quantity_plus_arrangement,center_grid_8_3_6,0.027342739685031564,0.0239532095881238,-0.1417163171289917,0.1417163171289917
Tables,quantity_plus_arrangement,center_grid_8_3_7,0.014357211753184664,0.022481459558808484,0.4951894089003006,0.4951894089003006
Tables,quantity_plus_arrangement,center_grid_8_4_0,0.01789149308632577,0.019607293792694765,0.08386797853696712,0.08386797853696712
Tables,quantity_plus_arrangement,center_grid_8_4_1,0.027107156856124894,0.017008036184031378,-0.41754696220586873,0.41754696220586873
Tables,quantity_plus_arrangement,center_grid_8_4_2,0.01579228552522313,0.0170206111979146,0.06245751832067579,0.06245751832067579
Tables,quantity_plus_arrangement,center_grid_8_4_3,0.020135388365681434,0.02163363962997447,0.08097118578826451,0.08097118578826451
Tables,quantity_plus_arrangement,center_grid_8_4_4,0.021536209265484402,0.01664087472235913,-0.25788253211707635,0.25788253211707635
Tables,quantity_plus_arrangement,center_grid_8_4_5,0.022132281174941405,0.01664467860632028,-0.28533082418478845,0.28533082418478845
Tables,quantity_plus_arrangement,center_grid_8_4_6,0.026044400379507966,0.026150651382768016,0.0033785226599396916,0.0033785226599396916
Tables,quantity_plus_arrangement,center_grid_8_4_7,0.014110062741846086,0.022958156886390902,0.5345742644581091,0.5345742644581091
Tables,quantity_plus_arrangement,center_grid_8_5_0,0.016533878247446853,0.01932825132136416,0.16871431821367427,0.16871431821367427
Tables,quantity_plus_arrangement,center_grid_8_5_1,0.022936962717921214,0.015830087035201383,-0.43800746890580755,0.43800746890580755
Tables,quantity_plus_arrangement,center_grid_8_5_2,0.016025821934511745,0.012729265785191804,-0.20724306655721603,0.20724306655721603
Tables,quantity_plus_arrangement,center_grid_8_5_3,0.02011888165977957,0.020662850815830663,0.03214415616701826,0.03214415616701826
Tables,quantity_plus_arrangement,center_grid_8_5_4,0.019496652683289383,0.018656779440836806,-0.04817825381568203,0.04817825381568203
Tables,quantity_plus_arrangement,center_grid_8_5_5,0.02253187418830589,0.016205381260581922,-0.3430138529569304,0.3430138529569304
Tables,quantity_plus_arrangement,center_grid_8_5_6,0.028182604897885658,0.02142644927259589,-0.3784961003353122,0.3784961003353122
Tables,quantity_plus_arrangement,center_grid_8_5_7,0.014316963451815155,0.021270726429129264,0.4398228437277774,0.4398228437277774
Tables,quantity_plus_arrangement,center_grid_8_6_0,0.016089053487665317,0.01779522568986858,0.10239259734942721,0.10239259734942721
Tables,quantity_plus_arrangement,center_grid_8_6_1,0.018540806719766358,0.015363945834051302,-0.2076636962842826,0.2076636962842826
Tables,quantity_plus_arrangement,center_grid_8_6_2,0.01600171743585508,0.012411595201694537,-0.21838454548185712,0.21838454548185712
Tables,quantity_plus_arrangement,center_grid_8_6_3,0.020018268488723585,0.019038773592290906,-0.06043058674746387,0.06043058674746387
Tables,quantity_plus_arrangement,center_grid_8_6_4,0.015216377233238662,0.015463878548329533,0.016439209698496965,0.016439209698496965
Tables,quantity_plus_arrangement,center_grid_8_6_5,0.01840512027352592,0.012807249575491477,-0.34350183157221886,0.34350183157221886
Tables,quantity_plus_arrangement,center_grid_8_6_6,0.019360554837565946,0.01740839976776141,-0.12598353677667584,0.12598353677667584
Tables,quantity_plus_arrangement,center_grid_8_6_7,0.01658033397406981,0.018862350229615236,0.12241831840929823,0.12241831840929823
Tables,quantity_plus_arrangement,center_grid_8_7_0,0.0051901417880796386,0.005733219590289475,0.05376043516731662,0.05376043516731662
Tables,quantity_plus_arrangement,center_grid_8_7_1,0.006487133088921676,0.006979569360874523,0.048972064013454955,0.048972064013454955
Tables,quantity_plus_arrangement,center_grid_8_7_2,0.005914497950439175,0.007389363577645017,0.14683236920564216,0.14683236920564216
Tables,quantity_plus_arrangement,center_grid_8_7_3,0.010268350908595049,0.011699458973739378,0.11346289347903671,0.11346289347903671
Tables,quantity_plus_arrangement,center_grid_8_7_4,0.0059912597153073096,0.0031460965221301778,-0.30249790451677744,0.30249790451677744
Tables,quantity_plus_arrangement,center_grid_8_7_5,0.0031950971040883205,0.003006965352723282,-0.024108436648489166,0.024108436648489166
Tables,quantity_plus_arrangement,center_grid_8_7_6,0.002152408810375866,0.004561883111998612,0.32535253674413994,0.32535253674413994
Tables,quantity_plus_arrangement,center_grid_8_7_7,0.005929753143094606,0.0036452620480744696,-0.21081908675330716,0.21081908675330716
UIScreenshots,quantity_only,region_count,18.98,44.72,2.124544057140292,2.124544057140292
UIScreenshots,quantity_only,union_coverage_norm,0.10161798795609707,0.12253866122934483,0.386182048460866,0.386182048460866
UIScreenshots,quantity_only,sum_box_area_norm,0.10217765239197528,0.12275549273144215,0.37684297589467264,0.37684297589467264
UIScreenshots,quantity_only,mean_box_area_norm,0.005655402738692095,0.002924915242447356,-1.323304706390474,1.323304706390474
UIScreenshots,quantity_only,median_box_area_norm,0.004298234953703656,0.0023053550635839383,-0.9308904141710269,0.9308904141710269
UIScreenshots,quantity_only,std_box_area_norm,0.004880312405402823,0.00211332768283756,-1.3745814957208182,1.3745814957208182
UIScreenshots,quantity_only,mean_box_width_norm,0.2168435316760435,0.16014739018412016,-0.7387375348524191,0.7387375348524191
UIScreenshots,quantity_only,mean_box_height_norm,0.025066562514760644,0.018775905748530507,-1.7753946796358921,1.7753946796358921
UIScreenshots,quantity_only,mean_confidence,0.8652075861332541,0.8709949401211577,0.22546863357694963,0.22546863357694963
UIScreenshots,quantity_only,low_confidence_fraction,0.11230532096241969,0.07822447509418595,-0.36710429087558943,0.36710429087558943
UIScreenshots,arrangement_only,center_x_mean,0.46060507724303584,0.44134032543475465,-0.23792796330479302,0.23792796330479302
UIScreenshots,arrangement_only,center_x_std,0.24380768716565415,0.2660568941246084,0.5246440754768057,0.5246440754768057
UIScreenshots,arrangement_only,center_y_mean,0.37999533356380455,0.5274749611792803,1.5969101755692063,1.5969101755692063
UIScreenshots,arrangement_only,center_y_std,0.2668709729688864,0.28563842053604693,0.39544841688691035,0.39544841688691035
UIScreenshots,arrangement_only,center_x_span,0.817790898545442,0.8436512258399297,0.32614836967648425,0.32614836967648425
UIScreenshots,arrangement_only,center_y_span,0.7952168861661082,0.9509522289617108,1.4219013858881586,1.4219013858881586
UIScreenshots,arrangement_only,nearest_neighbor_mean_norm,0.11374150327336408,0.07033246838205517,-1.541406874060403,1.541406874060403
UIScreenshots,arrangement_only,nearest_neighbor_median_norm,0.08966146200495033,0.05442480183602334,-1.2100502276939933,1.2100502276939933
UIScreenshots,arrangement_only,nearest_neighbor_std_norm,0.08395214477174001,0.05185338565574615,-0.9514961925873948,0.9514961925873948
UIScreenshots,arrangement_only,pairwise_distance_mean_norm,0.4734270010644771,0.49976224418494913,0.4685389261918347,0.4685389261918347
UIScreenshots,arrangement_only,pairwise_distance_std_norm,0.25098746840546293,0.25520730791665963,0.16104933396348933,0.16104933396348933
UIScreenshots,arrangement_only,row_alignment_fraction,0.1126847969156114,0.0451344789615597,-0.7552880805630204,0.7552880805630204
UIScreenshots,arrangement_only,column_alignment_fraction,0.101052550923071,0.09960742284414917,-0.021046099329314193,0.021046099329314193
UIScreenshots,arrangement_only,angle_mean_abs_deg,5.434566119065129,5.980393954395691,0.09400144461576353,0.09400144461576353
UIScreenshots,arrangement_only,angle_std_deg,14.084577635011806,18.786307928591654,0.3906892434144367,0.3906892434144367
UIScreenshots,arrangement_only,rotated_fraction_gt_5deg,0.062148660366203146,0.07965223829149667,0.23055912727678932,0.23055912727678932
UIScreenshots,arrangement_only,center_grid_4_0_0,0.10497358614321618,0.09438202761958088,-0.17519981827886444,0.17519981827886444
UIScreenshots,arrangement_only,center_grid_4_0_1,0.12886226214242208,0.0531053375368267,-0.9753657515831982,0.9753657515831982
UIScreenshots,arrangement_only,center_grid_4_0_2,0.06077657644991481,0.02107434666263827,-0.8967788634774951,0.8967788634774951
UIScreenshots,arrangement_only,center_grid_4_0_3,0.11224865012119993,0.04626200310713471,-1.0141787958086166,1.0141787958086166
UIScreenshots,arrangement_only,center_grid_4_1_0,0.06651571310505752,0.08298485806514172,0.24921003461716315,0.24921003461716315
UIScreenshots,arrangement_only,center_grid_4_1_1,0.08904216343189134,0.07633601769069696,-0.16295909161488667,0.16295909161488667
UIScreenshots,arrangement_only,center_grid_4_1_2,0.046244226803730956,0.04775875406761604,0.024757345859387797,0.024757345859387797
UIScreenshots,arrangement_only,center_grid_4_1_3,0.025471008287287877,0.04387932479024124,0.4311480765260937,0.4311480765260937
UIScreenshots,arrangement_only,center_grid_4_2_0,0.05899035777599235,0.07943357988141735,0.28784739626151074,0.28784739626151074
UIScreenshots,arrangement_only,center_grid_4_2_1,0.07806712789102108,0.0773889012160563,-0.009627998651131604,0.009627998651131604
UIScreenshots,arrangement_only,center_grid_4_2_2,0.029707109919066433,0.05239261769387519,0.4109699546031786,0.4109699546031786
UIScreenshots,arrangement_only,center_grid_4_2_3,0.023571283970683764,0.05110680189271075,0.5760134213717749,0.5760134213717749
UIScreenshots,arrangement_only,center_grid_4_3_0,0.03281588858093477,0.07612412448939172,0.8542012096416983,0.8542012096416983
UIScreenshots,arrangement_only,center_grid_4_3_1,0.06344465588493939,0.08339978934333045,0.27733016722809267,0.27733016722809267
UIScreenshots,arrangement_only,center_grid_4_3_2,0.05312062394127612,0.05721069634949625,0.0685543020920299,0.0685543020920299
UIScreenshots,arrangement_only,center_grid_4_3_3,0.02614876555136512,0.05716081959384498,0.7916814167829661,0.7916814167829661
UIScreenshots,arrangement_only,center_grid_8_0_0,0.02952797391484665,0.03482213778419306,0.17116654560659023,0.17116654560659023
UIScreenshots,arrangement_only,center_grid_8_0_1,0.03492836160233935,0.016024912220548325,-0.540773648438645,0.540773648438645
UIScreenshots,arrangement_only,center_grid_8_0_2,0.04653263063209926,0.008666562237419658,-0.9263245547160989,0.9263245547160989
UIScreenshots,arrangement_only,center_grid_8_0_3,0.035673654979985675,0.005741387732202916,-0.7895102918845356,0.7895102918845356
UIScreenshots,arrangement_only,center_grid_8_0_4,0.018451836086129225,0.001203148193963382,-0.6843737848160888,0.6843737848160888
UIScreenshots,arrangement_only,center_grid_8_0_5,0.015179867858278646,0.001009615384615384,-0.7003383472430077,0.7003383472430077
UIScreenshots,arrangement_only,center_grid_8_0_6,0.018501019331604033,0.007944313200204701,-0.3575836604317273,0.3575836604317273
UIScreenshots,arrangement_only,center_grid_8_0_7,0.07231234535139056,0.019364999715832366,-1.4775590808712886,1.4775590808712886
UIScreenshots,arrangement_only,center_grid_8_1_0,0.010983830195508271,0.014056631009272036,0.12650833155447008,0.12650833155447008
UIScreenshots,arrangement_only,center_grid_8_1_1,0.029533420430521908,0.029478346605567408,-0.0016009269475948014,0.0016009269475948014
UIScreenshots,arrangement_only,center_grid_8_1_2,0.020196533598068115,0.019911813334088937,-0.0094625821341951,0.0094625821341951
UIScreenshots,arrangement_only,center_grid_8_1_3,0.02645944293226901,0.018785574233115165,-0.21966705031045936,0.21966705031045936
UIScreenshots,arrangement_only,center_grid_8_1_4,0.018315175565175562,0.008632947948540299,-0.33486923671457514,0.33486923671457514
UIScreenshots,arrangement_only,center_grid_8_1_5,0.008829696940331372,0.010228635135519195,0.06886581380361383,0.06886581380361383
UIScreenshots,arrangement_only,center_grid_8_1_6,0.011780844155844152,0.008507860778780794,-0.12726693025951488,0.12726693025951488
UIScreenshots,arrangement_only,center_grid_8_1_7,0.00965444128236119,0.010444829412316819,0.03741463173792669,0.03741463173792669
UIScreenshots,arrangement_only,center_grid_8_2_0,0.008924706125517481,0.01037603613501285,0.0623629652347621,0.0623629652347621
UIScreenshots,arrangement_only,center_grid_8_2_1,0.03077201701057134,0.030150188116779667,-0.01513906697437337,0.01513906697437337
UIScreenshots,arrangement_only,center_grid_8_2_2,0.025684721076025416,0.02165386536520725,-0.11515998826166902,0.11515998826166902
UIScreenshots,arrangement_only,center_grid_8_2_3,0.020742340590166667,0.010646047193290032,-0.3693124159931722,0.3693124159931722
UIScreenshots,arrangement_only,center_grid_8_2_4,0.015232576803228972,0.015904208067628333,0.020434516834429695,0.020434516834429695
UIScreenshots,arrangement_only,center_grid_8_2_5,0.008086786930477628,0.008903325971686608,0.03855710239460403,0.03855710239460403
UIScreenshots,arrangement_only,center_grid_8_2_6,0.004649490294651582,0.011227633459563163,0.3297782426421882,0.3297782426421882
UIScreenshots,arrangement_only,center_grid_8_2_7,0.01026102581795181,0.009687897287866468,-0.0243771824512983,0.0243771824512983
UIScreenshots,arrangement_only,center_grid_8_3_0,0.005940040351805056,0.011071317798730398,0.2832956955995639,0.2832956955995639
UIScreenshots,arrangement_only,center_grid_8_3_1,0.020878949617163637,0.03138731601461877,0.33383112838902396,0.33383112838902396
UIScreenshots,arrangement_only,center_grid_8_3_2,0.01341768505197819,0.02833059392760843,0.4421644640937423,0.4421644640937423
UIScreenshots,arrangement_only,center_grid_8_3_3,0.029197416713721055,0.015705511204591203,-0.35333220599499116,0.35333220599499116
UIScreenshots,arrangement_only,center_grid_8_3_4,0.015232142857142856,0.009401965659369942,-0.18912856461665145,0.18912856461665145
UIScreenshots,arrangement_only,center_grid_8_3_5,0.0076927202128815,0.013549254368931129,0.22504268330691188,0.22504268330691188
UIScreenshots,arrangement_only,center_grid_8_3_6,0.007249173512322178,0.01075834678152946,0.17689152720953966,0.17689152720953966
UIScreenshots,arrangement_only,center_grid_8_3_7,0.003311318662362302,0.012205447261282127,0.6125818032663244,0.6125818032663244
UIScreenshots,arrangement_only,center_grid_8_4_0,0.008648668437715086,0.012984702828132202,0.2149600856643131,0.2149600856643131
UIScreenshots,arrangement_only,center_grid_8_4_1,0.017359262009581055,0.02911833889276294,0.38269207045855236,0.38269207045855236
UIScreenshots,arrangement_only,center_grid_8_4_2,0.01472395454688866,0.0213888911672616,0.22137655222203978,0.22137655222203978
UIScreenshots,arrangement_only,center_grid_8_4_3,0.03329704747511652,0.02142200019493762,-0.2696142281134084,0.2696142281134084
UIScreenshots,arrangement_only,center_grid_8_4_4,0.015659584980237153,0.01613999610154267,0.014077616496819172,0.014077616496819172
UIScreenshots,arrangement_only,center_grid_8_4_5,0.007706121776773948,0.015029716037051865,0.29238478961917697,0.29238478961917697
UIScreenshots,arrangement_only,center_grid_8_4_6,0.007964040486779945,0.011863172834044488,0.1918349460128613,0.1918349460128613
UIScreenshots,arrangement_only,center_grid_8_4_7,0.005657129714055707,0.010015552429393788,0.2671520921155262,0.2671520921155262
UIScreenshots,arrangement_only,center_grid_8_5_0,0.011377810914575619,0.012028440004859822,0.02749803303860589,0.02749803303860589
UIScreenshots,arrangement_only,center_grid_8_5_1,0.021604616414120575,0.02530209815566233,0.08849777301879969,0.08849777301879969
UIScreenshots,arrangement_only,center_grid_8_5_2,0.010992537833010973,0.020128937522053265,0.3524968923377717,0.3524968923377717
UIScreenshots,arrangement_only,center_grid_8_5_3,0.01905358803600491,0.014449072331803769,-0.16633977808338277,0.16633977808338277
UIScreenshots,arrangement_only,center_grid_8_5_4,0.002159090909090908,0.00897207549423519,0.47104507533939655,0.47104507533939655
UIScreenshots,arrangement_only,center_grid_8_5_5,0.004182312252964426,0.01225083006104543,0.4023735998976329,0.4023735998976329
UIScreenshots,arrangement_only,center_grid_8_5_6,0.00488121934991005,0.012734716309885919,0.3803037449267429,0.3803037449267429
UIScreenshots,arrangement_only,center_grid_8_5_7,0.00506889441993806,0.016493360319386526,0.691578739231854,0.691578739231854
UIScreenshots,arrangement_only,center_grid_8_6_0,0.0087115049982697,0.011792353100417081,0.15069049045843466,0.15069049045843466
UIScreenshots,arrangement_only,center_grid_8_6_1,0.011303241913876341,0.028869185449782307,0.5364003807369582,0.5364003807369582
UIScreenshots,arrangement_only,center_grid_8_6_2,0.01786003462955795,0.019876959524586485,0.0609766675939732,0.0609766675939732
UIScreenshots,arrangement_only,center_grid_8_6_3,0.0220072602934297,0.016085463100840306,-0.1576026513531829,0.1576026513531829
UIScreenshots,arrangement_only,center_grid_8_6_4,0.020878727753727747,0.012074897428229266,-0.2797863399504215,0.2797863399504215
UIScreenshots,arrangement_only,center_grid_8_6_5,0.01103841991341991,0.00963480586459074,-0.05187010349663633,0.05187010349663633
UIScreenshots,arrangement_only,center_grid_8_6_6,0.005566714694292862,0.010360772514310383,0.2709784343129369,0.2709784343129369
UIScreenshots,arrangement_only,center_grid_8_6_7,0.008167332214028026,0.010477454078035851,0.10915283753742504,0.10915283753742504
UIScreenshots,arrangement_only,center_grid_8_7_0,0.005121275783040486,0.014364596322371508,0.59486297729437,0.59486297729437
UIScreenshots,arrangement_only,center_grid_8_7_1,0.007679865885748234,0.021097989616820766,0.6047953536765086,0.6047953536765086
UIScreenshots,arrangement_only,center_grid_8_7_2,0.00610780423280423,0.025071738618243637,0.7195600654007355,0.7195600654007355
UIScreenshots,arrangement_only,center_grid_8_7_3,0.017469556729147517,0.02236562809965997,0.1574523696580863,0.1574523696580863
UIScreenshots,arrangement_only,center_grid_8_7_4,0.010663733609385781,0.01795659397019478,0.2730411707655766,0.2730411707655766
UIScreenshots,arrangement_only,center_grid_8_7_5,0.010539742664742663,0.017544399086481442,0.2885855481429837,0.2885855481429837
UIScreenshots,arrangement_only,center_grid_8_7_6,0.00810652514620976,0.01725647506819306,0.3550281158651616,0.3550281158651616
UIScreenshots,arrangement_only,center_grid_8_7_7,0.004308193496834466,0.019066117933305662,0.7851559443735202,0.7851559443735202
UIScreenshots,arrangement_base_only,center_x_mean,0.46060507724303584,0.44134032543475465,-0.23792796330479302,0.23792796330479302
UIScreenshots,arrangement_base_only,center_x_std,0.24380768716565415,0.2660568941246084,0.5246440754768057,0.5246440754768057
UIScreenshots,arrangement_base_only,center_y_mean,0.37999533356380455,0.5274749611792803,1.5969101755692063,1.5969101755692063
UIScreenshots,arrangement_base_only,center_y_std,0.2668709729688864,0.28563842053604693,0.39544841688691035,0.39544841688691035
UIScreenshots,arrangement_base_only,center_x_span,0.817790898545442,0.8436512258399297,0.32614836967648425,0.32614836967648425
UIScreenshots,arrangement_base_only,center_y_span,0.7952168861661082,0.9509522289617108,1.4219013858881586,1.4219013858881586
UIScreenshots,arrangement_base_only,nearest_neighbor_mean_norm,0.11374150327336408,0.07033246838205517,-1.541406874060403,1.541406874060403
UIScreenshots,arrangement_base_only,nearest_neighbor_median_norm,0.08966146200495033,0.05442480183602334,-1.2100502276939933,1.2100502276939933
UIScreenshots,arrangement_base_only,nearest_neighbor_std_norm,0.08395214477174001,0.05185338565574615,-0.9514961925873948,0.9514961925873948
UIScreenshots,arrangement_base_only,pairwise_distance_mean_norm,0.4734270010644771,0.49976224418494913,0.4685389261918347,0.4685389261918347
UIScreenshots,arrangement_base_only,pairwise_distance_std_norm,0.25098746840546293,0.25520730791665963,0.16104933396348933,0.16104933396348933
UIScreenshots,arrangement_base_only,row_alignment_fraction,0.1126847969156114,0.0451344789615597,-0.7552880805630204,0.7552880805630204
UIScreenshots,arrangement_base_only,column_alignment_fraction,0.101052550923071,0.09960742284414917,-0.021046099329314193,0.021046099329314193
UIScreenshots,arrangement_base_only,angle_mean_abs_deg,5.434566119065129,5.980393954395691,0.09400144461576353,0.09400144461576353
UIScreenshots,arrangement_base_only,angle_std_deg,14.084577635011806,18.786307928591654,0.3906892434144367,0.3906892434144367
UIScreenshots,arrangement_base_only,rotated_fraction_gt_5deg,0.062148660366203146,0.07965223829149667,0.23055912727678932,0.23055912727678932
UIScreenshots,arrangement_4x4_only,center_x_mean,0.46060507724303584,0.44134032543475465,-0.23792796330479302,0.23792796330479302
UIScreenshots,arrangement_4x4_only,center_x_std,0.24380768716565415,0.2660568941246084,0.5246440754768057,0.5246440754768057
UIScreenshots,arrangement_4x4_only,center_y_mean,0.37999533356380455,0.5274749611792803,1.5969101755692063,1.5969101755692063
UIScreenshots,arrangement_4x4_only,center_y_std,0.2668709729688864,0.28563842053604693,0.39544841688691035,0.39544841688691035
UIScreenshots,arrangement_4x4_only,center_x_span,0.817790898545442,0.8436512258399297,0.32614836967648425,0.32614836967648425
UIScreenshots,arrangement_4x4_only,center_y_span,0.7952168861661082,0.9509522289617108,1.4219013858881586,1.4219013858881586
UIScreenshots,arrangement_4x4_only,nearest_neighbor_mean_norm,0.11374150327336408,0.07033246838205517,-1.541406874060403,1.541406874060403
UIScreenshots,arrangement_4x4_only,nearest_neighbor_median_norm,0.08966146200495033,0.05442480183602334,-1.2100502276939933,1.2100502276939933
UIScreenshots,arrangement_4x4_only,nearest_neighbor_std_norm,0.08395214477174001,0.05185338565574615,-0.9514961925873948,0.9514961925873948
UIScreenshots,arrangement_4x4_only,pairwise_distance_mean_norm,0.4734270010644771,0.49976224418494913,0.4685389261918347,0.4685389261918347
UIScreenshots,arrangement_4x4_only,pairwise_distance_std_norm,0.25098746840546293,0.25520730791665963,0.16104933396348933,0.16104933396348933
UIScreenshots,arrangement_4x4_only,row_alignment_fraction,0.1126847969156114,0.0451344789615597,-0.7552880805630204,0.7552880805630204
UIScreenshots,arrangement_4x4_only,column_alignment_fraction,0.101052550923071,0.09960742284414917,-0.021046099329314193,0.021046099329314193
UIScreenshots,arrangement_4x4_only,angle_mean_abs_deg,5.434566119065129,5.980393954395691,0.09400144461576353,0.09400144461576353
UIScreenshots,arrangement_4x4_only,angle_std_deg,14.084577635011806,18.786307928591654,0.3906892434144367,0.3906892434144367
UIScreenshots,arrangement_4x4_only,rotated_fraction_gt_5deg,0.062148660366203146,0.07965223829149667,0.23055912727678932,0.23055912727678932
UIScreenshots,arrangement_4x4_only,center_grid_4_0_0,0.10497358614321618,0.09438202761958088,-0.17519981827886444,0.17519981827886444
UIScreenshots,arrangement_4x4_only,center_grid_4_0_1,0.12886226214242208,0.0531053375368267,-0.9753657515831982,0.9753657515831982
UIScreenshots,arrangement_4x4_only,center_grid_4_0_2,0.06077657644991481,0.02107434666263827,-0.8967788634774951,0.8967788634774951
UIScreenshots,arrangement_4x4_only,center_grid_4_0_3,0.11224865012119993,0.04626200310713471,-1.0141787958086166,1.0141787958086166
UIScreenshots,arrangement_4x4_only,center_grid_4_1_0,0.06651571310505752,0.08298485806514172,0.24921003461716315,0.24921003461716315
UIScreenshots,arrangement_4x4_only,center_grid_4_1_1,0.08904216343189134,0.07633601769069696,-0.16295909161488667,0.16295909161488667
UIScreenshots,arrangement_4x4_only,center_grid_4_1_2,0.046244226803730956,0.04775875406761604,0.024757345859387797,0.024757345859387797
UIScreenshots,arrangement_4x4_only,center_grid_4_1_3,0.025471008287287877,0.04387932479024124,0.4311480765260937,0.4311480765260937
UIScreenshots,arrangement_4x4_only,center_grid_4_2_0,0.05899035777599235,0.07943357988141735,0.28784739626151074,0.28784739626151074
UIScreenshots,arrangement_4x4_only,center_grid_4_2_1,0.07806712789102108,0.0773889012160563,-0.009627998651131604,0.009627998651131604
UIScreenshots,arrangement_4x4_only,center_grid_4_2_2,0.029707109919066433,0.05239261769387519,0.4109699546031786,0.4109699546031786
UIScreenshots,arrangement_4x4_only,center_grid_4_2_3,0.023571283970683764,0.05110680189271075,0.5760134213717749,0.5760134213717749
UIScreenshots,arrangement_4x4_only,center_grid_4_3_0,0.03281588858093477,0.07612412448939172,0.8542012096416983,0.8542012096416983
UIScreenshots,arrangement_4x4_only,center_grid_4_3_1,0.06344465588493939,0.08339978934333045,0.27733016722809267,0.27733016722809267
UIScreenshots,arrangement_4x4_only,center_grid_4_3_2,0.05312062394127612,0.05721069634949625,0.0685543020920299,0.0685543020920299
UIScreenshots,arrangement_4x4_only,center_grid_4_3_3,0.02614876555136512,0.05716081959384498,0.7916814167829661,0.7916814167829661
UIScreenshots,arrangement_8x8_only,center_x_mean,0.46060507724303584,0.44134032543475465,-0.23792796330479302,0.23792796330479302
UIScreenshots,arrangement_8x8_only,center_x_std,0.24380768716565415,0.2660568941246084,0.5246440754768057,0.5246440754768057
UIScreenshots,arrangement_8x8_only,center_y_mean,0.37999533356380455,0.5274749611792803,1.5969101755692063,1.5969101755692063
UIScreenshots,arrangement_8x8_only,center_y_std,0.2668709729688864,0.28563842053604693,0.39544841688691035,0.39544841688691035
UIScreenshots,arrangement_8x8_only,center_x_span,0.817790898545442,0.8436512258399297,0.32614836967648425,0.32614836967648425
UIScreenshots,arrangement_8x8_only,center_y_span,0.7952168861661082,0.9509522289617108,1.4219013858881586,1.4219013858881586
UIScreenshots,arrangement_8x8_only,nearest_neighbor_mean_norm,0.11374150327336408,0.07033246838205517,-1.541406874060403,1.541406874060403
UIScreenshots,arrangement_8x8_only,nearest_neighbor_median_norm,0.08966146200495033,0.05442480183602334,-1.2100502276939933,1.2100502276939933
UIScreenshots,arrangement_8x8_only,nearest_neighbor_std_norm,0.08395214477174001,0.05185338565574615,-0.9514961925873948,0.9514961925873948
UIScreenshots,arrangement_8x8_only,pairwise_distance_mean_norm,0.4734270010644771,0.49976224418494913,0.4685389261918347,0.4685389261918347
UIScreenshots,arrangement_8x8_only,pairwise_distance_std_norm,0.25098746840546293,0.25520730791665963,0.16104933396348933,0.16104933396348933
UIScreenshots,arrangement_8x8_only,row_alignment_fraction,0.1126847969156114,0.0451344789615597,-0.7552880805630204,0.7552880805630204
UIScreenshots,arrangement_8x8_only,column_alignment_fraction,0.101052550923071,0.09960742284414917,-0.021046099329314193,0.021046099329314193
UIScreenshots,arrangement_8x8_only,angle_mean_abs_deg,5.434566119065129,5.980393954395691,0.09400144461576353,0.09400144461576353
UIScreenshots,arrangement_8x8_only,angle_std_deg,14.084577635011806,18.786307928591654,0.3906892434144367,0.3906892434144367
UIScreenshots,arrangement_8x8_only,rotated_fraction_gt_5deg,0.062148660366203146,0.07965223829149667,0.23055912727678932,0.23055912727678932
UIScreenshots,arrangement_8x8_only,center_grid_8_0_0,0.02952797391484665,0.03482213778419306,0.17116654560659023,0.17116654560659023
UIScreenshots,arrangement_8x8_only,center_grid_8_0_1,0.03492836160233935,0.016024912220548325,-0.540773648438645,0.540773648438645
UIScreenshots,arrangement_8x8_only,center_grid_8_0_2,0.04653263063209926,0.008666562237419658,-0.9263245547160989,0.9263245547160989
UIScreenshots,arrangement_8x8_only,center_grid_8_0_3,0.035673654979985675,0.005741387732202916,-0.7895102918845356,0.7895102918845356
UIScreenshots,arrangement_8x8_only,center_grid_8_0_4,0.018451836086129225,0.001203148193963382,-0.6843737848160888,0.6843737848160888
UIScreenshots,arrangement_8x8_only,center_grid_8_0_5,0.015179867858278646,0.001009615384615384,-0.7003383472430077,0.7003383472430077
UIScreenshots,arrangement_8x8_only,center_grid_8_0_6,0.018501019331604033,0.007944313200204701,-0.3575836604317273,0.3575836604317273
UIScreenshots,arrangement_8x8_only,center_grid_8_0_7,0.07231234535139056,0.019364999715832366,-1.4775590808712886,1.4775590808712886
UIScreenshots,arrangement_8x8_only,center_grid_8_1_0,0.010983830195508271,0.014056631009272036,0.12650833155447008,0.12650833155447008
UIScreenshots,arrangement_8x8_only,center_grid_8_1_1,0.029533420430521908,0.029478346605567408,-0.0016009269475948014,0.0016009269475948014
UIScreenshots,arrangement_8x8_only,center_grid_8_1_2,0.020196533598068115,0.019911813334088937,-0.0094625821341951,0.0094625821341951
UIScreenshots,arrangement_8x8_only,center_grid_8_1_3,0.02645944293226901,0.018785574233115165,-0.21966705031045936,0.21966705031045936
UIScreenshots,arrangement_8x8_only,center_grid_8_1_4,0.018315175565175562,0.008632947948540299,-0.33486923671457514,0.33486923671457514
UIScreenshots,arrangement_8x8_only,center_grid_8_1_5,0.008829696940331372,0.010228635135519195,0.06886581380361383,0.06886581380361383
UIScreenshots,arrangement_8x8_only,center_grid_8_1_6,0.011780844155844152,0.008507860778780794,-0.12726693025951488,0.12726693025951488
UIScreenshots,arrangement_8x8_only,center_grid_8_1_7,0.00965444128236119,0.010444829412316819,0.03741463173792669,0.03741463173792669
UIScreenshots,arrangement_8x8_only,center_grid_8_2_0,0.008924706125517481,0.01037603613501285,0.0623629652347621,0.0623629652347621
UIScreenshots,arrangement_8x8_only,center_grid_8_2_1,0.03077201701057134,0.030150188116779667,-0.01513906697437337,0.01513906697437337
UIScreenshots,arrangement_8x8_only,center_grid_8_2_2,0.025684721076025416,0.02165386536520725,-0.11515998826166902,0.11515998826166902
UIScreenshots,arrangement_8x8_only,center_grid_8_2_3,0.020742340590166667,0.010646047193290032,-0.3693124159931722,0.3693124159931722
UIScreenshots,arrangement_8x8_only,center_grid_8_2_4,0.015232576803228972,0.015904208067628333,0.020434516834429695,0.020434516834429695
UIScreenshots,arrangement_8x8_only,center_grid_8_2_5,0.008086786930477628,0.008903325971686608,0.03855710239460403,0.03855710239460403
UIScreenshots,arrangement_8x8_only,center_grid_8_2_6,0.004649490294651582,0.011227633459563163,0.3297782426421882,0.3297782426421882
UIScreenshots,arrangement_8x8_only,center_grid_8_2_7,0.01026102581795181,0.009687897287866468,-0.0243771824512983,0.0243771824512983
UIScreenshots,arrangement_8x8_only,center_grid_8_3_0,0.005940040351805056,0.011071317798730398,0.2832956955995639,0.2832956955995639
UIScreenshots,arrangement_8x8_only,center_grid_8_3_1,0.020878949617163637,0.03138731601461877,0.33383112838902396,0.33383112838902396
UIScreenshots,arrangement_8x8_only,center_grid_8_3_2,0.01341768505197819,0.02833059392760843,0.4421644640937423,0.4421644640937423
UIScreenshots,arrangement_8x8_only,center_grid_8_3_3,0.029197416713721055,0.015705511204591203,-0.35333220599499116,0.35333220599499116
UIScreenshots,arrangement_8x8_only,center_grid_8_3_4,0.015232142857142856,0.009401965659369942,-0.18912856461665145,0.18912856461665145
UIScreenshots,arrangement_8x8_only,center_grid_8_3_5,0.0076927202128815,0.013549254368931129,0.22504268330691188,0.22504268330691188
UIScreenshots,arrangement_8x8_only,center_grid_8_3_6,0.007249173512322178,0.01075834678152946,0.17689152720953966,0.17689152720953966
UIScreenshots,arrangement_8x8_only,center_grid_8_3_7,0.003311318662362302,0.012205447261282127,0.6125818032663244,0.6125818032663244
UIScreenshots,arrangement_8x8_only,center_grid_8_4_0,0.008648668437715086,0.012984702828132202,0.2149600856643131,0.2149600856643131
UIScreenshots,arrangement_8x8_only,center_grid_8_4_1,0.017359262009581055,0.02911833889276294,0.38269207045855236,0.38269207045855236
UIScreenshots,arrangement_8x8_only,center_grid_8_4_2,0.01472395454688866,0.0213888911672616,0.22137655222203978,0.22137655222203978
UIScreenshots,arrangement_8x8_only,center_grid_8_4_3,0.03329704747511652,0.02142200019493762,-0.2696142281134084,0.2696142281134084
UIScreenshots,arrangement_8x8_only,center_grid_8_4_4,0.015659584980237153,0.01613999610154267,0.014077616496819172,0.014077616496819172
UIScreenshots,arrangement_8x8_only,center_grid_8_4_5,0.007706121776773948,0.015029716037051865,0.29238478961917697,0.29238478961917697
UIScreenshots,arrangement_8x8_only,center_grid_8_4_6,0.007964040486779945,0.011863172834044488,0.1918349460128613,0.1918349460128613
UIScreenshots,arrangement_8x8_only,center_grid_8_4_7,0.005657129714055707,0.010015552429393788,0.2671520921155262,0.2671520921155262
UIScreenshots,arrangement_8x8_only,center_grid_8_5_0,0.011377810914575619,0.012028440004859822,0.02749803303860589,0.02749803303860589
UIScreenshots,arrangement_8x8_only,center_grid_8_5_1,0.021604616414120575,0.02530209815566233,0.08849777301879969,0.08849777301879969
UIScreenshots,arrangement_8x8_only,center_grid_8_5_2,0.010992537833010973,0.020128937522053265,0.3524968923377717,0.3524968923377717
UIScreenshots,arrangement_8x8_only,center_grid_8_5_3,0.01905358803600491,0.014449072331803769,-0.16633977808338277,0.16633977808338277
UIScreenshots,arrangement_8x8_only,center_grid_8_5_4,0.002159090909090908,0.00897207549423519,0.47104507533939655,0.47104507533939655
UIScreenshots,arrangement_8x8_only,center_grid_8_5_5,0.004182312252964426,0.01225083006104543,0.4023735998976329,0.4023735998976329
UIScreenshots,arrangement_8x8_only,center_grid_8_5_6,0.00488121934991005,0.012734716309885919,0.3803037449267429,0.3803037449267429
UIScreenshots,arrangement_8x8_only,center_grid_8_5_7,0.00506889441993806,0.016493360319386526,0.691578739231854,0.691578739231854
UIScreenshots,arrangement_8x8_only,center_grid_8_6_0,0.0087115049982697,0.011792353100417081,0.15069049045843466,0.15069049045843466
UIScreenshots,arrangement_8x8_only,center_grid_8_6_1,0.011303241913876341,0.028869185449782307,0.5364003807369582,0.5364003807369582
UIScreenshots,arrangement_8x8_only,center_grid_8_6_2,0.01786003462955795,0.019876959524586485,0.0609766675939732,0.0609766675939732
UIScreenshots,arrangement_8x8_only,center_grid_8_6_3,0.0220072602934297,0.016085463100840306,-0.1576026513531829,0.1576026513531829
UIScreenshots,arrangement_8x8_only,center_grid_8_6_4,0.020878727753727747,0.012074897428229266,-0.2797863399504215,0.2797863399504215
UIScreenshots,arrangement_8x8_only,center_grid_8_6_5,0.01103841991341991,0.00963480586459074,-0.05187010349663633,0.05187010349663633
UIScreenshots,arrangement_8x8_only,center_grid_8_6_6,0.005566714694292862,0.010360772514310383,0.2709784343129369,0.2709784343129369
UIScreenshots,arrangement_8x8_only,center_grid_8_6_7,0.008167332214028026,0.010477454078035851,0.10915283753742504,0.10915283753742504
UIScreenshots,arrangement_8x8_only,center_grid_8_7_0,0.005121275783040486,0.014364596322371508,0.59486297729437,0.59486297729437
UIScreenshots,arrangement_8x8_only,center_grid_8_7_1,0.007679865885748234,0.021097989616820766,0.6047953536765086,0.6047953536765086
UIScreenshots,arrangement_8x8_only,center_grid_8_7_2,0.00610780423280423,0.025071738618243637,0.7195600654007355,0.7195600654007355
UIScreenshots,arrangement_8x8_only,center_grid_8_7_3,0.017469556729147517,0.02236562809965997,0.1574523696580863,0.1574523696580863
UIScreenshots,arrangement_8x8_only,center_grid_8_7_4,0.010663733609385781,0.01795659397019478,0.2730411707655766,0.2730411707655766
UIScreenshots,arrangement_8x8_only,center_grid_8_7_5,0.010539742664742663,0.017544399086481442,0.2885855481429837,0.2885855481429837
UIScreenshots,arrangement_8x8_only,center_grid_8_7_6,0.00810652514620976,0.01725647506819306,0.3550281158651616,0.3550281158651616
UIScreenshots,arrangement_8x8_only,center_grid_8_7_7,0.004308193496834466,0.019066117933305662,0.7851559443735202,0.7851559443735202
UIScreenshots,quantity_plus_arrangement,region_count,18.98,44.72,2.124544057140292,2.124544057140292
UIScreenshots,quantity_plus_arrangement,union_coverage_norm,0.10161798795609707,0.12253866122934483,0.386182048460866,0.386182048460866
UIScreenshots,quantity_plus_arrangement,sum_box_area_norm,0.10217765239197528,0.12275549273144215,0.37684297589467264,0.37684297589467264
UIScreenshots,quantity_plus_arrangement,mean_box_area_norm,0.005655402738692095,0.002924915242447356,-1.323304706390474,1.323304706390474
UIScreenshots,quantity_plus_arrangement,median_box_area_norm,0.004298234953703656,0.0023053550635839383,-0.9308904141710269,0.9308904141710269
UIScreenshots,quantity_plus_arrangement,std_box_area_norm,0.004880312405402823,0.00211332768283756,-1.3745814957208182,1.3745814957208182
UIScreenshots,quantity_plus_arrangement,mean_box_width_norm,0.2168435316760435,0.16014739018412016,-0.7387375348524191,0.7387375348524191
UIScreenshots,quantity_plus_arrangement,mean_box_height_norm,0.025066562514760644,0.018775905748530507,-1.7753946796358921,1.7753946796358921
UIScreenshots,quantity_plus_arrangement,mean_confidence,0.8652075861332541,0.8709949401211577,0.22546863357694963,0.22546863357694963
UIScreenshots,quantity_plus_arrangement,low_confidence_fraction,0.11230532096241969,0.07822447509418595,-0.36710429087558943,0.36710429087558943
UIScreenshots,quantity_plus_arrangement,center_x_mean,0.46060507724303584,0.44134032543475465,-0.23792796330479302,0.23792796330479302
UIScreenshots,quantity_plus_arrangement,center_x_std,0.24380768716565415,0.2660568941246084,0.5246440754768057,0.5246440754768057
UIScreenshots,quantity_plus_arrangement,center_y_mean,0.37999533356380455,0.5274749611792803,1.5969101755692063,1.5969101755692063
UIScreenshots,quantity_plus_arrangement,center_y_std,0.2668709729688864,0.28563842053604693,0.39544841688691035,0.39544841688691035
UIScreenshots,quantity_plus_arrangement,center_x_span,0.817790898545442,0.8436512258399297,0.32614836967648425,0.32614836967648425
UIScreenshots,quantity_plus_arrangement,center_y_span,0.7952168861661082,0.9509522289617108,1.4219013858881586,1.4219013858881586
UIScreenshots,quantity_plus_arrangement,nearest_neighbor_mean_norm,0.11374150327336408,0.07033246838205517,-1.541406874060403,1.541406874060403
UIScreenshots,quantity_plus_arrangement,nearest_neighbor_median_norm,0.08966146200495033,0.05442480183602334,-1.2100502276939933,1.2100502276939933
UIScreenshots,quantity_plus_arrangement,nearest_neighbor_std_norm,0.08395214477174001,0.05185338565574615,-0.9514961925873948,0.9514961925873948
UIScreenshots,quantity_plus_arrangement,pairwise_distance_mean_norm,0.4734270010644771,0.49976224418494913,0.4685389261918347,0.4685389261918347
UIScreenshots,quantity_plus_arrangement,pairwise_distance_std_norm,0.25098746840546293,0.25520730791665963,0.16104933396348933,0.16104933396348933
UIScreenshots,quantity_plus_arrangement,row_alignment_fraction,0.1126847969156114,0.0451344789615597,-0.7552880805630204,0.7552880805630204
UIScreenshots,quantity_plus_arrangement,column_alignment_fraction,0.101052550923071,0.09960742284414917,-0.021046099329314193,0.021046099329314193
UIScreenshots,quantity_plus_arrangement,angle_mean_abs_deg,5.434566119065129,5.980393954395691,0.09400144461576353,0.09400144461576353
UIScreenshots,quantity_plus_arrangement,angle_std_deg,14.084577635011806,18.786307928591654,0.3906892434144367,0.3906892434144367
UIScreenshots,quantity_plus_arrangement,rotated_fraction_gt_5deg,0.062148660366203146,0.07965223829149667,0.23055912727678932,0.23055912727678932
UIScreenshots,quantity_plus_arrangement,center_grid_4_0_0,0.10497358614321618,0.09438202761958088,-0.17519981827886444,0.17519981827886444
UIScreenshots,quantity_plus_arrangement,center_grid_4_0_1,0.12886226214242208,0.0531053375368267,-0.9753657515831982,0.9753657515831982
UIScreenshots,quantity_plus_arrangement,center_grid_4_0_2,0.06077657644991481,0.02107434666263827,-0.8967788634774951,0.8967788634774951
UIScreenshots,quantity_plus_arrangement,center_grid_4_0_3,0.11224865012119993,0.04626200310713471,-1.0141787958086166,1.0141787958086166
UIScreenshots,quantity_plus_arrangement,center_grid_4_1_0,0.06651571310505752,0.08298485806514172,0.24921003461716315,0.24921003461716315
UIScreenshots,quantity_plus_arrangement,center_grid_4_1_1,0.08904216343189134,0.07633601769069696,-0.16295909161488667,0.16295909161488667
UIScreenshots,quantity_plus_arrangement,center_grid_4_1_2,0.046244226803730956,0.04775875406761604,0.024757345859387797,0.024757345859387797
UIScreenshots,quantity_plus_arrangement,center_grid_4_1_3,0.025471008287287877,0.04387932479024124,0.4311480765260937,0.4311480765260937
UIScreenshots,quantity_plus_arrangement,center_grid_4_2_0,0.05899035777599235,0.07943357988141735,0.28784739626151074,0.28784739626151074
UIScreenshots,quantity_plus_arrangement,center_grid_4_2_1,0.07806712789102108,0.0773889012160563,-0.009627998651131604,0.009627998651131604
UIScreenshots,quantity_plus_arrangement,center_grid_4_2_2,0.029707109919066433,0.05239261769387519,0.4109699546031786,0.4109699546031786
UIScreenshots,quantity_plus_arrangement,center_grid_4_2_3,0.023571283970683764,0.05110680189271075,0.5760134213717749,0.5760134213717749
UIScreenshots,quantity_plus_arrangement,center_grid_4_3_0,0.03281588858093477,0.07612412448939172,0.8542012096416983,0.8542012096416983
UIScreenshots,quantity_plus_arrangement,center_grid_4_3_1,0.06344465588493939,0.08339978934333045,0.27733016722809267,0.27733016722809267
UIScreenshots,quantity_plus_arrangement,center_grid_4_3_2,0.05312062394127612,0.05721069634949625,0.0685543020920299,0.0685543020920299
UIScreenshots,quantity_plus_arrangement,center_grid_4_3_3,0.02614876555136512,0.05716081959384498,0.7916814167829661,0.7916814167829661
UIScreenshots,quantity_plus_arrangement,center_grid_8_0_0,0.02952797391484665,0.03482213778419306,0.17116654560659023,0.17116654560659023
UIScreenshots,quantity_plus_arrangement,center_grid_8_0_1,0.03492836160233935,0.016024912220548325,-0.540773648438645,0.540773648438645
UIScreenshots,quantity_plus_arrangement,center_grid_8_0_2,0.04653263063209926,0.008666562237419658,-0.9263245547160989,0.9263245547160989
UIScreenshots,quantity_plus_arrangement,center_grid_8_0_3,0.035673654979985675,0.005741387732202916,-0.7895102918845356,0.7895102918845356
UIScreenshots,quantity_plus_arrangement,center_grid_8_0_4,0.018451836086129225,0.001203148193963382,-0.6843737848160888,0.6843737848160888
UIScreenshots,quantity_plus_arrangement,center_grid_8_0_5,0.015179867858278646,0.001009615384615384,-0.7003383472430077,0.7003383472430077
UIScreenshots,quantity_plus_arrangement,center_grid_8_0_6,0.018501019331604033,0.007944313200204701,-0.3575836604317273,0.3575836604317273
UIScreenshots,quantity_plus_arrangement,center_grid_8_0_7,0.07231234535139056,0.019364999715832366,-1.4775590808712886,1.4775590808712886
UIScreenshots,quantity_plus_arrangement,center_grid_8_1_0,0.010983830195508271,0.014056631009272036,0.12650833155447008,0.12650833155447008
UIScreenshots,quantity_plus_arrangement,center_grid_8_1_1,0.029533420430521908,0.029478346605567408,-0.0016009269475948014,0.0016009269475948014
UIScreenshots,quantity_plus_arrangement,center_grid_8_1_2,0.020196533598068115,0.019911813334088937,-0.0094625821341951,0.0094625821341951
UIScreenshots,quantity_plus_arrangement,center_grid_8_1_3,0.02645944293226901,0.018785574233115165,-0.21966705031045936,0.21966705031045936
UIScreenshots,quantity_plus_arrangement,center_grid_8_1_4,0.018315175565175562,0.008632947948540299,-0.33486923671457514,0.33486923671457514
UIScreenshots,quantity_plus_arrangement,center_grid_8_1_5,0.008829696940331372,0.010228635135519195,0.06886581380361383,0.06886581380361383
UIScreenshots,quantity_plus_arrangement,center_grid_8_1_6,0.011780844155844152,0.008507860778780794,-0.12726693025951488,0.12726693025951488
UIScreenshots,quantity_plus_arrangement,center_grid_8_1_7,0.00965444128236119,0.010444829412316819,0.03741463173792669,0.03741463173792669
UIScreenshots,quantity_plus_arrangement,center_grid_8_2_0,0.008924706125517481,0.01037603613501285,0.0623629652347621,0.0623629652347621
UIScreenshots,quantity_plus_arrangement,center_grid_8_2_1,0.03077201701057134,0.030150188116779667,-0.01513906697437337,0.01513906697437337
UIScreenshots,quantity_plus_arrangement,center_grid_8_2_2,0.025684721076025416,0.02165386536520725,-0.11515998826166902,0.11515998826166902
UIScreenshots,quantity_plus_arrangement,center_grid_8_2_3,0.020742340590166667,0.010646047193290032,-0.3693124159931722,0.3693124159931722
UIScreenshots,quantity_plus_arrangement,center_grid_8_2_4,0.015232576803228972,0.015904208067628333,0.020434516834429695,0.020434516834429695
UIScreenshots,quantity_plus_arrangement,center_grid_8_2_5,0.008086786930477628,0.008903325971686608,0.03855710239460403,0.03855710239460403
UIScreenshots,quantity_plus_arrangement,center_grid_8_2_6,0.004649490294651582,0.011227633459563163,0.3297782426421882,0.3297782426421882
UIScreenshots,quantity_plus_arrangement,center_grid_8_2_7,0.01026102581795181,0.009687897287866468,-0.0243771824512983,0.0243771824512983
UIScreenshots,quantity_plus_arrangement,center_grid_8_3_0,0.005940040351805056,0.011071317798730398,0.2832956955995639,0.2832956955995639
UIScreenshots,quantity_plus_arrangement,center_grid_8_3_1,0.020878949617163637,0.03138731601461877,0.33383112838902396,0.33383112838902396
UIScreenshots,quantity_plus_arrangement,center_grid_8_3_2,0.01341768505197819,0.02833059392760843,0.4421644640937423,0.4421644640937423
UIScreenshots,quantity_plus_arrangement,center_grid_8_3_3,0.029197416713721055,0.015705511204591203,-0.35333220599499116,0.35333220599499116
UIScreenshots,quantity_plus_arrangement,center_grid_8_3_4,0.015232142857142856,0.009401965659369942,-0.18912856461665145,0.18912856461665145
UIScreenshots,quantity_plus_arrangement,center_grid_8_3_5,0.0076927202128815,0.013549254368931129,0.22504268330691188,0.22504268330691188
UIScreenshots,quantity_plus_arrangement,center_grid_8_3_6,0.007249173512322178,0.01075834678152946,0.17689152720953966,0.17689152720953966
UIScreenshots,quantity_plus_arrangement,center_grid_8_3_7,0.003311318662362302,0.012205447261282127,0.6125818032663244,0.6125818032663244
UIScreenshots,quantity_plus_arrangement,center_grid_8_4_0,0.008648668437715086,0.012984702828132202,0.2149600856643131,0.2149600856643131
UIScreenshots,quantity_plus_arrangement,center_grid_8_4_1,0.017359262009581055,0.02911833889276294,0.38269207045855236,0.38269207045855236
UIScreenshots,quantity_plus_arrangement,center_grid_8_4_2,0.01472395454688866,0.0213888911672616,0.22137655222203978,0.22137655222203978
UIScreenshots,quantity_plus_arrangement,center_grid_8_4_3,0.03329704747511652,0.02142200019493762,-0.2696142281134084,0.2696142281134084
UIScreenshots,quantity_plus_arrangement,center_grid_8_4_4,0.015659584980237153,0.01613999610154267,0.014077616496819172,0.014077616496819172
UIScreenshots,quantity_plus_arrangement,center_grid_8_4_5,0.007706121776773948,0.015029716037051865,0.29238478961917697,0.29238478961917697
UIScreenshots,quantity_plus_arrangement,center_grid_8_4_6,0.007964040486779945,0.011863172834044488,0.1918349460128613,0.1918349460128613
UIScreenshots,quantity_plus_arrangement,center_grid_8_4_7,0.005657129714055707,0.010015552429393788,0.2671520921155262,0.2671520921155262
UIScreenshots,quantity_plus_arrangement,center_grid_8_5_0,0.011377810914575619,0.012028440004859822,0.02749803303860589,0.02749803303860589
UIScreenshots,quantity_plus_arrangement,center_grid_8_5_1,0.021604616414120575,0.02530209815566233,0.08849777301879969,0.08849777301879969
UIScreenshots,quantity_plus_arrangement,center_grid_8_5_2,0.010992537833010973,0.020128937522053265,0.3524968923377717,0.3524968923377717
UIScreenshots,quantity_plus_arrangement,center_grid_8_5_3,0.01905358803600491,0.014449072331803769,-0.16633977808338277,0.16633977808338277
UIScreenshots,quantity_plus_arrangement,center_grid_8_5_4,0.002159090909090908,0.00897207549423519,0.47104507533939655,0.47104507533939655
UIScreenshots,quantity_plus_arrangement,center_grid_8_5_5,0.004182312252964426,0.01225083006104543,0.4023735998976329,0.4023735998976329
UIScreenshots,quantity_plus_arrangement,center_grid_8_5_6,0.00488121934991005,0.012734716309885919,0.3803037449267429,0.3803037449267429
UIScreenshots,quantity_plus_arrangement,center_grid_8_5_7,0.00506889441993806,0.016493360319386526,0.691578739231854,0.691578739231854
UIScreenshots,quantity_plus_arrangement,center_grid_8_6_0,0.0087115049982697,0.011792353100417081,0.15069049045843466,0.15069049045843466
UIScreenshots,quantity_plus_arrangement,center_grid_8_6_1,0.011303241913876341,0.028869185449782307,0.5364003807369582,0.5364003807369582
UIScreenshots,quantity_plus_arrangement,center_grid_8_6_2,0.01786003462955795,0.019876959524586485,0.0609766675939732,0.0609766675939732
UIScreenshots,quantity_plus_arrangement,center_grid_8_6_3,0.0220072602934297,0.016085463100840306,-0.1576026513531829,0.1576026513531829
UIScreenshots,quantity_plus_arrangement,center_grid_8_6_4,0.020878727753727747,0.012074897428229266,-0.2797863399504215,0.2797863399504215
UIScreenshots,quantity_plus_arrangement,center_grid_8_6_5,0.01103841991341991,0.00963480586459074,-0.05187010349663633,0.05187010349663633
UIScreenshots,quantity_plus_arrangement,center_grid_8_6_6,0.005566714694292862,0.010360772514310383,0.2709784343129369,0.2709784343129369
UIScreenshots,quantity_plus_arrangement,center_grid_8_6_7,0.008167332214028026,0.010477454078035851,0.10915283753742504,0.10915283753742504
UIScreenshots,quantity_plus_arrangement,center_grid_8_7_0,0.005121275783040486,0.014364596322371508,0.59486297729437,0.59486297729437
UIScreenshots,quantity_plus_arrangement,center_grid_8_7_1,0.007679865885748234,0.021097989616820766,0.6047953536765086,0.6047953536765086
UIScreenshots,quantity_plus_arrangement,center_grid_8_7_2,0.00610780423280423,0.025071738618243637,0.7195600654007355,0.7195600654007355
UIScreenshots,quantity_plus_arrangement,center_grid_8_7_3,0.017469556729147517,0.02236562809965997,0.1574523696580863,0.1574523696580863
UIScreenshots,quantity_plus_arrangement,center_grid_8_7_4,0.010663733609385781,0.01795659397019478,0.2730411707655766,0.2730411707655766
UIScreenshots,quantity_plus_arrangement,center_grid_8_7_5,0.010539742664742663,0.017544399086481442,0.2885855481429837,0.2885855481429837
UIScreenshots,quantity_plus_arrangement,center_grid_8_7_6,0.00810652514620976,0.01725647506819306,0.3550281158651616,0.3550281158651616
UIScreenshots,quantity_plus_arrangement,center_grid_8_7_7,0.004308193496834466,0.019066117933305662,0.7851559443735202,0.7851559443735202
